sequence_id,split,image_id,frame_index,timestamp_s,camera_view,annotations,remote_path,download_url,local_path
stream_gbassinexch1.stream_2023-02-16_16-34-07,development,1208,0,0.000,aerial,355,stream_gbassinexch1.stream_2023-02-16_16-34-07/25edd9b3_f0000000.jpg,https://huggingface.co/datasets/shivam11/grand-bassin-traffic/resolve/main/images/stream_gbassinexch1.stream_2023-02-16_16-34-07/25edd9b3_f0000000.jpg?download=true,data/raw/grand_bassin/images/stream_gbassinexch1.stream_2023-02-16_16-34-07/25edd9b3_f0000000.jpg
stream_gbassinexch1.stream_2023-02-16_16-34-07,development,1209,12,0.500,aerial,356,stream_gbassinexch1.stream_2023-02-16_16-34-07/25edd9b3_f0000012.jpg,https://huggingface.co/datasets/shivam11/grand-bassin-traffic/resolve/main/images/stream_gbassinexch1.stream_2023-02-16_16-34-07/25edd9b3_f0000012.jpg?download=true,data/raw/grand_bassin/images/stream_gbassinexch1.stream_2023-02-16_16-34-07/25edd9b3_f0000012.jpg
stream_gbassinexch1.stream_2023-02-16_16-34-07,development,1210,24,1.000,aerial,357,stream_gbassinexch1.stream_2023-02-16_16-34-07/25edd9b3_f0000024.jpg,https://huggingface.co/datasets/shivam11/grand-bassin-traffic/resolve/main/images/stream_gbassinexch1.stream_2023-02-16_16-34-07/25edd9b3_f0000024.jpg?download=true,data/raw/grand_bassin/images/stream_gbassinexch1.stream_2023-02-16_16-34-07/25edd9b3_f0000024.jpg
stream_gbassinexch1.stream_2023-02-16_16-34-07,development,1211,36,1.500,aerial,351,stream_gbassinexch1.stream_2023-02-16_16-34-07/25edd9b3_f0000036.jpg,https://huggingface.co/datasets/shivam11/grand-bassin-traffic/resolve/main/images/stream_gbassinexch1.stream_2023-02-16_16-34-07/25edd9b3_f0000036.jpg?download=true,data/raw/grand_bassin/images/stream_gbassinexch1.stream_2023-02-16_16-34-07/25edd9b3_f0000036.jpg
stream_gbassinexch1.stream_2023-02-16_16-34-07,development,1212,48,2.000,aerial,356,stream_gbassinexch1.stream_2023-02-16_16-34-07/25edd9b3_f0000048.jpg,https://huggingface.co/datasets/shivam11/grand-bassin-traffic/resolve/main/images/stream_gbassinexch1.stream_2023-02-16_16-34-07/25edd9b3_f0000048.jpg?download=true,data/raw/grand_bassin/images/stream_gbassinexch1.stream_2023-02-16_16-34-07/25edd9b3_f0000048.jpg
stream_gbassinexch1.stream_2023-02-16_16-34-07,development,1213,60,2.500,aerial,361,stream_gbassinexch1.stream_2023-02-16_16-34-07/25edd9b3_f0000060.jpg,https://huggingface.co/datasets/shivam11/grand-bassin-traffic/resolve/main/images/stream_gbassinexch1.stream_2023-02-16_16-34-07/25edd9b3_f0000060.jpg?download=true,data/raw/grand_bassin/images/stream_gbassinexch1.stream_2023-02-16_16-34-07/25edd9b3_f0000060.jpg
stream_gbassinexch1.stream_2023-02-16_16-34-07,development,1214,72,3.000,aerial,356,stream_gbassinexch1.stream_2023-02-16_16-34-07/25edd9b3_f0000072.jpg,https://huggingface.co/datasets/shivam11/grand-bassin-traffic/resolve/main/images/stream_gbassinexch1.stream_2023-02-16_16-34-07/25edd9b3_f0000072.jpg?download=true,data/raw/grand_bassin/images/stream_gbassinexch1.stream_2023-02-16_16-34-07/25edd9b3_f0000072.jpg
stream_gbassinexch1.stream_2023-02-16_16-34-07,development,1215,84,3.500,aerial,363,stream_gbassinexch1.stream_2023-02-16_16-34-07/25edd9b3_f0000084.jpg,https://huggingface.co/datasets/shivam11/grand-bassin-traffic/resolve/main/images/stream_gbassinexch1.stream_2023-02-16_16-34-07/25edd9b3_f0000084.jpg?download=true,data/raw/grand_bassin/images/stream_gbassinexch1.stream_2023-02-16_16-34-07/25edd9b3_f0000084.jpg
stream_gbassinexch1.stream_2023-02-16_16-34-07,development,1216,96,4.000,aerial,358,stream_gbassinexch1.stream_2023-02-16_16-34-07/25edd9b3_f0000096.jpg,https://huggingface.co/datasets/shivam11/grand-bassin-traffic/resolve/main/images/stream_gbassinexch1.stream_2023-02-16_16-34-07/25edd9b3_f0000096.jpg?download=true,data/raw/grand_bassin/images/stream_gbassinexch1.stream_2023-02-16_16-34-07/25edd9b3_f0000096.jpg
stream_gbassinexch1.stream_2023-02-16_16-34-07,development,1217,108,4.500,aerial,356,stream_gbassinexch1.stream_2023-02-16_16-34-07/25edd9b3_f0000108.jpg,https://huggingface.co/datasets/shivam11/grand-bassin-traffic/resolve/main/images/stream_gbassinexch1.stream_2023-02-16_16-34-07/25edd9b3_f0000108.jpg?download=true,data/raw/grand_bassin/images/stream_gbassinexch1.stream_2023-02-16_16-34-07/25edd9b3_f0000108.jpg
stream_gbassinexch1.stream_2023-02-16_16-34-07,development,1218,120,5.000,aerial,370,stream_gbassinexch1.stream_2023-02-16_16-34-07/25edd9b3_f0000120.jpg,https://huggingface.co/datasets/shivam11/grand-bassin-traffic/resolve/main/images/stream_gbassinexch1.stream_2023-02-16_16-34-07/25edd9b3_f0000120.jpg?download=true,data/raw/grand_bassin/images/stream_gbassinexch1.stream_2023-02-16_16-34-07/25edd9b3_f0000120.jpg
stream_gbassinexch1.stream_2023-02-16_16-34-07,development,1219,132,5.500,aerial,360,stream_gbassinexch1.stream_2023-02-16_16-34-07/25edd9b3_f0000132.jpg,https://huggingface.co/datasets/shivam11/grand-bassin-traffic/resolve/main/images/stream_gbassinexch1.stream_2023-02-16_16-34-07/25edd9b3_f0000132.jpg?download=true,data/raw/grand_bassin/images/stream_gbassinexch1.stream_2023-02-16_16-34-07/25edd9b3_f0000132.jpg
stream_gbassinexch1.stream_2023-02-16_16-34-07,development,1220,144,6.000,aerial,369,stream_gbassinexch1.stream_2023-02-16_16-34-07/25edd9b3_f0000144.jpg,https://huggingface.co/datasets/shivam11/grand-bassin-traffic/resolve/main/images/stream_gbassinexch1.stream_2023-02-16_16-34-07/25edd9b3_f0000144.jpg?download=true,data/raw/grand_bassin/images/stream_gbassinexch1.stream_2023-02-16_16-34-07/25edd9b3_f0000144.jpg
stream_gbassinexch1.stream_2023-02-16_16-34-07,development,1221,156,6.500,aerial,371,stream_gbassinexch1.stream_2023-02-16_16-34-07/25edd9b3_f0000156.jpg,https://huggingface.co/datasets/shivam11/grand-bassin-traffic/resolve/main/images/stream_gbassinexch1.stream_2023-02-16_16-34-07/25edd9b3_f0000156.jpg?download=true,data/raw/grand_bassin/images/stream_gbassinexch1.stream_2023-02-16_16-34-07/25edd9b3_f0000156.jpg
stream_gbassinexch1.stream_2023-02-16_16-34-07,development,1222,168,7.000,aerial,364,stream_gbassinexch1.stream_2023-02-16_16-34-07/25edd9b3_f0000168.jpg,https://huggingface.co/datasets/shivam11/grand-bassin-traffic/resolve/main/images/stream_gbassinexch1.stream_2023-02-16_16-34-07/25edd9b3_f0000168.jpg?download=true,data/raw/grand_bassin/images/stream_gbassinexch1.stream_2023-02-16_16-34-07/25edd9b3_f0000168.jpg
stream_gbassinexch1.stream_2023-02-16_16-34-07,development,1223,180,7.500,aerial,354,stream_gbassinexch1.stream_2023-02-16_16-34-07/25edd9b3_f0000180.jpg,https://huggingface.co/datasets/shivam11/grand-bassin-traffic/resolve/main/images/stream_gbassinexch1.stream_2023-02-16_16-34-07/25edd9b3_f0000180.jpg?download=true,data/raw/grand_bassin/images/stream_gbassinexch1.stream_2023-02-16_16-34-07/25edd9b3_f0000180.jpg
stream_gbassinexch1.stream_2023-02-16_16-34-07,development,1224,192,8.000,aerial,366,stream_gbassinexch1.stream_2023-02-16_16-34-07/25edd9b3_f0000192.jpg,https://huggingface.co/datasets/shivam11/grand-bassin-traffic/resolve/main/images/stream_gbassinexch1.stream_2023-02-16_16-34-07/25edd9b3_f0000192.jpg?download=true,data/raw/grand_bassin/images/stream_gbassinexch1.stream_2023-02-16_16-34-07/25edd9b3_f0000192.jpg
stream_gbassinexch1.stream_2023-02-16_16-34-07,development,1225,204,8.500,aerial,362,stream_gbassinexch1.stream_2023-02-16_16-34-07/25edd9b3_f0000204.jpg,https://huggingface.co/datasets/shivam11/grand-bassin-traffic/resolve/main/images/stream_gbassinexch1.stream_2023-02-16_16-34-07/25edd9b3_f0000204.jpg?download=true,data/raw/grand_bassin/images/stream_gbassinexch1.stream_2023-02-16_16-34-07/25edd9b3_f0000204.jpg
stream_gbassinexch1.stream_2023-02-16_16-34-07,development,1226,216,9.000,aerial,357,stream_gbassinexch1.stream_2023-02-16_16-34-07/25edd9b3_f0000216.jpg,https://huggingface.co/datasets/shivam11/grand-bassin-traffic/resolve/main/images/stream_gbassinexch1.stream_2023-02-16_16-34-07/25edd9b3_f0000216.jpg?download=true,data/raw/grand_bassin/images/stream_gbassinexch1.stream_2023-02-16_16-34-07/25edd9b3_f0000216.jpg
stream_gbassinexch1.stream_2023-02-16_16-34-07,development,1227,228,9.500,aerial,363,stream_gbassinexch1.stream_2023-02-16_16-34-07/25edd9b3_f0000228.jpg,https://huggingface.co/datasets/shivam11/grand-bassin-traffic/resolve/main/images/stream_gbassinexch1.stream_2023-02-16_16-34-07/25edd9b3_f0000228.jpg?download=true,data/raw/grand_bassin/images/stream_gbassinexch1.stream_2023-02-16_16-34-07/25edd9b3_f0000228.jpg
stream_gbassinexch1.stream_2023-02-16_16-34-07,development,1228,240,10.000,aerial,362,stream_gbassinexch1.stream_2023-02-16_16-34-07/25edd9b3_f0000240.jpg,https://huggingface.co/datasets/shivam11/grand-bassin-traffic/resolve/main/images/stream_gbassinexch1.stream_2023-02-16_16-34-07/25edd9b3_f0000240.jpg?download=true,data/raw/grand_bassin/images/stream_gbassinexch1.stream_2023-02-16_16-34-07/25edd9b3_f0000240.jpg
stream_gbassinexch1.stream_2023-02-16_16-34-07,development,1229,252,10.500,aerial,363,stream_gbassinexch1.stream_2023-02-16_16-34-07/25edd9b3_f0000252.jpg,https://huggingface.co/datasets/shivam11/grand-bassin-traffic/resolve/main/images/stream_gbassinexch1.stream_2023-02-16_16-34-07/25edd9b3_f0000252.jpg?download=true,data/raw/grand_bassin/images/stream_gbassinexch1.stream_2023-02-16_16-34-07/25edd9b3_f0000252.jpg
stream_gbassinexch1.stream_2023-02-16_16-34-07,development,1230,264,11.000,aerial,371,stream_gbassinexch1.stream_2023-02-16_16-34-07/25edd9b3_f0000264.jpg,https://huggingface.co/datasets/shivam11/grand-bassin-traffic/resolve/main/images/stream_gbassinexch1.stream_2023-02-16_16-34-07/25edd9b3_f0000264.jpg?download=true,data/raw/grand_bassin/images/stream_gbassinexch1.stream_2023-02-16_16-34-07/25edd9b3_f0000264.jpg
stream_gbassinexch1.stream_2023-02-16_16-34-07,development,1231,276,11.500,aerial,373,stream_gbassinexch1.stream_2023-02-16_16-34-07/25edd9b3_f0000276.jpg,https://huggingface.co/datasets/shivam11/grand-bassin-traffic/resolve/main/images/stream_gbassinexch1.stream_2023-02-16_16-34-07/25edd9b3_f0000276.jpg?download=true,data/raw/grand_bassin/images/stream_gbassinexch1.stream_2023-02-16_16-34-07/25edd9b3_f0000276.jpg
stream_gbassinexch1.stream_2023-02-16_16-34-07,development,1232,288,12.000,aerial,359,stream_gbassinexch1.stream_2023-02-16_16-34-07/25edd9b3_f0000288.jpg,https://huggingface.co/datasets/shivam11/grand-bassin-traffic/resolve/main/images/stream_gbassinexch1.stream_2023-02-16_16-34-07/25edd9b3_f0000288.jpg?download=true,data/raw/grand_bassin/images/stream_gbassinexch1.stream_2023-02-16_16-34-07/25edd9b3_f0000288.jpg
stream_gbassinexch1.stream_2023-02-16_16-34-07,development,1233,300,12.500,aerial,367,stream_gbassinexch1.stream_2023-02-16_16-34-07/25edd9b3_f0000300.jpg,https://huggingface.co/datasets/shivam11/grand-bassin-traffic/resolve/main/images/stream_gbassinexch1.stream_2023-02-16_16-34-07/25edd9b3_f0000300.jpg?download=true,data/raw/grand_bassin/images/stream_gbassinexch1.stream_2023-02-16_16-34-07/25edd9b3_f0000300.jpg
stream_gbassinexch1.stream_2023-02-16_16-34-07,development,1234,312,13.000,aerial,358,stream_gbassinexch1.stream_2023-02-16_16-34-07/25edd9b3_f0000312.jpg,https://huggingface.co/datasets/shivam11/grand-bassin-traffic/resolve/main/images/stream_gbassinexch1.stream_2023-02-16_16-34-07/25edd9b3_f0000312.jpg?download=true,data/raw/grand_bassin/images/stream_gbassinexch1.stream_2023-02-16_16-34-07/25edd9b3_f0000312.jpg
stream_gbassinexch1.stream_2023-02-16_16-34-07,development,1235,324,13.500,aerial,371,stream_gbassinexch1.stream_2023-02-16_16-34-07/25edd9b3_f0000324.jpg,https://huggingface.co/datasets/shivam11/grand-bassin-traffic/resolve/main/images/stream_gbassinexch1.stream_2023-02-16_16-34-07/25edd9b3_f0000324.jpg?download=true,data/raw/grand_bassin/images/stream_gbassinexch1.stream_2023-02-16_16-34-07/25edd9b3_f0000324.jpg
stream_gbassinexch1.stream_2023-02-16_16-34-07,development,1236,336,14.000,aerial,357,stream_gbassinexch1.stream_2023-02-16_16-34-07/25edd9b3_f0000336.jpg,https://huggingface.co/datasets/shivam11/grand-bassin-traffic/resolve/main/images/stream_gbassinexch1.stream_2023-02-16_16-34-07/25edd9b3_f0000336.jpg?download=true,data/raw/grand_bassin/images/stream_gbassinexch1.stream_2023-02-16_16-34-07/25edd9b3_f0000336.jpg
stream_gbassinexch1.stream_2023-02-16_16-34-07,development,1237,348,14.500,aerial,367,stream_gbassinexch1.stream_2023-02-16_16-34-07/25edd9b3_f0000348.jpg,https://huggingface.co/datasets/shivam11/grand-bassin-traffic/resolve/main/images/stream_gbassinexch1.stream_2023-02-16_16-34-07/25edd9b3_f0000348.jpg?download=true,data/raw/grand_bassin/images/stream_gbassinexch1.stream_2023-02-16_16-34-07/25edd9b3_f0000348.jpg
stream_gbassinexch1.stream_2023-02-16_16-34-07,development,1238,360,15.000,aerial,361,stream_gbassinexch1.stream_2023-02-16_16-34-07/25edd9b3_f0000360.jpg,https://huggingface.co/datasets/shivam11/grand-bassin-traffic/resolve/main/images/stream_gbassinexch1.stream_2023-02-16_16-34-07/25edd9b3_f0000360.jpg?download=true,data/raw/grand_bassin/images/stream_gbassinexch1.stream_2023-02-16_16-34-07/25edd9b3_f0000360.jpg
stream_gbassinexch1.stream_2023-02-16_16-34-07,development,1239,372,15.500,aerial,362,stream_gbassinexch1.stream_2023-02-16_16-34-07/25edd9b3_f0000372.jpg,https://huggingface.co/datasets/shivam11/grand-bassin-traffic/resolve/main/images/stream_gbassinexch1.stream_2023-02-16_16-34-07/25edd9b3_f0000372.jpg?download=true,data/raw/grand_bassin/images/stream_gbassinexch1.stream_2023-02-16_16-34-07/25edd9b3_f0000372.jpg
stream_gbassinexch1.stream_2023-02-16_16-34-07,development,1240,384,16.000,aerial,356,stream_gbassinexch1.stream_2023-02-16_16-34-07/25edd9b3_f0000384.jpg,https://huggingface.co/datasets/shivam11/grand-bassin-traffic/resolve/main/images/stream_gbassinexch1.stream_2023-02-16_16-34-07/25edd9b3_f0000384.jpg?download=true,data/raw/grand_bassin/images/stream_gbassinexch1.stream_2023-02-16_16-34-07/25edd9b3_f0000384.jpg
stream_gbassinexch1.stream_2023-02-16_16-34-07,development,1241,396,16.500,aerial,362,stream_gbassinexch1.stream_2023-02-16_16-34-07/25edd9b3_f0000396.jpg,https://huggingface.co/datasets/shivam11/grand-bassin-traffic/resolve/main/images/stream_gbassinexch1.stream_2023-02-16_16-34-07/25edd9b3_f0000396.jpg?download=true,data/raw/grand_bassin/images/stream_gbassinexch1.stream_2023-02-16_16-34-07/25edd9b3_f0000396.jpg
stream_gbassinexch1.stream_2023-02-16_16-34-07,development,1242,408,17.000,aerial,361,stream_gbassinexch1.stream_2023-02-16_16-34-07/25edd9b3_f0000408.jpg,https://huggingface.co/datasets/shivam11/grand-bassin-traffic/resolve/main/images/stream_gbassinexch1.stream_2023-02-16_16-34-07/25edd9b3_f0000408.jpg?download=true,data/raw/grand_bassin/images/stream_gbassinexch1.stream_2023-02-16_16-34-07/25edd9b3_f0000408.jpg
stream_gbassinexch1.stream_2023-02-16_16-34-07,development,1243,420,17.500,aerial,362,stream_gbassinexch1.stream_2023-02-16_16-34-07/25edd9b3_f0000420.jpg,https://huggingface.co/datasets/shivam11/grand-bassin-traffic/resolve/main/images/stream_gbassinexch1.stream_2023-02-16_16-34-07/25edd9b3_f0000420.jpg?download=true,data/raw/grand_bassin/images/stream_gbassinexch1.stream_2023-02-16_16-34-07/25edd9b3_f0000420.jpg
stream_gbassinexch1.stream_2023-02-16_16-34-07,development,1244,432,18.000,aerial,366,stream_gbassinexch1.stream_2023-02-16_16-34-07/25edd9b3_f0000432.jpg,https://huggingface.co/datasets/shivam11/grand-bassin-traffic/resolve/main/images/stream_gbassinexch1.stream_2023-02-16_16-34-07/25edd9b3_f0000432.jpg?download=true,data/raw/grand_bassin/images/stream_gbassinexch1.stream_2023-02-16_16-34-07/25edd9b3_f0000432.jpg
stream_gbassinexch1.stream_2023-02-16_16-34-07,development,1245,444,18.500,aerial,368,stream_gbassinexch1.stream_2023-02-16_16-34-07/25edd9b3_f0000444.jpg,https://huggingface.co/datasets/shivam11/grand-bassin-traffic/resolve/main/images/stream_gbassinexch1.stream_2023-02-16_16-34-07/25edd9b3_f0000444.jpg?download=true,data/raw/grand_bassin/images/stream_gbassinexch1.stream_2023-02-16_16-34-07/25edd9b3_f0000444.jpg
stream_gbassinexch1.stream_2023-02-16_16-34-07,development,1246,456,19.000,aerial,364,stream_gbassinexch1.stream_2023-02-16_16-34-07/25edd9b3_f0000456.jpg,https://huggingface.co/datasets/shivam11/grand-bassin-traffic/resolve/main/images/stream_gbassinexch1.stream_2023-02-16_16-34-07/25edd9b3_f0000456.jpg?download=true,data/raw/grand_bassin/images/stream_gbassinexch1.stream_2023-02-16_16-34-07/25edd9b3_f0000456.jpg
stream_gbassinexch1.stream_2023-02-16_16-34-07,development,1247,468,19.500,aerial,354,stream_gbassinexch1.stream_2023-02-16_16-34-07/25edd9b3_f0000468.jpg,https://huggingface.co/datasets/shivam11/grand-bassin-traffic/resolve/main/images/stream_gbassinexch1.stream_2023-02-16_16-34-07/25edd9b3_f0000468.jpg?download=true,data/raw/grand_bassin/images/stream_gbassinexch1.stream_2023-02-16_16-34-07/25edd9b3_f0000468.jpg
stream_gbassinexch1.stream_2023-02-16_16-34-07,development,1248,480,20.000,aerial,360,stream_gbassinexch1.stream_2023-02-16_16-34-07/25edd9b3_f0000480.jpg,https://huggingface.co/datasets/shivam11/grand-bassin-traffic/resolve/main/images/stream_gbassinexch1.stream_2023-02-16_16-34-07/25edd9b3_f0000480.jpg?download=true,data/raw/grand_bassin/images/stream_gbassinexch1.stream_2023-02-16_16-34-07/25edd9b3_f0000480.jpg
stream_gbassinexch1.stream_2023-02-16_16-34-07,development,1249,492,20.500,aerial,359,stream_gbassinexch1.stream_2023-02-16_16-34-07/25edd9b3_f0000492.jpg,https://huggingface.co/datasets/shivam11/grand-bassin-traffic/resolve/main/images/stream_gbassinexch1.stream_2023-02-16_16-34-07/25edd9b3_f0000492.jpg?download=true,data/raw/grand_bassin/images/stream_gbassinexch1.stream_2023-02-16_16-34-07/25edd9b3_f0000492.jpg
stream_gbassinexch1.stream_2023-02-16_16-34-07,development,1250,504,21.000,aerial,349,stream_gbassinexch1.stream_2023-02-16_16-34-07/25edd9b3_f0000504.jpg,https://huggingface.co/datasets/shivam11/grand-bassin-traffic/resolve/main/images/stream_gbassinexch1.stream_2023-02-16_16-34-07/25edd9b3_f0000504.jpg?download=true,data/raw/grand_bassin/images/stream_gbassinexch1.stream_2023-02-16_16-34-07/25edd9b3_f0000504.jpg
stream_gbassinexch1.stream_2023-02-16_16-34-07,development,1251,516,21.500,aerial,356,stream_gbassinexch1.stream_2023-02-16_16-34-07/25edd9b3_f0000516.jpg,https://huggingface.co/datasets/shivam11/grand-bassin-traffic/resolve/main/images/stream_gbassinexch1.stream_2023-02-16_16-34-07/25edd9b3_f0000516.jpg?download=true,data/raw/grand_bassin/images/stream_gbassinexch1.stream_2023-02-16_16-34-07/25edd9b3_f0000516.jpg
stream_gbassinexch1.stream_2023-02-16_16-34-07,development,1252,528,22.000,aerial,356,stream_gbassinexch1.stream_2023-02-16_16-34-07/25edd9b3_f0000528.jpg,https://huggingface.co/datasets/shivam11/grand-bassin-traffic/resolve/main/images/stream_gbassinexch1.stream_2023-02-16_16-34-07/25edd9b3_f0000528.jpg?download=true,data/raw/grand_bassin/images/stream_gbassinexch1.stream_2023-02-16_16-34-07/25edd9b3_f0000528.jpg
stream_gbassinexch1.stream_2023-02-16_16-34-07,development,1253,540,22.500,aerial,361,stream_gbassinexch1.stream_2023-02-16_16-34-07/25edd9b3_f0000540.jpg,https://huggingface.co/datasets/shivam11/grand-bassin-traffic/resolve/main/images/stream_gbassinexch1.stream_2023-02-16_16-34-07/25edd9b3_f0000540.jpg?download=true,data/raw/grand_bassin/images/stream_gbassinexch1.stream_2023-02-16_16-34-07/25edd9b3_f0000540.jpg
stream_gbassinexch1.stream_2023-02-16_16-34-07,development,1254,552,23.000,aerial,364,stream_gbassinexch1.stream_2023-02-16_16-34-07/25edd9b3_f0000552.jpg,https://huggingface.co/datasets/shivam11/grand-bassin-traffic/resolve/main/images/stream_gbassinexch1.stream_2023-02-16_16-34-07/25edd9b3_f0000552.jpg?download=true,data/raw/grand_bassin/images/stream_gbassinexch1.stream_2023-02-16_16-34-07/25edd9b3_f0000552.jpg
stream_gbassinexch1.stream_2023-02-16_16-34-07,development,1255,564,23.500,aerial,364,stream_gbassinexch1.stream_2023-02-16_16-34-07/25edd9b3_f0000564.jpg,https://huggingface.co/datasets/shivam11/grand-bassin-traffic/resolve/main/images/stream_gbassinexch1.stream_2023-02-16_16-34-07/25edd9b3_f0000564.jpg?download=true,data/raw/grand_bassin/images/stream_gbassinexch1.stream_2023-02-16_16-34-07/25edd9b3_f0000564.jpg
stream_gbassinexch1.stream_2023-02-16_16-34-07,development,1256,576,24.000,aerial,358,stream_gbassinexch1.stream_2023-02-16_16-34-07/25edd9b3_f0000576.jpg,https://huggingface.co/datasets/shivam11/grand-bassin-traffic/resolve/main/images/stream_gbassinexch1.stream_2023-02-16_16-34-07/25edd9b3_f0000576.jpg?download=true,data/raw/grand_bassin/images/stream_gbassinexch1.stream_2023-02-16_16-34-07/25edd9b3_f0000576.jpg
stream_gbassinexch1.stream_2023-02-16_16-34-07,development,1257,588,24.500,aerial,367,stream_gbassinexch1.stream_2023-02-16_16-34-07/25edd9b3_f0000588.jpg,https://huggingface.co/datasets/shivam11/grand-bassin-traffic/resolve/main/images/stream_gbassinexch1.stream_2023-02-16_16-34-07/25edd9b3_f0000588.jpg?download=true,data/raw/grand_bassin/images/stream_gbassinexch1.stream_2023-02-16_16-34-07/25edd9b3_f0000588.jpg
stream_gbassinexch1.stream_2023-02-16_16-34-07,development,1258,600,25.000,aerial,360,stream_gbassinexch1.stream_2023-02-16_16-34-07/25edd9b3_f0000600.jpg,https://huggingface.co/datasets/shivam11/grand-bassin-traffic/resolve/main/images/stream_gbassinexch1.stream_2023-02-16_16-34-07/25edd9b3_f0000600.jpg?download=true,data/raw/grand_bassin/images/stream_gbassinexch1.stream_2023-02-16_16-34-07/25edd9b3_f0000600.jpg
stream_gbassinexch1.stream_2023-02-16_16-34-07,development,1259,612,25.500,aerial,357,stream_gbassinexch1.stream_2023-02-16_16-34-07/25edd9b3_f0000612.jpg,https://huggingface.co/datasets/shivam11/grand-bassin-traffic/resolve/main/images/stream_gbassinexch1.stream_2023-02-16_16-34-07/25edd9b3_f0000612.jpg?download=true,data/raw/grand_bassin/images/stream_gbassinexch1.stream_2023-02-16_16-34-07/25edd9b3_f0000612.jpg
stream_gbassinexch1.stream_2023-02-16_16-34-07,development,1260,624,26.000,aerial,357,stream_gbassinexch1.stream_2023-02-16_16-34-07/25edd9b3_f0000624.jpg,https://huggingface.co/datasets/shivam11/grand-bassin-traffic/resolve/main/images/stream_gbassinexch1.stream_2023-02-16_16-34-07/25edd9b3_f0000624.jpg?download=true,data/raw/grand_bassin/images/stream_gbassinexch1.stream_2023-02-16_16-34-07/25edd9b3_f0000624.jpg
stream_gbassinexch1.stream_2023-02-16_16-34-07,development,1261,636,26.500,aerial,364,stream_gbassinexch1.stream_2023-02-16_16-34-07/25edd9b3_f0000636.jpg,https://huggingface.co/datasets/shivam11/grand-bassin-traffic/resolve/main/images/stream_gbassinexch1.stream_2023-02-16_16-34-07/25edd9b3_f0000636.jpg?download=true,data/raw/grand_bassin/images/stream_gbassinexch1.stream_2023-02-16_16-34-07/25edd9b3_f0000636.jpg
stream_gbassinexch1.stream_2023-02-16_16-34-07,development,1262,648,27.000,aerial,360,stream_gbassinexch1.stream_2023-02-16_16-34-07/25edd9b3_f0000648.jpg,https://huggingface.co/datasets/shivam11/grand-bassin-traffic/resolve/main/images/stream_gbassinexch1.stream_2023-02-16_16-34-07/25edd9b3_f0000648.jpg?download=true,data/raw/grand_bassin/images/stream_gbassinexch1.stream_2023-02-16_16-34-07/25edd9b3_f0000648.jpg
stream_gbassinexch1.stream_2023-02-16_16-34-07,development,1263,660,27.500,aerial,363,stream_gbassinexch1.stream_2023-02-16_16-34-07/25edd9b3_f0000660.jpg,https://huggingface.co/datasets/shivam11/grand-bassin-traffic/resolve/main/images/stream_gbassinexch1.stream_2023-02-16_16-34-07/25edd9b3_f0000660.jpg?download=true,data/raw/grand_bassin/images/stream_gbassinexch1.stream_2023-02-16_16-34-07/25edd9b3_f0000660.jpg
stream_gbassinexch1.stream_2023-02-16_16-34-07,development,1264,672,28.000,aerial,361,stream_gbassinexch1.stream_2023-02-16_16-34-07/25edd9b3_f0000672.jpg,https://huggingface.co/datasets/shivam11/grand-bassin-traffic/resolve/main/images/stream_gbassinexch1.stream_2023-02-16_16-34-07/25edd9b3_f0000672.jpg?download=true,data/raw/grand_bassin/images/stream_gbassinexch1.stream_2023-02-16_16-34-07/25edd9b3_f0000672.jpg
stream_gbassinexch1.stream_2023-02-16_16-34-07,development,1265,684,28.500,aerial,360,stream_gbassinexch1.stream_2023-02-16_16-34-07/25edd9b3_f0000684.jpg,https://huggingface.co/datasets/shivam11/grand-bassin-traffic/resolve/main/images/stream_gbassinexch1.stream_2023-02-16_16-34-07/25edd9b3_f0000684.jpg?download=true,data/raw/grand_bassin/images/stream_gbassinexch1.stream_2023-02-16_16-34-07/25edd9b3_f0000684.jpg
stream_gbassinexch1.stream_2023-02-16_16-34-07,development,1266,696,29.000,aerial,366,stream_gbassinexch1.stream_2023-02-16_16-34-07/25edd9b3_f0000696.jpg,https://huggingface.co/datasets/shivam11/grand-bassin-traffic/resolve/main/images/stream_gbassinexch1.stream_2023-02-16_16-34-07/25edd9b3_f0000696.jpg?download=true,data/raw/grand_bassin/images/stream_gbassinexch1.stream_2023-02-16_16-34-07/25edd9b3_f0000696.jpg
stream_gbassinexch1.stream_2023-02-16_16-34-07,development,1267,708,29.500,aerial,361,stream_gbassinexch1.stream_2023-02-16_16-34-07/25edd9b3_f0000708.jpg,https://huggingface.co/datasets/shivam11/grand-bassin-traffic/resolve/main/images/stream_gbassinexch1.stream_2023-02-16_16-34-07/25edd9b3_f0000708.jpg?download=true,data/raw/grand_bassin/images/stream_gbassinexch1.stream_2023-02-16_16-34-07/25edd9b3_f0000708.jpg
stream_gbassinexch1.stream_2023-02-16_16-34-07,development,1268,720,30.000,aerial,365,stream_gbassinexch1.stream_2023-02-16_16-34-07/25edd9b3_f0000720.jpg,https://huggingface.co/datasets/shivam11/grand-bassin-traffic/resolve/main/images/stream_gbassinexch1.stream_2023-02-16_16-34-07/25edd9b3_f0000720.jpg?download=true,data/raw/grand_bassin/images/stream_gbassinexch1.stream_2023-02-16_16-34-07/25edd9b3_f0000720.jpg
stream_gbassinexch1.stream_2023-02-16_16-34-07,development,1269,732,30.500,aerial,365,stream_gbassinexch1.stream_2023-02-16_16-34-07/25edd9b3_f0000732.jpg,https://huggingface.co/datasets/shivam11/grand-bassin-traffic/resolve/main/images/stream_gbassinexch1.stream_2023-02-16_16-34-07/25edd9b3_f0000732.jpg?download=true,data/raw/grand_bassin/images/stream_gbassinexch1.stream_2023-02-16_16-34-07/25edd9b3_f0000732.jpg
stream_gbassinexch1.stream_2023-02-16_16-34-07,development,1270,744,31.000,aerial,358,stream_gbassinexch1.stream_2023-02-16_16-34-07/25edd9b3_f0000744.jpg,https://huggingface.co/datasets/shivam11/grand-bassin-traffic/resolve/main/images/stream_gbassinexch1.stream_2023-02-16_16-34-07/25edd9b3_f0000744.jpg?download=true,data/raw/grand_bassin/images/stream_gbassinexch1.stream_2023-02-16_16-34-07/25edd9b3_f0000744.jpg
stream_gbassinexch1.stream_2023-02-16_16-34-07,development,1271,756,31.500,aerial,360,stream_gbassinexch1.stream_2023-02-16_16-34-07/25edd9b3_f0000756.jpg,https://huggingface.co/datasets/shivam11/grand-bassin-traffic/resolve/main/images/stream_gbassinexch1.stream_2023-02-16_16-34-07/25edd9b3_f0000756.jpg?download=true,data/raw/grand_bassin/images/stream_gbassinexch1.stream_2023-02-16_16-34-07/25edd9b3_f0000756.jpg
stream_gbassinexch1.stream_2023-02-16_16-34-07,development,1272,768,32.000,aerial,349,stream_gbassinexch1.stream_2023-02-16_16-34-07/25edd9b3_f0000768.jpg,https://huggingface.co/datasets/shivam11/grand-bassin-traffic/resolve/main/images/stream_gbassinexch1.stream_2023-02-16_16-34-07/25edd9b3_f0000768.jpg?download=true,data/raw/grand_bassin/images/stream_gbassinexch1.stream_2023-02-16_16-34-07/25edd9b3_f0000768.jpg
stream_gbassinexch1.stream_2023-02-16_16-34-07,development,1273,780,32.500,aerial,353,stream_gbassinexch1.stream_2023-02-16_16-34-07/25edd9b3_f0000780.jpg,https://huggingface.co/datasets/shivam11/grand-bassin-traffic/resolve/main/images/stream_gbassinexch1.stream_2023-02-16_16-34-07/25edd9b3_f0000780.jpg?download=true,data/raw/grand_bassin/images/stream_gbassinexch1.stream_2023-02-16_16-34-07/25edd9b3_f0000780.jpg
stream_gbassinexch1.stream_2023-02-16_16-34-07,development,1274,792,33.000,aerial,351,stream_gbassinexch1.stream_2023-02-16_16-34-07/25edd9b3_f0000792.jpg,https://huggingface.co/datasets/shivam11/grand-bassin-traffic/resolve/main/images/stream_gbassinexch1.stream_2023-02-16_16-34-07/25edd9b3_f0000792.jpg?download=true,data/raw/grand_bassin/images/stream_gbassinexch1.stream_2023-02-16_16-34-07/25edd9b3_f0000792.jpg
stream_gbassinexch1.stream_2023-02-16_16-34-07,development,1275,804,33.500,aerial,364,stream_gbassinexch1.stream_2023-02-16_16-34-07/25edd9b3_f0000804.jpg,https://huggingface.co/datasets/shivam11/grand-bassin-traffic/resolve/main/images/stream_gbassinexch1.stream_2023-02-16_16-34-07/25edd9b3_f0000804.jpg?download=true,data/raw/grand_bassin/images/stream_gbassinexch1.stream_2023-02-16_16-34-07/25edd9b3_f0000804.jpg
stream_gbassinexch1.stream_2023-02-16_16-34-07,development,1276,816,34.000,aerial,355,stream_gbassinexch1.stream_2023-02-16_16-34-07/25edd9b3_f0000816.jpg,https://huggingface.co/datasets/shivam11/grand-bassin-traffic/resolve/main/images/stream_gbassinexch1.stream_2023-02-16_16-34-07/25edd9b3_f0000816.jpg?download=true,data/raw/grand_bassin/images/stream_gbassinexch1.stream_2023-02-16_16-34-07/25edd9b3_f0000816.jpg
stream_gbassinexch1.stream_2023-02-16_16-34-07,development,1277,828,34.500,aerial,363,stream_gbassinexch1.stream_2023-02-16_16-34-07/25edd9b3_f0000828.jpg,https://huggingface.co/datasets/shivam11/grand-bassin-traffic/resolve/main/images/stream_gbassinexch1.stream_2023-02-16_16-34-07/25edd9b3_f0000828.jpg?download=true,data/raw/grand_bassin/images/stream_gbassinexch1.stream_2023-02-16_16-34-07/25edd9b3_f0000828.jpg
stream_gbassinexch1.stream_2023-02-16_16-34-07,development,1278,840,35.000,aerial,353,stream_gbassinexch1.stream_2023-02-16_16-34-07/25edd9b3_f0000840.jpg,https://huggingface.co/datasets/shivam11/grand-bassin-traffic/resolve/main/images/stream_gbassinexch1.stream_2023-02-16_16-34-07/25edd9b3_f0000840.jpg?download=true,data/raw/grand_bassin/images/stream_gbassinexch1.stream_2023-02-16_16-34-07/25edd9b3_f0000840.jpg
stream_gbassinexch1.stream_2023-02-16_16-34-07,development,1279,852,35.500,aerial,356,stream_gbassinexch1.stream_2023-02-16_16-34-07/25edd9b3_f0000852.jpg,https://huggingface.co/datasets/shivam11/grand-bassin-traffic/resolve/main/images/stream_gbassinexch1.stream_2023-02-16_16-34-07/25edd9b3_f0000852.jpg?download=true,data/raw/grand_bassin/images/stream_gbassinexch1.stream_2023-02-16_16-34-07/25edd9b3_f0000852.jpg
stream_gbassinexch1.stream_2023-02-16_16-34-07,development,1280,864,36.000,aerial,352,stream_gbassinexch1.stream_2023-02-16_16-34-07/25edd9b3_f0000864.jpg,https://huggingface.co/datasets/shivam11/grand-bassin-traffic/resolve/main/images/stream_gbassinexch1.stream_2023-02-16_16-34-07/25edd9b3_f0000864.jpg?download=true,data/raw/grand_bassin/images/stream_gbassinexch1.stream_2023-02-16_16-34-07/25edd9b3_f0000864.jpg
stream_gbassinexch1.stream_2023-02-16_16-34-07,development,1281,876,36.500,aerial,355,stream_gbassinexch1.stream_2023-02-16_16-34-07/25edd9b3_f0000876.jpg,https://huggingface.co/datasets/shivam11/grand-bassin-traffic/resolve/main/images/stream_gbassinexch1.stream_2023-02-16_16-34-07/25edd9b3_f0000876.jpg?download=true,data/raw/grand_bassin/images/stream_gbassinexch1.stream_2023-02-16_16-34-07/25edd9b3_f0000876.jpg
stream_gbassinexch1.stream_2023-02-16_16-34-07,development,1282,888,37.000,aerial,370,stream_gbassinexch1.stream_2023-02-16_16-34-07/25edd9b3_f0000888.jpg,https://huggingface.co/datasets/shivam11/grand-bassin-traffic/resolve/main/images/stream_gbassinexch1.stream_2023-02-16_16-34-07/25edd9b3_f0000888.jpg?download=true,data/raw/grand_bassin/images/stream_gbassinexch1.stream_2023-02-16_16-34-07/25edd9b3_f0000888.jpg
stream_gbassinexch1.stream_2023-02-16_16-34-07,development,1283,900,37.500,aerial,357,stream_gbassinexch1.stream_2023-02-16_16-34-07/25edd9b3_f0000900.jpg,https://huggingface.co/datasets/shivam11/grand-bassin-traffic/resolve/main/images/stream_gbassinexch1.stream_2023-02-16_16-34-07/25edd9b3_f0000900.jpg?download=true,data/raw/grand_bassin/images/stream_gbassinexch1.stream_2023-02-16_16-34-07/25edd9b3_f0000900.jpg
stream_gbassinexch1.stream_2023-02-16_16-34-07,development,1284,912,38.000,aerial,378,stream_gbassinexch1.stream_2023-02-16_16-34-07/25edd9b3_f0000912.jpg,https://huggingface.co/datasets/shivam11/grand-bassin-traffic/resolve/main/images/stream_gbassinexch1.stream_2023-02-16_16-34-07/25edd9b3_f0000912.jpg?download=true,data/raw/grand_bassin/images/stream_gbassinexch1.stream_2023-02-16_16-34-07/25edd9b3_f0000912.jpg
stream_gbassinexch1.stream_2023-02-16_16-34-07,development,1285,924,38.500,aerial,378,stream_gbassinexch1.stream_2023-02-16_16-34-07/25edd9b3_f0000924.jpg,https://huggingface.co/datasets/shivam11/grand-bassin-traffic/resolve/main/images/stream_gbassinexch1.stream_2023-02-16_16-34-07/25edd9b3_f0000924.jpg?download=true,data/raw/grand_bassin/images/stream_gbassinexch1.stream_2023-02-16_16-34-07/25edd9b3_f0000924.jpg
stream_gbassinexch1.stream_2023-02-16_16-34-07,development,1286,936,39.000,aerial,360,stream_gbassinexch1.stream_2023-02-16_16-34-07/25edd9b3_f0000936.jpg,https://huggingface.co/datasets/shivam11/grand-bassin-traffic/resolve/main/images/stream_gbassinexch1.stream_2023-02-16_16-34-07/25edd9b3_f0000936.jpg?download=true,data/raw/grand_bassin/images/stream_gbassinexch1.stream_2023-02-16_16-34-07/25edd9b3_f0000936.jpg
stream_gbassinexch1.stream_2023-02-16_16-34-07,development,1287,948,39.500,aerial,364,stream_gbassinexch1.stream_2023-02-16_16-34-07/25edd9b3_f0000948.jpg,https://huggingface.co/datasets/shivam11/grand-bassin-traffic/resolve/main/images/stream_gbassinexch1.stream_2023-02-16_16-34-07/25edd9b3_f0000948.jpg?download=true,data/raw/grand_bassin/images/stream_gbassinexch1.stream_2023-02-16_16-34-07/25edd9b3_f0000948.jpg
stream_gbassinexch1.stream_2023-02-16_16-34-07,development,1288,960,40.000,aerial,365,stream_gbassinexch1.stream_2023-02-16_16-34-07/25edd9b3_f0000960.jpg,https://huggingface.co/datasets/shivam11/grand-bassin-traffic/resolve/main/images/stream_gbassinexch1.stream_2023-02-16_16-34-07/25edd9b3_f0000960.jpg?download=true,data/raw/grand_bassin/images/stream_gbassinexch1.stream_2023-02-16_16-34-07/25edd9b3_f0000960.jpg
stream_gbassinexch1.stream_2023-02-16_16-34-07,development,1289,972,40.500,aerial,355,stream_gbassinexch1.stream_2023-02-16_16-34-07/25edd9b3_f0000972.jpg,https://huggingface.co/datasets/shivam11/grand-bassin-traffic/resolve/main/images/stream_gbassinexch1.stream_2023-02-16_16-34-07/25edd9b3_f0000972.jpg?download=true,data/raw/grand_bassin/images/stream_gbassinexch1.stream_2023-02-16_16-34-07/25edd9b3_f0000972.jpg
stream_gbassinexch1.stream_2023-02-16_16-34-07,development,1290,984,41.000,aerial,344,stream_gbassinexch1.stream_2023-02-16_16-34-07/25edd9b3_f0000984.jpg,https://huggingface.co/datasets/shivam11/grand-bassin-traffic/resolve/main/images/stream_gbassinexch1.stream_2023-02-16_16-34-07/25edd9b3_f0000984.jpg?download=true,data/raw/grand_bassin/images/stream_gbassinexch1.stream_2023-02-16_16-34-07/25edd9b3_f0000984.jpg
stream_gbassinexch1.stream_2023-02-16_16-34-07,development,1291,996,41.500,aerial,350,stream_gbassinexch1.stream_2023-02-16_16-34-07/25edd9b3_f0000996.jpg,https://huggingface.co/datasets/shivam11/grand-bassin-traffic/resolve/main/images/stream_gbassinexch1.stream_2023-02-16_16-34-07/25edd9b3_f0000996.jpg?download=true,data/raw/grand_bassin/images/stream_gbassinexch1.stream_2023-02-16_16-34-07/25edd9b3_f0000996.jpg
stream_gbassinexch1.stream_2023-02-16_16-34-07,development,1292,1008,42.000,aerial,350,stream_gbassinexch1.stream_2023-02-16_16-34-07/25edd9b3_f0001008.jpg,https://huggingface.co/datasets/shivam11/grand-bassin-traffic/resolve/main/images/stream_gbassinexch1.stream_2023-02-16_16-34-07/25edd9b3_f0001008.jpg?download=true,data/raw/grand_bassin/images/stream_gbassinexch1.stream_2023-02-16_16-34-07/25edd9b3_f0001008.jpg
stream_gbassinexch1.stream_2023-02-16_16-34-07,development,1293,1020,42.500,aerial,349,stream_gbassinexch1.stream_2023-02-16_16-34-07/25edd9b3_f0001020.jpg,https://huggingface.co/datasets/shivam11/grand-bassin-traffic/resolve/main/images/stream_gbassinexch1.stream_2023-02-16_16-34-07/25edd9b3_f0001020.jpg?download=true,data/raw/grand_bassin/images/stream_gbassinexch1.stream_2023-02-16_16-34-07/25edd9b3_f0001020.jpg
stream_gbassinexch1.stream_2023-02-16_16-34-07,development,1294,1032,43.000,aerial,344,stream_gbassinexch1.stream_2023-02-16_16-34-07/25edd9b3_f0001032.jpg,https://huggingface.co/datasets/shivam11/grand-bassin-traffic/resolve/main/images/stream_gbassinexch1.stream_2023-02-16_16-34-07/25edd9b3_f0001032.jpg?download=true,data/raw/grand_bassin/images/stream_gbassinexch1.stream_2023-02-16_16-34-07/25edd9b3_f0001032.jpg
stream_gbassinexch1.stream_2023-02-16_16-34-07,development,1295,1044,43.500,aerial,351,stream_gbassinexch1.stream_2023-02-16_16-34-07/25edd9b3_f0001044.jpg,https://huggingface.co/datasets/shivam11/grand-bassin-traffic/resolve/main/images/stream_gbassinexch1.stream_2023-02-16_16-34-07/25edd9b3_f0001044.jpg?download=true,data/raw/grand_bassin/images/stream_gbassinexch1.stream_2023-02-16_16-34-07/25edd9b3_f0001044.jpg
stream_gbassinexch1.stream_2023-02-16_16-34-07,development,1296,1056,44.000,aerial,347,stream_gbassinexch1.stream_2023-02-16_16-34-07/25edd9b3_f0001056.jpg,https://huggingface.co/datasets/shivam11/grand-bassin-traffic/resolve/main/images/stream_gbassinexch1.stream_2023-02-16_16-34-07/25edd9b3_f0001056.jpg?download=true,data/raw/grand_bassin/images/stream_gbassinexch1.stream_2023-02-16_16-34-07/25edd9b3_f0001056.jpg
stream_gbassinexch1.stream_2023-02-16_16-34-07,development,1297,1068,44.500,aerial,356,stream_gbassinexch1.stream_2023-02-16_16-34-07/25edd9b3_f0001068.jpg,https://huggingface.co/datasets/shivam11/grand-bassin-traffic/resolve/main/images/stream_gbassinexch1.stream_2023-02-16_16-34-07/25edd9b3_f0001068.jpg?download=true,data/raw/grand_bassin/images/stream_gbassinexch1.stream_2023-02-16_16-34-07/25edd9b3_f0001068.jpg
stream_gbassinexch1.stream_2023-02-16_16-34-07,development,1298,1080,45.000,aerial,358,stream_gbassinexch1.stream_2023-02-16_16-34-07/25edd9b3_f0001080.jpg,https://huggingface.co/datasets/shivam11/grand-bassin-traffic/resolve/main/images/stream_gbassinexch1.stream_2023-02-16_16-34-07/25edd9b3_f0001080.jpg?download=true,data/raw/grand_bassin/images/stream_gbassinexch1.stream_2023-02-16_16-34-07/25edd9b3_f0001080.jpg
stream_gbassinexch1.stream_2023-02-16_16-34-07,development,1299,1092,45.500,aerial,356,stream_gbassinexch1.stream_2023-02-16_16-34-07/25edd9b3_f0001092.jpg,https://huggingface.co/datasets/shivam11/grand-bassin-traffic/resolve/main/images/stream_gbassinexch1.stream_2023-02-16_16-34-07/25edd9b3_f0001092.jpg?download=true,data/raw/grand_bassin/images/stream_gbassinexch1.stream_2023-02-16_16-34-07/25edd9b3_f0001092.jpg
stream_gbassinexch1.stream_2023-02-16_16-34-07,development,1300,1104,46.000,aerial,353,stream_gbassinexch1.stream_2023-02-16_16-34-07/25edd9b3_f0001104.jpg,https://huggingface.co/datasets/shivam11/grand-bassin-traffic/resolve/main/images/stream_gbassinexch1.stream_2023-02-16_16-34-07/25edd9b3_f0001104.jpg?download=true,data/raw/grand_bassin/images/stream_gbassinexch1.stream_2023-02-16_16-34-07/25edd9b3_f0001104.jpg
stream_gbassinexch1.stream_2023-02-16_16-34-07,development,1301,1116,46.500,aerial,356,stream_gbassinexch1.stream_2023-02-16_16-34-07/25edd9b3_f0001116.jpg,https://huggingface.co/datasets/shivam11/grand-bassin-traffic/resolve/main/images/stream_gbassinexch1.stream_2023-02-16_16-34-07/25edd9b3_f0001116.jpg?download=true,data/raw/grand_bassin/images/stream_gbassinexch1.stream_2023-02-16_16-34-07/25edd9b3_f0001116.jpg
stream_gbassinexch1.stream_2023-02-16_16-34-07,development,1302,1128,47.000,aerial,350,stream_gbassinexch1.stream_2023-02-16_16-34-07/25edd9b3_f0001128.jpg,https://huggingface.co/datasets/shivam11/grand-bassin-traffic/resolve/main/images/stream_gbassinexch1.stream_2023-02-16_16-34-07/25edd9b3_f0001128.jpg?download=true,data/raw/grand_bassin/images/stream_gbassinexch1.stream_2023-02-16_16-34-07/25edd9b3_f0001128.jpg
stream_gbassinexch1.stream_2023-02-16_16-34-07,development,1303,1140,47.500,aerial,346,stream_gbassinexch1.stream_2023-02-16_16-34-07/25edd9b3_f0001140.jpg,https://huggingface.co/datasets/shivam11/grand-bassin-traffic/resolve/main/images/stream_gbassinexch1.stream_2023-02-16_16-34-07/25edd9b3_f0001140.jpg?download=true,data/raw/grand_bassin/images/stream_gbassinexch1.stream_2023-02-16_16-34-07/25edd9b3_f0001140.jpg
stream_gbassinexch1.stream_2023-02-16_16-34-07,development,1304,1152,48.000,aerial,345,stream_gbassinexch1.stream_2023-02-16_16-34-07/25edd9b3_f0001152.jpg,https://huggingface.co/datasets/shivam11/grand-bassin-traffic/resolve/main/images/stream_gbassinexch1.stream_2023-02-16_16-34-07/25edd9b3_f0001152.jpg?download=true,data/raw/grand_bassin/images/stream_gbassinexch1.stream_2023-02-16_16-34-07/25edd9b3_f0001152.jpg
stream_gbassinexch1.stream_2023-02-16_16-34-07,development,1305,1164,48.500,aerial,349,stream_gbassinexch1.stream_2023-02-16_16-34-07/25edd9b3_f0001164.jpg,https://huggingface.co/datasets/shivam11/grand-bassin-traffic/resolve/main/images/stream_gbassinexch1.stream_2023-02-16_16-34-07/25edd9b3_f0001164.jpg?download=true,data/raw/grand_bassin/images/stream_gbassinexch1.stream_2023-02-16_16-34-07/25edd9b3_f0001164.jpg
stream_gbassinexch1.stream_2023-02-16_16-34-07,development,1306,1176,49.000,aerial,351,stream_gbassinexch1.stream_2023-02-16_16-34-07/25edd9b3_f0001176.jpg,https://huggingface.co/datasets/shivam11/grand-bassin-traffic/resolve/main/images/stream_gbassinexch1.stream_2023-02-16_16-34-07/25edd9b3_f0001176.jpg?download=true,data/raw/grand_bassin/images/stream_gbassinexch1.stream_2023-02-16_16-34-07/25edd9b3_f0001176.jpg
stream_gbassinexch1.stream_2023-02-16_16-34-07,development,1307,1188,49.500,aerial,349,stream_gbassinexch1.stream_2023-02-16_16-34-07/25edd9b3_f0001188.jpg,https://huggingface.co/datasets/shivam11/grand-bassin-traffic/resolve/main/images/stream_gbassinexch1.stream_2023-02-16_16-34-07/25edd9b3_f0001188.jpg?download=true,data/raw/grand_bassin/images/stream_gbassinexch1.stream_2023-02-16_16-34-07/25edd9b3_f0001188.jpg
stream_gbassinexch1.stream_2023-02-16_16-34-07,development,1308,1200,50.000,aerial,347,stream_gbassinexch1.stream_2023-02-16_16-34-07/25edd9b3_f0001200.jpg,https://huggingface.co/datasets/shivam11/grand-bassin-traffic/resolve/main/images/stream_gbassinexch1.stream_2023-02-16_16-34-07/25edd9b3_f0001200.jpg?download=true,data/raw/grand_bassin/images/stream_gbassinexch1.stream_2023-02-16_16-34-07/25edd9b3_f0001200.jpg
stream_gbassinexch1.stream_2023-02-16_16-34-07,development,1309,1212,50.500,aerial,348,stream_gbassinexch1.stream_2023-02-16_16-34-07/25edd9b3_f0001212.jpg,https://huggingface.co/datasets/shivam11/grand-bassin-traffic/resolve/main/images/stream_gbassinexch1.stream_2023-02-16_16-34-07/25edd9b3_f0001212.jpg?download=true,data/raw/grand_bassin/images/stream_gbassinexch1.stream_2023-02-16_16-34-07/25edd9b3_f0001212.jpg
stream_gbassinexch1.stream_2023-02-16_16-34-07,development,1310,1224,51.000,aerial,353,stream_gbassinexch1.stream_2023-02-16_16-34-07/25edd9b3_f0001224.jpg,https://huggingface.co/datasets/shivam11/grand-bassin-traffic/resolve/main/images/stream_gbassinexch1.stream_2023-02-16_16-34-07/25edd9b3_f0001224.jpg?download=true,data/raw/grand_bassin/images/stream_gbassinexch1.stream_2023-02-16_16-34-07/25edd9b3_f0001224.jpg
stream_gbassinexch1.stream_2023-02-16_16-34-07,development,1311,1236,51.500,aerial,352,stream_gbassinexch1.stream_2023-02-16_16-34-07/25edd9b3_f0001236.jpg,https://huggingface.co/datasets/shivam11/grand-bassin-traffic/resolve/main/images/stream_gbassinexch1.stream_2023-02-16_16-34-07/25edd9b3_f0001236.jpg?download=true,data/raw/grand_bassin/images/stream_gbassinexch1.stream_2023-02-16_16-34-07/25edd9b3_f0001236.jpg
stream_gbassinexch1.stream_2023-02-16_16-34-07,development,1312,1248,52.000,aerial,358,stream_gbassinexch1.stream_2023-02-16_16-34-07/25edd9b3_f0001248.jpg,https://huggingface.co/datasets/shivam11/grand-bassin-traffic/resolve/main/images/stream_gbassinexch1.stream_2023-02-16_16-34-07/25edd9b3_f0001248.jpg?download=true,data/raw/grand_bassin/images/stream_gbassinexch1.stream_2023-02-16_16-34-07/25edd9b3_f0001248.jpg
stream_gbassinexch1.stream_2023-02-16_16-34-07,development,1313,1260,52.500,aerial,360,stream_gbassinexch1.stream_2023-02-16_16-34-07/25edd9b3_f0001260.jpg,https://huggingface.co/datasets/shivam11/grand-bassin-traffic/resolve/main/images/stream_gbassinexch1.stream_2023-02-16_16-34-07/25edd9b3_f0001260.jpg?download=true,data/raw/grand_bassin/images/stream_gbassinexch1.stream_2023-02-16_16-34-07/25edd9b3_f0001260.jpg
stream_gbassinexch1.stream_2023-02-16_16-34-07,development,1314,1272,53.000,aerial,361,stream_gbassinexch1.stream_2023-02-16_16-34-07/25edd9b3_f0001272.jpg,https://huggingface.co/datasets/shivam11/grand-bassin-traffic/resolve/main/images/stream_gbassinexch1.stream_2023-02-16_16-34-07/25edd9b3_f0001272.jpg?download=true,data/raw/grand_bassin/images/stream_gbassinexch1.stream_2023-02-16_16-34-07/25edd9b3_f0001272.jpg
stream_gbassinexch1.stream_2023-02-16_16-34-07,development,1315,1284,53.500,aerial,366,stream_gbassinexch1.stream_2023-02-16_16-34-07/25edd9b3_f0001284.jpg,https://huggingface.co/datasets/shivam11/grand-bassin-traffic/resolve/main/images/stream_gbassinexch1.stream_2023-02-16_16-34-07/25edd9b3_f0001284.jpg?download=true,data/raw/grand_bassin/images/stream_gbassinexch1.stream_2023-02-16_16-34-07/25edd9b3_f0001284.jpg
stream_gbassinexch1.stream_2023-02-16_16-34-07,development,1316,1296,54.000,aerial,366,stream_gbassinexch1.stream_2023-02-16_16-34-07/25edd9b3_f0001296.jpg,https://huggingface.co/datasets/shivam11/grand-bassin-traffic/resolve/main/images/stream_gbassinexch1.stream_2023-02-16_16-34-07/25edd9b3_f0001296.jpg?download=true,data/raw/grand_bassin/images/stream_gbassinexch1.stream_2023-02-16_16-34-07/25edd9b3_f0001296.jpg
stream_gbassinexch1.stream_2023-02-16_16-34-07,development,1317,1308,54.500,aerial,365,stream_gbassinexch1.stream_2023-02-16_16-34-07/25edd9b3_f0001308.jpg,https://huggingface.co/datasets/shivam11/grand-bassin-traffic/resolve/main/images/stream_gbassinexch1.stream_2023-02-16_16-34-07/25edd9b3_f0001308.jpg?download=true,data/raw/grand_bassin/images/stream_gbassinexch1.stream_2023-02-16_16-34-07/25edd9b3_f0001308.jpg
stream_gbassinexch1.stream_2023-02-16_16-34-07,development,1318,1320,55.000,aerial,361,stream_gbassinexch1.stream_2023-02-16_16-34-07/25edd9b3_f0001320.jpg,https://huggingface.co/datasets/shivam11/grand-bassin-traffic/resolve/main/images/stream_gbassinexch1.stream_2023-02-16_16-34-07/25edd9b3_f0001320.jpg?download=true,data/raw/grand_bassin/images/stream_gbassinexch1.stream_2023-02-16_16-34-07/25edd9b3_f0001320.jpg
stream_gbassinexch1.stream_2023-02-16_16-34-07,development,1319,1332,55.500,aerial,366,stream_gbassinexch1.stream_2023-02-16_16-34-07/25edd9b3_f0001332.jpg,https://huggingface.co/datasets/shivam11/grand-bassin-traffic/resolve/main/images/stream_gbassinexch1.stream_2023-02-16_16-34-07/25edd9b3_f0001332.jpg?download=true,data/raw/grand_bassin/images/stream_gbassinexch1.stream_2023-02-16_16-34-07/25edd9b3_f0001332.jpg
stream_gbassinexch1.stream_2023-02-16_16-34-07,development,1320,1344,56.000,aerial,366,stream_gbassinexch1.stream_2023-02-16_16-34-07/25edd9b3_f0001344.jpg,https://huggingface.co/datasets/shivam11/grand-bassin-traffic/resolve/main/images/stream_gbassinexch1.stream_2023-02-16_16-34-07/25edd9b3_f0001344.jpg?download=true,data/raw/grand_bassin/images/stream_gbassinexch1.stream_2023-02-16_16-34-07/25edd9b3_f0001344.jpg
stream_gbassinexch1.stream_2023-02-16_16-34-07,development,1321,1356,56.500,aerial,366,stream_gbassinexch1.stream_2023-02-16_16-34-07/25edd9b3_f0001356.jpg,https://huggingface.co/datasets/shivam11/grand-bassin-traffic/resolve/main/images/stream_gbassinexch1.stream_2023-02-16_16-34-07/25edd9b3_f0001356.jpg?download=true,data/raw/grand_bassin/images/stream_gbassinexch1.stream_2023-02-16_16-34-07/25edd9b3_f0001356.jpg
stream_gbassinexch1.stream_2023-02-16_16-34-07,development,1322,1368,57.000,aerial,365,stream_gbassinexch1.stream_2023-02-16_16-34-07/25edd9b3_f0001368.jpg,https://huggingface.co/datasets/shivam11/grand-bassin-traffic/resolve/main/images/stream_gbassinexch1.stream_2023-02-16_16-34-07/25edd9b3_f0001368.jpg?download=true,data/raw/grand_bassin/images/stream_gbassinexch1.stream_2023-02-16_16-34-07/25edd9b3_f0001368.jpg
stream_gbassinexch1.stream_2023-02-16_16-34-07,development,1323,1380,57.500,aerial,361,stream_gbassinexch1.stream_2023-02-16_16-34-07/25edd9b3_f0001380.jpg,https://huggingface.co/datasets/shivam11/grand-bassin-traffic/resolve/main/images/stream_gbassinexch1.stream_2023-02-16_16-34-07/25edd9b3_f0001380.jpg?download=true,data/raw/grand_bassin/images/stream_gbassinexch1.stream_2023-02-16_16-34-07/25edd9b3_f0001380.jpg
stream_gbassinexch1.stream_2023-02-16_16-34-07,development,1324,1392,58.000,aerial,362,stream_gbassinexch1.stream_2023-02-16_16-34-07/25edd9b3_f0001392.jpg,https://huggingface.co/datasets/shivam11/grand-bassin-traffic/resolve/main/images/stream_gbassinexch1.stream_2023-02-16_16-34-07/25edd9b3_f0001392.jpg?download=true,data/raw/grand_bassin/images/stream_gbassinexch1.stream_2023-02-16_16-34-07/25edd9b3_f0001392.jpg
stream_gbassinexch1.stream_2023-02-16_16-34-07,development,1325,1404,58.500,aerial,373,stream_gbassinexch1.stream_2023-02-16_16-34-07/25edd9b3_f0001404.jpg,https://huggingface.co/datasets/shivam11/grand-bassin-traffic/resolve/main/images/stream_gbassinexch1.stream_2023-02-16_16-34-07/25edd9b3_f0001404.jpg?download=true,data/raw/grand_bassin/images/stream_gbassinexch1.stream_2023-02-16_16-34-07/25edd9b3_f0001404.jpg
stream_gbassinexch1.stream_2023-02-16_16-34-07,development,1326,1416,59.000,aerial,367,stream_gbassinexch1.stream_2023-02-16_16-34-07/25edd9b3_f0001416.jpg,https://huggingface.co/datasets/shivam11/grand-bassin-traffic/resolve/main/images/stream_gbassinexch1.stream_2023-02-16_16-34-07/25edd9b3_f0001416.jpg?download=true,data/raw/grand_bassin/images/stream_gbassinexch1.stream_2023-02-16_16-34-07/25edd9b3_f0001416.jpg
stream_gbassinexch1.stream_2023-02-16_16-34-07,development,1327,1428,59.500,aerial,367,stream_gbassinexch1.stream_2023-02-16_16-34-07/25edd9b3_f0001428.jpg,https://huggingface.co/datasets/shivam11/grand-bassin-traffic/resolve/main/images/stream_gbassinexch1.stream_2023-02-16_16-34-07/25edd9b3_f0001428.jpg?download=true,data/raw/grand_bassin/images/stream_gbassinexch1.stream_2023-02-16_16-34-07/25edd9b3_f0001428.jpg
stream_gbassinexch1.stream_2023-02-16_16-34-07,development,1328,1440,60.000,aerial,367,stream_gbassinexch1.stream_2023-02-16_16-34-07/25edd9b3_f0001440.jpg,https://huggingface.co/datasets/shivam11/grand-bassin-traffic/resolve/main/images/stream_gbassinexch1.stream_2023-02-16_16-34-07/25edd9b3_f0001440.jpg?download=true,data/raw/grand_bassin/images/stream_gbassinexch1.stream_2023-02-16_16-34-07/25edd9b3_f0001440.jpg
stream_gbassinexch1.stream_2023-02-16_16-34-07,development,1329,1452,60.500,aerial,359,stream_gbassinexch1.stream_2023-02-16_16-34-07/25edd9b3_f0001452.jpg,https://huggingface.co/datasets/shivam11/grand-bassin-traffic/resolve/main/images/stream_gbassinexch1.stream_2023-02-16_16-34-07/25edd9b3_f0001452.jpg?download=true,data/raw/grand_bassin/images/stream_gbassinexch1.stream_2023-02-16_16-34-07/25edd9b3_f0001452.jpg
stream_gbassinexch1.stream_2023-02-16_16-34-07,development,1330,1464,61.000,aerial,361,stream_gbassinexch1.stream_2023-02-16_16-34-07/25edd9b3_f0001464.jpg,https://huggingface.co/datasets/shivam11/grand-bassin-traffic/resolve/main/images/stream_gbassinexch1.stream_2023-02-16_16-34-07/25edd9b3_f0001464.jpg?download=true,data/raw/grand_bassin/images/stream_gbassinexch1.stream_2023-02-16_16-34-07/25edd9b3_f0001464.jpg
stream_gbassinexch1.stream_2023-02-16_16-34-07,development,1331,1476,61.500,aerial,371,stream_gbassinexch1.stream_2023-02-16_16-34-07/25edd9b3_f0001476.jpg,https://huggingface.co/datasets/shivam11/grand-bassin-traffic/resolve/main/images/stream_gbassinexch1.stream_2023-02-16_16-34-07/25edd9b3_f0001476.jpg?download=true,data/raw/grand_bassin/images/stream_gbassinexch1.stream_2023-02-16_16-34-07/25edd9b3_f0001476.jpg
stream_gbassinexch1.stream_2023-02-16_16-34-07,development,1332,1488,62.000,aerial,360,stream_gbassinexch1.stream_2023-02-16_16-34-07/25edd9b3_f0001488.jpg,https://huggingface.co/datasets/shivam11/grand-bassin-traffic/resolve/main/images/stream_gbassinexch1.stream_2023-02-16_16-34-07/25edd9b3_f0001488.jpg?download=true,data/raw/grand_bassin/images/stream_gbassinexch1.stream_2023-02-16_16-34-07/25edd9b3_f0001488.jpg
stream_gbassinexch1.stream_2023-02-16_16-34-07,development,1333,1500,62.500,aerial,364,stream_gbassinexch1.stream_2023-02-16_16-34-07/25edd9b3_f0001500.jpg,https://huggingface.co/datasets/shivam11/grand-bassin-traffic/resolve/main/images/stream_gbassinexch1.stream_2023-02-16_16-34-07/25edd9b3_f0001500.jpg?download=true,data/raw/grand_bassin/images/stream_gbassinexch1.stream_2023-02-16_16-34-07/25edd9b3_f0001500.jpg
stream_gbassinexch1.stream_2023-02-16_16-34-07,development,1334,1512,63.000,aerial,353,stream_gbassinexch1.stream_2023-02-16_16-34-07/25edd9b3_f0001512.jpg,https://huggingface.co/datasets/shivam11/grand-bassin-traffic/resolve/main/images/stream_gbassinexch1.stream_2023-02-16_16-34-07/25edd9b3_f0001512.jpg?download=true,data/raw/grand_bassin/images/stream_gbassinexch1.stream_2023-02-16_16-34-07/25edd9b3_f0001512.jpg
stream_gbassinexch1.stream_2023-02-16_16-34-07,development,1335,1524,63.500,aerial,369,stream_gbassinexch1.stream_2023-02-16_16-34-07/25edd9b3_f0001524.jpg,https://huggingface.co/datasets/shivam11/grand-bassin-traffic/resolve/main/images/stream_gbassinexch1.stream_2023-02-16_16-34-07/25edd9b3_f0001524.jpg?download=true,data/raw/grand_bassin/images/stream_gbassinexch1.stream_2023-02-16_16-34-07/25edd9b3_f0001524.jpg
stream_gbassinexch1.stream_2023-02-16_16-34-07,development,1336,1536,64.000,aerial,360,stream_gbassinexch1.stream_2023-02-16_16-34-07/25edd9b3_f0001536.jpg,https://huggingface.co/datasets/shivam11/grand-bassin-traffic/resolve/main/images/stream_gbassinexch1.stream_2023-02-16_16-34-07/25edd9b3_f0001536.jpg?download=true,data/raw/grand_bassin/images/stream_gbassinexch1.stream_2023-02-16_16-34-07/25edd9b3_f0001536.jpg
stream_gbassinexch1.stream_2023-02-16_16-34-07,development,1337,1548,64.500,aerial,366,stream_gbassinexch1.stream_2023-02-16_16-34-07/25edd9b3_f0001548.jpg,https://huggingface.co/datasets/shivam11/grand-bassin-traffic/resolve/main/images/stream_gbassinexch1.stream_2023-02-16_16-34-07/25edd9b3_f0001548.jpg?download=true,data/raw/grand_bassin/images/stream_gbassinexch1.stream_2023-02-16_16-34-07/25edd9b3_f0001548.jpg
stream_gbassinexch1.stream_2023-02-16_16-34-07,development,1338,1560,65.000,aerial,361,stream_gbassinexch1.stream_2023-02-16_16-34-07/25edd9b3_f0001560.jpg,https://huggingface.co/datasets/shivam11/grand-bassin-traffic/resolve/main/images/stream_gbassinexch1.stream_2023-02-16_16-34-07/25edd9b3_f0001560.jpg?download=true,data/raw/grand_bassin/images/stream_gbassinexch1.stream_2023-02-16_16-34-07/25edd9b3_f0001560.jpg
stream_gbassinexch1.stream_2023-02-16_16-34-07,development,1339,1572,65.500,aerial,363,stream_gbassinexch1.stream_2023-02-16_16-34-07/25edd9b3_f0001572.jpg,https://huggingface.co/datasets/shivam11/grand-bassin-traffic/resolve/main/images/stream_gbassinexch1.stream_2023-02-16_16-34-07/25edd9b3_f0001572.jpg?download=true,data/raw/grand_bassin/images/stream_gbassinexch1.stream_2023-02-16_16-34-07/25edd9b3_f0001572.jpg
stream_gbassinexch1.stream_2023-02-16_16-34-07,development,1340,1584,66.000,aerial,355,stream_gbassinexch1.stream_2023-02-16_16-34-07/25edd9b3_f0001584.jpg,https://huggingface.co/datasets/shivam11/grand-bassin-traffic/resolve/main/images/stream_gbassinexch1.stream_2023-02-16_16-34-07/25edd9b3_f0001584.jpg?download=true,data/raw/grand_bassin/images/stream_gbassinexch1.stream_2023-02-16_16-34-07/25edd9b3_f0001584.jpg
stream_gbassinexch1.stream_2023-02-16_16-34-07,development,1341,1596,66.500,aerial,347,stream_gbassinexch1.stream_2023-02-16_16-34-07/25edd9b3_f0001596.jpg,https://huggingface.co/datasets/shivam11/grand-bassin-traffic/resolve/main/images/stream_gbassinexch1.stream_2023-02-16_16-34-07/25edd9b3_f0001596.jpg?download=true,data/raw/grand_bassin/images/stream_gbassinexch1.stream_2023-02-16_16-34-07/25edd9b3_f0001596.jpg
stream_gbassinexch1.stream_2023-02-16_16-34-07,development,1342,1608,67.000,aerial,360,stream_gbassinexch1.stream_2023-02-16_16-34-07/25edd9b3_f0001608.jpg,https://huggingface.co/datasets/shivam11/grand-bassin-traffic/resolve/main/images/stream_gbassinexch1.stream_2023-02-16_16-34-07/25edd9b3_f0001608.jpg?download=true,data/raw/grand_bassin/images/stream_gbassinexch1.stream_2023-02-16_16-34-07/25edd9b3_f0001608.jpg
stream_gbassinexch1.stream_2023-02-16_16-34-07,development,1343,1620,67.500,aerial,357,stream_gbassinexch1.stream_2023-02-16_16-34-07/25edd9b3_f0001620.jpg,https://huggingface.co/datasets/shivam11/grand-bassin-traffic/resolve/main/images/stream_gbassinexch1.stream_2023-02-16_16-34-07/25edd9b3_f0001620.jpg?download=true,data/raw/grand_bassin/images/stream_gbassinexch1.stream_2023-02-16_16-34-07/25edd9b3_f0001620.jpg
stream_gbassinexch1.stream_2023-02-16_16-34-07,development,1344,1632,68.000,aerial,351,stream_gbassinexch1.stream_2023-02-16_16-34-07/25edd9b3_f0001632.jpg,https://huggingface.co/datasets/shivam11/grand-bassin-traffic/resolve/main/images/stream_gbassinexch1.stream_2023-02-16_16-34-07/25edd9b3_f0001632.jpg?download=true,data/raw/grand_bassin/images/stream_gbassinexch1.stream_2023-02-16_16-34-07/25edd9b3_f0001632.jpg
stream_gbassinexch1.stream_2023-02-16_16-34-07,development,1345,1644,68.500,aerial,354,stream_gbassinexch1.stream_2023-02-16_16-34-07/25edd9b3_f0001644.jpg,https://huggingface.co/datasets/shivam11/grand-bassin-traffic/resolve/main/images/stream_gbassinexch1.stream_2023-02-16_16-34-07/25edd9b3_f0001644.jpg?download=true,data/raw/grand_bassin/images/stream_gbassinexch1.stream_2023-02-16_16-34-07/25edd9b3_f0001644.jpg
stream_gbassinexch1.stream_2023-02-16_16-34-07,development,1346,1656,69.000,aerial,349,stream_gbassinexch1.stream_2023-02-16_16-34-07/25edd9b3_f0001656.jpg,https://huggingface.co/datasets/shivam11/grand-bassin-traffic/resolve/main/images/stream_gbassinexch1.stream_2023-02-16_16-34-07/25edd9b3_f0001656.jpg?download=true,data/raw/grand_bassin/images/stream_gbassinexch1.stream_2023-02-16_16-34-07/25edd9b3_f0001656.jpg
stream_gbassinexch1.stream_2023-02-16_16-34-07,development,1347,1668,69.500,aerial,355,stream_gbassinexch1.stream_2023-02-16_16-34-07/25edd9b3_f0001668.jpg,https://huggingface.co/datasets/shivam11/grand-bassin-traffic/resolve/main/images/stream_gbassinexch1.stream_2023-02-16_16-34-07/25edd9b3_f0001668.jpg?download=true,data/raw/grand_bassin/images/stream_gbassinexch1.stream_2023-02-16_16-34-07/25edd9b3_f0001668.jpg
stream_gbassinexch1.stream_2023-02-16_16-34-07,development,1348,1680,70.000,aerial,349,stream_gbassinexch1.stream_2023-02-16_16-34-07/25edd9b3_f0001680.jpg,https://huggingface.co/datasets/shivam11/grand-bassin-traffic/resolve/main/images/stream_gbassinexch1.stream_2023-02-16_16-34-07/25edd9b3_f0001680.jpg?download=true,data/raw/grand_bassin/images/stream_gbassinexch1.stream_2023-02-16_16-34-07/25edd9b3_f0001680.jpg
stream_gbassinexch1.stream_2023-02-16_16-34-07,development,1349,1692,70.500,aerial,358,stream_gbassinexch1.stream_2023-02-16_16-34-07/25edd9b3_f0001692.jpg,https://huggingface.co/datasets/shivam11/grand-bassin-traffic/resolve/main/images/stream_gbassinexch1.stream_2023-02-16_16-34-07/25edd9b3_f0001692.jpg?download=true,data/raw/grand_bassin/images/stream_gbassinexch1.stream_2023-02-16_16-34-07/25edd9b3_f0001692.jpg
stream_gbassinexch1.stream_2023-02-16_16-34-07,development,1350,1704,71.000,aerial,343,stream_gbassinexch1.stream_2023-02-16_16-34-07/25edd9b3_f0001704.jpg,https://huggingface.co/datasets/shivam11/grand-bassin-traffic/resolve/main/images/stream_gbassinexch1.stream_2023-02-16_16-34-07/25edd9b3_f0001704.jpg?download=true,data/raw/grand_bassin/images/stream_gbassinexch1.stream_2023-02-16_16-34-07/25edd9b3_f0001704.jpg
stream_gbassinexch1.stream_2023-02-16_16-34-07,development,1351,1716,71.500,aerial,351,stream_gbassinexch1.stream_2023-02-16_16-34-07/25edd9b3_f0001716.jpg,https://huggingface.co/datasets/shivam11/grand-bassin-traffic/resolve/main/images/stream_gbassinexch1.stream_2023-02-16_16-34-07/25edd9b3_f0001716.jpg?download=true,data/raw/grand_bassin/images/stream_gbassinexch1.stream_2023-02-16_16-34-07/25edd9b3_f0001716.jpg
stream_gbassinexch1.stream_2023-02-16_16-34-07,development,1352,1728,72.000,aerial,353,stream_gbassinexch1.stream_2023-02-16_16-34-07/25edd9b3_f0001728.jpg,https://huggingface.co/datasets/shivam11/grand-bassin-traffic/resolve/main/images/stream_gbassinexch1.stream_2023-02-16_16-34-07/25edd9b3_f0001728.jpg?download=true,data/raw/grand_bassin/images/stream_gbassinexch1.stream_2023-02-16_16-34-07/25edd9b3_f0001728.jpg
stream_gbassinexch1.stream_2023-02-16_16-34-07,development,1353,1740,72.500,aerial,347,stream_gbassinexch1.stream_2023-02-16_16-34-07/25edd9b3_f0001740.jpg,https://huggingface.co/datasets/shivam11/grand-bassin-traffic/resolve/main/images/stream_gbassinexch1.stream_2023-02-16_16-34-07/25edd9b3_f0001740.jpg?download=true,data/raw/grand_bassin/images/stream_gbassinexch1.stream_2023-02-16_16-34-07/25edd9b3_f0001740.jpg
stream_gbassinexch1.stream_2023-02-16_16-34-07,development,1354,1752,73.000,aerial,332,stream_gbassinexch1.stream_2023-02-16_16-34-07/25edd9b3_f0001752.jpg,https://huggingface.co/datasets/shivam11/grand-bassin-traffic/resolve/main/images/stream_gbassinexch1.stream_2023-02-16_16-34-07/25edd9b3_f0001752.jpg?download=true,data/raw/grand_bassin/images/stream_gbassinexch1.stream_2023-02-16_16-34-07/25edd9b3_f0001752.jpg
stream_gbassinexch1.stream_2023-02-16_16-34-07,development,1355,1764,73.500,aerial,334,stream_gbassinexch1.stream_2023-02-16_16-34-07/25edd9b3_f0001764.jpg,https://huggingface.co/datasets/shivam11/grand-bassin-traffic/resolve/main/images/stream_gbassinexch1.stream_2023-02-16_16-34-07/25edd9b3_f0001764.jpg?download=true,data/raw/grand_bassin/images/stream_gbassinexch1.stream_2023-02-16_16-34-07/25edd9b3_f0001764.jpg
stream_gbassinexch1.stream_2023-02-16_16-34-07,development,1356,1776,74.000,aerial,333,stream_gbassinexch1.stream_2023-02-16_16-34-07/25edd9b3_f0001776.jpg,https://huggingface.co/datasets/shivam11/grand-bassin-traffic/resolve/main/images/stream_gbassinexch1.stream_2023-02-16_16-34-07/25edd9b3_f0001776.jpg?download=true,data/raw/grand_bassin/images/stream_gbassinexch1.stream_2023-02-16_16-34-07/25edd9b3_f0001776.jpg
stream_gbassinexch1.stream_2023-02-16_16-34-07,development,1357,1788,74.500,aerial,362,stream_gbassinexch1.stream_2023-02-16_16-34-07/25edd9b3_f0001788.jpg,https://huggingface.co/datasets/shivam11/grand-bassin-traffic/resolve/main/images/stream_gbassinexch1.stream_2023-02-16_16-34-07/25edd9b3_f0001788.jpg?download=true,data/raw/grand_bassin/images/stream_gbassinexch1.stream_2023-02-16_16-34-07/25edd9b3_f0001788.jpg
stream_gbassinexch1.stream_2023-02-16_16-34-07,development,1358,1800,75.000,aerial,360,stream_gbassinexch1.stream_2023-02-16_16-34-07/25edd9b3_f0001800.jpg,https://huggingface.co/datasets/shivam11/grand-bassin-traffic/resolve/main/images/stream_gbassinexch1.stream_2023-02-16_16-34-07/25edd9b3_f0001800.jpg?download=true,data/raw/grand_bassin/images/stream_gbassinexch1.stream_2023-02-16_16-34-07/25edd9b3_f0001800.jpg
stream_gbassinexch1.stream_2023-02-16_16-34-07,development,1359,1812,75.500,aerial,351,stream_gbassinexch1.stream_2023-02-16_16-34-07/25edd9b3_f0001812.jpg,https://huggingface.co/datasets/shivam11/grand-bassin-traffic/resolve/main/images/stream_gbassinexch1.stream_2023-02-16_16-34-07/25edd9b3_f0001812.jpg?download=true,data/raw/grand_bassin/images/stream_gbassinexch1.stream_2023-02-16_16-34-07/25edd9b3_f0001812.jpg
stream_gbassinexch1.stream_2023-02-16_16-34-07,development,1360,1824,76.000,aerial,359,stream_gbassinexch1.stream_2023-02-16_16-34-07/25edd9b3_f0001824.jpg,https://huggingface.co/datasets/shivam11/grand-bassin-traffic/resolve/main/images/stream_gbassinexch1.stream_2023-02-16_16-34-07/25edd9b3_f0001824.jpg?download=true,data/raw/grand_bassin/images/stream_gbassinexch1.stream_2023-02-16_16-34-07/25edd9b3_f0001824.jpg
stream_gbassinexch1.stream_2023-02-16_16-34-07,development,1361,1836,76.500,aerial,351,stream_gbassinexch1.stream_2023-02-16_16-34-07/25edd9b3_f0001836.jpg,https://huggingface.co/datasets/shivam11/grand-bassin-traffic/resolve/main/images/stream_gbassinexch1.stream_2023-02-16_16-34-07/25edd9b3_f0001836.jpg?download=true,data/raw/grand_bassin/images/stream_gbassinexch1.stream_2023-02-16_16-34-07/25edd9b3_f0001836.jpg
stream_gbassinexch1.stream_2023-02-16_16-34-07,development,1362,1848,77.000,aerial,360,stream_gbassinexch1.stream_2023-02-16_16-34-07/25edd9b3_f0001848.jpg,https://huggingface.co/datasets/shivam11/grand-bassin-traffic/resolve/main/images/stream_gbassinexch1.stream_2023-02-16_16-34-07/25edd9b3_f0001848.jpg?download=true,data/raw/grand_bassin/images/stream_gbassinexch1.stream_2023-02-16_16-34-07/25edd9b3_f0001848.jpg
stream_gbassinexch1.stream_2023-02-16_16-34-07,development,1363,1860,77.500,aerial,359,stream_gbassinexch1.stream_2023-02-16_16-34-07/25edd9b3_f0001860.jpg,https://huggingface.co/datasets/shivam11/grand-bassin-traffic/resolve/main/images/stream_gbassinexch1.stream_2023-02-16_16-34-07/25edd9b3_f0001860.jpg?download=true,data/raw/grand_bassin/images/stream_gbassinexch1.stream_2023-02-16_16-34-07/25edd9b3_f0001860.jpg
stream_gbassinexch1.stream_2023-02-16_16-34-07,development,1364,1872,78.000,aerial,359,stream_gbassinexch1.stream_2023-02-16_16-34-07/25edd9b3_f0001872.jpg,https://huggingface.co/datasets/shivam11/grand-bassin-traffic/resolve/main/images/stream_gbassinexch1.stream_2023-02-16_16-34-07/25edd9b3_f0001872.jpg?download=true,data/raw/grand_bassin/images/stream_gbassinexch1.stream_2023-02-16_16-34-07/25edd9b3_f0001872.jpg
stream_gbassinexch1.stream_2023-02-16_16-34-07,development,1365,1884,78.500,aerial,354,stream_gbassinexch1.stream_2023-02-16_16-34-07/25edd9b3_f0001884.jpg,https://huggingface.co/datasets/shivam11/grand-bassin-traffic/resolve/main/images/stream_gbassinexch1.stream_2023-02-16_16-34-07/25edd9b3_f0001884.jpg?download=true,data/raw/grand_bassin/images/stream_gbassinexch1.stream_2023-02-16_16-34-07/25edd9b3_f0001884.jpg
stream_gbassinexch1.stream_2023-02-16_16-34-07,development,1366,1896,79.000,aerial,354,stream_gbassinexch1.stream_2023-02-16_16-34-07/25edd9b3_f0001896.jpg,https://huggingface.co/datasets/shivam11/grand-bassin-traffic/resolve/main/images/stream_gbassinexch1.stream_2023-02-16_16-34-07/25edd9b3_f0001896.jpg?download=true,data/raw/grand_bassin/images/stream_gbassinexch1.stream_2023-02-16_16-34-07/25edd9b3_f0001896.jpg
stream_gbassinexch1.stream_2023-02-16_16-34-07,development,1367,1908,79.500,aerial,355,stream_gbassinexch1.stream_2023-02-16_16-34-07/25edd9b3_f0001908.jpg,https://huggingface.co/datasets/shivam11/grand-bassin-traffic/resolve/main/images/stream_gbassinexch1.stream_2023-02-16_16-34-07/25edd9b3_f0001908.jpg?download=true,data/raw/grand_bassin/images/stream_gbassinexch1.stream_2023-02-16_16-34-07/25edd9b3_f0001908.jpg
stream_gbassinexch1.stream_2023-02-16_16-34-07,development,1368,1920,80.000,aerial,357,stream_gbassinexch1.stream_2023-02-16_16-34-07/25edd9b3_f0001920.jpg,https://huggingface.co/datasets/shivam11/grand-bassin-traffic/resolve/main/images/stream_gbassinexch1.stream_2023-02-16_16-34-07/25edd9b3_f0001920.jpg?download=true,data/raw/grand_bassin/images/stream_gbassinexch1.stream_2023-02-16_16-34-07/25edd9b3_f0001920.jpg
stream_gbassinexch1.stream_2023-02-16_16-34-07,development,1369,1932,80.500,aerial,356,stream_gbassinexch1.stream_2023-02-16_16-34-07/25edd9b3_f0001932.jpg,https://huggingface.co/datasets/shivam11/grand-bassin-traffic/resolve/main/images/stream_gbassinexch1.stream_2023-02-16_16-34-07/25edd9b3_f0001932.jpg?download=true,data/raw/grand_bassin/images/stream_gbassinexch1.stream_2023-02-16_16-34-07/25edd9b3_f0001932.jpg
stream_gbassinexch1.stream_2023-02-16_16-34-07,development,1370,1944,81.000,aerial,351,stream_gbassinexch1.stream_2023-02-16_16-34-07/25edd9b3_f0001944.jpg,https://huggingface.co/datasets/shivam11/grand-bassin-traffic/resolve/main/images/stream_gbassinexch1.stream_2023-02-16_16-34-07/25edd9b3_f0001944.jpg?download=true,data/raw/grand_bassin/images/stream_gbassinexch1.stream_2023-02-16_16-34-07/25edd9b3_f0001944.jpg
stream_gbassinexch1.stream_2023-02-16_16-34-07,development,1371,1956,81.500,aerial,354,stream_gbassinexch1.stream_2023-02-16_16-34-07/25edd9b3_f0001956.jpg,https://huggingface.co/datasets/shivam11/grand-bassin-traffic/resolve/main/images/stream_gbassinexch1.stream_2023-02-16_16-34-07/25edd9b3_f0001956.jpg?download=true,data/raw/grand_bassin/images/stream_gbassinexch1.stream_2023-02-16_16-34-07/25edd9b3_f0001956.jpg
stream_gbassinexch1.stream_2023-02-16_16-34-07,development,1372,1968,82.000,aerial,367,stream_gbassinexch1.stream_2023-02-16_16-34-07/25edd9b3_f0001968.jpg,https://huggingface.co/datasets/shivam11/grand-bassin-traffic/resolve/main/images/stream_gbassinexch1.stream_2023-02-16_16-34-07/25edd9b3_f0001968.jpg?download=true,data/raw/grand_bassin/images/stream_gbassinexch1.stream_2023-02-16_16-34-07/25edd9b3_f0001968.jpg
stream_gbassinexch1.stream_2023-02-16_16-34-07,development,1373,1980,82.500,aerial,367,stream_gbassinexch1.stream_2023-02-16_16-34-07/25edd9b3_f0001980.jpg,https://huggingface.co/datasets/shivam11/grand-bassin-traffic/resolve/main/images/stream_gbassinexch1.stream_2023-02-16_16-34-07/25edd9b3_f0001980.jpg?download=true,data/raw/grand_bassin/images/stream_gbassinexch1.stream_2023-02-16_16-34-07/25edd9b3_f0001980.jpg
stream_gbassinexch1.stream_2023-02-16_16-34-07,development,1374,1992,83.000,aerial,366,stream_gbassinexch1.stream_2023-02-16_16-34-07/25edd9b3_f0001992.jpg,https://huggingface.co/datasets/shivam11/grand-bassin-traffic/resolve/main/images/stream_gbassinexch1.stream_2023-02-16_16-34-07/25edd9b3_f0001992.jpg?download=true,data/raw/grand_bassin/images/stream_gbassinexch1.stream_2023-02-16_16-34-07/25edd9b3_f0001992.jpg
stream_gbassinexch1.stream_2023-02-16_16-34-07,development,1375,2004,83.500,aerial,362,stream_gbassinexch1.stream_2023-02-16_16-34-07/25edd9b3_f0002004.jpg,https://huggingface.co/datasets/shivam11/grand-bassin-traffic/resolve/main/images/stream_gbassinexch1.stream_2023-02-16_16-34-07/25edd9b3_f0002004.jpg?download=true,data/raw/grand_bassin/images/stream_gbassinexch1.stream_2023-02-16_16-34-07/25edd9b3_f0002004.jpg
stream_gbassinexch1.stream_2023-02-16_16-34-07,development,1376,2016,84.000,aerial,362,stream_gbassinexch1.stream_2023-02-16_16-34-07/25edd9b3_f0002016.jpg,https://huggingface.co/datasets/shivam11/grand-bassin-traffic/resolve/main/images/stream_gbassinexch1.stream_2023-02-16_16-34-07/25edd9b3_f0002016.jpg?download=true,data/raw/grand_bassin/images/stream_gbassinexch1.stream_2023-02-16_16-34-07/25edd9b3_f0002016.jpg
stream_gbassinexch1.stream_2023-02-16_16-34-07,development,1377,2028,84.500,aerial,350,stream_gbassinexch1.stream_2023-02-16_16-34-07/25edd9b3_f0002028.jpg,https://huggingface.co/datasets/shivam11/grand-bassin-traffic/resolve/main/images/stream_gbassinexch1.stream_2023-02-16_16-34-07/25edd9b3_f0002028.jpg?download=true,data/raw/grand_bassin/images/stream_gbassinexch1.stream_2023-02-16_16-34-07/25edd9b3_f0002028.jpg
stream_gbassinexch1.stream_2023-02-16_16-34-07,development,1378,2040,85.000,aerial,350,stream_gbassinexch1.stream_2023-02-16_16-34-07/25edd9b3_f0002040.jpg,https://huggingface.co/datasets/shivam11/grand-bassin-traffic/resolve/main/images/stream_gbassinexch1.stream_2023-02-16_16-34-07/25edd9b3_f0002040.jpg?download=true,data/raw/grand_bassin/images/stream_gbassinexch1.stream_2023-02-16_16-34-07/25edd9b3_f0002040.jpg
stream_gbassinexch1.stream_2023-02-16_16-34-07,development,1379,2052,85.500,aerial,358,stream_gbassinexch1.stream_2023-02-16_16-34-07/25edd9b3_f0002052.jpg,https://huggingface.co/datasets/shivam11/grand-bassin-traffic/resolve/main/images/stream_gbassinexch1.stream_2023-02-16_16-34-07/25edd9b3_f0002052.jpg?download=true,data/raw/grand_bassin/images/stream_gbassinexch1.stream_2023-02-16_16-34-07/25edd9b3_f0002052.jpg
stream_gbassinexch1.stream_2023-02-16_16-34-07,development,1380,2064,86.000,aerial,362,stream_gbassinexch1.stream_2023-02-16_16-34-07/25edd9b3_f0002064.jpg,https://huggingface.co/datasets/shivam11/grand-bassin-traffic/resolve/main/images/stream_gbassinexch1.stream_2023-02-16_16-34-07/25edd9b3_f0002064.jpg?download=true,data/raw/grand_bassin/images/stream_gbassinexch1.stream_2023-02-16_16-34-07/25edd9b3_f0002064.jpg
stream_gbassinexch1.stream_2023-02-16_16-34-07,development,1381,2076,86.500,aerial,360,stream_gbassinexch1.stream_2023-02-16_16-34-07/25edd9b3_f0002076.jpg,https://huggingface.co/datasets/shivam11/grand-bassin-traffic/resolve/main/images/stream_gbassinexch1.stream_2023-02-16_16-34-07/25edd9b3_f0002076.jpg?download=true,data/raw/grand_bassin/images/stream_gbassinexch1.stream_2023-02-16_16-34-07/25edd9b3_f0002076.jpg
stream_gbassinexch1.stream_2023-02-16_16-34-07,development,1382,2088,87.000,aerial,360,stream_gbassinexch1.stream_2023-02-16_16-34-07/25edd9b3_f0002088.jpg,https://huggingface.co/datasets/shivam11/grand-bassin-traffic/resolve/main/images/stream_gbassinexch1.stream_2023-02-16_16-34-07/25edd9b3_f0002088.jpg?download=true,data/raw/grand_bassin/images/stream_gbassinexch1.stream_2023-02-16_16-34-07/25edd9b3_f0002088.jpg
stream_gbassinexch1.stream_2023-02-16_16-34-07,development,1383,2100,87.500,aerial,358,stream_gbassinexch1.stream_2023-02-16_16-34-07/25edd9b3_f0002100.jpg,https://huggingface.co/datasets/shivam11/grand-bassin-traffic/resolve/main/images/stream_gbassinexch1.stream_2023-02-16_16-34-07/25edd9b3_f0002100.jpg?download=true,data/raw/grand_bassin/images/stream_gbassinexch1.stream_2023-02-16_16-34-07/25edd9b3_f0002100.jpg
stream_gbassinexch1.stream_2023-02-16_16-34-07,development,1384,2112,88.000,aerial,348,stream_gbassinexch1.stream_2023-02-16_16-34-07/25edd9b3_f0002112.jpg,https://huggingface.co/datasets/shivam11/grand-bassin-traffic/resolve/main/images/stream_gbassinexch1.stream_2023-02-16_16-34-07/25edd9b3_f0002112.jpg?download=true,data/raw/grand_bassin/images/stream_gbassinexch1.stream_2023-02-16_16-34-07/25edd9b3_f0002112.jpg
stream_gbassinexch1.stream_2023-02-16_16-34-07,development,1385,2124,88.500,aerial,355,stream_gbassinexch1.stream_2023-02-16_16-34-07/25edd9b3_f0002124.jpg,https://huggingface.co/datasets/shivam11/grand-bassin-traffic/resolve/main/images/stream_gbassinexch1.stream_2023-02-16_16-34-07/25edd9b3_f0002124.jpg?download=true,data/raw/grand_bassin/images/stream_gbassinexch1.stream_2023-02-16_16-34-07/25edd9b3_f0002124.jpg
stream_gbassinexch1.stream_2023-02-16_16-34-07,development,1386,2136,89.000,aerial,369,stream_gbassinexch1.stream_2023-02-16_16-34-07/25edd9b3_f0002136.jpg,https://huggingface.co/datasets/shivam11/grand-bassin-traffic/resolve/main/images/stream_gbassinexch1.stream_2023-02-16_16-34-07/25edd9b3_f0002136.jpg?download=true,data/raw/grand_bassin/images/stream_gbassinexch1.stream_2023-02-16_16-34-07/25edd9b3_f0002136.jpg
stream_gbassinexch1.stream_2023-02-16_16-34-07,development,1387,2148,89.500,aerial,374,stream_gbassinexch1.stream_2023-02-16_16-34-07/25edd9b3_f0002148.jpg,https://huggingface.co/datasets/shivam11/grand-bassin-traffic/resolve/main/images/stream_gbassinexch1.stream_2023-02-16_16-34-07/25edd9b3_f0002148.jpg?download=true,data/raw/grand_bassin/images/stream_gbassinexch1.stream_2023-02-16_16-34-07/25edd9b3_f0002148.jpg
stream_gbassinexch1.stream_2023-02-16_16-34-07,development,1388,2160,90.000,aerial,366,stream_gbassinexch1.stream_2023-02-16_16-34-07/25edd9b3_f0002160.jpg,https://huggingface.co/datasets/shivam11/grand-bassin-traffic/resolve/main/images/stream_gbassinexch1.stream_2023-02-16_16-34-07/25edd9b3_f0002160.jpg?download=true,data/raw/grand_bassin/images/stream_gbassinexch1.stream_2023-02-16_16-34-07/25edd9b3_f0002160.jpg
stream_gbassinexch1.stream_2023-02-16_16-34-07,development,1389,2172,90.500,aerial,363,stream_gbassinexch1.stream_2023-02-16_16-34-07/25edd9b3_f0002172.jpg,https://huggingface.co/datasets/shivam11/grand-bassin-traffic/resolve/main/images/stream_gbassinexch1.stream_2023-02-16_16-34-07/25edd9b3_f0002172.jpg?download=true,data/raw/grand_bassin/images/stream_gbassinexch1.stream_2023-02-16_16-34-07/25edd9b3_f0002172.jpg
stream_gbassinexch1.stream_2023-02-16_16-34-07,development,1390,2184,91.000,aerial,361,stream_gbassinexch1.stream_2023-02-16_16-34-07/25edd9b3_f0002184.jpg,https://huggingface.co/datasets/shivam11/grand-bassin-traffic/resolve/main/images/stream_gbassinexch1.stream_2023-02-16_16-34-07/25edd9b3_f0002184.jpg?download=true,data/raw/grand_bassin/images/stream_gbassinexch1.stream_2023-02-16_16-34-07/25edd9b3_f0002184.jpg
stream_gbassinexch1.stream_2023-02-16_16-34-07,development,1391,2196,91.500,aerial,363,stream_gbassinexch1.stream_2023-02-16_16-34-07/25edd9b3_f0002196.jpg,https://huggingface.co/datasets/shivam11/grand-bassin-traffic/resolve/main/images/stream_gbassinexch1.stream_2023-02-16_16-34-07/25edd9b3_f0002196.jpg?download=true,data/raw/grand_bassin/images/stream_gbassinexch1.stream_2023-02-16_16-34-07/25edd9b3_f0002196.jpg
stream_gbassinexch1.stream_2023-02-16_16-34-07,development,1392,2208,92.000,aerial,366,stream_gbassinexch1.stream_2023-02-16_16-34-07/25edd9b3_f0002208.jpg,https://huggingface.co/datasets/shivam11/grand-bassin-traffic/resolve/main/images/stream_gbassinexch1.stream_2023-02-16_16-34-07/25edd9b3_f0002208.jpg?download=true,data/raw/grand_bassin/images/stream_gbassinexch1.stream_2023-02-16_16-34-07/25edd9b3_f0002208.jpg
stream_gbassinexch1.stream_2023-02-16_16-34-07,development,1393,2220,92.500,aerial,361,stream_gbassinexch1.stream_2023-02-16_16-34-07/25edd9b3_f0002220.jpg,https://huggingface.co/datasets/shivam11/grand-bassin-traffic/resolve/main/images/stream_gbassinexch1.stream_2023-02-16_16-34-07/25edd9b3_f0002220.jpg?download=true,data/raw/grand_bassin/images/stream_gbassinexch1.stream_2023-02-16_16-34-07/25edd9b3_f0002220.jpg
stream_gbassinexch1.stream_2023-02-16_16-34-07,development,1394,2232,93.000,aerial,361,stream_gbassinexch1.stream_2023-02-16_16-34-07/25edd9b3_f0002232.jpg,https://huggingface.co/datasets/shivam11/grand-bassin-traffic/resolve/main/images/stream_gbassinexch1.stream_2023-02-16_16-34-07/25edd9b3_f0002232.jpg?download=true,data/raw/grand_bassin/images/stream_gbassinexch1.stream_2023-02-16_16-34-07/25edd9b3_f0002232.jpg
stream_gbassinexch1.stream_2023-02-16_16-34-07,development,1395,2244,93.500,aerial,349,stream_gbassinexch1.stream_2023-02-16_16-34-07/25edd9b3_f0002244.jpg,https://huggingface.co/datasets/shivam11/grand-bassin-traffic/resolve/main/images/stream_gbassinexch1.stream_2023-02-16_16-34-07/25edd9b3_f0002244.jpg?download=true,data/raw/grand_bassin/images/stream_gbassinexch1.stream_2023-02-16_16-34-07/25edd9b3_f0002244.jpg
stream_gbassinexch1.stream_2023-02-16_16-34-07,development,1396,2256,94.000,aerial,350,stream_gbassinexch1.stream_2023-02-16_16-34-07/25edd9b3_f0002256.jpg,https://huggingface.co/datasets/shivam11/grand-bassin-traffic/resolve/main/images/stream_gbassinexch1.stream_2023-02-16_16-34-07/25edd9b3_f0002256.jpg?download=true,data/raw/grand_bassin/images/stream_gbassinexch1.stream_2023-02-16_16-34-07/25edd9b3_f0002256.jpg
stream_gbassinexch1.stream_2023-02-16_16-34-07,development,1397,2268,94.500,aerial,351,stream_gbassinexch1.stream_2023-02-16_16-34-07/25edd9b3_f0002268.jpg,https://huggingface.co/datasets/shivam11/grand-bassin-traffic/resolve/main/images/stream_gbassinexch1.stream_2023-02-16_16-34-07/25edd9b3_f0002268.jpg?download=true,data/raw/grand_bassin/images/stream_gbassinexch1.stream_2023-02-16_16-34-07/25edd9b3_f0002268.jpg
stream_gbassinexch1.stream_2023-02-16_16-34-07,development,1398,2280,95.000,aerial,351,stream_gbassinexch1.stream_2023-02-16_16-34-07/25edd9b3_f0002280.jpg,https://huggingface.co/datasets/shivam11/grand-bassin-traffic/resolve/main/images/stream_gbassinexch1.stream_2023-02-16_16-34-07/25edd9b3_f0002280.jpg?download=true,data/raw/grand_bassin/images/stream_gbassinexch1.stream_2023-02-16_16-34-07/25edd9b3_f0002280.jpg
stream_gbassinexch1.stream_2023-02-16_16-34-07,development,1399,2292,95.500,aerial,350,stream_gbassinexch1.stream_2023-02-16_16-34-07/25edd9b3_f0002292.jpg,https://huggingface.co/datasets/shivam11/grand-bassin-traffic/resolve/main/images/stream_gbassinexch1.stream_2023-02-16_16-34-07/25edd9b3_f0002292.jpg?download=true,data/raw/grand_bassin/images/stream_gbassinexch1.stream_2023-02-16_16-34-07/25edd9b3_f0002292.jpg
stream_gbassinexch1.stream_2023-02-16_16-34-07,development,1400,2304,96.000,aerial,353,stream_gbassinexch1.stream_2023-02-16_16-34-07/25edd9b3_f0002304.jpg,https://huggingface.co/datasets/shivam11/grand-bassin-traffic/resolve/main/images/stream_gbassinexch1.stream_2023-02-16_16-34-07/25edd9b3_f0002304.jpg?download=true,data/raw/grand_bassin/images/stream_gbassinexch1.stream_2023-02-16_16-34-07/25edd9b3_f0002304.jpg
stream_gbassinexch1.stream_2023-02-16_16-34-07,development,1401,2316,96.500,aerial,364,stream_gbassinexch1.stream_2023-02-16_16-34-07/25edd9b3_f0002316.jpg,https://huggingface.co/datasets/shivam11/grand-bassin-traffic/resolve/main/images/stream_gbassinexch1.stream_2023-02-16_16-34-07/25edd9b3_f0002316.jpg?download=true,data/raw/grand_bassin/images/stream_gbassinexch1.stream_2023-02-16_16-34-07/25edd9b3_f0002316.jpg
stream_gbassinexch1.stream_2023-02-16_16-34-07,development,1402,2328,97.000,aerial,361,stream_gbassinexch1.stream_2023-02-16_16-34-07/25edd9b3_f0002328.jpg,https://huggingface.co/datasets/shivam11/grand-bassin-traffic/resolve/main/images/stream_gbassinexch1.stream_2023-02-16_16-34-07/25edd9b3_f0002328.jpg?download=true,data/raw/grand_bassin/images/stream_gbassinexch1.stream_2023-02-16_16-34-07/25edd9b3_f0002328.jpg
stream_gbassinexch1.stream_2023-02-16_16-34-07,development,1403,2340,97.500,aerial,364,stream_gbassinexch1.stream_2023-02-16_16-34-07/25edd9b3_f0002340.jpg,https://huggingface.co/datasets/shivam11/grand-bassin-traffic/resolve/main/images/stream_gbassinexch1.stream_2023-02-16_16-34-07/25edd9b3_f0002340.jpg?download=true,data/raw/grand_bassin/images/stream_gbassinexch1.stream_2023-02-16_16-34-07/25edd9b3_f0002340.jpg
stream_gbassinexch1.stream_2023-02-16_16-34-07,development,1404,2352,98.000,aerial,368,stream_gbassinexch1.stream_2023-02-16_16-34-07/25edd9b3_f0002352.jpg,https://huggingface.co/datasets/shivam11/grand-bassin-traffic/resolve/main/images/stream_gbassinexch1.stream_2023-02-16_16-34-07/25edd9b3_f0002352.jpg?download=true,data/raw/grand_bassin/images/stream_gbassinexch1.stream_2023-02-16_16-34-07/25edd9b3_f0002352.jpg
stream_gbassinexch1.stream_2023-02-16_16-34-07,development,1405,2364,98.500,aerial,364,stream_gbassinexch1.stream_2023-02-16_16-34-07/25edd9b3_f0002364.jpg,https://huggingface.co/datasets/shivam11/grand-bassin-traffic/resolve/main/images/stream_gbassinexch1.stream_2023-02-16_16-34-07/25edd9b3_f0002364.jpg?download=true,data/raw/grand_bassin/images/stream_gbassinexch1.stream_2023-02-16_16-34-07/25edd9b3_f0002364.jpg
stream_gbassinexch1.stream_2023-02-16_16-34-07,development,1406,2376,99.000,aerial,361,stream_gbassinexch1.stream_2023-02-16_16-34-07/25edd9b3_f0002376.jpg,https://huggingface.co/datasets/shivam11/grand-bassin-traffic/resolve/main/images/stream_gbassinexch1.stream_2023-02-16_16-34-07/25edd9b3_f0002376.jpg?download=true,data/raw/grand_bassin/images/stream_gbassinexch1.stream_2023-02-16_16-34-07/25edd9b3_f0002376.jpg
stream_gbassinexch1.stream_2023-02-16_16-34-07,development,1407,2388,99.500,aerial,358,stream_gbassinexch1.stream_2023-02-16_16-34-07/25edd9b3_f0002388.jpg,https://huggingface.co/datasets/shivam11/grand-bassin-traffic/resolve/main/images/stream_gbassinexch1.stream_2023-02-16_16-34-07/25edd9b3_f0002388.jpg?download=true,data/raw/grand_bassin/images/stream_gbassinexch1.stream_2023-02-16_16-34-07/25edd9b3_f0002388.jpg
stream_gbassinexch1.stream_2023-02-16_16-34-07,development,1408,2400,100.000,aerial,365,stream_gbassinexch1.stream_2023-02-16_16-34-07/25edd9b3_f0002400.jpg,https://huggingface.co/datasets/shivam11/grand-bassin-traffic/resolve/main/images/stream_gbassinexch1.stream_2023-02-16_16-34-07/25edd9b3_f0002400.jpg?download=true,data/raw/grand_bassin/images/stream_gbassinexch1.stream_2023-02-16_16-34-07/25edd9b3_f0002400.jpg
stream_gbassinexch1.stream_2023-02-16_16-34-07,development,1409,2412,100.500,aerial,367,stream_gbassinexch1.stream_2023-02-16_16-34-07/25edd9b3_f0002412.jpg,https://huggingface.co/datasets/shivam11/grand-bassin-traffic/resolve/main/images/stream_gbassinexch1.stream_2023-02-16_16-34-07/25edd9b3_f0002412.jpg?download=true,data/raw/grand_bassin/images/stream_gbassinexch1.stream_2023-02-16_16-34-07/25edd9b3_f0002412.jpg
stream_gbassinexch1.stream_2023-02-16_16-34-07,development,1410,2424,101.000,aerial,371,stream_gbassinexch1.stream_2023-02-16_16-34-07/25edd9b3_f0002424.jpg,https://huggingface.co/datasets/shivam11/grand-bassin-traffic/resolve/main/images/stream_gbassinexch1.stream_2023-02-16_16-34-07/25edd9b3_f0002424.jpg?download=true,data/raw/grand_bassin/images/stream_gbassinexch1.stream_2023-02-16_16-34-07/25edd9b3_f0002424.jpg
stream_gbassinexch1.stream_2023-02-16_16-34-07,development,1411,2436,101.500,aerial,369,stream_gbassinexch1.stream_2023-02-16_16-34-07/25edd9b3_f0002436.jpg,https://huggingface.co/datasets/shivam11/grand-bassin-traffic/resolve/main/images/stream_gbassinexch1.stream_2023-02-16_16-34-07/25edd9b3_f0002436.jpg?download=true,data/raw/grand_bassin/images/stream_gbassinexch1.stream_2023-02-16_16-34-07/25edd9b3_f0002436.jpg
stream_gbassinexch1.stream_2023-02-16_16-34-07,development,1412,2448,102.000,aerial,360,stream_gbassinexch1.stream_2023-02-16_16-34-07/25edd9b3_f0002448.jpg,https://huggingface.co/datasets/shivam11/grand-bassin-traffic/resolve/main/images/stream_gbassinexch1.stream_2023-02-16_16-34-07/25edd9b3_f0002448.jpg?download=true,data/raw/grand_bassin/images/stream_gbassinexch1.stream_2023-02-16_16-34-07/25edd9b3_f0002448.jpg
stream_gbassinexch1.stream_2023-02-16_16-34-07,development,1413,2460,102.500,aerial,373,stream_gbassinexch1.stream_2023-02-16_16-34-07/25edd9b3_f0002460.jpg,https://huggingface.co/datasets/shivam11/grand-bassin-traffic/resolve/main/images/stream_gbassinexch1.stream_2023-02-16_16-34-07/25edd9b3_f0002460.jpg?download=true,data/raw/grand_bassin/images/stream_gbassinexch1.stream_2023-02-16_16-34-07/25edd9b3_f0002460.jpg
stream_gbassinexch1.stream_2023-02-16_16-34-07,development,1414,2472,103.000,aerial,365,stream_gbassinexch1.stream_2023-02-16_16-34-07/25edd9b3_f0002472.jpg,https://huggingface.co/datasets/shivam11/grand-bassin-traffic/resolve/main/images/stream_gbassinexch1.stream_2023-02-16_16-34-07/25edd9b3_f0002472.jpg?download=true,data/raw/grand_bassin/images/stream_gbassinexch1.stream_2023-02-16_16-34-07/25edd9b3_f0002472.jpg
stream_gbassinexch1.stream_2023-02-16_16-34-07,development,1415,2484,103.500,aerial,376,stream_gbassinexch1.stream_2023-02-16_16-34-07/25edd9b3_f0002484.jpg,https://huggingface.co/datasets/shivam11/grand-bassin-traffic/resolve/main/images/stream_gbassinexch1.stream_2023-02-16_16-34-07/25edd9b3_f0002484.jpg?download=true,data/raw/grand_bassin/images/stream_gbassinexch1.stream_2023-02-16_16-34-07/25edd9b3_f0002484.jpg
stream_gbassinexch1.stream_2023-02-16_16-34-07,development,1416,2496,104.000,aerial,363,stream_gbassinexch1.stream_2023-02-16_16-34-07/25edd9b3_f0002496.jpg,https://huggingface.co/datasets/shivam11/grand-bassin-traffic/resolve/main/images/stream_gbassinexch1.stream_2023-02-16_16-34-07/25edd9b3_f0002496.jpg?download=true,data/raw/grand_bassin/images/stream_gbassinexch1.stream_2023-02-16_16-34-07/25edd9b3_f0002496.jpg
stream_gbassinexch1.stream_2023-02-16_16-34-07,development,1417,2508,104.500,aerial,365,stream_gbassinexch1.stream_2023-02-16_16-34-07/25edd9b3_f0002508.jpg,https://huggingface.co/datasets/shivam11/grand-bassin-traffic/resolve/main/images/stream_gbassinexch1.stream_2023-02-16_16-34-07/25edd9b3_f0002508.jpg?download=true,data/raw/grand_bassin/images/stream_gbassinexch1.stream_2023-02-16_16-34-07/25edd9b3_f0002508.jpg
stream_gbassinexch1.stream_2023-02-16_16-34-07,development,1418,2520,105.000,aerial,369,stream_gbassinexch1.stream_2023-02-16_16-34-07/25edd9b3_f0002520.jpg,https://huggingface.co/datasets/shivam11/grand-bassin-traffic/resolve/main/images/stream_gbassinexch1.stream_2023-02-16_16-34-07/25edd9b3_f0002520.jpg?download=true,data/raw/grand_bassin/images/stream_gbassinexch1.stream_2023-02-16_16-34-07/25edd9b3_f0002520.jpg
stream_gbassinexch1.stream_2023-02-16_16-34-07,development,1419,2532,105.500,aerial,365,stream_gbassinexch1.stream_2023-02-16_16-34-07/25edd9b3_f0002532.jpg,https://huggingface.co/datasets/shivam11/grand-bassin-traffic/resolve/main/images/stream_gbassinexch1.stream_2023-02-16_16-34-07/25edd9b3_f0002532.jpg?download=true,data/raw/grand_bassin/images/stream_gbassinexch1.stream_2023-02-16_16-34-07/25edd9b3_f0002532.jpg
stream_gbassinexch1.stream_2023-02-16_16-34-07,development,1420,2544,106.000,aerial,355,stream_gbassinexch1.stream_2023-02-16_16-34-07/25edd9b3_f0002544.jpg,https://huggingface.co/datasets/shivam11/grand-bassin-traffic/resolve/main/images/stream_gbassinexch1.stream_2023-02-16_16-34-07/25edd9b3_f0002544.jpg?download=true,data/raw/grand_bassin/images/stream_gbassinexch1.stream_2023-02-16_16-34-07/25edd9b3_f0002544.jpg
stream_gbassinexch1.stream_2023-02-16_16-34-07,development,1421,2556,106.500,aerial,356,stream_gbassinexch1.stream_2023-02-16_16-34-07/25edd9b3_f0002556.jpg,https://huggingface.co/datasets/shivam11/grand-bassin-traffic/resolve/main/images/stream_gbassinexch1.stream_2023-02-16_16-34-07/25edd9b3_f0002556.jpg?download=true,data/raw/grand_bassin/images/stream_gbassinexch1.stream_2023-02-16_16-34-07/25edd9b3_f0002556.jpg
stream_gbassinexch1.stream_2023-02-16_16-34-07,development,1422,2568,107.000,aerial,347,stream_gbassinexch1.stream_2023-02-16_16-34-07/25edd9b3_f0002568.jpg,https://huggingface.co/datasets/shivam11/grand-bassin-traffic/resolve/main/images/stream_gbassinexch1.stream_2023-02-16_16-34-07/25edd9b3_f0002568.jpg?download=true,data/raw/grand_bassin/images/stream_gbassinexch1.stream_2023-02-16_16-34-07/25edd9b3_f0002568.jpg
stream_gbassinexch1.stream_2023-02-16_16-34-07,development,1423,2580,107.500,aerial,352,stream_gbassinexch1.stream_2023-02-16_16-34-07/25edd9b3_f0002580.jpg,https://huggingface.co/datasets/shivam11/grand-bassin-traffic/resolve/main/images/stream_gbassinexch1.stream_2023-02-16_16-34-07/25edd9b3_f0002580.jpg?download=true,data/raw/grand_bassin/images/stream_gbassinexch1.stream_2023-02-16_16-34-07/25edd9b3_f0002580.jpg
stream_gbassinexch1.stream_2023-02-16_16-34-07,development,1424,2592,108.000,aerial,346,stream_gbassinexch1.stream_2023-02-16_16-34-07/25edd9b3_f0002592.jpg,https://huggingface.co/datasets/shivam11/grand-bassin-traffic/resolve/main/images/stream_gbassinexch1.stream_2023-02-16_16-34-07/25edd9b3_f0002592.jpg?download=true,data/raw/grand_bassin/images/stream_gbassinexch1.stream_2023-02-16_16-34-07/25edd9b3_f0002592.jpg
stream_gbassinexch1.stream_2023-02-16_16-34-07,development,1425,2604,108.500,aerial,356,stream_gbassinexch1.stream_2023-02-16_16-34-07/25edd9b3_f0002604.jpg,https://huggingface.co/datasets/shivam11/grand-bassin-traffic/resolve/main/images/stream_gbassinexch1.stream_2023-02-16_16-34-07/25edd9b3_f0002604.jpg?download=true,data/raw/grand_bassin/images/stream_gbassinexch1.stream_2023-02-16_16-34-07/25edd9b3_f0002604.jpg
stream_gbassinexch1.stream_2023-02-16_16-34-07,development,1426,2616,109.000,aerial,366,stream_gbassinexch1.stream_2023-02-16_16-34-07/25edd9b3_f0002616.jpg,https://huggingface.co/datasets/shivam11/grand-bassin-traffic/resolve/main/images/stream_gbassinexch1.stream_2023-02-16_16-34-07/25edd9b3_f0002616.jpg?download=true,data/raw/grand_bassin/images/stream_gbassinexch1.stream_2023-02-16_16-34-07/25edd9b3_f0002616.jpg
stream_gbassinexch1.stream_2023-02-16_16-34-07,development,1427,2628,109.500,aerial,360,stream_gbassinexch1.stream_2023-02-16_16-34-07/25edd9b3_f0002628.jpg,https://huggingface.co/datasets/shivam11/grand-bassin-traffic/resolve/main/images/stream_gbassinexch1.stream_2023-02-16_16-34-07/25edd9b3_f0002628.jpg?download=true,data/raw/grand_bassin/images/stream_gbassinexch1.stream_2023-02-16_16-34-07/25edd9b3_f0002628.jpg
stream_gbassinexch1.stream_2023-02-16_16-34-07,development,1428,2640,110.000,aerial,371,stream_gbassinexch1.stream_2023-02-16_16-34-07/25edd9b3_f0002640.jpg,https://huggingface.co/datasets/shivam11/grand-bassin-traffic/resolve/main/images/stream_gbassinexch1.stream_2023-02-16_16-34-07/25edd9b3_f0002640.jpg?download=true,data/raw/grand_bassin/images/stream_gbassinexch1.stream_2023-02-16_16-34-07/25edd9b3_f0002640.jpg
stream_gbassinexch1.stream_2023-02-16_16-34-07,development,1429,2652,110.500,aerial,375,stream_gbassinexch1.stream_2023-02-16_16-34-07/25edd9b3_f0002652.jpg,https://huggingface.co/datasets/shivam11/grand-bassin-traffic/resolve/main/images/stream_gbassinexch1.stream_2023-02-16_16-34-07/25edd9b3_f0002652.jpg?download=true,data/raw/grand_bassin/images/stream_gbassinexch1.stream_2023-02-16_16-34-07/25edd9b3_f0002652.jpg
stream_gbassinexch1.stream_2023-02-16_16-34-07,development,1430,2664,111.000,aerial,357,stream_gbassinexch1.stream_2023-02-16_16-34-07/25edd9b3_f0002664.jpg,https://huggingface.co/datasets/shivam11/grand-bassin-traffic/resolve/main/images/stream_gbassinexch1.stream_2023-02-16_16-34-07/25edd9b3_f0002664.jpg?download=true,data/raw/grand_bassin/images/stream_gbassinexch1.stream_2023-02-16_16-34-07/25edd9b3_f0002664.jpg
stream_gbassinexch1.stream_2023-02-16_16-34-07,development,1431,2676,111.500,aerial,360,stream_gbassinexch1.stream_2023-02-16_16-34-07/25edd9b3_f0002676.jpg,https://huggingface.co/datasets/shivam11/grand-bassin-traffic/resolve/main/images/stream_gbassinexch1.stream_2023-02-16_16-34-07/25edd9b3_f0002676.jpg?download=true,data/raw/grand_bassin/images/stream_gbassinexch1.stream_2023-02-16_16-34-07/25edd9b3_f0002676.jpg
stream_gbassinexch1.stream_2023-02-16_16-34-07,development,1432,2688,112.000,aerial,359,stream_gbassinexch1.stream_2023-02-16_16-34-07/25edd9b3_f0002688.jpg,https://huggingface.co/datasets/shivam11/grand-bassin-traffic/resolve/main/images/stream_gbassinexch1.stream_2023-02-16_16-34-07/25edd9b3_f0002688.jpg?download=true,data/raw/grand_bassin/images/stream_gbassinexch1.stream_2023-02-16_16-34-07/25edd9b3_f0002688.jpg
stream_gbassinexch1.stream_2023-02-16_16-34-07,development,1433,2700,112.500,aerial,358,stream_gbassinexch1.stream_2023-02-16_16-34-07/25edd9b3_f0002700.jpg,https://huggingface.co/datasets/shivam11/grand-bassin-traffic/resolve/main/images/stream_gbassinexch1.stream_2023-02-16_16-34-07/25edd9b3_f0002700.jpg?download=true,data/raw/grand_bassin/images/stream_gbassinexch1.stream_2023-02-16_16-34-07/25edd9b3_f0002700.jpg
stream_gbassinexch1.stream_2023-02-16_16-34-07,development,1434,2712,113.000,aerial,357,stream_gbassinexch1.stream_2023-02-16_16-34-07/25edd9b3_f0002712.jpg,https://huggingface.co/datasets/shivam11/grand-bassin-traffic/resolve/main/images/stream_gbassinexch1.stream_2023-02-16_16-34-07/25edd9b3_f0002712.jpg?download=true,data/raw/grand_bassin/images/stream_gbassinexch1.stream_2023-02-16_16-34-07/25edd9b3_f0002712.jpg
stream_gbassinexch1.stream_2023-02-16_16-34-07,development,1435,2724,113.500,aerial,360,stream_gbassinexch1.stream_2023-02-16_16-34-07/25edd9b3_f0002724.jpg,https://huggingface.co/datasets/shivam11/grand-bassin-traffic/resolve/main/images/stream_gbassinexch1.stream_2023-02-16_16-34-07/25edd9b3_f0002724.jpg?download=true,data/raw/grand_bassin/images/stream_gbassinexch1.stream_2023-02-16_16-34-07/25edd9b3_f0002724.jpg
stream_gbassinexch1.stream_2023-02-16_16-34-07,development,1436,2736,114.000,aerial,354,stream_gbassinexch1.stream_2023-02-16_16-34-07/25edd9b3_f0002736.jpg,https://huggingface.co/datasets/shivam11/grand-bassin-traffic/resolve/main/images/stream_gbassinexch1.stream_2023-02-16_16-34-07/25edd9b3_f0002736.jpg?download=true,data/raw/grand_bassin/images/stream_gbassinexch1.stream_2023-02-16_16-34-07/25edd9b3_f0002736.jpg
stream_gbassinexch1.stream_2023-02-16_16-34-07,development,1437,2748,114.500,aerial,353,stream_gbassinexch1.stream_2023-02-16_16-34-07/25edd9b3_f0002748.jpg,https://huggingface.co/datasets/shivam11/grand-bassin-traffic/resolve/main/images/stream_gbassinexch1.stream_2023-02-16_16-34-07/25edd9b3_f0002748.jpg?download=true,data/raw/grand_bassin/images/stream_gbassinexch1.stream_2023-02-16_16-34-07/25edd9b3_f0002748.jpg
stream_gbassinexch1.stream_2023-02-16_16-34-07,development,1438,2760,115.000,aerial,355,stream_gbassinexch1.stream_2023-02-16_16-34-07/25edd9b3_f0002760.jpg,https://huggingface.co/datasets/shivam11/grand-bassin-traffic/resolve/main/images/stream_gbassinexch1.stream_2023-02-16_16-34-07/25edd9b3_f0002760.jpg?download=true,data/raw/grand_bassin/images/stream_gbassinexch1.stream_2023-02-16_16-34-07/25edd9b3_f0002760.jpg
stream_gbassinexch1.stream_2023-02-16_16-34-07,development,1439,2772,115.500,aerial,355,stream_gbassinexch1.stream_2023-02-16_16-34-07/25edd9b3_f0002772.jpg,https://huggingface.co/datasets/shivam11/grand-bassin-traffic/resolve/main/images/stream_gbassinexch1.stream_2023-02-16_16-34-07/25edd9b3_f0002772.jpg?download=true,data/raw/grand_bassin/images/stream_gbassinexch1.stream_2023-02-16_16-34-07/25edd9b3_f0002772.jpg
stream_gbassinexch1.stream_2023-02-16_16-34-07,development,1440,2784,116.000,aerial,354,stream_gbassinexch1.stream_2023-02-16_16-34-07/25edd9b3_f0002784.jpg,https://huggingface.co/datasets/shivam11/grand-bassin-traffic/resolve/main/images/stream_gbassinexch1.stream_2023-02-16_16-34-07/25edd9b3_f0002784.jpg?download=true,data/raw/grand_bassin/images/stream_gbassinexch1.stream_2023-02-16_16-34-07/25edd9b3_f0002784.jpg
stream_gbassinexch1.stream_2023-02-16_16-34-07,development,1441,2796,116.500,aerial,352,stream_gbassinexch1.stream_2023-02-16_16-34-07/25edd9b3_f0002796.jpg,https://huggingface.co/datasets/shivam11/grand-bassin-traffic/resolve/main/images/stream_gbassinexch1.stream_2023-02-16_16-34-07/25edd9b3_f0002796.jpg?download=true,data/raw/grand_bassin/images/stream_gbassinexch1.stream_2023-02-16_16-34-07/25edd9b3_f0002796.jpg
stream_gbassinexch1.stream_2023-02-16_16-34-07,development,1442,2808,117.000,aerial,345,stream_gbassinexch1.stream_2023-02-16_16-34-07/25edd9b3_f0002808.jpg,https://huggingface.co/datasets/shivam11/grand-bassin-traffic/resolve/main/images/stream_gbassinexch1.stream_2023-02-16_16-34-07/25edd9b3_f0002808.jpg?download=true,data/raw/grand_bassin/images/stream_gbassinexch1.stream_2023-02-16_16-34-07/25edd9b3_f0002808.jpg
stream_gbassinexch1.stream_2023-02-16_16-34-07,development,1443,2820,117.500,aerial,354,stream_gbassinexch1.stream_2023-02-16_16-34-07/25edd9b3_f0002820.jpg,https://huggingface.co/datasets/shivam11/grand-bassin-traffic/resolve/main/images/stream_gbassinexch1.stream_2023-02-16_16-34-07/25edd9b3_f0002820.jpg?download=true,data/raw/grand_bassin/images/stream_gbassinexch1.stream_2023-02-16_16-34-07/25edd9b3_f0002820.jpg
stream_gbassinexch1.stream_2023-02-16_16-34-07,development,1444,2832,118.000,aerial,349,stream_gbassinexch1.stream_2023-02-16_16-34-07/25edd9b3_f0002832.jpg,https://huggingface.co/datasets/shivam11/grand-bassin-traffic/resolve/main/images/stream_gbassinexch1.stream_2023-02-16_16-34-07/25edd9b3_f0002832.jpg?download=true,data/raw/grand_bassin/images/stream_gbassinexch1.stream_2023-02-16_16-34-07/25edd9b3_f0002832.jpg
stream_gbassinexch1.stream_2023-02-16_16-34-07,development,1445,2844,118.500,aerial,346,stream_gbassinexch1.stream_2023-02-16_16-34-07/25edd9b3_f0002844.jpg,https://huggingface.co/datasets/shivam11/grand-bassin-traffic/resolve/main/images/stream_gbassinexch1.stream_2023-02-16_16-34-07/25edd9b3_f0002844.jpg?download=true,data/raw/grand_bassin/images/stream_gbassinexch1.stream_2023-02-16_16-34-07/25edd9b3_f0002844.jpg
stream_gbassinexch1.stream_2023-02-16_16-34-07,development,1446,2856,119.000,aerial,354,stream_gbassinexch1.stream_2023-02-16_16-34-07/25edd9b3_f0002856.jpg,https://huggingface.co/datasets/shivam11/grand-bassin-traffic/resolve/main/images/stream_gbassinexch1.stream_2023-02-16_16-34-07/25edd9b3_f0002856.jpg?download=true,data/raw/grand_bassin/images/stream_gbassinexch1.stream_2023-02-16_16-34-07/25edd9b3_f0002856.jpg
stream_gbassinexch1.stream_2023-02-16_16-34-07,development,1447,2868,119.500,aerial,343,stream_gbassinexch1.stream_2023-02-16_16-34-07/25edd9b3_f0002868.jpg,https://huggingface.co/datasets/shivam11/grand-bassin-traffic/resolve/main/images/stream_gbassinexch1.stream_2023-02-16_16-34-07/25edd9b3_f0002868.jpg?download=true,data/raw/grand_bassin/images/stream_gbassinexch1.stream_2023-02-16_16-34-07/25edd9b3_f0002868.jpg
stream_gbassinexch1.stream_2023-02-16_16-34-07,development,1448,2880,120.000,aerial,350,stream_gbassinexch1.stream_2023-02-16_16-34-07/25edd9b3_f0002880.jpg,https://huggingface.co/datasets/shivam11/grand-bassin-traffic/resolve/main/images/stream_gbassinexch1.stream_2023-02-16_16-34-07/25edd9b3_f0002880.jpg?download=true,data/raw/grand_bassin/images/stream_gbassinexch1.stream_2023-02-16_16-34-07/25edd9b3_f0002880.jpg
stream_gbassinexch1.stream_2023-02-16_16-34-07,development,1449,2892,120.500,aerial,348,stream_gbassinexch1.stream_2023-02-16_16-34-07/25edd9b3_f0002892.jpg,https://huggingface.co/datasets/shivam11/grand-bassin-traffic/resolve/main/images/stream_gbassinexch1.stream_2023-02-16_16-34-07/25edd9b3_f0002892.jpg?download=true,data/raw/grand_bassin/images/stream_gbassinexch1.stream_2023-02-16_16-34-07/25edd9b3_f0002892.jpg
stream_gbassinexch1.stream_2023-02-16_16-34-07,development,1450,2904,121.000,aerial,348,stream_gbassinexch1.stream_2023-02-16_16-34-07/25edd9b3_f0002904.jpg,https://huggingface.co/datasets/shivam11/grand-bassin-traffic/resolve/main/images/stream_gbassinexch1.stream_2023-02-16_16-34-07/25edd9b3_f0002904.jpg?download=true,data/raw/grand_bassin/images/stream_gbassinexch1.stream_2023-02-16_16-34-07/25edd9b3_f0002904.jpg
stream_gbassinexch1.stream_2023-02-16_16-34-07,development,1451,2916,121.500,aerial,346,stream_gbassinexch1.stream_2023-02-16_16-34-07/25edd9b3_f0002916.jpg,https://huggingface.co/datasets/shivam11/grand-bassin-traffic/resolve/main/images/stream_gbassinexch1.stream_2023-02-16_16-34-07/25edd9b3_f0002916.jpg?download=true,data/raw/grand_bassin/images/stream_gbassinexch1.stream_2023-02-16_16-34-07/25edd9b3_f0002916.jpg
stream_gbassinexch1.stream_2023-02-16_16-34-07,development,1452,2928,122.000,aerial,345,stream_gbassinexch1.stream_2023-02-16_16-34-07/25edd9b3_f0002928.jpg,https://huggingface.co/datasets/shivam11/grand-bassin-traffic/resolve/main/images/stream_gbassinexch1.stream_2023-02-16_16-34-07/25edd9b3_f0002928.jpg?download=true,data/raw/grand_bassin/images/stream_gbassinexch1.stream_2023-02-16_16-34-07/25edd9b3_f0002928.jpg
stream_gbassinexch1.stream_2023-02-16_16-34-07,development,1453,2940,122.500,aerial,350,stream_gbassinexch1.stream_2023-02-16_16-34-07/25edd9b3_f0002940.jpg,https://huggingface.co/datasets/shivam11/grand-bassin-traffic/resolve/main/images/stream_gbassinexch1.stream_2023-02-16_16-34-07/25edd9b3_f0002940.jpg?download=true,data/raw/grand_bassin/images/stream_gbassinexch1.stream_2023-02-16_16-34-07/25edd9b3_f0002940.jpg
stream_gbassinexch1.stream_2023-02-16_16-34-07,development,1454,2952,123.000,aerial,352,stream_gbassinexch1.stream_2023-02-16_16-34-07/25edd9b3_f0002952.jpg,https://huggingface.co/datasets/shivam11/grand-bassin-traffic/resolve/main/images/stream_gbassinexch1.stream_2023-02-16_16-34-07/25edd9b3_f0002952.jpg?download=true,data/raw/grand_bassin/images/stream_gbassinexch1.stream_2023-02-16_16-34-07/25edd9b3_f0002952.jpg
stream_gbassinexch1.stream_2023-02-16_16-34-07,development,1455,2964,123.500,aerial,354,stream_gbassinexch1.stream_2023-02-16_16-34-07/25edd9b3_f0002964.jpg,https://huggingface.co/datasets/shivam11/grand-bassin-traffic/resolve/main/images/stream_gbassinexch1.stream_2023-02-16_16-34-07/25edd9b3_f0002964.jpg?download=true,data/raw/grand_bassin/images/stream_gbassinexch1.stream_2023-02-16_16-34-07/25edd9b3_f0002964.jpg
stream_gbassinexch1.stream_2023-02-16_16-34-07,development,1456,2976,124.000,aerial,361,stream_gbassinexch1.stream_2023-02-16_16-34-07/25edd9b3_f0002976.jpg,https://huggingface.co/datasets/shivam11/grand-bassin-traffic/resolve/main/images/stream_gbassinexch1.stream_2023-02-16_16-34-07/25edd9b3_f0002976.jpg?download=true,data/raw/grand_bassin/images/stream_gbassinexch1.stream_2023-02-16_16-34-07/25edd9b3_f0002976.jpg
stream_gbassinexch1.stream_2023-02-16_16-34-07,development,1457,2988,124.500,aerial,357,stream_gbassinexch1.stream_2023-02-16_16-34-07/25edd9b3_f0002988.jpg,https://huggingface.co/datasets/shivam11/grand-bassin-traffic/resolve/main/images/stream_gbassinexch1.stream_2023-02-16_16-34-07/25edd9b3_f0002988.jpg?download=true,data/raw/grand_bassin/images/stream_gbassinexch1.stream_2023-02-16_16-34-07/25edd9b3_f0002988.jpg
stream_gbassinexch1.stream_2023-02-16_16-34-07,development,1458,3000,125.000,aerial,354,stream_gbassinexch1.stream_2023-02-16_16-34-07/25edd9b3_f0003000.jpg,https://huggingface.co/datasets/shivam11/grand-bassin-traffic/resolve/main/images/stream_gbassinexch1.stream_2023-02-16_16-34-07/25edd9b3_f0003000.jpg?download=true,data/raw/grand_bassin/images/stream_gbassinexch1.stream_2023-02-16_16-34-07/25edd9b3_f0003000.jpg
stream_gbassinexch1.stream_2023-02-16_16-34-07,development,1459,3012,125.500,aerial,363,stream_gbassinexch1.stream_2023-02-16_16-34-07/25edd9b3_f0003012.jpg,https://huggingface.co/datasets/shivam11/grand-bassin-traffic/resolve/main/images/stream_gbassinexch1.stream_2023-02-16_16-34-07/25edd9b3_f0003012.jpg?download=true,data/raw/grand_bassin/images/stream_gbassinexch1.stream_2023-02-16_16-34-07/25edd9b3_f0003012.jpg
stream_gbassinexch1.stream_2023-02-16_16-34-07,development,1460,3024,126.000,aerial,359,stream_gbassinexch1.stream_2023-02-16_16-34-07/25edd9b3_f0003024.jpg,https://huggingface.co/datasets/shivam11/grand-bassin-traffic/resolve/main/images/stream_gbassinexch1.stream_2023-02-16_16-34-07/25edd9b3_f0003024.jpg?download=true,data/raw/grand_bassin/images/stream_gbassinexch1.stream_2023-02-16_16-34-07/25edd9b3_f0003024.jpg
stream_gbassinexch1.stream_2023-02-16_16-34-07,development,1461,3036,126.500,aerial,376,stream_gbassinexch1.stream_2023-02-16_16-34-07/25edd9b3_f0003036.jpg,https://huggingface.co/datasets/shivam11/grand-bassin-traffic/resolve/main/images/stream_gbassinexch1.stream_2023-02-16_16-34-07/25edd9b3_f0003036.jpg?download=true,data/raw/grand_bassin/images/stream_gbassinexch1.stream_2023-02-16_16-34-07/25edd9b3_f0003036.jpg
stream_gbassinexch1.stream_2023-02-16_16-34-07,development,1462,3048,127.000,aerial,359,stream_gbassinexch1.stream_2023-02-16_16-34-07/25edd9b3_f0003048.jpg,https://huggingface.co/datasets/shivam11/grand-bassin-traffic/resolve/main/images/stream_gbassinexch1.stream_2023-02-16_16-34-07/25edd9b3_f0003048.jpg?download=true,data/raw/grand_bassin/images/stream_gbassinexch1.stream_2023-02-16_16-34-07/25edd9b3_f0003048.jpg
stream_gbassinexch1.stream_2023-02-16_16-34-07,development,1463,3060,127.500,aerial,357,stream_gbassinexch1.stream_2023-02-16_16-34-07/25edd9b3_f0003060.jpg,https://huggingface.co/datasets/shivam11/grand-bassin-traffic/resolve/main/images/stream_gbassinexch1.stream_2023-02-16_16-34-07/25edd9b3_f0003060.jpg?download=true,data/raw/grand_bassin/images/stream_gbassinexch1.stream_2023-02-16_16-34-07/25edd9b3_f0003060.jpg
stream_gbassinexch1.stream_2023-02-16_16-34-07,development,1464,3072,128.000,aerial,358,stream_gbassinexch1.stream_2023-02-16_16-34-07/25edd9b3_f0003072.jpg,https://huggingface.co/datasets/shivam11/grand-bassin-traffic/resolve/main/images/stream_gbassinexch1.stream_2023-02-16_16-34-07/25edd9b3_f0003072.jpg?download=true,data/raw/grand_bassin/images/stream_gbassinexch1.stream_2023-02-16_16-34-07/25edd9b3_f0003072.jpg
stream_gbassinexch1.stream_2023-02-16_16-34-07,development,1465,3084,128.500,aerial,362,stream_gbassinexch1.stream_2023-02-16_16-34-07/25edd9b3_f0003084.jpg,https://huggingface.co/datasets/shivam11/grand-bassin-traffic/resolve/main/images/stream_gbassinexch1.stream_2023-02-16_16-34-07/25edd9b3_f0003084.jpg?download=true,data/raw/grand_bassin/images/stream_gbassinexch1.stream_2023-02-16_16-34-07/25edd9b3_f0003084.jpg
stream_gbassinexch1.stream_2023-02-16_16-34-07,development,1466,3096,129.000,aerial,353,stream_gbassinexch1.stream_2023-02-16_16-34-07/25edd9b3_f0003096.jpg,https://huggingface.co/datasets/shivam11/grand-bassin-traffic/resolve/main/images/stream_gbassinexch1.stream_2023-02-16_16-34-07/25edd9b3_f0003096.jpg?download=true,data/raw/grand_bassin/images/stream_gbassinexch1.stream_2023-02-16_16-34-07/25edd9b3_f0003096.jpg
stream_gbassinexch1.stream_2023-02-16_16-34-07,development,1467,3108,129.500,aerial,358,stream_gbassinexch1.stream_2023-02-16_16-34-07/25edd9b3_f0003108.jpg,https://huggingface.co/datasets/shivam11/grand-bassin-traffic/resolve/main/images/stream_gbassinexch1.stream_2023-02-16_16-34-07/25edd9b3_f0003108.jpg?download=true,data/raw/grand_bassin/images/stream_gbassinexch1.stream_2023-02-16_16-34-07/25edd9b3_f0003108.jpg
stream_gbassinexch1.stream_2023-02-16_16-34-07,development,1468,3120,130.000,aerial,357,stream_gbassinexch1.stream_2023-02-16_16-34-07/25edd9b3_f0003120.jpg,https://huggingface.co/datasets/shivam11/grand-bassin-traffic/resolve/main/images/stream_gbassinexch1.stream_2023-02-16_16-34-07/25edd9b3_f0003120.jpg?download=true,data/raw/grand_bassin/images/stream_gbassinexch1.stream_2023-02-16_16-34-07/25edd9b3_f0003120.jpg
stream_gbassinexch1.stream_2023-02-16_16-34-07,development,1469,3132,130.500,aerial,368,stream_gbassinexch1.stream_2023-02-16_16-34-07/25edd9b3_f0003132.jpg,https://huggingface.co/datasets/shivam11/grand-bassin-traffic/resolve/main/images/stream_gbassinexch1.stream_2023-02-16_16-34-07/25edd9b3_f0003132.jpg?download=true,data/raw/grand_bassin/images/stream_gbassinexch1.stream_2023-02-16_16-34-07/25edd9b3_f0003132.jpg
stream_gbassinexch1.stream_2023-02-16_16-34-07,development,1470,3144,131.000,aerial,362,stream_gbassinexch1.stream_2023-02-16_16-34-07/25edd9b3_f0003144.jpg,https://huggingface.co/datasets/shivam11/grand-bassin-traffic/resolve/main/images/stream_gbassinexch1.stream_2023-02-16_16-34-07/25edd9b3_f0003144.jpg?download=true,data/raw/grand_bassin/images/stream_gbassinexch1.stream_2023-02-16_16-34-07/25edd9b3_f0003144.jpg
stream_gbassinexch1.stream_2023-02-16_16-34-07,development,1471,3156,131.500,aerial,362,stream_gbassinexch1.stream_2023-02-16_16-34-07/25edd9b3_f0003156.jpg,https://huggingface.co/datasets/shivam11/grand-bassin-traffic/resolve/main/images/stream_gbassinexch1.stream_2023-02-16_16-34-07/25edd9b3_f0003156.jpg?download=true,data/raw/grand_bassin/images/stream_gbassinexch1.stream_2023-02-16_16-34-07/25edd9b3_f0003156.jpg
stream_gbassinexch1.stream_2023-02-16_16-34-07,development,1472,3168,132.000,aerial,363,stream_gbassinexch1.stream_2023-02-16_16-34-07/25edd9b3_f0003168.jpg,https://huggingface.co/datasets/shivam11/grand-bassin-traffic/resolve/main/images/stream_gbassinexch1.stream_2023-02-16_16-34-07/25edd9b3_f0003168.jpg?download=true,data/raw/grand_bassin/images/stream_gbassinexch1.stream_2023-02-16_16-34-07/25edd9b3_f0003168.jpg
stream_gbassinexch1.stream_2023-02-16_16-34-07,development,1473,3180,132.500,aerial,356,stream_gbassinexch1.stream_2023-02-16_16-34-07/25edd9b3_f0003180.jpg,https://huggingface.co/datasets/shivam11/grand-bassin-traffic/resolve/main/images/stream_gbassinexch1.stream_2023-02-16_16-34-07/25edd9b3_f0003180.jpg?download=true,data/raw/grand_bassin/images/stream_gbassinexch1.stream_2023-02-16_16-34-07/25edd9b3_f0003180.jpg
stream_gbassinexch1.stream_2023-02-16_16-34-07,development,1474,3192,133.000,aerial,360,stream_gbassinexch1.stream_2023-02-16_16-34-07/25edd9b3_f0003192.jpg,https://huggingface.co/datasets/shivam11/grand-bassin-traffic/resolve/main/images/stream_gbassinexch1.stream_2023-02-16_16-34-07/25edd9b3_f0003192.jpg?download=true,data/raw/grand_bassin/images/stream_gbassinexch1.stream_2023-02-16_16-34-07/25edd9b3_f0003192.jpg
stream_gbassinexch1.stream_2023-02-16_16-34-07,development,1475,3204,133.500,aerial,358,stream_gbassinexch1.stream_2023-02-16_16-34-07/25edd9b3_f0003204.jpg,https://huggingface.co/datasets/shivam11/grand-bassin-traffic/resolve/main/images/stream_gbassinexch1.stream_2023-02-16_16-34-07/25edd9b3_f0003204.jpg?download=true,data/raw/grand_bassin/images/stream_gbassinexch1.stream_2023-02-16_16-34-07/25edd9b3_f0003204.jpg
stream_gbassinexch1.stream_2023-02-16_16-34-07,development,1476,3216,134.000,aerial,369,stream_gbassinexch1.stream_2023-02-16_16-34-07/25edd9b3_f0003216.jpg,https://huggingface.co/datasets/shivam11/grand-bassin-traffic/resolve/main/images/stream_gbassinexch1.stream_2023-02-16_16-34-07/25edd9b3_f0003216.jpg?download=true,data/raw/grand_bassin/images/stream_gbassinexch1.stream_2023-02-16_16-34-07/25edd9b3_f0003216.jpg
stream_gbassinexch1.stream_2023-02-16_16-34-07,development,1477,3228,134.500,aerial,360,stream_gbassinexch1.stream_2023-02-16_16-34-07/25edd9b3_f0003228.jpg,https://huggingface.co/datasets/shivam11/grand-bassin-traffic/resolve/main/images/stream_gbassinexch1.stream_2023-02-16_16-34-07/25edd9b3_f0003228.jpg?download=true,data/raw/grand_bassin/images/stream_gbassinexch1.stream_2023-02-16_16-34-07/25edd9b3_f0003228.jpg
stream_gbassinexch1.stream_2023-02-16_16-34-07,development,1478,3240,135.000,aerial,369,stream_gbassinexch1.stream_2023-02-16_16-34-07/25edd9b3_f0003240.jpg,https://huggingface.co/datasets/shivam11/grand-bassin-traffic/resolve/main/images/stream_gbassinexch1.stream_2023-02-16_16-34-07/25edd9b3_f0003240.jpg?download=true,data/raw/grand_bassin/images/stream_gbassinexch1.stream_2023-02-16_16-34-07/25edd9b3_f0003240.jpg
stream_gbassinexch1.stream_2023-02-16_16-34-07,development,1479,3252,135.500,aerial,369,stream_gbassinexch1.stream_2023-02-16_16-34-07/25edd9b3_f0003252.jpg,https://huggingface.co/datasets/shivam11/grand-bassin-traffic/resolve/main/images/stream_gbassinexch1.stream_2023-02-16_16-34-07/25edd9b3_f0003252.jpg?download=true,data/raw/grand_bassin/images/stream_gbassinexch1.stream_2023-02-16_16-34-07/25edd9b3_f0003252.jpg
stream_gbassinexch1.stream_2023-02-16_16-34-07,development,1480,3264,136.000,aerial,362,stream_gbassinexch1.stream_2023-02-16_16-34-07/25edd9b3_f0003264.jpg,https://huggingface.co/datasets/shivam11/grand-bassin-traffic/resolve/main/images/stream_gbassinexch1.stream_2023-02-16_16-34-07/25edd9b3_f0003264.jpg?download=true,data/raw/grand_bassin/images/stream_gbassinexch1.stream_2023-02-16_16-34-07/25edd9b3_f0003264.jpg
stream_gbassinexch1.stream_2023-02-16_16-34-07,development,1481,3276,136.500,aerial,362,stream_gbassinexch1.stream_2023-02-16_16-34-07/25edd9b3_f0003276.jpg,https://huggingface.co/datasets/shivam11/grand-bassin-traffic/resolve/main/images/stream_gbassinexch1.stream_2023-02-16_16-34-07/25edd9b3_f0003276.jpg?download=true,data/raw/grand_bassin/images/stream_gbassinexch1.stream_2023-02-16_16-34-07/25edd9b3_f0003276.jpg
stream_gbassinexch1.stream_2023-02-16_16-34-07,development,1482,3288,137.000,aerial,358,stream_gbassinexch1.stream_2023-02-16_16-34-07/25edd9b3_f0003288.jpg,https://huggingface.co/datasets/shivam11/grand-bassin-traffic/resolve/main/images/stream_gbassinexch1.stream_2023-02-16_16-34-07/25edd9b3_f0003288.jpg?download=true,data/raw/grand_bassin/images/stream_gbassinexch1.stream_2023-02-16_16-34-07/25edd9b3_f0003288.jpg
stream_gbassinexch1.stream_2023-02-16_16-34-07,development,1483,3300,137.500,aerial,366,stream_gbassinexch1.stream_2023-02-16_16-34-07/25edd9b3_f0003300.jpg,https://huggingface.co/datasets/shivam11/grand-bassin-traffic/resolve/main/images/stream_gbassinexch1.stream_2023-02-16_16-34-07/25edd9b3_f0003300.jpg?download=true,data/raw/grand_bassin/images/stream_gbassinexch1.stream_2023-02-16_16-34-07/25edd9b3_f0003300.jpg
stream_gbassinexch1.stream_2023-02-16_16-34-07,development,1484,3312,138.000,aerial,357,stream_gbassinexch1.stream_2023-02-16_16-34-07/25edd9b3_f0003312.jpg,https://huggingface.co/datasets/shivam11/grand-bassin-traffic/resolve/main/images/stream_gbassinexch1.stream_2023-02-16_16-34-07/25edd9b3_f0003312.jpg?download=true,data/raw/grand_bassin/images/stream_gbassinexch1.stream_2023-02-16_16-34-07/25edd9b3_f0003312.jpg
stream_gbassinexch1.stream_2023-02-16_16-34-07,development,1485,3324,138.500,aerial,352,stream_gbassinexch1.stream_2023-02-16_16-34-07/25edd9b3_f0003324.jpg,https://huggingface.co/datasets/shivam11/grand-bassin-traffic/resolve/main/images/stream_gbassinexch1.stream_2023-02-16_16-34-07/25edd9b3_f0003324.jpg?download=true,data/raw/grand_bassin/images/stream_gbassinexch1.stream_2023-02-16_16-34-07/25edd9b3_f0003324.jpg
stream_gbassinexch1.stream_2023-02-16_16-34-07,development,1486,3336,139.000,aerial,354,stream_gbassinexch1.stream_2023-02-16_16-34-07/25edd9b3_f0003336.jpg,https://huggingface.co/datasets/shivam11/grand-bassin-traffic/resolve/main/images/stream_gbassinexch1.stream_2023-02-16_16-34-07/25edd9b3_f0003336.jpg?download=true,data/raw/grand_bassin/images/stream_gbassinexch1.stream_2023-02-16_16-34-07/25edd9b3_f0003336.jpg
stream_gbassinexch1.stream_2023-02-16_16-34-07,development,1487,3348,139.500,aerial,358,stream_gbassinexch1.stream_2023-02-16_16-34-07/25edd9b3_f0003348.jpg,https://huggingface.co/datasets/shivam11/grand-bassin-traffic/resolve/main/images/stream_gbassinexch1.stream_2023-02-16_16-34-07/25edd9b3_f0003348.jpg?download=true,data/raw/grand_bassin/images/stream_gbassinexch1.stream_2023-02-16_16-34-07/25edd9b3_f0003348.jpg
stream_gbassinexch1.stream_2023-02-16_16-34-07,development,1488,3360,140.000,aerial,355,stream_gbassinexch1.stream_2023-02-16_16-34-07/25edd9b3_f0003360.jpg,https://huggingface.co/datasets/shivam11/grand-bassin-traffic/resolve/main/images/stream_gbassinexch1.stream_2023-02-16_16-34-07/25edd9b3_f0003360.jpg?download=true,data/raw/grand_bassin/images/stream_gbassinexch1.stream_2023-02-16_16-34-07/25edd9b3_f0003360.jpg
stream_gbassinexch1.stream_2023-02-16_16-34-07,development,1489,3372,140.500,aerial,352,stream_gbassinexch1.stream_2023-02-16_16-34-07/25edd9b3_f0003372.jpg,https://huggingface.co/datasets/shivam11/grand-bassin-traffic/resolve/main/images/stream_gbassinexch1.stream_2023-02-16_16-34-07/25edd9b3_f0003372.jpg?download=true,data/raw/grand_bassin/images/stream_gbassinexch1.stream_2023-02-16_16-34-07/25edd9b3_f0003372.jpg
stream_gbassinexch1.stream_2023-02-16_16-34-07,development,1490,3384,141.000,aerial,362,stream_gbassinexch1.stream_2023-02-16_16-34-07/25edd9b3_f0003384.jpg,https://huggingface.co/datasets/shivam11/grand-bassin-traffic/resolve/main/images/stream_gbassinexch1.stream_2023-02-16_16-34-07/25edd9b3_f0003384.jpg?download=true,data/raw/grand_bassin/images/stream_gbassinexch1.stream_2023-02-16_16-34-07/25edd9b3_f0003384.jpg
stream_gbassinexch1.stream_2023-02-16_16-34-07,development,1491,3396,141.500,aerial,356,stream_gbassinexch1.stream_2023-02-16_16-34-07/25edd9b3_f0003396.jpg,https://huggingface.co/datasets/shivam11/grand-bassin-traffic/resolve/main/images/stream_gbassinexch1.stream_2023-02-16_16-34-07/25edd9b3_f0003396.jpg?download=true,data/raw/grand_bassin/images/stream_gbassinexch1.stream_2023-02-16_16-34-07/25edd9b3_f0003396.jpg
stream_gbassinexch1.stream_2023-02-16_16-34-07,development,1492,3408,142.000,aerial,363,stream_gbassinexch1.stream_2023-02-16_16-34-07/25edd9b3_f0003408.jpg,https://huggingface.co/datasets/shivam11/grand-bassin-traffic/resolve/main/images/stream_gbassinexch1.stream_2023-02-16_16-34-07/25edd9b3_f0003408.jpg?download=true,data/raw/grand_bassin/images/stream_gbassinexch1.stream_2023-02-16_16-34-07/25edd9b3_f0003408.jpg
stream_gbassinexch1.stream_2023-02-16_16-34-07,development,1493,3420,142.500,aerial,356,stream_gbassinexch1.stream_2023-02-16_16-34-07/25edd9b3_f0003420.jpg,https://huggingface.co/datasets/shivam11/grand-bassin-traffic/resolve/main/images/stream_gbassinexch1.stream_2023-02-16_16-34-07/25edd9b3_f0003420.jpg?download=true,data/raw/grand_bassin/images/stream_gbassinexch1.stream_2023-02-16_16-34-07/25edd9b3_f0003420.jpg
stream_gbassinexch1.stream_2023-02-16_16-34-07,development,1494,3432,143.000,aerial,357,stream_gbassinexch1.stream_2023-02-16_16-34-07/25edd9b3_f0003432.jpg,https://huggingface.co/datasets/shivam11/grand-bassin-traffic/resolve/main/images/stream_gbassinexch1.stream_2023-02-16_16-34-07/25edd9b3_f0003432.jpg?download=true,data/raw/grand_bassin/images/stream_gbassinexch1.stream_2023-02-16_16-34-07/25edd9b3_f0003432.jpg
stream_gbassinexch1.stream_2023-02-16_16-34-07,development,1495,3444,143.500,aerial,357,stream_gbassinexch1.stream_2023-02-16_16-34-07/25edd9b3_f0003444.jpg,https://huggingface.co/datasets/shivam11/grand-bassin-traffic/resolve/main/images/stream_gbassinexch1.stream_2023-02-16_16-34-07/25edd9b3_f0003444.jpg?download=true,data/raw/grand_bassin/images/stream_gbassinexch1.stream_2023-02-16_16-34-07/25edd9b3_f0003444.jpg
stream_gbassinexch1.stream_2023-02-16_16-34-07,development,1496,3456,144.000,aerial,357,stream_gbassinexch1.stream_2023-02-16_16-34-07/25edd9b3_f0003456.jpg,https://huggingface.co/datasets/shivam11/grand-bassin-traffic/resolve/main/images/stream_gbassinexch1.stream_2023-02-16_16-34-07/25edd9b3_f0003456.jpg?download=true,data/raw/grand_bassin/images/stream_gbassinexch1.stream_2023-02-16_16-34-07/25edd9b3_f0003456.jpg
stream_gbassinexch1.stream_2023-02-16_16-34-07,development,1497,3468,144.500,aerial,360,stream_gbassinexch1.stream_2023-02-16_16-34-07/25edd9b3_f0003468.jpg,https://huggingface.co/datasets/shivam11/grand-bassin-traffic/resolve/main/images/stream_gbassinexch1.stream_2023-02-16_16-34-07/25edd9b3_f0003468.jpg?download=true,data/raw/grand_bassin/images/stream_gbassinexch1.stream_2023-02-16_16-34-07/25edd9b3_f0003468.jpg
stream_gbassinexch1.stream_2023-02-16_16-34-07,development,1498,3480,145.000,aerial,361,stream_gbassinexch1.stream_2023-02-16_16-34-07/25edd9b3_f0003480.jpg,https://huggingface.co/datasets/shivam11/grand-bassin-traffic/resolve/main/images/stream_gbassinexch1.stream_2023-02-16_16-34-07/25edd9b3_f0003480.jpg?download=true,data/raw/grand_bassin/images/stream_gbassinexch1.stream_2023-02-16_16-34-07/25edd9b3_f0003480.jpg
stream_gbassinexch1.stream_2023-02-16_16-34-07,development,1499,3492,145.500,aerial,360,stream_gbassinexch1.stream_2023-02-16_16-34-07/25edd9b3_f0003492.jpg,https://huggingface.co/datasets/shivam11/grand-bassin-traffic/resolve/main/images/stream_gbassinexch1.stream_2023-02-16_16-34-07/25edd9b3_f0003492.jpg?download=true,data/raw/grand_bassin/images/stream_gbassinexch1.stream_2023-02-16_16-34-07/25edd9b3_f0003492.jpg
stream_gbassinexch1.stream_2023-02-16_16-34-07,development,1500,3504,146.000,aerial,365,stream_gbassinexch1.stream_2023-02-16_16-34-07/25edd9b3_f0003504.jpg,https://huggingface.co/datasets/shivam11/grand-bassin-traffic/resolve/main/images/stream_gbassinexch1.stream_2023-02-16_16-34-07/25edd9b3_f0003504.jpg?download=true,data/raw/grand_bassin/images/stream_gbassinexch1.stream_2023-02-16_16-34-07/25edd9b3_f0003504.jpg
stream_gbassinexch1.stream_2023-02-16_16-34-07,development,1501,3516,146.500,aerial,355,stream_gbassinexch1.stream_2023-02-16_16-34-07/25edd9b3_f0003516.jpg,https://huggingface.co/datasets/shivam11/grand-bassin-traffic/resolve/main/images/stream_gbassinexch1.stream_2023-02-16_16-34-07/25edd9b3_f0003516.jpg?download=true,data/raw/grand_bassin/images/stream_gbassinexch1.stream_2023-02-16_16-34-07/25edd9b3_f0003516.jpg
stream_gbassinexch1.stream_2023-02-16_16-34-07,development,1502,3528,147.000,aerial,361,stream_gbassinexch1.stream_2023-02-16_16-34-07/25edd9b3_f0003528.jpg,https://huggingface.co/datasets/shivam11/grand-bassin-traffic/resolve/main/images/stream_gbassinexch1.stream_2023-02-16_16-34-07/25edd9b3_f0003528.jpg?download=true,data/raw/grand_bassin/images/stream_gbassinexch1.stream_2023-02-16_16-34-07/25edd9b3_f0003528.jpg
stream_gbassinexch1.stream_2023-02-16_16-34-07,development,1503,3540,147.500,aerial,362,stream_gbassinexch1.stream_2023-02-16_16-34-07/25edd9b3_f0003540.jpg,https://huggingface.co/datasets/shivam11/grand-bassin-traffic/resolve/main/images/stream_gbassinexch1.stream_2023-02-16_16-34-07/25edd9b3_f0003540.jpg?download=true,data/raw/grand_bassin/images/stream_gbassinexch1.stream_2023-02-16_16-34-07/25edd9b3_f0003540.jpg
stream_gbassinexch1.stream_2023-02-16_16-34-07,development,1504,3552,148.000,aerial,355,stream_gbassinexch1.stream_2023-02-16_16-34-07/25edd9b3_f0003552.jpg,https://huggingface.co/datasets/shivam11/grand-bassin-traffic/resolve/main/images/stream_gbassinexch1.stream_2023-02-16_16-34-07/25edd9b3_f0003552.jpg?download=true,data/raw/grand_bassin/images/stream_gbassinexch1.stream_2023-02-16_16-34-07/25edd9b3_f0003552.jpg
stream_gbassinexch1.stream_2023-02-16_16-34-07,development,1505,3564,148.500,aerial,364,stream_gbassinexch1.stream_2023-02-16_16-34-07/25edd9b3_f0003564.jpg,https://huggingface.co/datasets/shivam11/grand-bassin-traffic/resolve/main/images/stream_gbassinexch1.stream_2023-02-16_16-34-07/25edd9b3_f0003564.jpg?download=true,data/raw/grand_bassin/images/stream_gbassinexch1.stream_2023-02-16_16-34-07/25edd9b3_f0003564.jpg
stream_gbassinexch1.stream_2023-02-16_16-34-07,development,1506,3576,149.000,aerial,372,stream_gbassinexch1.stream_2023-02-16_16-34-07/25edd9b3_f0003576.jpg,https://huggingface.co/datasets/shivam11/grand-bassin-traffic/resolve/main/images/stream_gbassinexch1.stream_2023-02-16_16-34-07/25edd9b3_f0003576.jpg?download=true,data/raw/grand_bassin/images/stream_gbassinexch1.stream_2023-02-16_16-34-07/25edd9b3_f0003576.jpg
stream_gbassinexch1.stream_2023-02-16_16-34-07,development,1507,3588,149.500,aerial,361,stream_gbassinexch1.stream_2023-02-16_16-34-07/25edd9b3_f0003588.jpg,https://huggingface.co/datasets/shivam11/grand-bassin-traffic/resolve/main/images/stream_gbassinexch1.stream_2023-02-16_16-34-07/25edd9b3_f0003588.jpg?download=true,data/raw/grand_bassin/images/stream_gbassinexch1.stream_2023-02-16_16-34-07/25edd9b3_f0003588.jpg
stream_gbassinexch1.stream_2023-02-16_16-34-07,development,1508,3600,150.000,aerial,361,stream_gbassinexch1.stream_2023-02-16_16-34-07/25edd9b3_f0003600.jpg,https://huggingface.co/datasets/shivam11/grand-bassin-traffic/resolve/main/images/stream_gbassinexch1.stream_2023-02-16_16-34-07/25edd9b3_f0003600.jpg?download=true,data/raw/grand_bassin/images/stream_gbassinexch1.stream_2023-02-16_16-34-07/25edd9b3_f0003600.jpg
stream_gbassinexch1.stream_2023-02-16_16-34-07,development,1509,3612,150.500,aerial,363,stream_gbassinexch1.stream_2023-02-16_16-34-07/25edd9b3_f0003612.jpg,https://huggingface.co/datasets/shivam11/grand-bassin-traffic/resolve/main/images/stream_gbassinexch1.stream_2023-02-16_16-34-07/25edd9b3_f0003612.jpg?download=true,data/raw/grand_bassin/images/stream_gbassinexch1.stream_2023-02-16_16-34-07/25edd9b3_f0003612.jpg
stream_gbassinexch1.stream_2023-02-16_16-34-07,development,1510,3624,151.000,aerial,367,stream_gbassinexch1.stream_2023-02-16_16-34-07/25edd9b3_f0003624.jpg,https://huggingface.co/datasets/shivam11/grand-bassin-traffic/resolve/main/images/stream_gbassinexch1.stream_2023-02-16_16-34-07/25edd9b3_f0003624.jpg?download=true,data/raw/grand_bassin/images/stream_gbassinexch1.stream_2023-02-16_16-34-07/25edd9b3_f0003624.jpg
stream_gbassinexch1.stream_2023-02-16_16-34-07,development,1511,3636,151.500,aerial,364,stream_gbassinexch1.stream_2023-02-16_16-34-07/25edd9b3_f0003636.jpg,https://huggingface.co/datasets/shivam11/grand-bassin-traffic/resolve/main/images/stream_gbassinexch1.stream_2023-02-16_16-34-07/25edd9b3_f0003636.jpg?download=true,data/raw/grand_bassin/images/stream_gbassinexch1.stream_2023-02-16_16-34-07/25edd9b3_f0003636.jpg
stream_gbassinexch1.stream_2023-02-16_16-34-07,development,1512,3648,152.000,aerial,357,stream_gbassinexch1.stream_2023-02-16_16-34-07/25edd9b3_f0003648.jpg,https://huggingface.co/datasets/shivam11/grand-bassin-traffic/resolve/main/images/stream_gbassinexch1.stream_2023-02-16_16-34-07/25edd9b3_f0003648.jpg?download=true,data/raw/grand_bassin/images/stream_gbassinexch1.stream_2023-02-16_16-34-07/25edd9b3_f0003648.jpg
stream_gbassinexch1.stream_2023-02-16_16-34-07,development,1513,3660,152.500,aerial,355,stream_gbassinexch1.stream_2023-02-16_16-34-07/25edd9b3_f0003660.jpg,https://huggingface.co/datasets/shivam11/grand-bassin-traffic/resolve/main/images/stream_gbassinexch1.stream_2023-02-16_16-34-07/25edd9b3_f0003660.jpg?download=true,data/raw/grand_bassin/images/stream_gbassinexch1.stream_2023-02-16_16-34-07/25edd9b3_f0003660.jpg
stream_gbassinexch1.stream_2023-02-16_16-34-07,development,1514,3672,153.000,aerial,360,stream_gbassinexch1.stream_2023-02-16_16-34-07/25edd9b3_f0003672.jpg,https://huggingface.co/datasets/shivam11/grand-bassin-traffic/resolve/main/images/stream_gbassinexch1.stream_2023-02-16_16-34-07/25edd9b3_f0003672.jpg?download=true,data/raw/grand_bassin/images/stream_gbassinexch1.stream_2023-02-16_16-34-07/25edd9b3_f0003672.jpg
stream_gbassinexch1.stream_2023-02-16_16-34-07,development,1515,3684,153.500,aerial,365,stream_gbassinexch1.stream_2023-02-16_16-34-07/25edd9b3_f0003684.jpg,https://huggingface.co/datasets/shivam11/grand-bassin-traffic/resolve/main/images/stream_gbassinexch1.stream_2023-02-16_16-34-07/25edd9b3_f0003684.jpg?download=true,data/raw/grand_bassin/images/stream_gbassinexch1.stream_2023-02-16_16-34-07/25edd9b3_f0003684.jpg
stream_gbassinexch1.stream_2023-02-16_16-34-07,development,1516,3696,154.000,aerial,361,stream_gbassinexch1.stream_2023-02-16_16-34-07/25edd9b3_f0003696.jpg,https://huggingface.co/datasets/shivam11/grand-bassin-traffic/resolve/main/images/stream_gbassinexch1.stream_2023-02-16_16-34-07/25edd9b3_f0003696.jpg?download=true,data/raw/grand_bassin/images/stream_gbassinexch1.stream_2023-02-16_16-34-07/25edd9b3_f0003696.jpg
stream_gbassinexch1.stream_2023-02-16_16-34-07,development,1517,3708,154.500,aerial,362,stream_gbassinexch1.stream_2023-02-16_16-34-07/25edd9b3_f0003708.jpg,https://huggingface.co/datasets/shivam11/grand-bassin-traffic/resolve/main/images/stream_gbassinexch1.stream_2023-02-16_16-34-07/25edd9b3_f0003708.jpg?download=true,data/raw/grand_bassin/images/stream_gbassinexch1.stream_2023-02-16_16-34-07/25edd9b3_f0003708.jpg
stream_gbassinexch1.stream_2023-02-16_16-34-07,development,1518,3720,155.000,aerial,363,stream_gbassinexch1.stream_2023-02-16_16-34-07/25edd9b3_f0003720.jpg,https://huggingface.co/datasets/shivam11/grand-bassin-traffic/resolve/main/images/stream_gbassinexch1.stream_2023-02-16_16-34-07/25edd9b3_f0003720.jpg?download=true,data/raw/grand_bassin/images/stream_gbassinexch1.stream_2023-02-16_16-34-07/25edd9b3_f0003720.jpg
stream_gbassinexch1.stream_2023-02-16_16-34-07,development,1519,3732,155.500,aerial,359,stream_gbassinexch1.stream_2023-02-16_16-34-07/25edd9b3_f0003732.jpg,https://huggingface.co/datasets/shivam11/grand-bassin-traffic/resolve/main/images/stream_gbassinexch1.stream_2023-02-16_16-34-07/25edd9b3_f0003732.jpg?download=true,data/raw/grand_bassin/images/stream_gbassinexch1.stream_2023-02-16_16-34-07/25edd9b3_f0003732.jpg
stream_gbassinexch1.stream_2023-02-16_16-34-07,development,1520,3744,156.000,aerial,347,stream_gbassinexch1.stream_2023-02-16_16-34-07/25edd9b3_f0003744.jpg,https://huggingface.co/datasets/shivam11/grand-bassin-traffic/resolve/main/images/stream_gbassinexch1.stream_2023-02-16_16-34-07/25edd9b3_f0003744.jpg?download=true,data/raw/grand_bassin/images/stream_gbassinexch1.stream_2023-02-16_16-34-07/25edd9b3_f0003744.jpg
stream_gbassinexch1.stream_2023-02-16_16-34-07,development,1521,3756,156.500,aerial,357,stream_gbassinexch1.stream_2023-02-16_16-34-07/25edd9b3_f0003756.jpg,https://huggingface.co/datasets/shivam11/grand-bassin-traffic/resolve/main/images/stream_gbassinexch1.stream_2023-02-16_16-34-07/25edd9b3_f0003756.jpg?download=true,data/raw/grand_bassin/images/stream_gbassinexch1.stream_2023-02-16_16-34-07/25edd9b3_f0003756.jpg
stream_gbassinexch1.stream_2023-02-16_16-34-07,development,1522,3768,157.000,aerial,350,stream_gbassinexch1.stream_2023-02-16_16-34-07/25edd9b3_f0003768.jpg,https://huggingface.co/datasets/shivam11/grand-bassin-traffic/resolve/main/images/stream_gbassinexch1.stream_2023-02-16_16-34-07/25edd9b3_f0003768.jpg?download=true,data/raw/grand_bassin/images/stream_gbassinexch1.stream_2023-02-16_16-34-07/25edd9b3_f0003768.jpg
stream_gbassinexch1.stream_2023-02-16_16-34-07,development,1523,3780,157.500,aerial,353,stream_gbassinexch1.stream_2023-02-16_16-34-07/25edd9b3_f0003780.jpg,https://huggingface.co/datasets/shivam11/grand-bassin-traffic/resolve/main/images/stream_gbassinexch1.stream_2023-02-16_16-34-07/25edd9b3_f0003780.jpg?download=true,data/raw/grand_bassin/images/stream_gbassinexch1.stream_2023-02-16_16-34-07/25edd9b3_f0003780.jpg
stream_gbassinexch1.stream_2023-02-16_16-34-07,development,1524,3792,158.000,aerial,353,stream_gbassinexch1.stream_2023-02-16_16-34-07/25edd9b3_f0003792.jpg,https://huggingface.co/datasets/shivam11/grand-bassin-traffic/resolve/main/images/stream_gbassinexch1.stream_2023-02-16_16-34-07/25edd9b3_f0003792.jpg?download=true,data/raw/grand_bassin/images/stream_gbassinexch1.stream_2023-02-16_16-34-07/25edd9b3_f0003792.jpg
stream_gbassinexch1.stream_2023-02-16_16-34-07,development,1525,3804,158.500,aerial,359,stream_gbassinexch1.stream_2023-02-16_16-34-07/25edd9b3_f0003804.jpg,https://huggingface.co/datasets/shivam11/grand-bassin-traffic/resolve/main/images/stream_gbassinexch1.stream_2023-02-16_16-34-07/25edd9b3_f0003804.jpg?download=true,data/raw/grand_bassin/images/stream_gbassinexch1.stream_2023-02-16_16-34-07/25edd9b3_f0003804.jpg
stream_gbassinexch1.stream_2023-02-16_16-34-07,development,1526,3816,159.000,aerial,362,stream_gbassinexch1.stream_2023-02-16_16-34-07/25edd9b3_f0003816.jpg,https://huggingface.co/datasets/shivam11/grand-bassin-traffic/resolve/main/images/stream_gbassinexch1.stream_2023-02-16_16-34-07/25edd9b3_f0003816.jpg?download=true,data/raw/grand_bassin/images/stream_gbassinexch1.stream_2023-02-16_16-34-07/25edd9b3_f0003816.jpg
stream_gbassinexch1.stream_2023-02-16_16-34-07,development,1527,3828,159.500,aerial,361,stream_gbassinexch1.stream_2023-02-16_16-34-07/25edd9b3_f0003828.jpg,https://huggingface.co/datasets/shivam11/grand-bassin-traffic/resolve/main/images/stream_gbassinexch1.stream_2023-02-16_16-34-07/25edd9b3_f0003828.jpg?download=true,data/raw/grand_bassin/images/stream_gbassinexch1.stream_2023-02-16_16-34-07/25edd9b3_f0003828.jpg
stream_gbassinexch1.stream_2023-02-16_16-34-07,development,1528,3840,160.000,aerial,368,stream_gbassinexch1.stream_2023-02-16_16-34-07/25edd9b3_f0003840.jpg,https://huggingface.co/datasets/shivam11/grand-bassin-traffic/resolve/main/images/stream_gbassinexch1.stream_2023-02-16_16-34-07/25edd9b3_f0003840.jpg?download=true,data/raw/grand_bassin/images/stream_gbassinexch1.stream_2023-02-16_16-34-07/25edd9b3_f0003840.jpg
stream_gbassinexch1.stream_2023-02-16_16-34-07,development,1529,3852,160.500,aerial,364,stream_gbassinexch1.stream_2023-02-16_16-34-07/25edd9b3_f0003852.jpg,https://huggingface.co/datasets/shivam11/grand-bassin-traffic/resolve/main/images/stream_gbassinexch1.stream_2023-02-16_16-34-07/25edd9b3_f0003852.jpg?download=true,data/raw/grand_bassin/images/stream_gbassinexch1.stream_2023-02-16_16-34-07/25edd9b3_f0003852.jpg
stream_gbassinexch1.stream_2023-02-16_16-34-07,development,1530,3864,161.000,aerial,361,stream_gbassinexch1.stream_2023-02-16_16-34-07/25edd9b3_f0003864.jpg,https://huggingface.co/datasets/shivam11/grand-bassin-traffic/resolve/main/images/stream_gbassinexch1.stream_2023-02-16_16-34-07/25edd9b3_f0003864.jpg?download=true,data/raw/grand_bassin/images/stream_gbassinexch1.stream_2023-02-16_16-34-07/25edd9b3_f0003864.jpg
stream_gbassinexch1.stream_2023-02-16_16-34-07,development,1531,3876,161.500,aerial,367,stream_gbassinexch1.stream_2023-02-16_16-34-07/25edd9b3_f0003876.jpg,https://huggingface.co/datasets/shivam11/grand-bassin-traffic/resolve/main/images/stream_gbassinexch1.stream_2023-02-16_16-34-07/25edd9b3_f0003876.jpg?download=true,data/raw/grand_bassin/images/stream_gbassinexch1.stream_2023-02-16_16-34-07/25edd9b3_f0003876.jpg
stream_gbassinexch1.stream_2023-02-16_16-34-07,development,1532,3888,162.000,aerial,372,stream_gbassinexch1.stream_2023-02-16_16-34-07/25edd9b3_f0003888.jpg,https://huggingface.co/datasets/shivam11/grand-bassin-traffic/resolve/main/images/stream_gbassinexch1.stream_2023-02-16_16-34-07/25edd9b3_f0003888.jpg?download=true,data/raw/grand_bassin/images/stream_gbassinexch1.stream_2023-02-16_16-34-07/25edd9b3_f0003888.jpg
stream_gbassinexch1.stream_2023-02-16_16-34-07,development,1533,3900,162.500,aerial,370,stream_gbassinexch1.stream_2023-02-16_16-34-07/25edd9b3_f0003900.jpg,https://huggingface.co/datasets/shivam11/grand-bassin-traffic/resolve/main/images/stream_gbassinexch1.stream_2023-02-16_16-34-07/25edd9b3_f0003900.jpg?download=true,data/raw/grand_bassin/images/stream_gbassinexch1.stream_2023-02-16_16-34-07/25edd9b3_f0003900.jpg
stream_gbassinexch1.stream_2023-02-16_16-34-07,development,1534,3912,163.000,aerial,371,stream_gbassinexch1.stream_2023-02-16_16-34-07/25edd9b3_f0003912.jpg,https://huggingface.co/datasets/shivam11/grand-bassin-traffic/resolve/main/images/stream_gbassinexch1.stream_2023-02-16_16-34-07/25edd9b3_f0003912.jpg?download=true,data/raw/grand_bassin/images/stream_gbassinexch1.stream_2023-02-16_16-34-07/25edd9b3_f0003912.jpg
stream_gbassinexch1.stream_2023-02-16_16-34-07,development,1535,3924,163.500,aerial,373,stream_gbassinexch1.stream_2023-02-16_16-34-07/25edd9b3_f0003924.jpg,https://huggingface.co/datasets/shivam11/grand-bassin-traffic/resolve/main/images/stream_gbassinexch1.stream_2023-02-16_16-34-07/25edd9b3_f0003924.jpg?download=true,data/raw/grand_bassin/images/stream_gbassinexch1.stream_2023-02-16_16-34-07/25edd9b3_f0003924.jpg
stream_gbassinexch1.stream_2023-02-16_16-34-07,development,1536,3936,164.000,aerial,368,stream_gbassinexch1.stream_2023-02-16_16-34-07/25edd9b3_f0003936.jpg,https://huggingface.co/datasets/shivam11/grand-bassin-traffic/resolve/main/images/stream_gbassinexch1.stream_2023-02-16_16-34-07/25edd9b3_f0003936.jpg?download=true,data/raw/grand_bassin/images/stream_gbassinexch1.stream_2023-02-16_16-34-07/25edd9b3_f0003936.jpg
stream_gbassinexch1.stream_2023-02-16_16-34-07,development,1537,3948,164.500,aerial,359,stream_gbassinexch1.stream_2023-02-16_16-34-07/25edd9b3_f0003948.jpg,https://huggingface.co/datasets/shivam11/grand-bassin-traffic/resolve/main/images/stream_gbassinexch1.stream_2023-02-16_16-34-07/25edd9b3_f0003948.jpg?download=true,data/raw/grand_bassin/images/stream_gbassinexch1.stream_2023-02-16_16-34-07/25edd9b3_f0003948.jpg
stream_gbassinexch1.stream_2023-02-16_16-34-07,development,1538,3960,165.000,aerial,361,stream_gbassinexch1.stream_2023-02-16_16-34-07/25edd9b3_f0003960.jpg,https://huggingface.co/datasets/shivam11/grand-bassin-traffic/resolve/main/images/stream_gbassinexch1.stream_2023-02-16_16-34-07/25edd9b3_f0003960.jpg?download=true,data/raw/grand_bassin/images/stream_gbassinexch1.stream_2023-02-16_16-34-07/25edd9b3_f0003960.jpg
stream_gbassinexch1.stream_2023-02-16_16-34-07,development,1539,3972,165.500,aerial,362,stream_gbassinexch1.stream_2023-02-16_16-34-07/25edd9b3_f0003972.jpg,https://huggingface.co/datasets/shivam11/grand-bassin-traffic/resolve/main/images/stream_gbassinexch1.stream_2023-02-16_16-34-07/25edd9b3_f0003972.jpg?download=true,data/raw/grand_bassin/images/stream_gbassinexch1.stream_2023-02-16_16-34-07/25edd9b3_f0003972.jpg
stream_gbassinexch1.stream_2023-02-16_16-34-07,development,1540,3984,166.000,aerial,362,stream_gbassinexch1.stream_2023-02-16_16-34-07/25edd9b3_f0003984.jpg,https://huggingface.co/datasets/shivam11/grand-bassin-traffic/resolve/main/images/stream_gbassinexch1.stream_2023-02-16_16-34-07/25edd9b3_f0003984.jpg?download=true,data/raw/grand_bassin/images/stream_gbassinexch1.stream_2023-02-16_16-34-07/25edd9b3_f0003984.jpg
stream_gbassinexch1.stream_2023-02-16_16-34-07,development,1541,3996,166.500,aerial,358,stream_gbassinexch1.stream_2023-02-16_16-34-07/25edd9b3_f0003996.jpg,https://huggingface.co/datasets/shivam11/grand-bassin-traffic/resolve/main/images/stream_gbassinexch1.stream_2023-02-16_16-34-07/25edd9b3_f0003996.jpg?download=true,data/raw/grand_bassin/images/stream_gbassinexch1.stream_2023-02-16_16-34-07/25edd9b3_f0003996.jpg
stream_gbassinexch1.stream_2023-02-16_16-34-07,development,1542,4008,167.000,aerial,363,stream_gbassinexch1.stream_2023-02-16_16-34-07/25edd9b3_f0004008.jpg,https://huggingface.co/datasets/shivam11/grand-bassin-traffic/resolve/main/images/stream_gbassinexch1.stream_2023-02-16_16-34-07/25edd9b3_f0004008.jpg?download=true,data/raw/grand_bassin/images/stream_gbassinexch1.stream_2023-02-16_16-34-07/25edd9b3_f0004008.jpg
stream_gbassinexch1.stream_2023-02-16_16-34-07,development,1543,4020,167.500,aerial,360,stream_gbassinexch1.stream_2023-02-16_16-34-07/25edd9b3_f0004020.jpg,https://huggingface.co/datasets/shivam11/grand-bassin-traffic/resolve/main/images/stream_gbassinexch1.stream_2023-02-16_16-34-07/25edd9b3_f0004020.jpg?download=true,data/raw/grand_bassin/images/stream_gbassinexch1.stream_2023-02-16_16-34-07/25edd9b3_f0004020.jpg
stream_gbassinexch1.stream_2023-02-16_16-34-07,development,1544,4032,168.000,aerial,357,stream_gbassinexch1.stream_2023-02-16_16-34-07/25edd9b3_f0004032.jpg,https://huggingface.co/datasets/shivam11/grand-bassin-traffic/resolve/main/images/stream_gbassinexch1.stream_2023-02-16_16-34-07/25edd9b3_f0004032.jpg?download=true,data/raw/grand_bassin/images/stream_gbassinexch1.stream_2023-02-16_16-34-07/25edd9b3_f0004032.jpg
stream_gbassinexch1.stream_2023-02-16_16-34-07,development,1545,4044,168.500,aerial,354,stream_gbassinexch1.stream_2023-02-16_16-34-07/25edd9b3_f0004044.jpg,https://huggingface.co/datasets/shivam11/grand-bassin-traffic/resolve/main/images/stream_gbassinexch1.stream_2023-02-16_16-34-07/25edd9b3_f0004044.jpg?download=true,data/raw/grand_bassin/images/stream_gbassinexch1.stream_2023-02-16_16-34-07/25edd9b3_f0004044.jpg
stream_gbassinexch1.stream_2023-02-16_16-34-07,development,1546,4056,169.000,aerial,358,stream_gbassinexch1.stream_2023-02-16_16-34-07/25edd9b3_f0004056.jpg,https://huggingface.co/datasets/shivam11/grand-bassin-traffic/resolve/main/images/stream_gbassinexch1.stream_2023-02-16_16-34-07/25edd9b3_f0004056.jpg?download=true,data/raw/grand_bassin/images/stream_gbassinexch1.stream_2023-02-16_16-34-07/25edd9b3_f0004056.jpg
stream_gbassinexch1.stream_2023-02-16_16-34-07,development,1547,4068,169.500,aerial,363,stream_gbassinexch1.stream_2023-02-16_16-34-07/25edd9b3_f0004068.jpg,https://huggingface.co/datasets/shivam11/grand-bassin-traffic/resolve/main/images/stream_gbassinexch1.stream_2023-02-16_16-34-07/25edd9b3_f0004068.jpg?download=true,data/raw/grand_bassin/images/stream_gbassinexch1.stream_2023-02-16_16-34-07/25edd9b3_f0004068.jpg
stream_gbassinexch1.stream_2023-02-16_16-34-07,development,1548,4080,170.000,aerial,355,stream_gbassinexch1.stream_2023-02-16_16-34-07/25edd9b3_f0004080.jpg,https://huggingface.co/datasets/shivam11/grand-bassin-traffic/resolve/main/images/stream_gbassinexch1.stream_2023-02-16_16-34-07/25edd9b3_f0004080.jpg?download=true,data/raw/grand_bassin/images/stream_gbassinexch1.stream_2023-02-16_16-34-07/25edd9b3_f0004080.jpg
stream_gbassinexch1.stream_2023-02-16_16-34-07,development,1549,4092,170.500,aerial,353,stream_gbassinexch1.stream_2023-02-16_16-34-07/25edd9b3_f0004092.jpg,https://huggingface.co/datasets/shivam11/grand-bassin-traffic/resolve/main/images/stream_gbassinexch1.stream_2023-02-16_16-34-07/25edd9b3_f0004092.jpg?download=true,data/raw/grand_bassin/images/stream_gbassinexch1.stream_2023-02-16_16-34-07/25edd9b3_f0004092.jpg
stream_gbassinexch1.stream_2023-02-16_16-34-07,development,1550,4104,171.000,aerial,351,stream_gbassinexch1.stream_2023-02-16_16-34-07/25edd9b3_f0004104.jpg,https://huggingface.co/datasets/shivam11/grand-bassin-traffic/resolve/main/images/stream_gbassinexch1.stream_2023-02-16_16-34-07/25edd9b3_f0004104.jpg?download=true,data/raw/grand_bassin/images/stream_gbassinexch1.stream_2023-02-16_16-34-07/25edd9b3_f0004104.jpg
stream_gbassinexch1.stream_2023-02-16_16-34-07,development,1551,4116,171.500,aerial,349,stream_gbassinexch1.stream_2023-02-16_16-34-07/25edd9b3_f0004116.jpg,https://huggingface.co/datasets/shivam11/grand-bassin-traffic/resolve/main/images/stream_gbassinexch1.stream_2023-02-16_16-34-07/25edd9b3_f0004116.jpg?download=true,data/raw/grand_bassin/images/stream_gbassinexch1.stream_2023-02-16_16-34-07/25edd9b3_f0004116.jpg
stream_gbassinexch1.stream_2023-02-16_16-34-07,development,1552,4128,172.000,aerial,355,stream_gbassinexch1.stream_2023-02-16_16-34-07/25edd9b3_f0004128.jpg,https://huggingface.co/datasets/shivam11/grand-bassin-traffic/resolve/main/images/stream_gbassinexch1.stream_2023-02-16_16-34-07/25edd9b3_f0004128.jpg?download=true,data/raw/grand_bassin/images/stream_gbassinexch1.stream_2023-02-16_16-34-07/25edd9b3_f0004128.jpg
stream_gbassinexch1.stream_2023-02-16_16-34-07,development,1553,4140,172.500,aerial,363,stream_gbassinexch1.stream_2023-02-16_16-34-07/25edd9b3_f0004140.jpg,https://huggingface.co/datasets/shivam11/grand-bassin-traffic/resolve/main/images/stream_gbassinexch1.stream_2023-02-16_16-34-07/25edd9b3_f0004140.jpg?download=true,data/raw/grand_bassin/images/stream_gbassinexch1.stream_2023-02-16_16-34-07/25edd9b3_f0004140.jpg
stream_gbassinexch1.stream_2023-02-16_16-34-07,development,1554,4152,173.000,aerial,362,stream_gbassinexch1.stream_2023-02-16_16-34-07/25edd9b3_f0004152.jpg,https://huggingface.co/datasets/shivam11/grand-bassin-traffic/resolve/main/images/stream_gbassinexch1.stream_2023-02-16_16-34-07/25edd9b3_f0004152.jpg?download=true,data/raw/grand_bassin/images/stream_gbassinexch1.stream_2023-02-16_16-34-07/25edd9b3_f0004152.jpg
stream_gbassinexch1.stream_2023-02-16_16-34-07,development,1555,4164,173.500,aerial,349,stream_gbassinexch1.stream_2023-02-16_16-34-07/25edd9b3_f0004164.jpg,https://huggingface.co/datasets/shivam11/grand-bassin-traffic/resolve/main/images/stream_gbassinexch1.stream_2023-02-16_16-34-07/25edd9b3_f0004164.jpg?download=true,data/raw/grand_bassin/images/stream_gbassinexch1.stream_2023-02-16_16-34-07/25edd9b3_f0004164.jpg
stream_gbassinexch1.stream_2023-02-16_16-34-07,development,1556,4176,174.000,aerial,341,stream_gbassinexch1.stream_2023-02-16_16-34-07/25edd9b3_f0004176.jpg,https://huggingface.co/datasets/shivam11/grand-bassin-traffic/resolve/main/images/stream_gbassinexch1.stream_2023-02-16_16-34-07/25edd9b3_f0004176.jpg?download=true,data/raw/grand_bassin/images/stream_gbassinexch1.stream_2023-02-16_16-34-07/25edd9b3_f0004176.jpg
stream_gbassinexch1.stream_2023-02-16_16-34-07,development,1557,4188,174.500,aerial,347,stream_gbassinexch1.stream_2023-02-16_16-34-07/25edd9b3_f0004188.jpg,https://huggingface.co/datasets/shivam11/grand-bassin-traffic/resolve/main/images/stream_gbassinexch1.stream_2023-02-16_16-34-07/25edd9b3_f0004188.jpg?download=true,data/raw/grand_bassin/images/stream_gbassinexch1.stream_2023-02-16_16-34-07/25edd9b3_f0004188.jpg
stream_gbassinexch1.stream_2023-02-16_16-34-07,development,1558,4200,175.000,aerial,347,stream_gbassinexch1.stream_2023-02-16_16-34-07/25edd9b3_f0004200.jpg,https://huggingface.co/datasets/shivam11/grand-bassin-traffic/resolve/main/images/stream_gbassinexch1.stream_2023-02-16_16-34-07/25edd9b3_f0004200.jpg?download=true,data/raw/grand_bassin/images/stream_gbassinexch1.stream_2023-02-16_16-34-07/25edd9b3_f0004200.jpg
stream_gbassinexch1.stream_2023-02-16_16-34-07,development,1559,4212,175.500,aerial,355,stream_gbassinexch1.stream_2023-02-16_16-34-07/25edd9b3_f0004212.jpg,https://huggingface.co/datasets/shivam11/grand-bassin-traffic/resolve/main/images/stream_gbassinexch1.stream_2023-02-16_16-34-07/25edd9b3_f0004212.jpg?download=true,data/raw/grand_bassin/images/stream_gbassinexch1.stream_2023-02-16_16-34-07/25edd9b3_f0004212.jpg
stream_gbassinexch1.stream_2023-02-16_16-34-07,development,1560,4224,176.000,aerial,358,stream_gbassinexch1.stream_2023-02-16_16-34-07/25edd9b3_f0004224.jpg,https://huggingface.co/datasets/shivam11/grand-bassin-traffic/resolve/main/images/stream_gbassinexch1.stream_2023-02-16_16-34-07/25edd9b3_f0004224.jpg?download=true,data/raw/grand_bassin/images/stream_gbassinexch1.stream_2023-02-16_16-34-07/25edd9b3_f0004224.jpg
stream_gbassinexch1.stream_2023-02-16_16-34-07,development,1561,4236,176.500,aerial,355,stream_gbassinexch1.stream_2023-02-16_16-34-07/25edd9b3_f0004236.jpg,https://huggingface.co/datasets/shivam11/grand-bassin-traffic/resolve/main/images/stream_gbassinexch1.stream_2023-02-16_16-34-07/25edd9b3_f0004236.jpg?download=true,data/raw/grand_bassin/images/stream_gbassinexch1.stream_2023-02-16_16-34-07/25edd9b3_f0004236.jpg
stream_gbassinexch1.stream_2023-02-16_16-34-07,development,1562,4248,177.000,aerial,354,stream_gbassinexch1.stream_2023-02-16_16-34-07/25edd9b3_f0004248.jpg,https://huggingface.co/datasets/shivam11/grand-bassin-traffic/resolve/main/images/stream_gbassinexch1.stream_2023-02-16_16-34-07/25edd9b3_f0004248.jpg?download=true,data/raw/grand_bassin/images/stream_gbassinexch1.stream_2023-02-16_16-34-07/25edd9b3_f0004248.jpg
stream_gbassinexch1.stream_2023-02-16_16-34-07,development,1563,4260,177.500,aerial,351,stream_gbassinexch1.stream_2023-02-16_16-34-07/25edd9b3_f0004260.jpg,https://huggingface.co/datasets/shivam11/grand-bassin-traffic/resolve/main/images/stream_gbassinexch1.stream_2023-02-16_16-34-07/25edd9b3_f0004260.jpg?download=true,data/raw/grand_bassin/images/stream_gbassinexch1.stream_2023-02-16_16-34-07/25edd9b3_f0004260.jpg
stream_gbassinexch1.stream_2023-02-16_16-34-07,development,1564,4272,178.000,aerial,346,stream_gbassinexch1.stream_2023-02-16_16-34-07/25edd9b3_f0004272.jpg,https://huggingface.co/datasets/shivam11/grand-bassin-traffic/resolve/main/images/stream_gbassinexch1.stream_2023-02-16_16-34-07/25edd9b3_f0004272.jpg?download=true,data/raw/grand_bassin/images/stream_gbassinexch1.stream_2023-02-16_16-34-07/25edd9b3_f0004272.jpg
stream_gbassinexch1.stream_2023-02-16_16-34-07,development,1565,4284,178.500,aerial,351,stream_gbassinexch1.stream_2023-02-16_16-34-07/25edd9b3_f0004284.jpg,https://huggingface.co/datasets/shivam11/grand-bassin-traffic/resolve/main/images/stream_gbassinexch1.stream_2023-02-16_16-34-07/25edd9b3_f0004284.jpg?download=true,data/raw/grand_bassin/images/stream_gbassinexch1.stream_2023-02-16_16-34-07/25edd9b3_f0004284.jpg
stream_gbassinexch1.stream_2023-02-16_16-34-07,development,1566,4296,179.000,aerial,350,stream_gbassinexch1.stream_2023-02-16_16-34-07/25edd9b3_f0004296.jpg,https://huggingface.co/datasets/shivam11/grand-bassin-traffic/resolve/main/images/stream_gbassinexch1.stream_2023-02-16_16-34-07/25edd9b3_f0004296.jpg?download=true,data/raw/grand_bassin/images/stream_gbassinexch1.stream_2023-02-16_16-34-07/25edd9b3_f0004296.jpg
stream_gbassinexch1.stream_2023-02-16_16-34-07,development,1567,4308,179.500,aerial,357,stream_gbassinexch1.stream_2023-02-16_16-34-07/25edd9b3_f0004308.jpg,https://huggingface.co/datasets/shivam11/grand-bassin-traffic/resolve/main/images/stream_gbassinexch1.stream_2023-02-16_16-34-07/25edd9b3_f0004308.jpg?download=true,data/raw/grand_bassin/images/stream_gbassinexch1.stream_2023-02-16_16-34-07/25edd9b3_f0004308.jpg
stream_gbassinexch1.stream_2023-02-16_16-34-07,development,1568,4320,180.000,aerial,352,stream_gbassinexch1.stream_2023-02-16_16-34-07/25edd9b3_f0004320.jpg,https://huggingface.co/datasets/shivam11/grand-bassin-traffic/resolve/main/images/stream_gbassinexch1.stream_2023-02-16_16-34-07/25edd9b3_f0004320.jpg?download=true,data/raw/grand_bassin/images/stream_gbassinexch1.stream_2023-02-16_16-34-07/25edd9b3_f0004320.jpg
stream_gbassinexch1.stream_2023-02-16_16-34-07,development,1569,4332,180.500,aerial,354,stream_gbassinexch1.stream_2023-02-16_16-34-07/25edd9b3_f0004332.jpg,https://huggingface.co/datasets/shivam11/grand-bassin-traffic/resolve/main/images/stream_gbassinexch1.stream_2023-02-16_16-34-07/25edd9b3_f0004332.jpg?download=true,data/raw/grand_bassin/images/stream_gbassinexch1.stream_2023-02-16_16-34-07/25edd9b3_f0004332.jpg
stream_gbassinexch1.stream_2023-02-16_16-34-07,development,1570,4344,181.000,aerial,356,stream_gbassinexch1.stream_2023-02-16_16-34-07/25edd9b3_f0004344.jpg,https://huggingface.co/datasets/shivam11/grand-bassin-traffic/resolve/main/images/stream_gbassinexch1.stream_2023-02-16_16-34-07/25edd9b3_f0004344.jpg?download=true,data/raw/grand_bassin/images/stream_gbassinexch1.stream_2023-02-16_16-34-07/25edd9b3_f0004344.jpg
stream_gbassinexch1.stream_2023-02-16_16-34-07,development,1571,4356,181.500,aerial,357,stream_gbassinexch1.stream_2023-02-16_16-34-07/25edd9b3_f0004356.jpg,https://huggingface.co/datasets/shivam11/grand-bassin-traffic/resolve/main/images/stream_gbassinexch1.stream_2023-02-16_16-34-07/25edd9b3_f0004356.jpg?download=true,data/raw/grand_bassin/images/stream_gbassinexch1.stream_2023-02-16_16-34-07/25edd9b3_f0004356.jpg
stream_gbassinexch1.stream_2023-02-16_16-34-07,development,1572,4368,182.000,aerial,355,stream_gbassinexch1.stream_2023-02-16_16-34-07/25edd9b3_f0004368.jpg,https://huggingface.co/datasets/shivam11/grand-bassin-traffic/resolve/main/images/stream_gbassinexch1.stream_2023-02-16_16-34-07/25edd9b3_f0004368.jpg?download=true,data/raw/grand_bassin/images/stream_gbassinexch1.stream_2023-02-16_16-34-07/25edd9b3_f0004368.jpg
stream_gbassinexch1.stream_2023-02-16_16-34-07,development,1573,4380,182.500,aerial,360,stream_gbassinexch1.stream_2023-02-16_16-34-07/25edd9b3_f0004380.jpg,https://huggingface.co/datasets/shivam11/grand-bassin-traffic/resolve/main/images/stream_gbassinexch1.stream_2023-02-16_16-34-07/25edd9b3_f0004380.jpg?download=true,data/raw/grand_bassin/images/stream_gbassinexch1.stream_2023-02-16_16-34-07/25edd9b3_f0004380.jpg
stream_gbassinexch1.stream_2023-02-16_16-34-07,development,1574,4392,183.000,aerial,362,stream_gbassinexch1.stream_2023-02-16_16-34-07/25edd9b3_f0004392.jpg,https://huggingface.co/datasets/shivam11/grand-bassin-traffic/resolve/main/images/stream_gbassinexch1.stream_2023-02-16_16-34-07/25edd9b3_f0004392.jpg?download=true,data/raw/grand_bassin/images/stream_gbassinexch1.stream_2023-02-16_16-34-07/25edd9b3_f0004392.jpg
stream_gbassinexch1.stream_2023-02-16_16-34-07,development,1575,4404,183.500,aerial,363,stream_gbassinexch1.stream_2023-02-16_16-34-07/25edd9b3_f0004404.jpg,https://huggingface.co/datasets/shivam11/grand-bassin-traffic/resolve/main/images/stream_gbassinexch1.stream_2023-02-16_16-34-07/25edd9b3_f0004404.jpg?download=true,data/raw/grand_bassin/images/stream_gbassinexch1.stream_2023-02-16_16-34-07/25edd9b3_f0004404.jpg
stream_gbassinexch1.stream_2023-02-16_16-34-07,development,1576,4416,184.000,aerial,359,stream_gbassinexch1.stream_2023-02-16_16-34-07/25edd9b3_f0004416.jpg,https://huggingface.co/datasets/shivam11/grand-bassin-traffic/resolve/main/images/stream_gbassinexch1.stream_2023-02-16_16-34-07/25edd9b3_f0004416.jpg?download=true,data/raw/grand_bassin/images/stream_gbassinexch1.stream_2023-02-16_16-34-07/25edd9b3_f0004416.jpg
stream_gbassinexch1.stream_2023-02-16_16-34-07,development,1577,4428,184.500,aerial,357,stream_gbassinexch1.stream_2023-02-16_16-34-07/25edd9b3_f0004428.jpg,https://huggingface.co/datasets/shivam11/grand-bassin-traffic/resolve/main/images/stream_gbassinexch1.stream_2023-02-16_16-34-07/25edd9b3_f0004428.jpg?download=true,data/raw/grand_bassin/images/stream_gbassinexch1.stream_2023-02-16_16-34-07/25edd9b3_f0004428.jpg
stream_gbassinexch1.stream_2023-02-16_16-34-07,development,1578,4440,185.000,aerial,354,stream_gbassinexch1.stream_2023-02-16_16-34-07/25edd9b3_f0004440.jpg,https://huggingface.co/datasets/shivam11/grand-bassin-traffic/resolve/main/images/stream_gbassinexch1.stream_2023-02-16_16-34-07/25edd9b3_f0004440.jpg?download=true,data/raw/grand_bassin/images/stream_gbassinexch1.stream_2023-02-16_16-34-07/25edd9b3_f0004440.jpg
stream_gbassinexch1.stream_2023-02-16_16-34-07,development,1579,4452,185.500,aerial,345,stream_gbassinexch1.stream_2023-02-16_16-34-07/25edd9b3_f0004452.jpg,https://huggingface.co/datasets/shivam11/grand-bassin-traffic/resolve/main/images/stream_gbassinexch1.stream_2023-02-16_16-34-07/25edd9b3_f0004452.jpg?download=true,data/raw/grand_bassin/images/stream_gbassinexch1.stream_2023-02-16_16-34-07/25edd9b3_f0004452.jpg
stream_gbassinexch1.stream_2023-02-16_16-34-07,development,1580,4464,186.000,aerial,348,stream_gbassinexch1.stream_2023-02-16_16-34-07/25edd9b3_f0004464.jpg,https://huggingface.co/datasets/shivam11/grand-bassin-traffic/resolve/main/images/stream_gbassinexch1.stream_2023-02-16_16-34-07/25edd9b3_f0004464.jpg?download=true,data/raw/grand_bassin/images/stream_gbassinexch1.stream_2023-02-16_16-34-07/25edd9b3_f0004464.jpg
stream_gbassinexch1.stream_2023-02-16_16-34-07,development,1581,4476,186.500,aerial,344,stream_gbassinexch1.stream_2023-02-16_16-34-07/25edd9b3_f0004476.jpg,https://huggingface.co/datasets/shivam11/grand-bassin-traffic/resolve/main/images/stream_gbassinexch1.stream_2023-02-16_16-34-07/25edd9b3_f0004476.jpg?download=true,data/raw/grand_bassin/images/stream_gbassinexch1.stream_2023-02-16_16-34-07/25edd9b3_f0004476.jpg
stream_gbassinexch1.stream_2023-02-16_16-34-07,development,1582,4488,187.000,aerial,352,stream_gbassinexch1.stream_2023-02-16_16-34-07/25edd9b3_f0004488.jpg,https://huggingface.co/datasets/shivam11/grand-bassin-traffic/resolve/main/images/stream_gbassinexch1.stream_2023-02-16_16-34-07/25edd9b3_f0004488.jpg?download=true,data/raw/grand_bassin/images/stream_gbassinexch1.stream_2023-02-16_16-34-07/25edd9b3_f0004488.jpg
stream_gbassinexch1.stream_2023-02-16_16-34-07,development,1583,4500,187.500,aerial,347,stream_gbassinexch1.stream_2023-02-16_16-34-07/25edd9b3_f0004500.jpg,https://huggingface.co/datasets/shivam11/grand-bassin-traffic/resolve/main/images/stream_gbassinexch1.stream_2023-02-16_16-34-07/25edd9b3_f0004500.jpg?download=true,data/raw/grand_bassin/images/stream_gbassinexch1.stream_2023-02-16_16-34-07/25edd9b3_f0004500.jpg
stream_gbassinexch1.stream_2023-02-16_16-34-07,development,1584,4512,188.000,aerial,341,stream_gbassinexch1.stream_2023-02-16_16-34-07/25edd9b3_f0004512.jpg,https://huggingface.co/datasets/shivam11/grand-bassin-traffic/resolve/main/images/stream_gbassinexch1.stream_2023-02-16_16-34-07/25edd9b3_f0004512.jpg?download=true,data/raw/grand_bassin/images/stream_gbassinexch1.stream_2023-02-16_16-34-07/25edd9b3_f0004512.jpg
stream_gbassinexch1.stream_2023-02-16_16-34-07,development,1585,4524,188.500,aerial,340,stream_gbassinexch1.stream_2023-02-16_16-34-07/25edd9b3_f0004524.jpg,https://huggingface.co/datasets/shivam11/grand-bassin-traffic/resolve/main/images/stream_gbassinexch1.stream_2023-02-16_16-34-07/25edd9b3_f0004524.jpg?download=true,data/raw/grand_bassin/images/stream_gbassinexch1.stream_2023-02-16_16-34-07/25edd9b3_f0004524.jpg
stream_gbassinexch1.stream_2023-02-16_16-34-07,development,1586,4536,189.000,aerial,347,stream_gbassinexch1.stream_2023-02-16_16-34-07/25edd9b3_f0004536.jpg,https://huggingface.co/datasets/shivam11/grand-bassin-traffic/resolve/main/images/stream_gbassinexch1.stream_2023-02-16_16-34-07/25edd9b3_f0004536.jpg?download=true,data/raw/grand_bassin/images/stream_gbassinexch1.stream_2023-02-16_16-34-07/25edd9b3_f0004536.jpg
stream_gbassinexch1.stream_2023-02-16_16-34-07,development,1587,4548,189.500,aerial,349,stream_gbassinexch1.stream_2023-02-16_16-34-07/25edd9b3_f0004548.jpg,https://huggingface.co/datasets/shivam11/grand-bassin-traffic/resolve/main/images/stream_gbassinexch1.stream_2023-02-16_16-34-07/25edd9b3_f0004548.jpg?download=true,data/raw/grand_bassin/images/stream_gbassinexch1.stream_2023-02-16_16-34-07/25edd9b3_f0004548.jpg
stream_gbassinexch1.stream_2023-02-16_16-34-07,development,1588,4560,190.000,aerial,343,stream_gbassinexch1.stream_2023-02-16_16-34-07/25edd9b3_f0004560.jpg,https://huggingface.co/datasets/shivam11/grand-bassin-traffic/resolve/main/images/stream_gbassinexch1.stream_2023-02-16_16-34-07/25edd9b3_f0004560.jpg?download=true,data/raw/grand_bassin/images/stream_gbassinexch1.stream_2023-02-16_16-34-07/25edd9b3_f0004560.jpg
stream_gbassinexch1.stream_2023-02-16_16-34-07,development,1589,4572,190.500,aerial,341,stream_gbassinexch1.stream_2023-02-16_16-34-07/25edd9b3_f0004572.jpg,https://huggingface.co/datasets/shivam11/grand-bassin-traffic/resolve/main/images/stream_gbassinexch1.stream_2023-02-16_16-34-07/25edd9b3_f0004572.jpg?download=true,data/raw/grand_bassin/images/stream_gbassinexch1.stream_2023-02-16_16-34-07/25edd9b3_f0004572.jpg
stream_gbassinexch1.stream_2023-02-16_16-34-07,development,1590,4584,191.000,aerial,347,stream_gbassinexch1.stream_2023-02-16_16-34-07/25edd9b3_f0004584.jpg,https://huggingface.co/datasets/shivam11/grand-bassin-traffic/resolve/main/images/stream_gbassinexch1.stream_2023-02-16_16-34-07/25edd9b3_f0004584.jpg?download=true,data/raw/grand_bassin/images/stream_gbassinexch1.stream_2023-02-16_16-34-07/25edd9b3_f0004584.jpg
stream_gbassinexch1.stream_2023-02-16_16-34-07,development,1591,4596,191.500,aerial,344,stream_gbassinexch1.stream_2023-02-16_16-34-07/25edd9b3_f0004596.jpg,https://huggingface.co/datasets/shivam11/grand-bassin-traffic/resolve/main/images/stream_gbassinexch1.stream_2023-02-16_16-34-07/25edd9b3_f0004596.jpg?download=true,data/raw/grand_bassin/images/stream_gbassinexch1.stream_2023-02-16_16-34-07/25edd9b3_f0004596.jpg
stream_gbassinexch1.stream_2023-02-16_16-34-07,development,1592,4608,192.000,aerial,354,stream_gbassinexch1.stream_2023-02-16_16-34-07/25edd9b3_f0004608.jpg,https://huggingface.co/datasets/shivam11/grand-bassin-traffic/resolve/main/images/stream_gbassinexch1.stream_2023-02-16_16-34-07/25edd9b3_f0004608.jpg?download=true,data/raw/grand_bassin/images/stream_gbassinexch1.stream_2023-02-16_16-34-07/25edd9b3_f0004608.jpg
stream_gbassinexch1.stream_2023-02-16_16-34-07,development,1593,4620,192.500,aerial,340,stream_gbassinexch1.stream_2023-02-16_16-34-07/25edd9b3_f0004620.jpg,https://huggingface.co/datasets/shivam11/grand-bassin-traffic/resolve/main/images/stream_gbassinexch1.stream_2023-02-16_16-34-07/25edd9b3_f0004620.jpg?download=true,data/raw/grand_bassin/images/stream_gbassinexch1.stream_2023-02-16_16-34-07/25edd9b3_f0004620.jpg
stream_gbassinexch1.stream_2023-02-16_16-34-07,development,1594,4632,193.000,aerial,347,stream_gbassinexch1.stream_2023-02-16_16-34-07/25edd9b3_f0004632.jpg,https://huggingface.co/datasets/shivam11/grand-bassin-traffic/resolve/main/images/stream_gbassinexch1.stream_2023-02-16_16-34-07/25edd9b3_f0004632.jpg?download=true,data/raw/grand_bassin/images/stream_gbassinexch1.stream_2023-02-16_16-34-07/25edd9b3_f0004632.jpg
stream_gbassinexch1.stream_2023-02-16_16-34-07,development,1595,4644,193.500,aerial,350,stream_gbassinexch1.stream_2023-02-16_16-34-07/25edd9b3_f0004644.jpg,https://huggingface.co/datasets/shivam11/grand-bassin-traffic/resolve/main/images/stream_gbassinexch1.stream_2023-02-16_16-34-07/25edd9b3_f0004644.jpg?download=true,data/raw/grand_bassin/images/stream_gbassinexch1.stream_2023-02-16_16-34-07/25edd9b3_f0004644.jpg
stream_gbassinexch1.stream_2023-02-16_16-34-07,development,1596,4656,194.000,aerial,347,stream_gbassinexch1.stream_2023-02-16_16-34-07/25edd9b3_f0004656.jpg,https://huggingface.co/datasets/shivam11/grand-bassin-traffic/resolve/main/images/stream_gbassinexch1.stream_2023-02-16_16-34-07/25edd9b3_f0004656.jpg?download=true,data/raw/grand_bassin/images/stream_gbassinexch1.stream_2023-02-16_16-34-07/25edd9b3_f0004656.jpg
stream_gbassinexch1.stream_2023-02-16_16-34-07,development,1597,4668,194.500,aerial,345,stream_gbassinexch1.stream_2023-02-16_16-34-07/25edd9b3_f0004668.jpg,https://huggingface.co/datasets/shivam11/grand-bassin-traffic/resolve/main/images/stream_gbassinexch1.stream_2023-02-16_16-34-07/25edd9b3_f0004668.jpg?download=true,data/raw/grand_bassin/images/stream_gbassinexch1.stream_2023-02-16_16-34-07/25edd9b3_f0004668.jpg
stream_gbassinexch1.stream_2023-02-16_16-34-07,development,1598,4680,195.000,aerial,358,stream_gbassinexch1.stream_2023-02-16_16-34-07/25edd9b3_f0004680.jpg,https://huggingface.co/datasets/shivam11/grand-bassin-traffic/resolve/main/images/stream_gbassinexch1.stream_2023-02-16_16-34-07/25edd9b3_f0004680.jpg?download=true,data/raw/grand_bassin/images/stream_gbassinexch1.stream_2023-02-16_16-34-07/25edd9b3_f0004680.jpg
stream_gbassinexch1.stream_2023-02-16_16-34-07,development,1599,4692,195.500,aerial,347,stream_gbassinexch1.stream_2023-02-16_16-34-07/25edd9b3_f0004692.jpg,https://huggingface.co/datasets/shivam11/grand-bassin-traffic/resolve/main/images/stream_gbassinexch1.stream_2023-02-16_16-34-07/25edd9b3_f0004692.jpg?download=true,data/raw/grand_bassin/images/stream_gbassinexch1.stream_2023-02-16_16-34-07/25edd9b3_f0004692.jpg
stream_gbassinexch1.stream_2023-02-16_16-34-07,development,1600,4704,196.000,aerial,350,stream_gbassinexch1.stream_2023-02-16_16-34-07/25edd9b3_f0004704.jpg,https://huggingface.co/datasets/shivam11/grand-bassin-traffic/resolve/main/images/stream_gbassinexch1.stream_2023-02-16_16-34-07/25edd9b3_f0004704.jpg?download=true,data/raw/grand_bassin/images/stream_gbassinexch1.stream_2023-02-16_16-34-07/25edd9b3_f0004704.jpg
stream_gbassinexch1.stream_2023-02-16_16-34-07,development,1601,4716,196.500,aerial,347,stream_gbassinexch1.stream_2023-02-16_16-34-07/25edd9b3_f0004716.jpg,https://huggingface.co/datasets/shivam11/grand-bassin-traffic/resolve/main/images/stream_gbassinexch1.stream_2023-02-16_16-34-07/25edd9b3_f0004716.jpg?download=true,data/raw/grand_bassin/images/stream_gbassinexch1.stream_2023-02-16_16-34-07/25edd9b3_f0004716.jpg
stream_gbassinexch1.stream_2023-02-16_16-34-07,development,1602,4728,197.000,aerial,345,stream_gbassinexch1.stream_2023-02-16_16-34-07/25edd9b3_f0004728.jpg,https://huggingface.co/datasets/shivam11/grand-bassin-traffic/resolve/main/images/stream_gbassinexch1.stream_2023-02-16_16-34-07/25edd9b3_f0004728.jpg?download=true,data/raw/grand_bassin/images/stream_gbassinexch1.stream_2023-02-16_16-34-07/25edd9b3_f0004728.jpg
stream_gbassinexch1.stream_2023-02-16_16-34-07,development,1603,4740,197.500,aerial,348,stream_gbassinexch1.stream_2023-02-16_16-34-07/25edd9b3_f0004740.jpg,https://huggingface.co/datasets/shivam11/grand-bassin-traffic/resolve/main/images/stream_gbassinexch1.stream_2023-02-16_16-34-07/25edd9b3_f0004740.jpg?download=true,data/raw/grand_bassin/images/stream_gbassinexch1.stream_2023-02-16_16-34-07/25edd9b3_f0004740.jpg
stream_gbassinexch1.stream_2023-02-16_16-34-07,development,1604,4752,198.000,aerial,351,stream_gbassinexch1.stream_2023-02-16_16-34-07/25edd9b3_f0004752.jpg,https://huggingface.co/datasets/shivam11/grand-bassin-traffic/resolve/main/images/stream_gbassinexch1.stream_2023-02-16_16-34-07/25edd9b3_f0004752.jpg?download=true,data/raw/grand_bassin/images/stream_gbassinexch1.stream_2023-02-16_16-34-07/25edd9b3_f0004752.jpg
stream_gbassinexch1.stream_2023-02-16_16-34-07,development,1605,4764,198.500,aerial,355,stream_gbassinexch1.stream_2023-02-16_16-34-07/25edd9b3_f0004764.jpg,https://huggingface.co/datasets/shivam11/grand-bassin-traffic/resolve/main/images/stream_gbassinexch1.stream_2023-02-16_16-34-07/25edd9b3_f0004764.jpg?download=true,data/raw/grand_bassin/images/stream_gbassinexch1.stream_2023-02-16_16-34-07/25edd9b3_f0004764.jpg
stream_gbassinexch1.stream_2023-02-16_16-34-07,development,1606,4776,199.000,aerial,354,stream_gbassinexch1.stream_2023-02-16_16-34-07/25edd9b3_f0004776.jpg,https://huggingface.co/datasets/shivam11/grand-bassin-traffic/resolve/main/images/stream_gbassinexch1.stream_2023-02-16_16-34-07/25edd9b3_f0004776.jpg?download=true,data/raw/grand_bassin/images/stream_gbassinexch1.stream_2023-02-16_16-34-07/25edd9b3_f0004776.jpg
stream_gbassinexch1.stream_2023-02-16_16-34-07,development,1607,4788,199.500,aerial,355,stream_gbassinexch1.stream_2023-02-16_16-34-07/25edd9b3_f0004788.jpg,https://huggingface.co/datasets/shivam11/grand-bassin-traffic/resolve/main/images/stream_gbassinexch1.stream_2023-02-16_16-34-07/25edd9b3_f0004788.jpg?download=true,data/raw/grand_bassin/images/stream_gbassinexch1.stream_2023-02-16_16-34-07/25edd9b3_f0004788.jpg
stream_gbassinexch1.stream_2023-02-16_16-34-07,development,1608,4800,200.000,aerial,352,stream_gbassinexch1.stream_2023-02-16_16-34-07/25edd9b3_f0004800.jpg,https://huggingface.co/datasets/shivam11/grand-bassin-traffic/resolve/main/images/stream_gbassinexch1.stream_2023-02-16_16-34-07/25edd9b3_f0004800.jpg?download=true,data/raw/grand_bassin/images/stream_gbassinexch1.stream_2023-02-16_16-34-07/25edd9b3_f0004800.jpg
stream_gbassinexch1.stream_2023-02-16_16-34-07,development,1609,4812,200.500,aerial,359,stream_gbassinexch1.stream_2023-02-16_16-34-07/25edd9b3_f0004812.jpg,https://huggingface.co/datasets/shivam11/grand-bassin-traffic/resolve/main/images/stream_gbassinexch1.stream_2023-02-16_16-34-07/25edd9b3_f0004812.jpg?download=true,data/raw/grand_bassin/images/stream_gbassinexch1.stream_2023-02-16_16-34-07/25edd9b3_f0004812.jpg
stream_gbassinexch1.stream_2023-02-16_16-34-07,development,1610,4824,201.000,aerial,353,stream_gbassinexch1.stream_2023-02-16_16-34-07/25edd9b3_f0004824.jpg,https://huggingface.co/datasets/shivam11/grand-bassin-traffic/resolve/main/images/stream_gbassinexch1.stream_2023-02-16_16-34-07/25edd9b3_f0004824.jpg?download=true,data/raw/grand_bassin/images/stream_gbassinexch1.stream_2023-02-16_16-34-07/25edd9b3_f0004824.jpg
stream_gbassinexch1.stream_2023-02-16_16-34-07,development,1611,4836,201.500,aerial,353,stream_gbassinexch1.stream_2023-02-16_16-34-07/25edd9b3_f0004836.jpg,https://huggingface.co/datasets/shivam11/grand-bassin-traffic/resolve/main/images/stream_gbassinexch1.stream_2023-02-16_16-34-07/25edd9b3_f0004836.jpg?download=true,data/raw/grand_bassin/images/stream_gbassinexch1.stream_2023-02-16_16-34-07/25edd9b3_f0004836.jpg
stream_gbassinexch1.stream_2023-02-16_16-34-07,development,1612,4848,202.000,aerial,357,stream_gbassinexch1.stream_2023-02-16_16-34-07/25edd9b3_f0004848.jpg,https://huggingface.co/datasets/shivam11/grand-bassin-traffic/resolve/main/images/stream_gbassinexch1.stream_2023-02-16_16-34-07/25edd9b3_f0004848.jpg?download=true,data/raw/grand_bassin/images/stream_gbassinexch1.stream_2023-02-16_16-34-07/25edd9b3_f0004848.jpg
stream_gbassinexch1.stream_2023-02-16_16-34-07,development,1613,4860,202.500,aerial,345,stream_gbassinexch1.stream_2023-02-16_16-34-07/25edd9b3_f0004860.jpg,https://huggingface.co/datasets/shivam11/grand-bassin-traffic/resolve/main/images/stream_gbassinexch1.stream_2023-02-16_16-34-07/25edd9b3_f0004860.jpg?download=true,data/raw/grand_bassin/images/stream_gbassinexch1.stream_2023-02-16_16-34-07/25edd9b3_f0004860.jpg
stream_gbassinexch1.stream_2023-02-16_16-34-07,development,1614,4872,203.000,aerial,356,stream_gbassinexch1.stream_2023-02-16_16-34-07/25edd9b3_f0004872.jpg,https://huggingface.co/datasets/shivam11/grand-bassin-traffic/resolve/main/images/stream_gbassinexch1.stream_2023-02-16_16-34-07/25edd9b3_f0004872.jpg?download=true,data/raw/grand_bassin/images/stream_gbassinexch1.stream_2023-02-16_16-34-07/25edd9b3_f0004872.jpg
stream_gbassinexch1.stream_2023-02-16_16-34-07,development,1615,4884,203.500,aerial,357,stream_gbassinexch1.stream_2023-02-16_16-34-07/25edd9b3_f0004884.jpg,https://huggingface.co/datasets/shivam11/grand-bassin-traffic/resolve/main/images/stream_gbassinexch1.stream_2023-02-16_16-34-07/25edd9b3_f0004884.jpg?download=true,data/raw/grand_bassin/images/stream_gbassinexch1.stream_2023-02-16_16-34-07/25edd9b3_f0004884.jpg
stream_gbassinexch1.stream_2023-02-16_16-34-07,development,1616,4896,204.000,aerial,357,stream_gbassinexch1.stream_2023-02-16_16-34-07/25edd9b3_f0004896.jpg,https://huggingface.co/datasets/shivam11/grand-bassin-traffic/resolve/main/images/stream_gbassinexch1.stream_2023-02-16_16-34-07/25edd9b3_f0004896.jpg?download=true,data/raw/grand_bassin/images/stream_gbassinexch1.stream_2023-02-16_16-34-07/25edd9b3_f0004896.jpg
stream_gbassinexch1.stream_2023-02-16_16-34-07,development,1617,4908,204.500,aerial,363,stream_gbassinexch1.stream_2023-02-16_16-34-07/25edd9b3_f0004908.jpg,https://huggingface.co/datasets/shivam11/grand-bassin-traffic/resolve/main/images/stream_gbassinexch1.stream_2023-02-16_16-34-07/25edd9b3_f0004908.jpg?download=true,data/raw/grand_bassin/images/stream_gbassinexch1.stream_2023-02-16_16-34-07/25edd9b3_f0004908.jpg
stream_gbassinexch1.stream_2023-02-16_16-34-07,development,1618,4920,205.000,aerial,356,stream_gbassinexch1.stream_2023-02-16_16-34-07/25edd9b3_f0004920.jpg,https://huggingface.co/datasets/shivam11/grand-bassin-traffic/resolve/main/images/stream_gbassinexch1.stream_2023-02-16_16-34-07/25edd9b3_f0004920.jpg?download=true,data/raw/grand_bassin/images/stream_gbassinexch1.stream_2023-02-16_16-34-07/25edd9b3_f0004920.jpg
stream_gbassinexch1.stream_2023-02-16_16-34-07,development,1619,4932,205.500,aerial,354,stream_gbassinexch1.stream_2023-02-16_16-34-07/25edd9b3_f0004932.jpg,https://huggingface.co/datasets/shivam11/grand-bassin-traffic/resolve/main/images/stream_gbassinexch1.stream_2023-02-16_16-34-07/25edd9b3_f0004932.jpg?download=true,data/raw/grand_bassin/images/stream_gbassinexch1.stream_2023-02-16_16-34-07/25edd9b3_f0004932.jpg
stream_gbassinexch1.stream_2023-02-16_16-34-07,development,1620,4944,206.000,aerial,358,stream_gbassinexch1.stream_2023-02-16_16-34-07/25edd9b3_f0004944.jpg,https://huggingface.co/datasets/shivam11/grand-bassin-traffic/resolve/main/images/stream_gbassinexch1.stream_2023-02-16_16-34-07/25edd9b3_f0004944.jpg?download=true,data/raw/grand_bassin/images/stream_gbassinexch1.stream_2023-02-16_16-34-07/25edd9b3_f0004944.jpg
stream_gbassinexch1.stream_2023-02-16_16-34-07,development,1621,4956,206.500,aerial,360,stream_gbassinexch1.stream_2023-02-16_16-34-07/25edd9b3_f0004956.jpg,https://huggingface.co/datasets/shivam11/grand-bassin-traffic/resolve/main/images/stream_gbassinexch1.stream_2023-02-16_16-34-07/25edd9b3_f0004956.jpg?download=true,data/raw/grand_bassin/images/stream_gbassinexch1.stream_2023-02-16_16-34-07/25edd9b3_f0004956.jpg
stream_gbassinexch1.stream_2023-02-16_16-34-07,development,1622,4968,207.000,aerial,358,stream_gbassinexch1.stream_2023-02-16_16-34-07/25edd9b3_f0004968.jpg,https://huggingface.co/datasets/shivam11/grand-bassin-traffic/resolve/main/images/stream_gbassinexch1.stream_2023-02-16_16-34-07/25edd9b3_f0004968.jpg?download=true,data/raw/grand_bassin/images/stream_gbassinexch1.stream_2023-02-16_16-34-07/25edd9b3_f0004968.jpg
stream_gbassinexch1.stream_2023-02-16_16-34-07,development,1623,4980,207.500,aerial,352,stream_gbassinexch1.stream_2023-02-16_16-34-07/25edd9b3_f0004980.jpg,https://huggingface.co/datasets/shivam11/grand-bassin-traffic/resolve/main/images/stream_gbassinexch1.stream_2023-02-16_16-34-07/25edd9b3_f0004980.jpg?download=true,data/raw/grand_bassin/images/stream_gbassinexch1.stream_2023-02-16_16-34-07/25edd9b3_f0004980.jpg
stream_gbassinexch1.stream_2023-02-16_16-34-07,development,1624,4992,208.000,aerial,371,stream_gbassinexch1.stream_2023-02-16_16-34-07/25edd9b3_f0004992.jpg,https://huggingface.co/datasets/shivam11/grand-bassin-traffic/resolve/main/images/stream_gbassinexch1.stream_2023-02-16_16-34-07/25edd9b3_f0004992.jpg?download=true,data/raw/grand_bassin/images/stream_gbassinexch1.stream_2023-02-16_16-34-07/25edd9b3_f0004992.jpg
stream_gbassinexch1.stream_2023-02-16_16-34-07,development,1625,5004,208.500,aerial,361,stream_gbassinexch1.stream_2023-02-16_16-34-07/25edd9b3_f0005004.jpg,https://huggingface.co/datasets/shivam11/grand-bassin-traffic/resolve/main/images/stream_gbassinexch1.stream_2023-02-16_16-34-07/25edd9b3_f0005004.jpg?download=true,data/raw/grand_bassin/images/stream_gbassinexch1.stream_2023-02-16_16-34-07/25edd9b3_f0005004.jpg
stream_gbassinexch1.stream_2023-02-16_16-34-07,development,1626,5016,209.000,aerial,356,stream_gbassinexch1.stream_2023-02-16_16-34-07/25edd9b3_f0005016.jpg,https://huggingface.co/datasets/shivam11/grand-bassin-traffic/resolve/main/images/stream_gbassinexch1.stream_2023-02-16_16-34-07/25edd9b3_f0005016.jpg?download=true,data/raw/grand_bassin/images/stream_gbassinexch1.stream_2023-02-16_16-34-07/25edd9b3_f0005016.jpg
stream_gbassinexch1.stream_2023-02-16_16-34-07,development,1627,5028,209.500,aerial,359,stream_gbassinexch1.stream_2023-02-16_16-34-07/25edd9b3_f0005028.jpg,https://huggingface.co/datasets/shivam11/grand-bassin-traffic/resolve/main/images/stream_gbassinexch1.stream_2023-02-16_16-34-07/25edd9b3_f0005028.jpg?download=true,data/raw/grand_bassin/images/stream_gbassinexch1.stream_2023-02-16_16-34-07/25edd9b3_f0005028.jpg
stream_gbassinexch1.stream_2023-02-16_16-34-07,development,1628,5040,210.000,aerial,361,stream_gbassinexch1.stream_2023-02-16_16-34-07/25edd9b3_f0005040.jpg,https://huggingface.co/datasets/shivam11/grand-bassin-traffic/resolve/main/images/stream_gbassinexch1.stream_2023-02-16_16-34-07/25edd9b3_f0005040.jpg?download=true,data/raw/grand_bassin/images/stream_gbassinexch1.stream_2023-02-16_16-34-07/25edd9b3_f0005040.jpg
stream_gbassinexch1.stream_2023-02-16_16-34-07,development,1629,5052,210.500,aerial,359,stream_gbassinexch1.stream_2023-02-16_16-34-07/25edd9b3_f0005052.jpg,https://huggingface.co/datasets/shivam11/grand-bassin-traffic/resolve/main/images/stream_gbassinexch1.stream_2023-02-16_16-34-07/25edd9b3_f0005052.jpg?download=true,data/raw/grand_bassin/images/stream_gbassinexch1.stream_2023-02-16_16-34-07/25edd9b3_f0005052.jpg
stream_gbassinexch1.stream_2023-02-16_16-34-07,development,1630,5064,211.000,aerial,362,stream_gbassinexch1.stream_2023-02-16_16-34-07/25edd9b3_f0005064.jpg,https://huggingface.co/datasets/shivam11/grand-bassin-traffic/resolve/main/images/stream_gbassinexch1.stream_2023-02-16_16-34-07/25edd9b3_f0005064.jpg?download=true,data/raw/grand_bassin/images/stream_gbassinexch1.stream_2023-02-16_16-34-07/25edd9b3_f0005064.jpg
stream_gbassinexch1.stream_2023-02-16_16-34-07,development,1631,5076,211.500,aerial,356,stream_gbassinexch1.stream_2023-02-16_16-34-07/25edd9b3_f0005076.jpg,https://huggingface.co/datasets/shivam11/grand-bassin-traffic/resolve/main/images/stream_gbassinexch1.stream_2023-02-16_16-34-07/25edd9b3_f0005076.jpg?download=true,data/raw/grand_bassin/images/stream_gbassinexch1.stream_2023-02-16_16-34-07/25edd9b3_f0005076.jpg
stream_gbassinexch1.stream_2023-02-16_16-34-07,development,1632,5088,212.000,aerial,352,stream_gbassinexch1.stream_2023-02-16_16-34-07/25edd9b3_f0005088.jpg,https://huggingface.co/datasets/shivam11/grand-bassin-traffic/resolve/main/images/stream_gbassinexch1.stream_2023-02-16_16-34-07/25edd9b3_f0005088.jpg?download=true,data/raw/grand_bassin/images/stream_gbassinexch1.stream_2023-02-16_16-34-07/25edd9b3_f0005088.jpg
stream_gbassinexch1.stream_2023-02-16_16-34-07,development,1633,5100,212.500,aerial,353,stream_gbassinexch1.stream_2023-02-16_16-34-07/25edd9b3_f0005100.jpg,https://huggingface.co/datasets/shivam11/grand-bassin-traffic/resolve/main/images/stream_gbassinexch1.stream_2023-02-16_16-34-07/25edd9b3_f0005100.jpg?download=true,data/raw/grand_bassin/images/stream_gbassinexch1.stream_2023-02-16_16-34-07/25edd9b3_f0005100.jpg
stream_gbassinexch1.stream_2023-02-16_16-34-07,development,1634,5112,213.000,aerial,356,stream_gbassinexch1.stream_2023-02-16_16-34-07/25edd9b3_f0005112.jpg,https://huggingface.co/datasets/shivam11/grand-bassin-traffic/resolve/main/images/stream_gbassinexch1.stream_2023-02-16_16-34-07/25edd9b3_f0005112.jpg?download=true,data/raw/grand_bassin/images/stream_gbassinexch1.stream_2023-02-16_16-34-07/25edd9b3_f0005112.jpg
stream_gbassinexch1.stream_2023-02-16_16-34-07,development,1635,5124,213.500,aerial,347,stream_gbassinexch1.stream_2023-02-16_16-34-07/25edd9b3_f0005124.jpg,https://huggingface.co/datasets/shivam11/grand-bassin-traffic/resolve/main/images/stream_gbassinexch1.stream_2023-02-16_16-34-07/25edd9b3_f0005124.jpg?download=true,data/raw/grand_bassin/images/stream_gbassinexch1.stream_2023-02-16_16-34-07/25edd9b3_f0005124.jpg
stream_gbassinexch1.stream_2023-02-16_16-34-07,development,1636,5136,214.000,aerial,357,stream_gbassinexch1.stream_2023-02-16_16-34-07/25edd9b3_f0005136.jpg,https://huggingface.co/datasets/shivam11/grand-bassin-traffic/resolve/main/images/stream_gbassinexch1.stream_2023-02-16_16-34-07/25edd9b3_f0005136.jpg?download=true,data/raw/grand_bassin/images/stream_gbassinexch1.stream_2023-02-16_16-34-07/25edd9b3_f0005136.jpg
stream_gbassinexch1.stream_2023-02-16_16-34-07,development,1637,5148,214.500,aerial,358,stream_gbassinexch1.stream_2023-02-16_16-34-07/25edd9b3_f0005148.jpg,https://huggingface.co/datasets/shivam11/grand-bassin-traffic/resolve/main/images/stream_gbassinexch1.stream_2023-02-16_16-34-07/25edd9b3_f0005148.jpg?download=true,data/raw/grand_bassin/images/stream_gbassinexch1.stream_2023-02-16_16-34-07/25edd9b3_f0005148.jpg
stream_gbassinexch1.stream_2023-02-16_16-34-07,development,1638,5160,215.000,aerial,352,stream_gbassinexch1.stream_2023-02-16_16-34-07/25edd9b3_f0005160.jpg,https://huggingface.co/datasets/shivam11/grand-bassin-traffic/resolve/main/images/stream_gbassinexch1.stream_2023-02-16_16-34-07/25edd9b3_f0005160.jpg?download=true,data/raw/grand_bassin/images/stream_gbassinexch1.stream_2023-02-16_16-34-07/25edd9b3_f0005160.jpg
stream_gbassinexch1.stream_2023-02-16_16-34-07,development,1639,5172,215.500,aerial,362,stream_gbassinexch1.stream_2023-02-16_16-34-07/25edd9b3_f0005172.jpg,https://huggingface.co/datasets/shivam11/grand-bassin-traffic/resolve/main/images/stream_gbassinexch1.stream_2023-02-16_16-34-07/25edd9b3_f0005172.jpg?download=true,data/raw/grand_bassin/images/stream_gbassinexch1.stream_2023-02-16_16-34-07/25edd9b3_f0005172.jpg
stream_gbassinexch1.stream_2023-02-16_16-34-07,development,1640,5184,216.000,aerial,365,stream_gbassinexch1.stream_2023-02-16_16-34-07/25edd9b3_f0005184.jpg,https://huggingface.co/datasets/shivam11/grand-bassin-traffic/resolve/main/images/stream_gbassinexch1.stream_2023-02-16_16-34-07/25edd9b3_f0005184.jpg?download=true,data/raw/grand_bassin/images/stream_gbassinexch1.stream_2023-02-16_16-34-07/25edd9b3_f0005184.jpg
stream_gbassinexch1.stream_2023-02-16_16-34-07,development,1641,5196,216.500,aerial,360,stream_gbassinexch1.stream_2023-02-16_16-34-07/25edd9b3_f0005196.jpg,https://huggingface.co/datasets/shivam11/grand-bassin-traffic/resolve/main/images/stream_gbassinexch1.stream_2023-02-16_16-34-07/25edd9b3_f0005196.jpg?download=true,data/raw/grand_bassin/images/stream_gbassinexch1.stream_2023-02-16_16-34-07/25edd9b3_f0005196.jpg
stream_gbassinexch1.stream_2023-02-16_16-34-07,development,1642,5208,217.000,aerial,360,stream_gbassinexch1.stream_2023-02-16_16-34-07/25edd9b3_f0005208.jpg,https://huggingface.co/datasets/shivam11/grand-bassin-traffic/resolve/main/images/stream_gbassinexch1.stream_2023-02-16_16-34-07/25edd9b3_f0005208.jpg?download=true,data/raw/grand_bassin/images/stream_gbassinexch1.stream_2023-02-16_16-34-07/25edd9b3_f0005208.jpg
stream_gbassinexch1.stream_2023-02-16_16-34-07,development,1643,5220,217.500,aerial,355,stream_gbassinexch1.stream_2023-02-16_16-34-07/25edd9b3_f0005220.jpg,https://huggingface.co/datasets/shivam11/grand-bassin-traffic/resolve/main/images/stream_gbassinexch1.stream_2023-02-16_16-34-07/25edd9b3_f0005220.jpg?download=true,data/raw/grand_bassin/images/stream_gbassinexch1.stream_2023-02-16_16-34-07/25edd9b3_f0005220.jpg
stream_gbassinexch1.stream_2023-02-16_16-34-07,development,1644,5232,218.000,aerial,360,stream_gbassinexch1.stream_2023-02-16_16-34-07/25edd9b3_f0005232.jpg,https://huggingface.co/datasets/shivam11/grand-bassin-traffic/resolve/main/images/stream_gbassinexch1.stream_2023-02-16_16-34-07/25edd9b3_f0005232.jpg?download=true,data/raw/grand_bassin/images/stream_gbassinexch1.stream_2023-02-16_16-34-07/25edd9b3_f0005232.jpg
stream_gbassinexch1.stream_2023-02-16_16-34-07,development,1645,5244,218.500,aerial,362,stream_gbassinexch1.stream_2023-02-16_16-34-07/25edd9b3_f0005244.jpg,https://huggingface.co/datasets/shivam11/grand-bassin-traffic/resolve/main/images/stream_gbassinexch1.stream_2023-02-16_16-34-07/25edd9b3_f0005244.jpg?download=true,data/raw/grand_bassin/images/stream_gbassinexch1.stream_2023-02-16_16-34-07/25edd9b3_f0005244.jpg
stream_gbassinexch1.stream_2023-02-16_16-34-07,development,1646,5256,219.000,aerial,358,stream_gbassinexch1.stream_2023-02-16_16-34-07/25edd9b3_f0005256.jpg,https://huggingface.co/datasets/shivam11/grand-bassin-traffic/resolve/main/images/stream_gbassinexch1.stream_2023-02-16_16-34-07/25edd9b3_f0005256.jpg?download=true,data/raw/grand_bassin/images/stream_gbassinexch1.stream_2023-02-16_16-34-07/25edd9b3_f0005256.jpg
stream_gbassinexch1.stream_2023-02-16_16-34-07,development,1647,5268,219.500,aerial,356,stream_gbassinexch1.stream_2023-02-16_16-34-07/25edd9b3_f0005268.jpg,https://huggingface.co/datasets/shivam11/grand-bassin-traffic/resolve/main/images/stream_gbassinexch1.stream_2023-02-16_16-34-07/25edd9b3_f0005268.jpg?download=true,data/raw/grand_bassin/images/stream_gbassinexch1.stream_2023-02-16_16-34-07/25edd9b3_f0005268.jpg
stream_gbassinexch1.stream_2023-02-16_16-34-07,development,1648,5280,220.000,aerial,354,stream_gbassinexch1.stream_2023-02-16_16-34-07/25edd9b3_f0005280.jpg,https://huggingface.co/datasets/shivam11/grand-bassin-traffic/resolve/main/images/stream_gbassinexch1.stream_2023-02-16_16-34-07/25edd9b3_f0005280.jpg?download=true,data/raw/grand_bassin/images/stream_gbassinexch1.stream_2023-02-16_16-34-07/25edd9b3_f0005280.jpg
stream_gbassinexch1.stream_2023-02-16_16-34-07,development,1649,5292,220.500,aerial,370,stream_gbassinexch1.stream_2023-02-16_16-34-07/25edd9b3_f0005292.jpg,https://huggingface.co/datasets/shivam11/grand-bassin-traffic/resolve/main/images/stream_gbassinexch1.stream_2023-02-16_16-34-07/25edd9b3_f0005292.jpg?download=true,data/raw/grand_bassin/images/stream_gbassinexch1.stream_2023-02-16_16-34-07/25edd9b3_f0005292.jpg
stream_gbassinexch1.stream_2023-02-16_16-34-07,development,1650,5304,221.000,aerial,358,stream_gbassinexch1.stream_2023-02-16_16-34-07/25edd9b3_f0005304.jpg,https://huggingface.co/datasets/shivam11/grand-bassin-traffic/resolve/main/images/stream_gbassinexch1.stream_2023-02-16_16-34-07/25edd9b3_f0005304.jpg?download=true,data/raw/grand_bassin/images/stream_gbassinexch1.stream_2023-02-16_16-34-07/25edd9b3_f0005304.jpg
stream_gbassinexch1.stream_2023-02-16_16-34-07,development,1651,5316,221.500,aerial,358,stream_gbassinexch1.stream_2023-02-16_16-34-07/25edd9b3_f0005316.jpg,https://huggingface.co/datasets/shivam11/grand-bassin-traffic/resolve/main/images/stream_gbassinexch1.stream_2023-02-16_16-34-07/25edd9b3_f0005316.jpg?download=true,data/raw/grand_bassin/images/stream_gbassinexch1.stream_2023-02-16_16-34-07/25edd9b3_f0005316.jpg
stream_gbassinexch1.stream_2023-02-16_16-34-07,development,1652,5328,222.000,aerial,352,stream_gbassinexch1.stream_2023-02-16_16-34-07/25edd9b3_f0005328.jpg,https://huggingface.co/datasets/shivam11/grand-bassin-traffic/resolve/main/images/stream_gbassinexch1.stream_2023-02-16_16-34-07/25edd9b3_f0005328.jpg?download=true,data/raw/grand_bassin/images/stream_gbassinexch1.stream_2023-02-16_16-34-07/25edd9b3_f0005328.jpg
stream_gbassinexch1.stream_2023-02-16_16-34-07,development,1653,5340,222.500,aerial,350,stream_gbassinexch1.stream_2023-02-16_16-34-07/25edd9b3_f0005340.jpg,https://huggingface.co/datasets/shivam11/grand-bassin-traffic/resolve/main/images/stream_gbassinexch1.stream_2023-02-16_16-34-07/25edd9b3_f0005340.jpg?download=true,data/raw/grand_bassin/images/stream_gbassinexch1.stream_2023-02-16_16-34-07/25edd9b3_f0005340.jpg
stream_gbassinexch1.stream_2023-02-16_16-34-07,development,1654,5352,223.000,aerial,347,stream_gbassinexch1.stream_2023-02-16_16-34-07/25edd9b3_f0005352.jpg,https://huggingface.co/datasets/shivam11/grand-bassin-traffic/resolve/main/images/stream_gbassinexch1.stream_2023-02-16_16-34-07/25edd9b3_f0005352.jpg?download=true,data/raw/grand_bassin/images/stream_gbassinexch1.stream_2023-02-16_16-34-07/25edd9b3_f0005352.jpg
stream_gbassinexch1.stream_2023-02-16_16-34-07,development,1655,5364,223.500,aerial,349,stream_gbassinexch1.stream_2023-02-16_16-34-07/25edd9b3_f0005364.jpg,https://huggingface.co/datasets/shivam11/grand-bassin-traffic/resolve/main/images/stream_gbassinexch1.stream_2023-02-16_16-34-07/25edd9b3_f0005364.jpg?download=true,data/raw/grand_bassin/images/stream_gbassinexch1.stream_2023-02-16_16-34-07/25edd9b3_f0005364.jpg
stream_gbassinexch1.stream_2023-02-16_16-34-07,development,1656,5376,224.000,aerial,347,stream_gbassinexch1.stream_2023-02-16_16-34-07/25edd9b3_f0005376.jpg,https://huggingface.co/datasets/shivam11/grand-bassin-traffic/resolve/main/images/stream_gbassinexch1.stream_2023-02-16_16-34-07/25edd9b3_f0005376.jpg?download=true,data/raw/grand_bassin/images/stream_gbassinexch1.stream_2023-02-16_16-34-07/25edd9b3_f0005376.jpg
stream_gbassinexch1.stream_2023-02-16_16-34-07,development,1657,5388,224.500,aerial,351,stream_gbassinexch1.stream_2023-02-16_16-34-07/25edd9b3_f0005388.jpg,https://huggingface.co/datasets/shivam11/grand-bassin-traffic/resolve/main/images/stream_gbassinexch1.stream_2023-02-16_16-34-07/25edd9b3_f0005388.jpg?download=true,data/raw/grand_bassin/images/stream_gbassinexch1.stream_2023-02-16_16-34-07/25edd9b3_f0005388.jpg
stream_gbassinexch1.stream_2023-02-16_16-34-07,development,1658,5400,225.000,aerial,353,stream_gbassinexch1.stream_2023-02-16_16-34-07/25edd9b3_f0005400.jpg,https://huggingface.co/datasets/shivam11/grand-bassin-traffic/resolve/main/images/stream_gbassinexch1.stream_2023-02-16_16-34-07/25edd9b3_f0005400.jpg?download=true,data/raw/grand_bassin/images/stream_gbassinexch1.stream_2023-02-16_16-34-07/25edd9b3_f0005400.jpg
stream_gbassinexch1.stream_2023-02-16_16-34-07,development,1659,5412,225.500,aerial,355,stream_gbassinexch1.stream_2023-02-16_16-34-07/25edd9b3_f0005412.jpg,https://huggingface.co/datasets/shivam11/grand-bassin-traffic/resolve/main/images/stream_gbassinexch1.stream_2023-02-16_16-34-07/25edd9b3_f0005412.jpg?download=true,data/raw/grand_bassin/images/stream_gbassinexch1.stream_2023-02-16_16-34-07/25edd9b3_f0005412.jpg
stream_gbassinexch1.stream_2023-02-16_16-34-07,development,1660,5424,226.000,aerial,351,stream_gbassinexch1.stream_2023-02-16_16-34-07/25edd9b3_f0005424.jpg,https://huggingface.co/datasets/shivam11/grand-bassin-traffic/resolve/main/images/stream_gbassinexch1.stream_2023-02-16_16-34-07/25edd9b3_f0005424.jpg?download=true,data/raw/grand_bassin/images/stream_gbassinexch1.stream_2023-02-16_16-34-07/25edd9b3_f0005424.jpg
stream_gbassinexch1.stream_2023-02-16_16-34-07,development,1661,5436,226.500,aerial,351,stream_gbassinexch1.stream_2023-02-16_16-34-07/25edd9b3_f0005436.jpg,https://huggingface.co/datasets/shivam11/grand-bassin-traffic/resolve/main/images/stream_gbassinexch1.stream_2023-02-16_16-34-07/25edd9b3_f0005436.jpg?download=true,data/raw/grand_bassin/images/stream_gbassinexch1.stream_2023-02-16_16-34-07/25edd9b3_f0005436.jpg
stream_gbassinexch1.stream_2023-02-16_16-34-07,development,1662,5448,227.000,aerial,349,stream_gbassinexch1.stream_2023-02-16_16-34-07/25edd9b3_f0005448.jpg,https://huggingface.co/datasets/shivam11/grand-bassin-traffic/resolve/main/images/stream_gbassinexch1.stream_2023-02-16_16-34-07/25edd9b3_f0005448.jpg?download=true,data/raw/grand_bassin/images/stream_gbassinexch1.stream_2023-02-16_16-34-07/25edd9b3_f0005448.jpg
stream_gbassinexch1.stream_2023-02-16_16-34-07,development,1663,5460,227.500,aerial,351,stream_gbassinexch1.stream_2023-02-16_16-34-07/25edd9b3_f0005460.jpg,https://huggingface.co/datasets/shivam11/grand-bassin-traffic/resolve/main/images/stream_gbassinexch1.stream_2023-02-16_16-34-07/25edd9b3_f0005460.jpg?download=true,data/raw/grand_bassin/images/stream_gbassinexch1.stream_2023-02-16_16-34-07/25edd9b3_f0005460.jpg
stream_gbassinexch1.stream_2023-02-16_16-34-07,development,1664,5472,228.000,aerial,348,stream_gbassinexch1.stream_2023-02-16_16-34-07/25edd9b3_f0005472.jpg,https://huggingface.co/datasets/shivam11/grand-bassin-traffic/resolve/main/images/stream_gbassinexch1.stream_2023-02-16_16-34-07/25edd9b3_f0005472.jpg?download=true,data/raw/grand_bassin/images/stream_gbassinexch1.stream_2023-02-16_16-34-07/25edd9b3_f0005472.jpg
stream_gbassinexch1.stream_2023-02-16_16-34-07,development,1665,5484,228.500,aerial,357,stream_gbassinexch1.stream_2023-02-16_16-34-07/25edd9b3_f0005484.jpg,https://huggingface.co/datasets/shivam11/grand-bassin-traffic/resolve/main/images/stream_gbassinexch1.stream_2023-02-16_16-34-07/25edd9b3_f0005484.jpg?download=true,data/raw/grand_bassin/images/stream_gbassinexch1.stream_2023-02-16_16-34-07/25edd9b3_f0005484.jpg
stream_gbassinexch1.stream_2023-02-16_16-34-07,development,1666,5496,229.000,aerial,357,stream_gbassinexch1.stream_2023-02-16_16-34-07/25edd9b3_f0005496.jpg,https://huggingface.co/datasets/shivam11/grand-bassin-traffic/resolve/main/images/stream_gbassinexch1.stream_2023-02-16_16-34-07/25edd9b3_f0005496.jpg?download=true,data/raw/grand_bassin/images/stream_gbassinexch1.stream_2023-02-16_16-34-07/25edd9b3_f0005496.jpg
stream_gbassinexch1.stream_2023-02-16_16-34-07,development,1667,5508,229.500,aerial,356,stream_gbassinexch1.stream_2023-02-16_16-34-07/25edd9b3_f0005508.jpg,https://huggingface.co/datasets/shivam11/grand-bassin-traffic/resolve/main/images/stream_gbassinexch1.stream_2023-02-16_16-34-07/25edd9b3_f0005508.jpg?download=true,data/raw/grand_bassin/images/stream_gbassinexch1.stream_2023-02-16_16-34-07/25edd9b3_f0005508.jpg
stream_gbassinexch1.stream_2023-02-16_16-34-07,development,1668,5520,230.000,aerial,343,stream_gbassinexch1.stream_2023-02-16_16-34-07/25edd9b3_f0005520.jpg,https://huggingface.co/datasets/shivam11/grand-bassin-traffic/resolve/main/images/stream_gbassinexch1.stream_2023-02-16_16-34-07/25edd9b3_f0005520.jpg?download=true,data/raw/grand_bassin/images/stream_gbassinexch1.stream_2023-02-16_16-34-07/25edd9b3_f0005520.jpg
stream_gbassinexch1.stream_2023-02-16_16-34-07,development,1669,5532,230.500,aerial,352,stream_gbassinexch1.stream_2023-02-16_16-34-07/25edd9b3_f0005532.jpg,https://huggingface.co/datasets/shivam11/grand-bassin-traffic/resolve/main/images/stream_gbassinexch1.stream_2023-02-16_16-34-07/25edd9b3_f0005532.jpg?download=true,data/raw/grand_bassin/images/stream_gbassinexch1.stream_2023-02-16_16-34-07/25edd9b3_f0005532.jpg
stream_gbassinexch1.stream_2023-02-16_16-34-07,development,1670,5544,231.000,aerial,362,stream_gbassinexch1.stream_2023-02-16_16-34-07/25edd9b3_f0005544.jpg,https://huggingface.co/datasets/shivam11/grand-bassin-traffic/resolve/main/images/stream_gbassinexch1.stream_2023-02-16_16-34-07/25edd9b3_f0005544.jpg?download=true,data/raw/grand_bassin/images/stream_gbassinexch1.stream_2023-02-16_16-34-07/25edd9b3_f0005544.jpg
stream_gbassinexch1.stream_2023-02-16_16-34-07,development,1671,5556,231.500,aerial,353,stream_gbassinexch1.stream_2023-02-16_16-34-07/25edd9b3_f0005556.jpg,https://huggingface.co/datasets/shivam11/grand-bassin-traffic/resolve/main/images/stream_gbassinexch1.stream_2023-02-16_16-34-07/25edd9b3_f0005556.jpg?download=true,data/raw/grand_bassin/images/stream_gbassinexch1.stream_2023-02-16_16-34-07/25edd9b3_f0005556.jpg
stream_gbassinexch1.stream_2023-02-16_16-34-07,development,1672,5568,232.000,aerial,352,stream_gbassinexch1.stream_2023-02-16_16-34-07/25edd9b3_f0005568.jpg,https://huggingface.co/datasets/shivam11/grand-bassin-traffic/resolve/main/images/stream_gbassinexch1.stream_2023-02-16_16-34-07/25edd9b3_f0005568.jpg?download=true,data/raw/grand_bassin/images/stream_gbassinexch1.stream_2023-02-16_16-34-07/25edd9b3_f0005568.jpg
stream_gbassinexch1.stream_2023-02-16_16-34-07,development,1673,5580,232.500,aerial,348,stream_gbassinexch1.stream_2023-02-16_16-34-07/25edd9b3_f0005580.jpg,https://huggingface.co/datasets/shivam11/grand-bassin-traffic/resolve/main/images/stream_gbassinexch1.stream_2023-02-16_16-34-07/25edd9b3_f0005580.jpg?download=true,data/raw/grand_bassin/images/stream_gbassinexch1.stream_2023-02-16_16-34-07/25edd9b3_f0005580.jpg
stream_gbassinexch1.stream_2023-02-16_16-34-07,development,1674,5592,233.000,aerial,340,stream_gbassinexch1.stream_2023-02-16_16-34-07/25edd9b3_f0005592.jpg,https://huggingface.co/datasets/shivam11/grand-bassin-traffic/resolve/main/images/stream_gbassinexch1.stream_2023-02-16_16-34-07/25edd9b3_f0005592.jpg?download=true,data/raw/grand_bassin/images/stream_gbassinexch1.stream_2023-02-16_16-34-07/25edd9b3_f0005592.jpg
stream_gbassinexch1.stream_2023-02-16_16-34-07,development,1675,5604,233.500,aerial,353,stream_gbassinexch1.stream_2023-02-16_16-34-07/25edd9b3_f0005604.jpg,https://huggingface.co/datasets/shivam11/grand-bassin-traffic/resolve/main/images/stream_gbassinexch1.stream_2023-02-16_16-34-07/25edd9b3_f0005604.jpg?download=true,data/raw/grand_bassin/images/stream_gbassinexch1.stream_2023-02-16_16-34-07/25edd9b3_f0005604.jpg
stream_gbassinexch1.stream_2023-02-16_16-34-07,development,1676,5616,234.000,aerial,353,stream_gbassinexch1.stream_2023-02-16_16-34-07/25edd9b3_f0005616.jpg,https://huggingface.co/datasets/shivam11/grand-bassin-traffic/resolve/main/images/stream_gbassinexch1.stream_2023-02-16_16-34-07/25edd9b3_f0005616.jpg?download=true,data/raw/grand_bassin/images/stream_gbassinexch1.stream_2023-02-16_16-34-07/25edd9b3_f0005616.jpg
stream_gbassinexch1.stream_2023-02-16_16-34-07,development,1677,5628,234.500,aerial,348,stream_gbassinexch1.stream_2023-02-16_16-34-07/25edd9b3_f0005628.jpg,https://huggingface.co/datasets/shivam11/grand-bassin-traffic/resolve/main/images/stream_gbassinexch1.stream_2023-02-16_16-34-07/25edd9b3_f0005628.jpg?download=true,data/raw/grand_bassin/images/stream_gbassinexch1.stream_2023-02-16_16-34-07/25edd9b3_f0005628.jpg
stream_gbassinexch1.stream_2023-02-16_16-34-07,development,1678,5640,235.000,aerial,354,stream_gbassinexch1.stream_2023-02-16_16-34-07/25edd9b3_f0005640.jpg,https://huggingface.co/datasets/shivam11/grand-bassin-traffic/resolve/main/images/stream_gbassinexch1.stream_2023-02-16_16-34-07/25edd9b3_f0005640.jpg?download=true,data/raw/grand_bassin/images/stream_gbassinexch1.stream_2023-02-16_16-34-07/25edd9b3_f0005640.jpg
stream_gbassinexch1.stream_2023-02-16_16-34-07,development,1679,5652,235.500,aerial,348,stream_gbassinexch1.stream_2023-02-16_16-34-07/25edd9b3_f0005652.jpg,https://huggingface.co/datasets/shivam11/grand-bassin-traffic/resolve/main/images/stream_gbassinexch1.stream_2023-02-16_16-34-07/25edd9b3_f0005652.jpg?download=true,data/raw/grand_bassin/images/stream_gbassinexch1.stream_2023-02-16_16-34-07/25edd9b3_f0005652.jpg
stream_gbassinexch1.stream_2023-02-16_16-34-07,development,1680,5664,236.000,aerial,351,stream_gbassinexch1.stream_2023-02-16_16-34-07/25edd9b3_f0005664.jpg,https://huggingface.co/datasets/shivam11/grand-bassin-traffic/resolve/main/images/stream_gbassinexch1.stream_2023-02-16_16-34-07/25edd9b3_f0005664.jpg?download=true,data/raw/grand_bassin/images/stream_gbassinexch1.stream_2023-02-16_16-34-07/25edd9b3_f0005664.jpg
stream_gbassinexch1.stream_2023-02-16_16-34-07,development,1681,5676,236.500,aerial,350,stream_gbassinexch1.stream_2023-02-16_16-34-07/25edd9b3_f0005676.jpg,https://huggingface.co/datasets/shivam11/grand-bassin-traffic/resolve/main/images/stream_gbassinexch1.stream_2023-02-16_16-34-07/25edd9b3_f0005676.jpg?download=true,data/raw/grand_bassin/images/stream_gbassinexch1.stream_2023-02-16_16-34-07/25edd9b3_f0005676.jpg
stream_gbassinexch1.stream_2023-02-16_16-34-07,development,1682,5688,237.000,aerial,353,stream_gbassinexch1.stream_2023-02-16_16-34-07/25edd9b3_f0005688.jpg,https://huggingface.co/datasets/shivam11/grand-bassin-traffic/resolve/main/images/stream_gbassinexch1.stream_2023-02-16_16-34-07/25edd9b3_f0005688.jpg?download=true,data/raw/grand_bassin/images/stream_gbassinexch1.stream_2023-02-16_16-34-07/25edd9b3_f0005688.jpg
stream_gbassinexch1.stream_2023-02-16_16-34-07,development,1683,5700,237.500,aerial,350,stream_gbassinexch1.stream_2023-02-16_16-34-07/25edd9b3_f0005700.jpg,https://huggingface.co/datasets/shivam11/grand-bassin-traffic/resolve/main/images/stream_gbassinexch1.stream_2023-02-16_16-34-07/25edd9b3_f0005700.jpg?download=true,data/raw/grand_bassin/images/stream_gbassinexch1.stream_2023-02-16_16-34-07/25edd9b3_f0005700.jpg
stream_gbassinexch1.stream_2023-02-16_16-34-07,development,1684,5712,238.000,aerial,346,stream_gbassinexch1.stream_2023-02-16_16-34-07/25edd9b3_f0005712.jpg,https://huggingface.co/datasets/shivam11/grand-bassin-traffic/resolve/main/images/stream_gbassinexch1.stream_2023-02-16_16-34-07/25edd9b3_f0005712.jpg?download=true,data/raw/grand_bassin/images/stream_gbassinexch1.stream_2023-02-16_16-34-07/25edd9b3_f0005712.jpg
stream_gbassinexch1.stream_2023-02-16_16-34-07,development,1685,5724,238.500,aerial,355,stream_gbassinexch1.stream_2023-02-16_16-34-07/25edd9b3_f0005724.jpg,https://huggingface.co/datasets/shivam11/grand-bassin-traffic/resolve/main/images/stream_gbassinexch1.stream_2023-02-16_16-34-07/25edd9b3_f0005724.jpg?download=true,data/raw/grand_bassin/images/stream_gbassinexch1.stream_2023-02-16_16-34-07/25edd9b3_f0005724.jpg
stream_gbassinexch1.stream_2023-02-16_16-34-07,development,1686,5736,239.000,aerial,342,stream_gbassinexch1.stream_2023-02-16_16-34-07/25edd9b3_f0005736.jpg,https://huggingface.co/datasets/shivam11/grand-bassin-traffic/resolve/main/images/stream_gbassinexch1.stream_2023-02-16_16-34-07/25edd9b3_f0005736.jpg?download=true,data/raw/grand_bassin/images/stream_gbassinexch1.stream_2023-02-16_16-34-07/25edd9b3_f0005736.jpg
stream_gbassinexch1.stream_2023-02-16_16-34-07,development,1687,5748,239.500,aerial,342,stream_gbassinexch1.stream_2023-02-16_16-34-07/25edd9b3_f0005748.jpg,https://huggingface.co/datasets/shivam11/grand-bassin-traffic/resolve/main/images/stream_gbassinexch1.stream_2023-02-16_16-34-07/25edd9b3_f0005748.jpg?download=true,data/raw/grand_bassin/images/stream_gbassinexch1.stream_2023-02-16_16-34-07/25edd9b3_f0005748.jpg
stream_gbassinexch1.stream_2023-02-16_16-34-07,development,1688,5760,240.000,aerial,336,stream_gbassinexch1.stream_2023-02-16_16-34-07/25edd9b3_f0005760.jpg,https://huggingface.co/datasets/shivam11/grand-bassin-traffic/resolve/main/images/stream_gbassinexch1.stream_2023-02-16_16-34-07/25edd9b3_f0005760.jpg?download=true,data/raw/grand_bassin/images/stream_gbassinexch1.stream_2023-02-16_16-34-07/25edd9b3_f0005760.jpg
stream_gbassinexch1.stream_2023-02-16_16-34-07,development,1689,5772,240.500,aerial,353,stream_gbassinexch1.stream_2023-02-16_16-34-07/25edd9b3_f0005772.jpg,https://huggingface.co/datasets/shivam11/grand-bassin-traffic/resolve/main/images/stream_gbassinexch1.stream_2023-02-16_16-34-07/25edd9b3_f0005772.jpg?download=true,data/raw/grand_bassin/images/stream_gbassinexch1.stream_2023-02-16_16-34-07/25edd9b3_f0005772.jpg
stream_gbassinexch1.stream_2023-02-16_16-34-07,development,1690,5784,241.000,aerial,355,stream_gbassinexch1.stream_2023-02-16_16-34-07/25edd9b3_f0005784.jpg,https://huggingface.co/datasets/shivam11/grand-bassin-traffic/resolve/main/images/stream_gbassinexch1.stream_2023-02-16_16-34-07/25edd9b3_f0005784.jpg?download=true,data/raw/grand_bassin/images/stream_gbassinexch1.stream_2023-02-16_16-34-07/25edd9b3_f0005784.jpg
stream_gbassinexch1.stream_2023-02-16_16-34-07,development,1691,5796,241.500,aerial,344,stream_gbassinexch1.stream_2023-02-16_16-34-07/25edd9b3_f0005796.jpg,https://huggingface.co/datasets/shivam11/grand-bassin-traffic/resolve/main/images/stream_gbassinexch1.stream_2023-02-16_16-34-07/25edd9b3_f0005796.jpg?download=true,data/raw/grand_bassin/images/stream_gbassinexch1.stream_2023-02-16_16-34-07/25edd9b3_f0005796.jpg
stream_gbassinexch1.stream_2023-02-16_16-34-07,development,1692,5808,242.000,aerial,349,stream_gbassinexch1.stream_2023-02-16_16-34-07/25edd9b3_f0005808.jpg,https://huggingface.co/datasets/shivam11/grand-bassin-traffic/resolve/main/images/stream_gbassinexch1.stream_2023-02-16_16-34-07/25edd9b3_f0005808.jpg?download=true,data/raw/grand_bassin/images/stream_gbassinexch1.stream_2023-02-16_16-34-07/25edd9b3_f0005808.jpg
stream_gbassinexch1.stream_2023-02-16_16-34-07,development,1693,5820,242.500,aerial,355,stream_gbassinexch1.stream_2023-02-16_16-34-07/25edd9b3_f0005820.jpg,https://huggingface.co/datasets/shivam11/grand-bassin-traffic/resolve/main/images/stream_gbassinexch1.stream_2023-02-16_16-34-07/25edd9b3_f0005820.jpg?download=true,data/raw/grand_bassin/images/stream_gbassinexch1.stream_2023-02-16_16-34-07/25edd9b3_f0005820.jpg
stream_gbassinexch1.stream_2023-02-16_16-34-07,development,1694,5832,243.000,aerial,358,stream_gbassinexch1.stream_2023-02-16_16-34-07/25edd9b3_f0005832.jpg,https://huggingface.co/datasets/shivam11/grand-bassin-traffic/resolve/main/images/stream_gbassinexch1.stream_2023-02-16_16-34-07/25edd9b3_f0005832.jpg?download=true,data/raw/grand_bassin/images/stream_gbassinexch1.stream_2023-02-16_16-34-07/25edd9b3_f0005832.jpg
stream_gbassinexch1.stream_2023-02-16_16-34-07,development,1695,5844,243.500,aerial,352,stream_gbassinexch1.stream_2023-02-16_16-34-07/25edd9b3_f0005844.jpg,https://huggingface.co/datasets/shivam11/grand-bassin-traffic/resolve/main/images/stream_gbassinexch1.stream_2023-02-16_16-34-07/25edd9b3_f0005844.jpg?download=true,data/raw/grand_bassin/images/stream_gbassinexch1.stream_2023-02-16_16-34-07/25edd9b3_f0005844.jpg
stream_gbassinexch1.stream_2023-02-16_16-34-07,development,1696,5856,244.000,aerial,345,stream_gbassinexch1.stream_2023-02-16_16-34-07/25edd9b3_f0005856.jpg,https://huggingface.co/datasets/shivam11/grand-bassin-traffic/resolve/main/images/stream_gbassinexch1.stream_2023-02-16_16-34-07/25edd9b3_f0005856.jpg?download=true,data/raw/grand_bassin/images/stream_gbassinexch1.stream_2023-02-16_16-34-07/25edd9b3_f0005856.jpg
stream_gbassinexch1.stream_2023-02-16_16-34-07,development,1697,5868,244.500,aerial,339,stream_gbassinexch1.stream_2023-02-16_16-34-07/25edd9b3_f0005868.jpg,https://huggingface.co/datasets/shivam11/grand-bassin-traffic/resolve/main/images/stream_gbassinexch1.stream_2023-02-16_16-34-07/25edd9b3_f0005868.jpg?download=true,data/raw/grand_bassin/images/stream_gbassinexch1.stream_2023-02-16_16-34-07/25edd9b3_f0005868.jpg
stream_gbassinexch1.stream_2023-02-16_16-34-07,development,1698,5880,245.000,aerial,353,stream_gbassinexch1.stream_2023-02-16_16-34-07/25edd9b3_f0005880.jpg,https://huggingface.co/datasets/shivam11/grand-bassin-traffic/resolve/main/images/stream_gbassinexch1.stream_2023-02-16_16-34-07/25edd9b3_f0005880.jpg?download=true,data/raw/grand_bassin/images/stream_gbassinexch1.stream_2023-02-16_16-34-07/25edd9b3_f0005880.jpg
stream_gbassinexch1.stream_2023-02-16_16-34-07,development,1699,5892,245.500,aerial,343,stream_gbassinexch1.stream_2023-02-16_16-34-07/25edd9b3_f0005892.jpg,https://huggingface.co/datasets/shivam11/grand-bassin-traffic/resolve/main/images/stream_gbassinexch1.stream_2023-02-16_16-34-07/25edd9b3_f0005892.jpg?download=true,data/raw/grand_bassin/images/stream_gbassinexch1.stream_2023-02-16_16-34-07/25edd9b3_f0005892.jpg
stream_gbassinexch1.stream_2023-02-16_16-34-07,development,1700,5904,246.000,aerial,342,stream_gbassinexch1.stream_2023-02-16_16-34-07/25edd9b3_f0005904.jpg,https://huggingface.co/datasets/shivam11/grand-bassin-traffic/resolve/main/images/stream_gbassinexch1.stream_2023-02-16_16-34-07/25edd9b3_f0005904.jpg?download=true,data/raw/grand_bassin/images/stream_gbassinexch1.stream_2023-02-16_16-34-07/25edd9b3_f0005904.jpg
stream_gbassinexch1.stream_2023-02-16_16-34-07,development,1701,5916,246.500,aerial,339,stream_gbassinexch1.stream_2023-02-16_16-34-07/25edd9b3_f0005916.jpg,https://huggingface.co/datasets/shivam11/grand-bassin-traffic/resolve/main/images/stream_gbassinexch1.stream_2023-02-16_16-34-07/25edd9b3_f0005916.jpg?download=true,data/raw/grand_bassin/images/stream_gbassinexch1.stream_2023-02-16_16-34-07/25edd9b3_f0005916.jpg
stream_gbassinexch1.stream_2023-02-16_16-34-07,development,1702,5928,247.000,aerial,351,stream_gbassinexch1.stream_2023-02-16_16-34-07/25edd9b3_f0005928.jpg,https://huggingface.co/datasets/shivam11/grand-bassin-traffic/resolve/main/images/stream_gbassinexch1.stream_2023-02-16_16-34-07/25edd9b3_f0005928.jpg?download=true,data/raw/grand_bassin/images/stream_gbassinexch1.stream_2023-02-16_16-34-07/25edd9b3_f0005928.jpg
stream_gbassinexch1.stream_2023-02-16_16-34-07,development,1703,5940,247.500,aerial,352,stream_gbassinexch1.stream_2023-02-16_16-34-07/25edd9b3_f0005940.jpg,https://huggingface.co/datasets/shivam11/grand-bassin-traffic/resolve/main/images/stream_gbassinexch1.stream_2023-02-16_16-34-07/25edd9b3_f0005940.jpg?download=true,data/raw/grand_bassin/images/stream_gbassinexch1.stream_2023-02-16_16-34-07/25edd9b3_f0005940.jpg
stream_gbassinexch1.stream_2023-02-16_16-34-07,development,1704,5952,248.000,aerial,356,stream_gbassinexch1.stream_2023-02-16_16-34-07/25edd9b3_f0005952.jpg,https://huggingface.co/datasets/shivam11/grand-bassin-traffic/resolve/main/images/stream_gbassinexch1.stream_2023-02-16_16-34-07/25edd9b3_f0005952.jpg?download=true,data/raw/grand_bassin/images/stream_gbassinexch1.stream_2023-02-16_16-34-07/25edd9b3_f0005952.jpg
stream_gbassinexch1.stream_2023-02-16_16-34-07,development,1705,5964,248.500,aerial,358,stream_gbassinexch1.stream_2023-02-16_16-34-07/25edd9b3_f0005964.jpg,https://huggingface.co/datasets/shivam11/grand-bassin-traffic/resolve/main/images/stream_gbassinexch1.stream_2023-02-16_16-34-07/25edd9b3_f0005964.jpg?download=true,data/raw/grand_bassin/images/stream_gbassinexch1.stream_2023-02-16_16-34-07/25edd9b3_f0005964.jpg
stream_gbassinexch1.stream_2023-02-16_16-34-07,development,1706,5976,249.000,aerial,361,stream_gbassinexch1.stream_2023-02-16_16-34-07/25edd9b3_f0005976.jpg,https://huggingface.co/datasets/shivam11/grand-bassin-traffic/resolve/main/images/stream_gbassinexch1.stream_2023-02-16_16-34-07/25edd9b3_f0005976.jpg?download=true,data/raw/grand_bassin/images/stream_gbassinexch1.stream_2023-02-16_16-34-07/25edd9b3_f0005976.jpg
stream_gbassinexch1.stream_2023-02-16_16-34-07,development,1707,5988,249.500,aerial,353,stream_gbassinexch1.stream_2023-02-16_16-34-07/25edd9b3_f0005988.jpg,https://huggingface.co/datasets/shivam11/grand-bassin-traffic/resolve/main/images/stream_gbassinexch1.stream_2023-02-16_16-34-07/25edd9b3_f0005988.jpg?download=true,data/raw/grand_bassin/images/stream_gbassinexch1.stream_2023-02-16_16-34-07/25edd9b3_f0005988.jpg
stream_gbassinexch1.stream_2023-02-16_16-34-07,development,1708,6000,250.000,aerial,366,stream_gbassinexch1.stream_2023-02-16_16-34-07/25edd9b3_f0006000.jpg,https://huggingface.co/datasets/shivam11/grand-bassin-traffic/resolve/main/images/stream_gbassinexch1.stream_2023-02-16_16-34-07/25edd9b3_f0006000.jpg?download=true,data/raw/grand_bassin/images/stream_gbassinexch1.stream_2023-02-16_16-34-07/25edd9b3_f0006000.jpg
stream_gbassinexch1.stream_2023-02-16_16-34-07,development,1709,6012,250.500,aerial,362,stream_gbassinexch1.stream_2023-02-16_16-34-07/25edd9b3_f0006012.jpg,https://huggingface.co/datasets/shivam11/grand-bassin-traffic/resolve/main/images/stream_gbassinexch1.stream_2023-02-16_16-34-07/25edd9b3_f0006012.jpg?download=true,data/raw/grand_bassin/images/stream_gbassinexch1.stream_2023-02-16_16-34-07/25edd9b3_f0006012.jpg
stream_gbassinexch1.stream_2023-02-16_16-34-07,development,1710,6024,251.000,aerial,356,stream_gbassinexch1.stream_2023-02-16_16-34-07/25edd9b3_f0006024.jpg,https://huggingface.co/datasets/shivam11/grand-bassin-traffic/resolve/main/images/stream_gbassinexch1.stream_2023-02-16_16-34-07/25edd9b3_f0006024.jpg?download=true,data/raw/grand_bassin/images/stream_gbassinexch1.stream_2023-02-16_16-34-07/25edd9b3_f0006024.jpg
stream_gbassinexch1.stream_2023-02-16_16-34-07,development,1711,6036,251.500,aerial,358,stream_gbassinexch1.stream_2023-02-16_16-34-07/25edd9b3_f0006036.jpg,https://huggingface.co/datasets/shivam11/grand-bassin-traffic/resolve/main/images/stream_gbassinexch1.stream_2023-02-16_16-34-07/25edd9b3_f0006036.jpg?download=true,data/raw/grand_bassin/images/stream_gbassinexch1.stream_2023-02-16_16-34-07/25edd9b3_f0006036.jpg
stream_gbassinexch1.stream_2023-02-16_16-34-07,development,1712,6048,252.000,aerial,352,stream_gbassinexch1.stream_2023-02-16_16-34-07/25edd9b3_f0006048.jpg,https://huggingface.co/datasets/shivam11/grand-bassin-traffic/resolve/main/images/stream_gbassinexch1.stream_2023-02-16_16-34-07/25edd9b3_f0006048.jpg?download=true,data/raw/grand_bassin/images/stream_gbassinexch1.stream_2023-02-16_16-34-07/25edd9b3_f0006048.jpg
stream_gbassinexch1.stream_2023-02-16_16-34-07,development,1713,6060,252.500,aerial,352,stream_gbassinexch1.stream_2023-02-16_16-34-07/25edd9b3_f0006060.jpg,https://huggingface.co/datasets/shivam11/grand-bassin-traffic/resolve/main/images/stream_gbassinexch1.stream_2023-02-16_16-34-07/25edd9b3_f0006060.jpg?download=true,data/raw/grand_bassin/images/stream_gbassinexch1.stream_2023-02-16_16-34-07/25edd9b3_f0006060.jpg
stream_gbassinexch1.stream_2023-02-16_16-34-07,development,1714,6072,253.000,aerial,366,stream_gbassinexch1.stream_2023-02-16_16-34-07/25edd9b3_f0006072.jpg,https://huggingface.co/datasets/shivam11/grand-bassin-traffic/resolve/main/images/stream_gbassinexch1.stream_2023-02-16_16-34-07/25edd9b3_f0006072.jpg?download=true,data/raw/grand_bassin/images/stream_gbassinexch1.stream_2023-02-16_16-34-07/25edd9b3_f0006072.jpg
stream_gbassinexch1.stream_2023-02-16_16-34-07,development,1715,6084,253.500,aerial,355,stream_gbassinexch1.stream_2023-02-16_16-34-07/25edd9b3_f0006084.jpg,https://huggingface.co/datasets/shivam11/grand-bassin-traffic/resolve/main/images/stream_gbassinexch1.stream_2023-02-16_16-34-07/25edd9b3_f0006084.jpg?download=true,data/raw/grand_bassin/images/stream_gbassinexch1.stream_2023-02-16_16-34-07/25edd9b3_f0006084.jpg
stream_gbassinexch1.stream_2023-02-16_16-34-07,development,1716,6096,254.000,aerial,355,stream_gbassinexch1.stream_2023-02-16_16-34-07/25edd9b3_f0006096.jpg,https://huggingface.co/datasets/shivam11/grand-bassin-traffic/resolve/main/images/stream_gbassinexch1.stream_2023-02-16_16-34-07/25edd9b3_f0006096.jpg?download=true,data/raw/grand_bassin/images/stream_gbassinexch1.stream_2023-02-16_16-34-07/25edd9b3_f0006096.jpg
stream_gbassinexch1.stream_2023-02-16_16-34-07,development,1717,6108,254.500,aerial,348,stream_gbassinexch1.stream_2023-02-16_16-34-07/25edd9b3_f0006108.jpg,https://huggingface.co/datasets/shivam11/grand-bassin-traffic/resolve/main/images/stream_gbassinexch1.stream_2023-02-16_16-34-07/25edd9b3_f0006108.jpg?download=true,data/raw/grand_bassin/images/stream_gbassinexch1.stream_2023-02-16_16-34-07/25edd9b3_f0006108.jpg
stream_gbassinexch1.stream_2023-02-16_16-34-07,development,1718,6120,255.000,aerial,352,stream_gbassinexch1.stream_2023-02-16_16-34-07/25edd9b3_f0006120.jpg,https://huggingface.co/datasets/shivam11/grand-bassin-traffic/resolve/main/images/stream_gbassinexch1.stream_2023-02-16_16-34-07/25edd9b3_f0006120.jpg?download=true,data/raw/grand_bassin/images/stream_gbassinexch1.stream_2023-02-16_16-34-07/25edd9b3_f0006120.jpg
stream_gbassinexch1.stream_2023-02-16_16-34-07,development,1719,6132,255.500,aerial,355,stream_gbassinexch1.stream_2023-02-16_16-34-07/25edd9b3_f0006132.jpg,https://huggingface.co/datasets/shivam11/grand-bassin-traffic/resolve/main/images/stream_gbassinexch1.stream_2023-02-16_16-34-07/25edd9b3_f0006132.jpg?download=true,data/raw/grand_bassin/images/stream_gbassinexch1.stream_2023-02-16_16-34-07/25edd9b3_f0006132.jpg
stream_gbassinexch1.stream_2023-02-16_16-34-07,development,1720,6144,256.000,aerial,362,stream_gbassinexch1.stream_2023-02-16_16-34-07/25edd9b3_f0006144.jpg,https://huggingface.co/datasets/shivam11/grand-bassin-traffic/resolve/main/images/stream_gbassinexch1.stream_2023-02-16_16-34-07/25edd9b3_f0006144.jpg?download=true,data/raw/grand_bassin/images/stream_gbassinexch1.stream_2023-02-16_16-34-07/25edd9b3_f0006144.jpg
stream_gbassinexch1.stream_2023-02-16_16-34-07,development,1721,6156,256.500,aerial,362,stream_gbassinexch1.stream_2023-02-16_16-34-07/25edd9b3_f0006156.jpg,https://huggingface.co/datasets/shivam11/grand-bassin-traffic/resolve/main/images/stream_gbassinexch1.stream_2023-02-16_16-34-07/25edd9b3_f0006156.jpg?download=true,data/raw/grand_bassin/images/stream_gbassinexch1.stream_2023-02-16_16-34-07/25edd9b3_f0006156.jpg
stream_gbassinexch1.stream_2023-02-16_16-34-07,development,1722,6168,257.000,aerial,359,stream_gbassinexch1.stream_2023-02-16_16-34-07/25edd9b3_f0006168.jpg,https://huggingface.co/datasets/shivam11/grand-bassin-traffic/resolve/main/images/stream_gbassinexch1.stream_2023-02-16_16-34-07/25edd9b3_f0006168.jpg?download=true,data/raw/grand_bassin/images/stream_gbassinexch1.stream_2023-02-16_16-34-07/25edd9b3_f0006168.jpg
stream_gbassinexch1.stream_2023-02-16_16-34-07,development,1723,6180,257.500,aerial,358,stream_gbassinexch1.stream_2023-02-16_16-34-07/25edd9b3_f0006180.jpg,https://huggingface.co/datasets/shivam11/grand-bassin-traffic/resolve/main/images/stream_gbassinexch1.stream_2023-02-16_16-34-07/25edd9b3_f0006180.jpg?download=true,data/raw/grand_bassin/images/stream_gbassinexch1.stream_2023-02-16_16-34-07/25edd9b3_f0006180.jpg
stream_gbassinexch1.stream_2023-02-16_16-34-07,development,1724,6192,258.000,aerial,357,stream_gbassinexch1.stream_2023-02-16_16-34-07/25edd9b3_f0006192.jpg,https://huggingface.co/datasets/shivam11/grand-bassin-traffic/resolve/main/images/stream_gbassinexch1.stream_2023-02-16_16-34-07/25edd9b3_f0006192.jpg?download=true,data/raw/grand_bassin/images/stream_gbassinexch1.stream_2023-02-16_16-34-07/25edd9b3_f0006192.jpg
stream_gbassinexch1.stream_2023-02-16_16-34-07,development,1725,6204,258.500,aerial,357,stream_gbassinexch1.stream_2023-02-16_16-34-07/25edd9b3_f0006204.jpg,https://huggingface.co/datasets/shivam11/grand-bassin-traffic/resolve/main/images/stream_gbassinexch1.stream_2023-02-16_16-34-07/25edd9b3_f0006204.jpg?download=true,data/raw/grand_bassin/images/stream_gbassinexch1.stream_2023-02-16_16-34-07/25edd9b3_f0006204.jpg
stream_gbassinexch1.stream_2023-02-16_16-34-07,development,1726,6216,259.000,aerial,352,stream_gbassinexch1.stream_2023-02-16_16-34-07/25edd9b3_f0006216.jpg,https://huggingface.co/datasets/shivam11/grand-bassin-traffic/resolve/main/images/stream_gbassinexch1.stream_2023-02-16_16-34-07/25edd9b3_f0006216.jpg?download=true,data/raw/grand_bassin/images/stream_gbassinexch1.stream_2023-02-16_16-34-07/25edd9b3_f0006216.jpg
stream_gbassinexch1.stream_2023-02-16_16-34-07,development,1727,6228,259.500,aerial,355,stream_gbassinexch1.stream_2023-02-16_16-34-07/25edd9b3_f0006228.jpg,https://huggingface.co/datasets/shivam11/grand-bassin-traffic/resolve/main/images/stream_gbassinexch1.stream_2023-02-16_16-34-07/25edd9b3_f0006228.jpg?download=true,data/raw/grand_bassin/images/stream_gbassinexch1.stream_2023-02-16_16-34-07/25edd9b3_f0006228.jpg
stream_gbassinexch1.stream_2023-02-16_16-34-07,development,1728,6240,260.000,aerial,352,stream_gbassinexch1.stream_2023-02-16_16-34-07/25edd9b3_f0006240.jpg,https://huggingface.co/datasets/shivam11/grand-bassin-traffic/resolve/main/images/stream_gbassinexch1.stream_2023-02-16_16-34-07/25edd9b3_f0006240.jpg?download=true,data/raw/grand_bassin/images/stream_gbassinexch1.stream_2023-02-16_16-34-07/25edd9b3_f0006240.jpg
stream_gbassinexch1.stream_2023-02-16_16-34-07,development,1729,6252,260.500,aerial,351,stream_gbassinexch1.stream_2023-02-16_16-34-07/25edd9b3_f0006252.jpg,https://huggingface.co/datasets/shivam11/grand-bassin-traffic/resolve/main/images/stream_gbassinexch1.stream_2023-02-16_16-34-07/25edd9b3_f0006252.jpg?download=true,data/raw/grand_bassin/images/stream_gbassinexch1.stream_2023-02-16_16-34-07/25edd9b3_f0006252.jpg
stream_gbassinexch1.stream_2023-02-16_16-34-07,development,1730,6264,261.000,aerial,359,stream_gbassinexch1.stream_2023-02-16_16-34-07/25edd9b3_f0006264.jpg,https://huggingface.co/datasets/shivam11/grand-bassin-traffic/resolve/main/images/stream_gbassinexch1.stream_2023-02-16_16-34-07/25edd9b3_f0006264.jpg?download=true,data/raw/grand_bassin/images/stream_gbassinexch1.stream_2023-02-16_16-34-07/25edd9b3_f0006264.jpg
stream_gbassinexch1.stream_2023-02-16_16-34-07,development,1731,6276,261.500,aerial,350,stream_gbassinexch1.stream_2023-02-16_16-34-07/25edd9b3_f0006276.jpg,https://huggingface.co/datasets/shivam11/grand-bassin-traffic/resolve/main/images/stream_gbassinexch1.stream_2023-02-16_16-34-07/25edd9b3_f0006276.jpg?download=true,data/raw/grand_bassin/images/stream_gbassinexch1.stream_2023-02-16_16-34-07/25edd9b3_f0006276.jpg
stream_gbassinexch1.stream_2023-02-16_16-34-07,development,1732,6288,262.000,aerial,348,stream_gbassinexch1.stream_2023-02-16_16-34-07/25edd9b3_f0006288.jpg,https://huggingface.co/datasets/shivam11/grand-bassin-traffic/resolve/main/images/stream_gbassinexch1.stream_2023-02-16_16-34-07/25edd9b3_f0006288.jpg?download=true,data/raw/grand_bassin/images/stream_gbassinexch1.stream_2023-02-16_16-34-07/25edd9b3_f0006288.jpg
stream_gbassinexch1.stream_2023-02-16_16-34-07,development,1733,6300,262.500,aerial,343,stream_gbassinexch1.stream_2023-02-16_16-34-07/25edd9b3_f0006300.jpg,https://huggingface.co/datasets/shivam11/grand-bassin-traffic/resolve/main/images/stream_gbassinexch1.stream_2023-02-16_16-34-07/25edd9b3_f0006300.jpg?download=true,data/raw/grand_bassin/images/stream_gbassinexch1.stream_2023-02-16_16-34-07/25edd9b3_f0006300.jpg
stream_gbassinexch1.stream_2023-02-16_16-34-07,development,1734,6312,263.000,aerial,348,stream_gbassinexch1.stream_2023-02-16_16-34-07/25edd9b3_f0006312.jpg,https://huggingface.co/datasets/shivam11/grand-bassin-traffic/resolve/main/images/stream_gbassinexch1.stream_2023-02-16_16-34-07/25edd9b3_f0006312.jpg?download=true,data/raw/grand_bassin/images/stream_gbassinexch1.stream_2023-02-16_16-34-07/25edd9b3_f0006312.jpg
stream_gbassinexch1.stream_2023-02-16_16-34-07,development,1735,6324,263.500,aerial,349,stream_gbassinexch1.stream_2023-02-16_16-34-07/25edd9b3_f0006324.jpg,https://huggingface.co/datasets/shivam11/grand-bassin-traffic/resolve/main/images/stream_gbassinexch1.stream_2023-02-16_16-34-07/25edd9b3_f0006324.jpg?download=true,data/raw/grand_bassin/images/stream_gbassinexch1.stream_2023-02-16_16-34-07/25edd9b3_f0006324.jpg
stream_gbassinexch1.stream_2023-02-16_16-34-07,development,1736,6336,264.000,aerial,354,stream_gbassinexch1.stream_2023-02-16_16-34-07/25edd9b3_f0006336.jpg,https://huggingface.co/datasets/shivam11/grand-bassin-traffic/resolve/main/images/stream_gbassinexch1.stream_2023-02-16_16-34-07/25edd9b3_f0006336.jpg?download=true,data/raw/grand_bassin/images/stream_gbassinexch1.stream_2023-02-16_16-34-07/25edd9b3_f0006336.jpg
stream_gbassinexch1.stream_2023-02-16_16-34-07,development,1737,6348,264.500,aerial,348,stream_gbassinexch1.stream_2023-02-16_16-34-07/25edd9b3_f0006348.jpg,https://huggingface.co/datasets/shivam11/grand-bassin-traffic/resolve/main/images/stream_gbassinexch1.stream_2023-02-16_16-34-07/25edd9b3_f0006348.jpg?download=true,data/raw/grand_bassin/images/stream_gbassinexch1.stream_2023-02-16_16-34-07/25edd9b3_f0006348.jpg
stream_gbassinexch1.stream_2023-02-16_16-34-07,development,1738,6360,265.000,aerial,345,stream_gbassinexch1.stream_2023-02-16_16-34-07/25edd9b3_f0006360.jpg,https://huggingface.co/datasets/shivam11/grand-bassin-traffic/resolve/main/images/stream_gbassinexch1.stream_2023-02-16_16-34-07/25edd9b3_f0006360.jpg?download=true,data/raw/grand_bassin/images/stream_gbassinexch1.stream_2023-02-16_16-34-07/25edd9b3_f0006360.jpg
stream_gbassinexch1.stream_2023-02-16_16-34-07,development,1739,6372,265.500,aerial,349,stream_gbassinexch1.stream_2023-02-16_16-34-07/25edd9b3_f0006372.jpg,https://huggingface.co/datasets/shivam11/grand-bassin-traffic/resolve/main/images/stream_gbassinexch1.stream_2023-02-16_16-34-07/25edd9b3_f0006372.jpg?download=true,data/raw/grand_bassin/images/stream_gbassinexch1.stream_2023-02-16_16-34-07/25edd9b3_f0006372.jpg
stream_gbassinexch1.stream_2023-02-16_16-34-07,development,1740,6384,266.000,aerial,349,stream_gbassinexch1.stream_2023-02-16_16-34-07/25edd9b3_f0006384.jpg,https://huggingface.co/datasets/shivam11/grand-bassin-traffic/resolve/main/images/stream_gbassinexch1.stream_2023-02-16_16-34-07/25edd9b3_f0006384.jpg?download=true,data/raw/grand_bassin/images/stream_gbassinexch1.stream_2023-02-16_16-34-07/25edd9b3_f0006384.jpg
stream_gbassinexch1.stream_2023-02-16_16-34-07,development,1741,6396,266.500,aerial,350,stream_gbassinexch1.stream_2023-02-16_16-34-07/25edd9b3_f0006396.jpg,https://huggingface.co/datasets/shivam11/grand-bassin-traffic/resolve/main/images/stream_gbassinexch1.stream_2023-02-16_16-34-07/25edd9b3_f0006396.jpg?download=true,data/raw/grand_bassin/images/stream_gbassinexch1.stream_2023-02-16_16-34-07/25edd9b3_f0006396.jpg
stream_gbassinexch1.stream_2023-02-16_16-34-07,development,1742,6408,267.000,aerial,358,stream_gbassinexch1.stream_2023-02-16_16-34-07/25edd9b3_f0006408.jpg,https://huggingface.co/datasets/shivam11/grand-bassin-traffic/resolve/main/images/stream_gbassinexch1.stream_2023-02-16_16-34-07/25edd9b3_f0006408.jpg?download=true,data/raw/grand_bassin/images/stream_gbassinexch1.stream_2023-02-16_16-34-07/25edd9b3_f0006408.jpg
stream_gbassinexch1.stream_2023-02-16_16-34-07,development,1743,6420,267.500,aerial,356,stream_gbassinexch1.stream_2023-02-16_16-34-07/25edd9b3_f0006420.jpg,https://huggingface.co/datasets/shivam11/grand-bassin-traffic/resolve/main/images/stream_gbassinexch1.stream_2023-02-16_16-34-07/25edd9b3_f0006420.jpg?download=true,data/raw/grand_bassin/images/stream_gbassinexch1.stream_2023-02-16_16-34-07/25edd9b3_f0006420.jpg
stream_gbassinexch1.stream_2023-02-16_16-34-07,development,1744,6432,268.000,aerial,354,stream_gbassinexch1.stream_2023-02-16_16-34-07/25edd9b3_f0006432.jpg,https://huggingface.co/datasets/shivam11/grand-bassin-traffic/resolve/main/images/stream_gbassinexch1.stream_2023-02-16_16-34-07/25edd9b3_f0006432.jpg?download=true,data/raw/grand_bassin/images/stream_gbassinexch1.stream_2023-02-16_16-34-07/25edd9b3_f0006432.jpg
stream_gbassinexch1.stream_2023-02-16_16-34-07,development,1745,6444,268.500,aerial,351,stream_gbassinexch1.stream_2023-02-16_16-34-07/25edd9b3_f0006444.jpg,https://huggingface.co/datasets/shivam11/grand-bassin-traffic/resolve/main/images/stream_gbassinexch1.stream_2023-02-16_16-34-07/25edd9b3_f0006444.jpg?download=true,data/raw/grand_bassin/images/stream_gbassinexch1.stream_2023-02-16_16-34-07/25edd9b3_f0006444.jpg
stream_gbassinexch1.stream_2023-02-16_16-34-07,development,1746,6456,269.000,aerial,348,stream_gbassinexch1.stream_2023-02-16_16-34-07/25edd9b3_f0006456.jpg,https://huggingface.co/datasets/shivam11/grand-bassin-traffic/resolve/main/images/stream_gbassinexch1.stream_2023-02-16_16-34-07/25edd9b3_f0006456.jpg?download=true,data/raw/grand_bassin/images/stream_gbassinexch1.stream_2023-02-16_16-34-07/25edd9b3_f0006456.jpg
stream_gbassinexch1.stream_2023-02-16_16-34-07,development,1747,6468,269.500,aerial,358,stream_gbassinexch1.stream_2023-02-16_16-34-07/25edd9b3_f0006468.jpg,https://huggingface.co/datasets/shivam11/grand-bassin-traffic/resolve/main/images/stream_gbassinexch1.stream_2023-02-16_16-34-07/25edd9b3_f0006468.jpg?download=true,data/raw/grand_bassin/images/stream_gbassinexch1.stream_2023-02-16_16-34-07/25edd9b3_f0006468.jpg
stream_gbassinexch1.stream_2023-02-16_16-34-07,development,1748,6480,270.000,aerial,353,stream_gbassinexch1.stream_2023-02-16_16-34-07/25edd9b3_f0006480.jpg,https://huggingface.co/datasets/shivam11/grand-bassin-traffic/resolve/main/images/stream_gbassinexch1.stream_2023-02-16_16-34-07/25edd9b3_f0006480.jpg?download=true,data/raw/grand_bassin/images/stream_gbassinexch1.stream_2023-02-16_16-34-07/25edd9b3_f0006480.jpg
stream_gbassinexch1.stream_2023-02-16_16-34-07,development,1749,6492,270.500,aerial,346,stream_gbassinexch1.stream_2023-02-16_16-34-07/25edd9b3_f0006492.jpg,https://huggingface.co/datasets/shivam11/grand-bassin-traffic/resolve/main/images/stream_gbassinexch1.stream_2023-02-16_16-34-07/25edd9b3_f0006492.jpg?download=true,data/raw/grand_bassin/images/stream_gbassinexch1.stream_2023-02-16_16-34-07/25edd9b3_f0006492.jpg
stream_gbassinexch1.stream_2023-02-16_16-34-07,development,1750,6504,271.000,aerial,355,stream_gbassinexch1.stream_2023-02-16_16-34-07/25edd9b3_f0006504.jpg,https://huggingface.co/datasets/shivam11/grand-bassin-traffic/resolve/main/images/stream_gbassinexch1.stream_2023-02-16_16-34-07/25edd9b3_f0006504.jpg?download=true,data/raw/grand_bassin/images/stream_gbassinexch1.stream_2023-02-16_16-34-07/25edd9b3_f0006504.jpg
stream_gbassinexch1.stream_2023-02-16_16-34-07,development,1751,6516,271.500,aerial,356,stream_gbassinexch1.stream_2023-02-16_16-34-07/25edd9b3_f0006516.jpg,https://huggingface.co/datasets/shivam11/grand-bassin-traffic/resolve/main/images/stream_gbassinexch1.stream_2023-02-16_16-34-07/25edd9b3_f0006516.jpg?download=true,data/raw/grand_bassin/images/stream_gbassinexch1.stream_2023-02-16_16-34-07/25edd9b3_f0006516.jpg
stream_gbassinexch1.stream_2023-02-16_16-34-07,development,1752,6528,272.000,aerial,353,stream_gbassinexch1.stream_2023-02-16_16-34-07/25edd9b3_f0006528.jpg,https://huggingface.co/datasets/shivam11/grand-bassin-traffic/resolve/main/images/stream_gbassinexch1.stream_2023-02-16_16-34-07/25edd9b3_f0006528.jpg?download=true,data/raw/grand_bassin/images/stream_gbassinexch1.stream_2023-02-16_16-34-07/25edd9b3_f0006528.jpg
stream_gbassinexch1.stream_2023-02-16_16-34-07,development,1753,6540,272.500,aerial,359,stream_gbassinexch1.stream_2023-02-16_16-34-07/25edd9b3_f0006540.jpg,https://huggingface.co/datasets/shivam11/grand-bassin-traffic/resolve/main/images/stream_gbassinexch1.stream_2023-02-16_16-34-07/25edd9b3_f0006540.jpg?download=true,data/raw/grand_bassin/images/stream_gbassinexch1.stream_2023-02-16_16-34-07/25edd9b3_f0006540.jpg
stream_gbassinexch1.stream_2023-02-16_16-34-07,development,1754,6552,273.000,aerial,354,stream_gbassinexch1.stream_2023-02-16_16-34-07/25edd9b3_f0006552.jpg,https://huggingface.co/datasets/shivam11/grand-bassin-traffic/resolve/main/images/stream_gbassinexch1.stream_2023-02-16_16-34-07/25edd9b3_f0006552.jpg?download=true,data/raw/grand_bassin/images/stream_gbassinexch1.stream_2023-02-16_16-34-07/25edd9b3_f0006552.jpg
stream_gbassinexch1.stream_2023-02-16_16-34-07,development,1755,6564,273.500,aerial,360,stream_gbassinexch1.stream_2023-02-16_16-34-07/25edd9b3_f0006564.jpg,https://huggingface.co/datasets/shivam11/grand-bassin-traffic/resolve/main/images/stream_gbassinexch1.stream_2023-02-16_16-34-07/25edd9b3_f0006564.jpg?download=true,data/raw/grand_bassin/images/stream_gbassinexch1.stream_2023-02-16_16-34-07/25edd9b3_f0006564.jpg
stream_gbassinexch1.stream_2023-02-16_16-34-07,development,1756,6576,274.000,aerial,360,stream_gbassinexch1.stream_2023-02-16_16-34-07/25edd9b3_f0006576.jpg,https://huggingface.co/datasets/shivam11/grand-bassin-traffic/resolve/main/images/stream_gbassinexch1.stream_2023-02-16_16-34-07/25edd9b3_f0006576.jpg?download=true,data/raw/grand_bassin/images/stream_gbassinexch1.stream_2023-02-16_16-34-07/25edd9b3_f0006576.jpg
stream_gbassinexch1.stream_2023-02-16_16-34-07,development,1757,6588,274.500,aerial,352,stream_gbassinexch1.stream_2023-02-16_16-34-07/25edd9b3_f0006588.jpg,https://huggingface.co/datasets/shivam11/grand-bassin-traffic/resolve/main/images/stream_gbassinexch1.stream_2023-02-16_16-34-07/25edd9b3_f0006588.jpg?download=true,data/raw/grand_bassin/images/stream_gbassinexch1.stream_2023-02-16_16-34-07/25edd9b3_f0006588.jpg
stream_gbassinexch1.stream_2023-02-16_16-34-07,development,1758,6600,275.000,aerial,348,stream_gbassinexch1.stream_2023-02-16_16-34-07/25edd9b3_f0006600.jpg,https://huggingface.co/datasets/shivam11/grand-bassin-traffic/resolve/main/images/stream_gbassinexch1.stream_2023-02-16_16-34-07/25edd9b3_f0006600.jpg?download=true,data/raw/grand_bassin/images/stream_gbassinexch1.stream_2023-02-16_16-34-07/25edd9b3_f0006600.jpg
stream_gbassinexch1.stream_2023-02-16_16-34-07,development,1759,6612,275.500,aerial,352,stream_gbassinexch1.stream_2023-02-16_16-34-07/25edd9b3_f0006612.jpg,https://huggingface.co/datasets/shivam11/grand-bassin-traffic/resolve/main/images/stream_gbassinexch1.stream_2023-02-16_16-34-07/25edd9b3_f0006612.jpg?download=true,data/raw/grand_bassin/images/stream_gbassinexch1.stream_2023-02-16_16-34-07/25edd9b3_f0006612.jpg
stream_gbassinexch1.stream_2023-02-16_16-34-07,development,1760,6624,276.000,aerial,350,stream_gbassinexch1.stream_2023-02-16_16-34-07/25edd9b3_f0006624.jpg,https://huggingface.co/datasets/shivam11/grand-bassin-traffic/resolve/main/images/stream_gbassinexch1.stream_2023-02-16_16-34-07/25edd9b3_f0006624.jpg?download=true,data/raw/grand_bassin/images/stream_gbassinexch1.stream_2023-02-16_16-34-07/25edd9b3_f0006624.jpg
stream_gbassinexch1.stream_2023-02-16_16-34-07,development,1761,6636,276.500,aerial,347,stream_gbassinexch1.stream_2023-02-16_16-34-07/25edd9b3_f0006636.jpg,https://huggingface.co/datasets/shivam11/grand-bassin-traffic/resolve/main/images/stream_gbassinexch1.stream_2023-02-16_16-34-07/25edd9b3_f0006636.jpg?download=true,data/raw/grand_bassin/images/stream_gbassinexch1.stream_2023-02-16_16-34-07/25edd9b3_f0006636.jpg
stream_gbassinexch1.stream_2023-02-16_16-34-07,development,1762,6648,277.000,aerial,351,stream_gbassinexch1.stream_2023-02-16_16-34-07/25edd9b3_f0006648.jpg,https://huggingface.co/datasets/shivam11/grand-bassin-traffic/resolve/main/images/stream_gbassinexch1.stream_2023-02-16_16-34-07/25edd9b3_f0006648.jpg?download=true,data/raw/grand_bassin/images/stream_gbassinexch1.stream_2023-02-16_16-34-07/25edd9b3_f0006648.jpg
stream_gbassinexch1.stream_2023-02-16_16-34-07,development,1763,6660,277.500,aerial,358,stream_gbassinexch1.stream_2023-02-16_16-34-07/25edd9b3_f0006660.jpg,https://huggingface.co/datasets/shivam11/grand-bassin-traffic/resolve/main/images/stream_gbassinexch1.stream_2023-02-16_16-34-07/25edd9b3_f0006660.jpg?download=true,data/raw/grand_bassin/images/stream_gbassinexch1.stream_2023-02-16_16-34-07/25edd9b3_f0006660.jpg
stream_gbassinexch1.stream_2023-02-16_16-34-07,development,1764,6672,278.000,aerial,356,stream_gbassinexch1.stream_2023-02-16_16-34-07/25edd9b3_f0006672.jpg,https://huggingface.co/datasets/shivam11/grand-bassin-traffic/resolve/main/images/stream_gbassinexch1.stream_2023-02-16_16-34-07/25edd9b3_f0006672.jpg?download=true,data/raw/grand_bassin/images/stream_gbassinexch1.stream_2023-02-16_16-34-07/25edd9b3_f0006672.jpg
stream_gbassinexch1.stream_2023-02-16_16-34-07,development,1765,6684,278.500,aerial,356,stream_gbassinexch1.stream_2023-02-16_16-34-07/25edd9b3_f0006684.jpg,https://huggingface.co/datasets/shivam11/grand-bassin-traffic/resolve/main/images/stream_gbassinexch1.stream_2023-02-16_16-34-07/25edd9b3_f0006684.jpg?download=true,data/raw/grand_bassin/images/stream_gbassinexch1.stream_2023-02-16_16-34-07/25edd9b3_f0006684.jpg
stream_gbassinexch1.stream_2023-02-16_16-34-07,development,1766,6696,279.000,aerial,349,stream_gbassinexch1.stream_2023-02-16_16-34-07/25edd9b3_f0006696.jpg,https://huggingface.co/datasets/shivam11/grand-bassin-traffic/resolve/main/images/stream_gbassinexch1.stream_2023-02-16_16-34-07/25edd9b3_f0006696.jpg?download=true,data/raw/grand_bassin/images/stream_gbassinexch1.stream_2023-02-16_16-34-07/25edd9b3_f0006696.jpg
stream_gbassinexch1.stream_2023-02-16_16-34-07,development,1767,6708,279.500,aerial,354,stream_gbassinexch1.stream_2023-02-16_16-34-07/25edd9b3_f0006708.jpg,https://huggingface.co/datasets/shivam11/grand-bassin-traffic/resolve/main/images/stream_gbassinexch1.stream_2023-02-16_16-34-07/25edd9b3_f0006708.jpg?download=true,data/raw/grand_bassin/images/stream_gbassinexch1.stream_2023-02-16_16-34-07/25edd9b3_f0006708.jpg
stream_gbassinexch1.stream_2023-02-16_16-34-07,development,1768,6720,280.000,aerial,356,stream_gbassinexch1.stream_2023-02-16_16-34-07/25edd9b3_f0006720.jpg,https://huggingface.co/datasets/shivam11/grand-bassin-traffic/resolve/main/images/stream_gbassinexch1.stream_2023-02-16_16-34-07/25edd9b3_f0006720.jpg?download=true,data/raw/grand_bassin/images/stream_gbassinexch1.stream_2023-02-16_16-34-07/25edd9b3_f0006720.jpg
stream_gbassinexch1.stream_2023-02-16_16-34-07,development,1769,6732,280.500,aerial,358,stream_gbassinexch1.stream_2023-02-16_16-34-07/25edd9b3_f0006732.jpg,https://huggingface.co/datasets/shivam11/grand-bassin-traffic/resolve/main/images/stream_gbassinexch1.stream_2023-02-16_16-34-07/25edd9b3_f0006732.jpg?download=true,data/raw/grand_bassin/images/stream_gbassinexch1.stream_2023-02-16_16-34-07/25edd9b3_f0006732.jpg
stream_gbassinexch1.stream_2023-02-16_16-34-07,development,1770,6744,281.000,aerial,354,stream_gbassinexch1.stream_2023-02-16_16-34-07/25edd9b3_f0006744.jpg,https://huggingface.co/datasets/shivam11/grand-bassin-traffic/resolve/main/images/stream_gbassinexch1.stream_2023-02-16_16-34-07/25edd9b3_f0006744.jpg?download=true,data/raw/grand_bassin/images/stream_gbassinexch1.stream_2023-02-16_16-34-07/25edd9b3_f0006744.jpg
stream_gbassinexch1.stream_2023-02-16_16-34-07,development,1771,6756,281.500,aerial,347,stream_gbassinexch1.stream_2023-02-16_16-34-07/25edd9b3_f0006756.jpg,https://huggingface.co/datasets/shivam11/grand-bassin-traffic/resolve/main/images/stream_gbassinexch1.stream_2023-02-16_16-34-07/25edd9b3_f0006756.jpg?download=true,data/raw/grand_bassin/images/stream_gbassinexch1.stream_2023-02-16_16-34-07/25edd9b3_f0006756.jpg
stream_gbassinexch1.stream_2023-02-16_16-34-07,development,1772,6768,282.000,aerial,352,stream_gbassinexch1.stream_2023-02-16_16-34-07/25edd9b3_f0006768.jpg,https://huggingface.co/datasets/shivam11/grand-bassin-traffic/resolve/main/images/stream_gbassinexch1.stream_2023-02-16_16-34-07/25edd9b3_f0006768.jpg?download=true,data/raw/grand_bassin/images/stream_gbassinexch1.stream_2023-02-16_16-34-07/25edd9b3_f0006768.jpg
stream_gbassinexch1.stream_2023-02-16_16-34-07,development,1773,6780,282.500,aerial,352,stream_gbassinexch1.stream_2023-02-16_16-34-07/25edd9b3_f0006780.jpg,https://huggingface.co/datasets/shivam11/grand-bassin-traffic/resolve/main/images/stream_gbassinexch1.stream_2023-02-16_16-34-07/25edd9b3_f0006780.jpg?download=true,data/raw/grand_bassin/images/stream_gbassinexch1.stream_2023-02-16_16-34-07/25edd9b3_f0006780.jpg
stream_gbassinexch1.stream_2023-02-16_16-34-07,development,1774,6792,283.000,aerial,345,stream_gbassinexch1.stream_2023-02-16_16-34-07/25edd9b3_f0006792.jpg,https://huggingface.co/datasets/shivam11/grand-bassin-traffic/resolve/main/images/stream_gbassinexch1.stream_2023-02-16_16-34-07/25edd9b3_f0006792.jpg?download=true,data/raw/grand_bassin/images/stream_gbassinexch1.stream_2023-02-16_16-34-07/25edd9b3_f0006792.jpg
stream_gbassinexch1.stream_2023-02-16_16-34-07,development,1775,6804,283.500,aerial,362,stream_gbassinexch1.stream_2023-02-16_16-34-07/25edd9b3_f0006804.jpg,https://huggingface.co/datasets/shivam11/grand-bassin-traffic/resolve/main/images/stream_gbassinexch1.stream_2023-02-16_16-34-07/25edd9b3_f0006804.jpg?download=true,data/raw/grand_bassin/images/stream_gbassinexch1.stream_2023-02-16_16-34-07/25edd9b3_f0006804.jpg
stream_gbassinexch1.stream_2023-02-16_16-34-07,development,1776,6816,284.000,aerial,370,stream_gbassinexch1.stream_2023-02-16_16-34-07/25edd9b3_f0006816.jpg,https://huggingface.co/datasets/shivam11/grand-bassin-traffic/resolve/main/images/stream_gbassinexch1.stream_2023-02-16_16-34-07/25edd9b3_f0006816.jpg?download=true,data/raw/grand_bassin/images/stream_gbassinexch1.stream_2023-02-16_16-34-07/25edd9b3_f0006816.jpg
stream_gbassinexch1.stream_2023-02-16_16-34-07,development,1777,6828,284.500,aerial,367,stream_gbassinexch1.stream_2023-02-16_16-34-07/25edd9b3_f0006828.jpg,https://huggingface.co/datasets/shivam11/grand-bassin-traffic/resolve/main/images/stream_gbassinexch1.stream_2023-02-16_16-34-07/25edd9b3_f0006828.jpg?download=true,data/raw/grand_bassin/images/stream_gbassinexch1.stream_2023-02-16_16-34-07/25edd9b3_f0006828.jpg
stream_gbassinexch1.stream_2023-02-16_16-34-07,development,1778,6840,285.000,aerial,366,stream_gbassinexch1.stream_2023-02-16_16-34-07/25edd9b3_f0006840.jpg,https://huggingface.co/datasets/shivam11/grand-bassin-traffic/resolve/main/images/stream_gbassinexch1.stream_2023-02-16_16-34-07/25edd9b3_f0006840.jpg?download=true,data/raw/grand_bassin/images/stream_gbassinexch1.stream_2023-02-16_16-34-07/25edd9b3_f0006840.jpg
stream_gbassinexch1.stream_2023-02-16_16-34-07,development,1779,6852,285.500,aerial,357,stream_gbassinexch1.stream_2023-02-16_16-34-07/25edd9b3_f0006852.jpg,https://huggingface.co/datasets/shivam11/grand-bassin-traffic/resolve/main/images/stream_gbassinexch1.stream_2023-02-16_16-34-07/25edd9b3_f0006852.jpg?download=true,data/raw/grand_bassin/images/stream_gbassinexch1.stream_2023-02-16_16-34-07/25edd9b3_f0006852.jpg
stream_gbassinexch1.stream_2023-02-16_16-34-07,development,1780,6864,286.000,aerial,362,stream_gbassinexch1.stream_2023-02-16_16-34-07/25edd9b3_f0006864.jpg,https://huggingface.co/datasets/shivam11/grand-bassin-traffic/resolve/main/images/stream_gbassinexch1.stream_2023-02-16_16-34-07/25edd9b3_f0006864.jpg?download=true,data/raw/grand_bassin/images/stream_gbassinexch1.stream_2023-02-16_16-34-07/25edd9b3_f0006864.jpg
stream_gbassinexch1.stream_2023-02-16_16-34-07,development,1781,6876,286.500,aerial,362,stream_gbassinexch1.stream_2023-02-16_16-34-07/25edd9b3_f0006876.jpg,https://huggingface.co/datasets/shivam11/grand-bassin-traffic/resolve/main/images/stream_gbassinexch1.stream_2023-02-16_16-34-07/25edd9b3_f0006876.jpg?download=true,data/raw/grand_bassin/images/stream_gbassinexch1.stream_2023-02-16_16-34-07/25edd9b3_f0006876.jpg
stream_gbassinexch1.stream_2023-02-16_16-34-07,development,1782,6888,287.000,aerial,359,stream_gbassinexch1.stream_2023-02-16_16-34-07/25edd9b3_f0006888.jpg,https://huggingface.co/datasets/shivam11/grand-bassin-traffic/resolve/main/images/stream_gbassinexch1.stream_2023-02-16_16-34-07/25edd9b3_f0006888.jpg?download=true,data/raw/grand_bassin/images/stream_gbassinexch1.stream_2023-02-16_16-34-07/25edd9b3_f0006888.jpg
stream_gbassinexch1.stream_2023-02-16_16-34-07,development,1783,6900,287.500,aerial,361,stream_gbassinexch1.stream_2023-02-16_16-34-07/25edd9b3_f0006900.jpg,https://huggingface.co/datasets/shivam11/grand-bassin-traffic/resolve/main/images/stream_gbassinexch1.stream_2023-02-16_16-34-07/25edd9b3_f0006900.jpg?download=true,data/raw/grand_bassin/images/stream_gbassinexch1.stream_2023-02-16_16-34-07/25edd9b3_f0006900.jpg
stream_gbassinexch1.stream_2023-02-16_16-34-07,development,1784,6912,288.000,aerial,363,stream_gbassinexch1.stream_2023-02-16_16-34-07/25edd9b3_f0006912.jpg,https://huggingface.co/datasets/shivam11/grand-bassin-traffic/resolve/main/images/stream_gbassinexch1.stream_2023-02-16_16-34-07/25edd9b3_f0006912.jpg?download=true,data/raw/grand_bassin/images/stream_gbassinexch1.stream_2023-02-16_16-34-07/25edd9b3_f0006912.jpg
stream_gbassinexch1.stream_2023-02-16_16-34-07,development,1785,6924,288.500,aerial,354,stream_gbassinexch1.stream_2023-02-16_16-34-07/25edd9b3_f0006924.jpg,https://huggingface.co/datasets/shivam11/grand-bassin-traffic/resolve/main/images/stream_gbassinexch1.stream_2023-02-16_16-34-07/25edd9b3_f0006924.jpg?download=true,data/raw/grand_bassin/images/stream_gbassinexch1.stream_2023-02-16_16-34-07/25edd9b3_f0006924.jpg
stream_gbassinexch1.stream_2023-02-16_16-34-07,development,1786,6936,289.000,aerial,358,stream_gbassinexch1.stream_2023-02-16_16-34-07/25edd9b3_f0006936.jpg,https://huggingface.co/datasets/shivam11/grand-bassin-traffic/resolve/main/images/stream_gbassinexch1.stream_2023-02-16_16-34-07/25edd9b3_f0006936.jpg?download=true,data/raw/grand_bassin/images/stream_gbassinexch1.stream_2023-02-16_16-34-07/25edd9b3_f0006936.jpg
stream_gbassinexch1.stream_2023-02-16_16-34-07,development,1787,6948,289.500,aerial,353,stream_gbassinexch1.stream_2023-02-16_16-34-07/25edd9b3_f0006948.jpg,https://huggingface.co/datasets/shivam11/grand-bassin-traffic/resolve/main/images/stream_gbassinexch1.stream_2023-02-16_16-34-07/25edd9b3_f0006948.jpg?download=true,data/raw/grand_bassin/images/stream_gbassinexch1.stream_2023-02-16_16-34-07/25edd9b3_f0006948.jpg
stream_gbassinexch1.stream_2023-02-16_16-34-07,development,1788,6960,290.000,aerial,356,stream_gbassinexch1.stream_2023-02-16_16-34-07/25edd9b3_f0006960.jpg,https://huggingface.co/datasets/shivam11/grand-bassin-traffic/resolve/main/images/stream_gbassinexch1.stream_2023-02-16_16-34-07/25edd9b3_f0006960.jpg?download=true,data/raw/grand_bassin/images/stream_gbassinexch1.stream_2023-02-16_16-34-07/25edd9b3_f0006960.jpg
stream_gbassinexch1.stream_2023-02-16_16-34-07,development,1789,6972,290.500,aerial,357,stream_gbassinexch1.stream_2023-02-16_16-34-07/25edd9b3_f0006972.jpg,https://huggingface.co/datasets/shivam11/grand-bassin-traffic/resolve/main/images/stream_gbassinexch1.stream_2023-02-16_16-34-07/25edd9b3_f0006972.jpg?download=true,data/raw/grand_bassin/images/stream_gbassinexch1.stream_2023-02-16_16-34-07/25edd9b3_f0006972.jpg
stream_gbassinexch1.stream_2023-02-16_16-34-07,development,1790,6984,291.000,aerial,356,stream_gbassinexch1.stream_2023-02-16_16-34-07/25edd9b3_f0006984.jpg,https://huggingface.co/datasets/shivam11/grand-bassin-traffic/resolve/main/images/stream_gbassinexch1.stream_2023-02-16_16-34-07/25edd9b3_f0006984.jpg?download=true,data/raw/grand_bassin/images/stream_gbassinexch1.stream_2023-02-16_16-34-07/25edd9b3_f0006984.jpg
stream_gbassinexch1.stream_2023-02-16_16-34-07,development,1791,6996,291.500,aerial,353,stream_gbassinexch1.stream_2023-02-16_16-34-07/25edd9b3_f0006996.jpg,https://huggingface.co/datasets/shivam11/grand-bassin-traffic/resolve/main/images/stream_gbassinexch1.stream_2023-02-16_16-34-07/25edd9b3_f0006996.jpg?download=true,data/raw/grand_bassin/images/stream_gbassinexch1.stream_2023-02-16_16-34-07/25edd9b3_f0006996.jpg
stream_gbassinexch1.stream_2023-02-16_16-34-07,development,1792,7008,292.000,aerial,357,stream_gbassinexch1.stream_2023-02-16_16-34-07/25edd9b3_f0007008.jpg,https://huggingface.co/datasets/shivam11/grand-bassin-traffic/resolve/main/images/stream_gbassinexch1.stream_2023-02-16_16-34-07/25edd9b3_f0007008.jpg?download=true,data/raw/grand_bassin/images/stream_gbassinexch1.stream_2023-02-16_16-34-07/25edd9b3_f0007008.jpg
stream_gbassinexch1.stream_2023-02-16_16-34-07,development,1793,7020,292.500,aerial,350,stream_gbassinexch1.stream_2023-02-16_16-34-07/25edd9b3_f0007020.jpg,https://huggingface.co/datasets/shivam11/grand-bassin-traffic/resolve/main/images/stream_gbassinexch1.stream_2023-02-16_16-34-07/25edd9b3_f0007020.jpg?download=true,data/raw/grand_bassin/images/stream_gbassinexch1.stream_2023-02-16_16-34-07/25edd9b3_f0007020.jpg
stream_gbassinexch1.stream_2023-02-16_16-34-07,development,1794,7032,293.000,aerial,353,stream_gbassinexch1.stream_2023-02-16_16-34-07/25edd9b3_f0007032.jpg,https://huggingface.co/datasets/shivam11/grand-bassin-traffic/resolve/main/images/stream_gbassinexch1.stream_2023-02-16_16-34-07/25edd9b3_f0007032.jpg?download=true,data/raw/grand_bassin/images/stream_gbassinexch1.stream_2023-02-16_16-34-07/25edd9b3_f0007032.jpg
stream_gbassinexch1.stream_2023-02-16_16-34-07,development,1795,7044,293.500,aerial,361,stream_gbassinexch1.stream_2023-02-16_16-34-07/25edd9b3_f0007044.jpg,https://huggingface.co/datasets/shivam11/grand-bassin-traffic/resolve/main/images/stream_gbassinexch1.stream_2023-02-16_16-34-07/25edd9b3_f0007044.jpg?download=true,data/raw/grand_bassin/images/stream_gbassinexch1.stream_2023-02-16_16-34-07/25edd9b3_f0007044.jpg
stream_gbassinexch1.stream_2023-02-16_16-34-07,development,1796,7056,294.000,aerial,365,stream_gbassinexch1.stream_2023-02-16_16-34-07/25edd9b3_f0007056.jpg,https://huggingface.co/datasets/shivam11/grand-bassin-traffic/resolve/main/images/stream_gbassinexch1.stream_2023-02-16_16-34-07/25edd9b3_f0007056.jpg?download=true,data/raw/grand_bassin/images/stream_gbassinexch1.stream_2023-02-16_16-34-07/25edd9b3_f0007056.jpg
stream_gbassinexch1.stream_2023-02-16_16-34-07,development,1797,7068,294.500,aerial,363,stream_gbassinexch1.stream_2023-02-16_16-34-07/25edd9b3_f0007068.jpg,https://huggingface.co/datasets/shivam11/grand-bassin-traffic/resolve/main/images/stream_gbassinexch1.stream_2023-02-16_16-34-07/25edd9b3_f0007068.jpg?download=true,data/raw/grand_bassin/images/stream_gbassinexch1.stream_2023-02-16_16-34-07/25edd9b3_f0007068.jpg
stream_gbassinexch1.stream_2023-02-16_16-34-07,development,1798,7080,295.000,aerial,363,stream_gbassinexch1.stream_2023-02-16_16-34-07/25edd9b3_f0007080.jpg,https://huggingface.co/datasets/shivam11/grand-bassin-traffic/resolve/main/images/stream_gbassinexch1.stream_2023-02-16_16-34-07/25edd9b3_f0007080.jpg?download=true,data/raw/grand_bassin/images/stream_gbassinexch1.stream_2023-02-16_16-34-07/25edd9b3_f0007080.jpg
stream_gbassinexch1.stream_2023-02-16_16-34-07,development,1799,7092,295.500,aerial,354,stream_gbassinexch1.stream_2023-02-16_16-34-07/25edd9b3_f0007092.jpg,https://huggingface.co/datasets/shivam11/grand-bassin-traffic/resolve/main/images/stream_gbassinexch1.stream_2023-02-16_16-34-07/25edd9b3_f0007092.jpg?download=true,data/raw/grand_bassin/images/stream_gbassinexch1.stream_2023-02-16_16-34-07/25edd9b3_f0007092.jpg
stream_gbassinexch1.stream_2023-02-16_16-34-07,development,1800,7104,296.000,aerial,358,stream_gbassinexch1.stream_2023-02-16_16-34-07/25edd9b3_f0007104.jpg,https://huggingface.co/datasets/shivam11/grand-bassin-traffic/resolve/main/images/stream_gbassinexch1.stream_2023-02-16_16-34-07/25edd9b3_f0007104.jpg?download=true,data/raw/grand_bassin/images/stream_gbassinexch1.stream_2023-02-16_16-34-07/25edd9b3_f0007104.jpg
stream_gbassinexch1.stream_2023-02-16_16-34-07,development,1801,7116,296.500,aerial,363,stream_gbassinexch1.stream_2023-02-16_16-34-07/25edd9b3_f0007116.jpg,https://huggingface.co/datasets/shivam11/grand-bassin-traffic/resolve/main/images/stream_gbassinexch1.stream_2023-02-16_16-34-07/25edd9b3_f0007116.jpg?download=true,data/raw/grand_bassin/images/stream_gbassinexch1.stream_2023-02-16_16-34-07/25edd9b3_f0007116.jpg
stream_gbassinexch1.stream_2023-02-16_16-34-07,development,1802,7128,297.000,aerial,353,stream_gbassinexch1.stream_2023-02-16_16-34-07/25edd9b3_f0007128.jpg,https://huggingface.co/datasets/shivam11/grand-bassin-traffic/resolve/main/images/stream_gbassinexch1.stream_2023-02-16_16-34-07/25edd9b3_f0007128.jpg?download=true,data/raw/grand_bassin/images/stream_gbassinexch1.stream_2023-02-16_16-34-07/25edd9b3_f0007128.jpg
stream_gbassinexch1.stream_2023-02-16_16-34-07,development,1803,7140,297.500,aerial,351,stream_gbassinexch1.stream_2023-02-16_16-34-07/25edd9b3_f0007140.jpg,https://huggingface.co/datasets/shivam11/grand-bassin-traffic/resolve/main/images/stream_gbassinexch1.stream_2023-02-16_16-34-07/25edd9b3_f0007140.jpg?download=true,data/raw/grand_bassin/images/stream_gbassinexch1.stream_2023-02-16_16-34-07/25edd9b3_f0007140.jpg
stream_gbassinexch1.stream_2023-02-16_16-34-07,development,1804,7152,298.000,aerial,343,stream_gbassinexch1.stream_2023-02-16_16-34-07/25edd9b3_f0007152.jpg,https://huggingface.co/datasets/shivam11/grand-bassin-traffic/resolve/main/images/stream_gbassinexch1.stream_2023-02-16_16-34-07/25edd9b3_f0007152.jpg?download=true,data/raw/grand_bassin/images/stream_gbassinexch1.stream_2023-02-16_16-34-07/25edd9b3_f0007152.jpg
stream_gbassinexch1.stream_2023-02-16_16-34-07,development,1805,7164,298.500,aerial,342,stream_gbassinexch1.stream_2023-02-16_16-34-07/25edd9b3_f0007164.jpg,https://huggingface.co/datasets/shivam11/grand-bassin-traffic/resolve/main/images/stream_gbassinexch1.stream_2023-02-16_16-34-07/25edd9b3_f0007164.jpg?download=true,data/raw/grand_bassin/images/stream_gbassinexch1.stream_2023-02-16_16-34-07/25edd9b3_f0007164.jpg
stream_gbassinexch1.stream_2023-02-16_16-34-07,development,1806,7176,299.000,aerial,343,stream_gbassinexch1.stream_2023-02-16_16-34-07/25edd9b3_f0007176.jpg,https://huggingface.co/datasets/shivam11/grand-bassin-traffic/resolve/main/images/stream_gbassinexch1.stream_2023-02-16_16-34-07/25edd9b3_f0007176.jpg?download=true,data/raw/grand_bassin/images/stream_gbassinexch1.stream_2023-02-16_16-34-07/25edd9b3_f0007176.jpg
stream_gbassinexch1.stream_2023-02-16_16-34-07,development,1807,7188,299.500,aerial,352,stream_gbassinexch1.stream_2023-02-16_16-34-07/25edd9b3_f0007188.jpg,https://huggingface.co/datasets/shivam11/grand-bassin-traffic/resolve/main/images/stream_gbassinexch1.stream_2023-02-16_16-34-07/25edd9b3_f0007188.jpg?download=true,data/raw/grand_bassin/images/stream_gbassinexch1.stream_2023-02-16_16-34-07/25edd9b3_f0007188.jpg
stream_gbassinexch1.stream_2023-02-16_16-34-07,development,1808,7200,300.000,aerial,341,stream_gbassinexch1.stream_2023-02-16_16-34-07/25edd9b3_f0007200.jpg,https://huggingface.co/datasets/shivam11/grand-bassin-traffic/resolve/main/images/stream_gbassinexch1.stream_2023-02-16_16-34-07/25edd9b3_f0007200.jpg?download=true,data/raw/grand_bassin/images/stream_gbassinexch1.stream_2023-02-16_16-34-07/25edd9b3_f0007200.jpg
stream_gbassinexch1.stream_2023-02-16_16-34-07,development,1809,7212,300.500,aerial,339,stream_gbassinexch1.stream_2023-02-16_16-34-07/25edd9b3_f0007212.jpg,https://huggingface.co/datasets/shivam11/grand-bassin-traffic/resolve/main/images/stream_gbassinexch1.stream_2023-02-16_16-34-07/25edd9b3_f0007212.jpg?download=true,data/raw/grand_bassin/images/stream_gbassinexch1.stream_2023-02-16_16-34-07/25edd9b3_f0007212.jpg
stream_gbassinexch1.stream_2023-02-16_16-34-07,development,1810,7224,301.000,aerial,341,stream_gbassinexch1.stream_2023-02-16_16-34-07/25edd9b3_f0007224.jpg,https://huggingface.co/datasets/shivam11/grand-bassin-traffic/resolve/main/images/stream_gbassinexch1.stream_2023-02-16_16-34-07/25edd9b3_f0007224.jpg?download=true,data/raw/grand_bassin/images/stream_gbassinexch1.stream_2023-02-16_16-34-07/25edd9b3_f0007224.jpg
stream_gbassinexch1.stream_2023-02-16_16-34-07,development,1811,7236,301.500,aerial,338,stream_gbassinexch1.stream_2023-02-16_16-34-07/25edd9b3_f0007236.jpg,https://huggingface.co/datasets/shivam11/grand-bassin-traffic/resolve/main/images/stream_gbassinexch1.stream_2023-02-16_16-34-07/25edd9b3_f0007236.jpg?download=true,data/raw/grand_bassin/images/stream_gbassinexch1.stream_2023-02-16_16-34-07/25edd9b3_f0007236.jpg
stream_gbassinexch1.stream_2023-02-16_16-34-07,development,1812,7248,302.000,aerial,341,stream_gbassinexch1.stream_2023-02-16_16-34-07/25edd9b3_f0007248.jpg,https://huggingface.co/datasets/shivam11/grand-bassin-traffic/resolve/main/images/stream_gbassinexch1.stream_2023-02-16_16-34-07/25edd9b3_f0007248.jpg?download=true,data/raw/grand_bassin/images/stream_gbassinexch1.stream_2023-02-16_16-34-07/25edd9b3_f0007248.jpg
stream_gbassinexch1.stream_2023-02-16_16-34-07,development,1813,7260,302.500,aerial,340,stream_gbassinexch1.stream_2023-02-16_16-34-07/25edd9b3_f0007260.jpg,https://huggingface.co/datasets/shivam11/grand-bassin-traffic/resolve/main/images/stream_gbassinexch1.stream_2023-02-16_16-34-07/25edd9b3_f0007260.jpg?download=true,data/raw/grand_bassin/images/stream_gbassinexch1.stream_2023-02-16_16-34-07/25edd9b3_f0007260.jpg
stream_gbassinexch1.stream_2023-02-16_16-34-07,development,1814,7272,303.000,aerial,347,stream_gbassinexch1.stream_2023-02-16_16-34-07/25edd9b3_f0007272.jpg,https://huggingface.co/datasets/shivam11/grand-bassin-traffic/resolve/main/images/stream_gbassinexch1.stream_2023-02-16_16-34-07/25edd9b3_f0007272.jpg?download=true,data/raw/grand_bassin/images/stream_gbassinexch1.stream_2023-02-16_16-34-07/25edd9b3_f0007272.jpg
stream_gbassinexch1.stream_2023-02-16_16-34-07,development,1815,7284,303.500,aerial,351,stream_gbassinexch1.stream_2023-02-16_16-34-07/25edd9b3_f0007284.jpg,https://huggingface.co/datasets/shivam11/grand-bassin-traffic/resolve/main/images/stream_gbassinexch1.stream_2023-02-16_16-34-07/25edd9b3_f0007284.jpg?download=true,data/raw/grand_bassin/images/stream_gbassinexch1.stream_2023-02-16_16-34-07/25edd9b3_f0007284.jpg
stream_gbassinexch1.stream_2023-02-16_16-34-07,development,1816,7296,304.000,aerial,349,stream_gbassinexch1.stream_2023-02-16_16-34-07/25edd9b3_f0007296.jpg,https://huggingface.co/datasets/shivam11/grand-bassin-traffic/resolve/main/images/stream_gbassinexch1.stream_2023-02-16_16-34-07/25edd9b3_f0007296.jpg?download=true,data/raw/grand_bassin/images/stream_gbassinexch1.stream_2023-02-16_16-34-07/25edd9b3_f0007296.jpg
stream_gbassinexch1.stream_2023-02-16_16-34-07,development,1817,7308,304.500,aerial,361,stream_gbassinexch1.stream_2023-02-16_16-34-07/25edd9b3_f0007308.jpg,https://huggingface.co/datasets/shivam11/grand-bassin-traffic/resolve/main/images/stream_gbassinexch1.stream_2023-02-16_16-34-07/25edd9b3_f0007308.jpg?download=true,data/raw/grand_bassin/images/stream_gbassinexch1.stream_2023-02-16_16-34-07/25edd9b3_f0007308.jpg
stream_gbassinexch1.stream_2023-02-16_16-34-07,development,1818,7320,305.000,aerial,344,stream_gbassinexch1.stream_2023-02-16_16-34-07/25edd9b3_f0007320.jpg,https://huggingface.co/datasets/shivam11/grand-bassin-traffic/resolve/main/images/stream_gbassinexch1.stream_2023-02-16_16-34-07/25edd9b3_f0007320.jpg?download=true,data/raw/grand_bassin/images/stream_gbassinexch1.stream_2023-02-16_16-34-07/25edd9b3_f0007320.jpg
stream_gbassinexch1.stream_2023-02-16_16-34-07,development,1819,7332,305.500,aerial,350,stream_gbassinexch1.stream_2023-02-16_16-34-07/25edd9b3_f0007332.jpg,https://huggingface.co/datasets/shivam11/grand-bassin-traffic/resolve/main/images/stream_gbassinexch1.stream_2023-02-16_16-34-07/25edd9b3_f0007332.jpg?download=true,data/raw/grand_bassin/images/stream_gbassinexch1.stream_2023-02-16_16-34-07/25edd9b3_f0007332.jpg
stream_gbassinexch1.stream_2023-02-16_16-34-07,development,1820,7344,306.000,aerial,351,stream_gbassinexch1.stream_2023-02-16_16-34-07/25edd9b3_f0007344.jpg,https://huggingface.co/datasets/shivam11/grand-bassin-traffic/resolve/main/images/stream_gbassinexch1.stream_2023-02-16_16-34-07/25edd9b3_f0007344.jpg?download=true,data/raw/grand_bassin/images/stream_gbassinexch1.stream_2023-02-16_16-34-07/25edd9b3_f0007344.jpg
stream_gbassinexch1.stream_2023-02-16_16-34-07,development,1821,7356,306.500,aerial,349,stream_gbassinexch1.stream_2023-02-16_16-34-07/25edd9b3_f0007356.jpg,https://huggingface.co/datasets/shivam11/grand-bassin-traffic/resolve/main/images/stream_gbassinexch1.stream_2023-02-16_16-34-07/25edd9b3_f0007356.jpg?download=true,data/raw/grand_bassin/images/stream_gbassinexch1.stream_2023-02-16_16-34-07/25edd9b3_f0007356.jpg
stream_gbassinexch1.stream_2023-02-16_16-34-07,development,1822,7368,307.000,aerial,352,stream_gbassinexch1.stream_2023-02-16_16-34-07/25edd9b3_f0007368.jpg,https://huggingface.co/datasets/shivam11/grand-bassin-traffic/resolve/main/images/stream_gbassinexch1.stream_2023-02-16_16-34-07/25edd9b3_f0007368.jpg?download=true,data/raw/grand_bassin/images/stream_gbassinexch1.stream_2023-02-16_16-34-07/25edd9b3_f0007368.jpg
stream_gbassinexch1.stream_2023-02-16_16-34-07,development,1823,7380,307.500,aerial,352,stream_gbassinexch1.stream_2023-02-16_16-34-07/25edd9b3_f0007380.jpg,https://huggingface.co/datasets/shivam11/grand-bassin-traffic/resolve/main/images/stream_gbassinexch1.stream_2023-02-16_16-34-07/25edd9b3_f0007380.jpg?download=true,data/raw/grand_bassin/images/stream_gbassinexch1.stream_2023-02-16_16-34-07/25edd9b3_f0007380.jpg
stream_gbassinexch1.stream_2023-02-16_16-34-07,development,1824,7392,308.000,aerial,350,stream_gbassinexch1.stream_2023-02-16_16-34-07/25edd9b3_f0007392.jpg,https://huggingface.co/datasets/shivam11/grand-bassin-traffic/resolve/main/images/stream_gbassinexch1.stream_2023-02-16_16-34-07/25edd9b3_f0007392.jpg?download=true,data/raw/grand_bassin/images/stream_gbassinexch1.stream_2023-02-16_16-34-07/25edd9b3_f0007392.jpg
stream_gbassinexch1.stream_2023-02-16_16-34-07,development,1825,7404,308.500,aerial,353,stream_gbassinexch1.stream_2023-02-16_16-34-07/25edd9b3_f0007404.jpg,https://huggingface.co/datasets/shivam11/grand-bassin-traffic/resolve/main/images/stream_gbassinexch1.stream_2023-02-16_16-34-07/25edd9b3_f0007404.jpg?download=true,data/raw/grand_bassin/images/stream_gbassinexch1.stream_2023-02-16_16-34-07/25edd9b3_f0007404.jpg
stream_gbassinexch1.stream_2023-02-16_16-34-07,development,1826,7416,309.000,aerial,358,stream_gbassinexch1.stream_2023-02-16_16-34-07/25edd9b3_f0007416.jpg,https://huggingface.co/datasets/shivam11/grand-bassin-traffic/resolve/main/images/stream_gbassinexch1.stream_2023-02-16_16-34-07/25edd9b3_f0007416.jpg?download=true,data/raw/grand_bassin/images/stream_gbassinexch1.stream_2023-02-16_16-34-07/25edd9b3_f0007416.jpg
stream_gbassinexch1.stream_2023-02-16_16-34-07,development,1827,7428,309.500,aerial,348,stream_gbassinexch1.stream_2023-02-16_16-34-07/25edd9b3_f0007428.jpg,https://huggingface.co/datasets/shivam11/grand-bassin-traffic/resolve/main/images/stream_gbassinexch1.stream_2023-02-16_16-34-07/25edd9b3_f0007428.jpg?download=true,data/raw/grand_bassin/images/stream_gbassinexch1.stream_2023-02-16_16-34-07/25edd9b3_f0007428.jpg
stream_gbassinexch1.stream_2023-02-16_16-34-07,development,1828,7440,310.000,aerial,342,stream_gbassinexch1.stream_2023-02-16_16-34-07/25edd9b3_f0007440.jpg,https://huggingface.co/datasets/shivam11/grand-bassin-traffic/resolve/main/images/stream_gbassinexch1.stream_2023-02-16_16-34-07/25edd9b3_f0007440.jpg?download=true,data/raw/grand_bassin/images/stream_gbassinexch1.stream_2023-02-16_16-34-07/25edd9b3_f0007440.jpg
stream_gbassinexch1.stream_2023-02-16_16-34-07,development,1829,7452,310.500,aerial,347,stream_gbassinexch1.stream_2023-02-16_16-34-07/25edd9b3_f0007452.jpg,https://huggingface.co/datasets/shivam11/grand-bassin-traffic/resolve/main/images/stream_gbassinexch1.stream_2023-02-16_16-34-07/25edd9b3_f0007452.jpg?download=true,data/raw/grand_bassin/images/stream_gbassinexch1.stream_2023-02-16_16-34-07/25edd9b3_f0007452.jpg
stream_gbassinexch1.stream_2023-02-16_16-34-07,development,1830,7464,311.000,aerial,345,stream_gbassinexch1.stream_2023-02-16_16-34-07/25edd9b3_f0007464.jpg,https://huggingface.co/datasets/shivam11/grand-bassin-traffic/resolve/main/images/stream_gbassinexch1.stream_2023-02-16_16-34-07/25edd9b3_f0007464.jpg?download=true,data/raw/grand_bassin/images/stream_gbassinexch1.stream_2023-02-16_16-34-07/25edd9b3_f0007464.jpg
stream_gbassinexch1.stream_2023-02-16_16-34-07,development,1831,7476,311.500,aerial,355,stream_gbassinexch1.stream_2023-02-16_16-34-07/25edd9b3_f0007476.jpg,https://huggingface.co/datasets/shivam11/grand-bassin-traffic/resolve/main/images/stream_gbassinexch1.stream_2023-02-16_16-34-07/25edd9b3_f0007476.jpg?download=true,data/raw/grand_bassin/images/stream_gbassinexch1.stream_2023-02-16_16-34-07/25edd9b3_f0007476.jpg
stream_gbassinexch1.stream_2023-02-16_16-34-07,development,1832,7488,312.000,aerial,351,stream_gbassinexch1.stream_2023-02-16_16-34-07/25edd9b3_f0007488.jpg,https://huggingface.co/datasets/shivam11/grand-bassin-traffic/resolve/main/images/stream_gbassinexch1.stream_2023-02-16_16-34-07/25edd9b3_f0007488.jpg?download=true,data/raw/grand_bassin/images/stream_gbassinexch1.stream_2023-02-16_16-34-07/25edd9b3_f0007488.jpg
stream_gbassinexch1.stream_2023-02-16_16-34-07,development,1833,7500,312.500,aerial,353,stream_gbassinexch1.stream_2023-02-16_16-34-07/25edd9b3_f0007500.jpg,https://huggingface.co/datasets/shivam11/grand-bassin-traffic/resolve/main/images/stream_gbassinexch1.stream_2023-02-16_16-34-07/25edd9b3_f0007500.jpg?download=true,data/raw/grand_bassin/images/stream_gbassinexch1.stream_2023-02-16_16-34-07/25edd9b3_f0007500.jpg
stream_gbassinexch1.stream_2023-02-16_16-34-07,development,1834,7512,313.000,aerial,359,stream_gbassinexch1.stream_2023-02-16_16-34-07/25edd9b3_f0007512.jpg,https://huggingface.co/datasets/shivam11/grand-bassin-traffic/resolve/main/images/stream_gbassinexch1.stream_2023-02-16_16-34-07/25edd9b3_f0007512.jpg?download=true,data/raw/grand_bassin/images/stream_gbassinexch1.stream_2023-02-16_16-34-07/25edd9b3_f0007512.jpg
stream_gbassinexch1.stream_2023-02-16_16-34-07,development,1835,7524,313.500,aerial,362,stream_gbassinexch1.stream_2023-02-16_16-34-07/25edd9b3_f0007524.jpg,https://huggingface.co/datasets/shivam11/grand-bassin-traffic/resolve/main/images/stream_gbassinexch1.stream_2023-02-16_16-34-07/25edd9b3_f0007524.jpg?download=true,data/raw/grand_bassin/images/stream_gbassinexch1.stream_2023-02-16_16-34-07/25edd9b3_f0007524.jpg
stream_gbassinexch1.stream_2023-02-16_16-34-07,development,1836,7536,314.000,aerial,349,stream_gbassinexch1.stream_2023-02-16_16-34-07/25edd9b3_f0007536.jpg,https://huggingface.co/datasets/shivam11/grand-bassin-traffic/resolve/main/images/stream_gbassinexch1.stream_2023-02-16_16-34-07/25edd9b3_f0007536.jpg?download=true,data/raw/grand_bassin/images/stream_gbassinexch1.stream_2023-02-16_16-34-07/25edd9b3_f0007536.jpg
stream_gbassinexch1.stream_2023-02-16_16-34-07,development,1837,7548,314.500,aerial,354,stream_gbassinexch1.stream_2023-02-16_16-34-07/25edd9b3_f0007548.jpg,https://huggingface.co/datasets/shivam11/grand-bassin-traffic/resolve/main/images/stream_gbassinexch1.stream_2023-02-16_16-34-07/25edd9b3_f0007548.jpg?download=true,data/raw/grand_bassin/images/stream_gbassinexch1.stream_2023-02-16_16-34-07/25edd9b3_f0007548.jpg
stream_gbassinexch1.stream_2023-02-16_16-34-07,development,1838,7560,315.000,aerial,352,stream_gbassinexch1.stream_2023-02-16_16-34-07/25edd9b3_f0007560.jpg,https://huggingface.co/datasets/shivam11/grand-bassin-traffic/resolve/main/images/stream_gbassinexch1.stream_2023-02-16_16-34-07/25edd9b3_f0007560.jpg?download=true,data/raw/grand_bassin/images/stream_gbassinexch1.stream_2023-02-16_16-34-07/25edd9b3_f0007560.jpg
stream_gbassinexch1.stream_2023-02-16_16-34-07,development,1839,7572,315.500,aerial,354,stream_gbassinexch1.stream_2023-02-16_16-34-07/25edd9b3_f0007572.jpg,https://huggingface.co/datasets/shivam11/grand-bassin-traffic/resolve/main/images/stream_gbassinexch1.stream_2023-02-16_16-34-07/25edd9b3_f0007572.jpg?download=true,data/raw/grand_bassin/images/stream_gbassinexch1.stream_2023-02-16_16-34-07/25edd9b3_f0007572.jpg
stream_gbassinexch1.stream_2023-02-16_16-34-07,development,1840,7584,316.000,aerial,365,stream_gbassinexch1.stream_2023-02-16_16-34-07/25edd9b3_f0007584.jpg,https://huggingface.co/datasets/shivam11/grand-bassin-traffic/resolve/main/images/stream_gbassinexch1.stream_2023-02-16_16-34-07/25edd9b3_f0007584.jpg?download=true,data/raw/grand_bassin/images/stream_gbassinexch1.stream_2023-02-16_16-34-07/25edd9b3_f0007584.jpg
stream_gbassinexch1.stream_2023-02-16_16-34-07,development,1841,7596,316.500,aerial,350,stream_gbassinexch1.stream_2023-02-16_16-34-07/25edd9b3_f0007596.jpg,https://huggingface.co/datasets/shivam11/grand-bassin-traffic/resolve/main/images/stream_gbassinexch1.stream_2023-02-16_16-34-07/25edd9b3_f0007596.jpg?download=true,data/raw/grand_bassin/images/stream_gbassinexch1.stream_2023-02-16_16-34-07/25edd9b3_f0007596.jpg
stream_gbassinexch1.stream_2023-02-16_16-34-07,development,1842,7608,317.000,aerial,357,stream_gbassinexch1.stream_2023-02-16_16-34-07/25edd9b3_f0007608.jpg,https://huggingface.co/datasets/shivam11/grand-bassin-traffic/resolve/main/images/stream_gbassinexch1.stream_2023-02-16_16-34-07/25edd9b3_f0007608.jpg?download=true,data/raw/grand_bassin/images/stream_gbassinexch1.stream_2023-02-16_16-34-07/25edd9b3_f0007608.jpg
stream_gbassinexch1.stream_2023-02-16_16-34-07,development,1843,7620,317.500,aerial,355,stream_gbassinexch1.stream_2023-02-16_16-34-07/25edd9b3_f0007620.jpg,https://huggingface.co/datasets/shivam11/grand-bassin-traffic/resolve/main/images/stream_gbassinexch1.stream_2023-02-16_16-34-07/25edd9b3_f0007620.jpg?download=true,data/raw/grand_bassin/images/stream_gbassinexch1.stream_2023-02-16_16-34-07/25edd9b3_f0007620.jpg
stream_gbassinexch1.stream_2023-02-16_16-34-07,development,1844,7632,318.000,aerial,356,stream_gbassinexch1.stream_2023-02-16_16-34-07/25edd9b3_f0007632.jpg,https://huggingface.co/datasets/shivam11/grand-bassin-traffic/resolve/main/images/stream_gbassinexch1.stream_2023-02-16_16-34-07/25edd9b3_f0007632.jpg?download=true,data/raw/grand_bassin/images/stream_gbassinexch1.stream_2023-02-16_16-34-07/25edd9b3_f0007632.jpg
stream_gbassinexch1.stream_2023-02-16_16-34-07,development,1845,7644,318.500,aerial,354,stream_gbassinexch1.stream_2023-02-16_16-34-07/25edd9b3_f0007644.jpg,https://huggingface.co/datasets/shivam11/grand-bassin-traffic/resolve/main/images/stream_gbassinexch1.stream_2023-02-16_16-34-07/25edd9b3_f0007644.jpg?download=true,data/raw/grand_bassin/images/stream_gbassinexch1.stream_2023-02-16_16-34-07/25edd9b3_f0007644.jpg
stream_gbassinexch1.stream_2023-02-16_16-34-07,development,1846,7656,319.000,aerial,357,stream_gbassinexch1.stream_2023-02-16_16-34-07/25edd9b3_f0007656.jpg,https://huggingface.co/datasets/shivam11/grand-bassin-traffic/resolve/main/images/stream_gbassinexch1.stream_2023-02-16_16-34-07/25edd9b3_f0007656.jpg?download=true,data/raw/grand_bassin/images/stream_gbassinexch1.stream_2023-02-16_16-34-07/25edd9b3_f0007656.jpg
stream_gbassinexch1.stream_2023-02-16_16-34-07,development,1847,7668,319.500,aerial,357,stream_gbassinexch1.stream_2023-02-16_16-34-07/25edd9b3_f0007668.jpg,https://huggingface.co/datasets/shivam11/grand-bassin-traffic/resolve/main/images/stream_gbassinexch1.stream_2023-02-16_16-34-07/25edd9b3_f0007668.jpg?download=true,data/raw/grand_bassin/images/stream_gbassinexch1.stream_2023-02-16_16-34-07/25edd9b3_f0007668.jpg
stream_gbassinexch1.stream_2023-02-16_16-34-07,development,1848,7680,320.000,aerial,351,stream_gbassinexch1.stream_2023-02-16_16-34-07/25edd9b3_f0007680.jpg,https://huggingface.co/datasets/shivam11/grand-bassin-traffic/resolve/main/images/stream_gbassinexch1.stream_2023-02-16_16-34-07/25edd9b3_f0007680.jpg?download=true,data/raw/grand_bassin/images/stream_gbassinexch1.stream_2023-02-16_16-34-07/25edd9b3_f0007680.jpg
stream_gbassinexch1.stream_2023-02-16_16-34-07,development,1849,7692,320.500,aerial,361,stream_gbassinexch1.stream_2023-02-16_16-34-07/25edd9b3_f0007692.jpg,https://huggingface.co/datasets/shivam11/grand-bassin-traffic/resolve/main/images/stream_gbassinexch1.stream_2023-02-16_16-34-07/25edd9b3_f0007692.jpg?download=true,data/raw/grand_bassin/images/stream_gbassinexch1.stream_2023-02-16_16-34-07/25edd9b3_f0007692.jpg
stream_gbassinexch1.stream_2023-02-16_16-34-07,development,1850,7704,321.000,aerial,362,stream_gbassinexch1.stream_2023-02-16_16-34-07/25edd9b3_f0007704.jpg,https://huggingface.co/datasets/shivam11/grand-bassin-traffic/resolve/main/images/stream_gbassinexch1.stream_2023-02-16_16-34-07/25edd9b3_f0007704.jpg?download=true,data/raw/grand_bassin/images/stream_gbassinexch1.stream_2023-02-16_16-34-07/25edd9b3_f0007704.jpg
stream_gbassinexch1.stream_2023-02-16_16-34-07,development,1851,7716,321.500,aerial,365,stream_gbassinexch1.stream_2023-02-16_16-34-07/25edd9b3_f0007716.jpg,https://huggingface.co/datasets/shivam11/grand-bassin-traffic/resolve/main/images/stream_gbassinexch1.stream_2023-02-16_16-34-07/25edd9b3_f0007716.jpg?download=true,data/raw/grand_bassin/images/stream_gbassinexch1.stream_2023-02-16_16-34-07/25edd9b3_f0007716.jpg
stream_gbassinexch1.stream_2023-02-16_16-34-07,development,1852,7728,322.000,aerial,351,stream_gbassinexch1.stream_2023-02-16_16-34-07/25edd9b3_f0007728.jpg,https://huggingface.co/datasets/shivam11/grand-bassin-traffic/resolve/main/images/stream_gbassinexch1.stream_2023-02-16_16-34-07/25edd9b3_f0007728.jpg?download=true,data/raw/grand_bassin/images/stream_gbassinexch1.stream_2023-02-16_16-34-07/25edd9b3_f0007728.jpg
stream_gbassinexch1.stream_2023-02-16_16-34-07,development,1853,7740,322.500,aerial,361,stream_gbassinexch1.stream_2023-02-16_16-34-07/25edd9b3_f0007740.jpg,https://huggingface.co/datasets/shivam11/grand-bassin-traffic/resolve/main/images/stream_gbassinexch1.stream_2023-02-16_16-34-07/25edd9b3_f0007740.jpg?download=true,data/raw/grand_bassin/images/stream_gbassinexch1.stream_2023-02-16_16-34-07/25edd9b3_f0007740.jpg
stream_gbassinexch1.stream_2023-02-16_16-34-07,development,1854,7752,323.000,aerial,355,stream_gbassinexch1.stream_2023-02-16_16-34-07/25edd9b3_f0007752.jpg,https://huggingface.co/datasets/shivam11/grand-bassin-traffic/resolve/main/images/stream_gbassinexch1.stream_2023-02-16_16-34-07/25edd9b3_f0007752.jpg?download=true,data/raw/grand_bassin/images/stream_gbassinexch1.stream_2023-02-16_16-34-07/25edd9b3_f0007752.jpg
stream_gbassinexch1.stream_2023-02-16_16-34-07,development,1855,7764,323.500,aerial,356,stream_gbassinexch1.stream_2023-02-16_16-34-07/25edd9b3_f0007764.jpg,https://huggingface.co/datasets/shivam11/grand-bassin-traffic/resolve/main/images/stream_gbassinexch1.stream_2023-02-16_16-34-07/25edd9b3_f0007764.jpg?download=true,data/raw/grand_bassin/images/stream_gbassinexch1.stream_2023-02-16_16-34-07/25edd9b3_f0007764.jpg
stream_gbassinexch1.stream_2023-02-16_16-34-07,development,1856,7776,324.000,aerial,360,stream_gbassinexch1.stream_2023-02-16_16-34-07/25edd9b3_f0007776.jpg,https://huggingface.co/datasets/shivam11/grand-bassin-traffic/resolve/main/images/stream_gbassinexch1.stream_2023-02-16_16-34-07/25edd9b3_f0007776.jpg?download=true,data/raw/grand_bassin/images/stream_gbassinexch1.stream_2023-02-16_16-34-07/25edd9b3_f0007776.jpg
stream_gbassinexch1.stream_2023-02-16_16-34-07,development,1857,7788,324.500,aerial,357,stream_gbassinexch1.stream_2023-02-16_16-34-07/25edd9b3_f0007788.jpg,https://huggingface.co/datasets/shivam11/grand-bassin-traffic/resolve/main/images/stream_gbassinexch1.stream_2023-02-16_16-34-07/25edd9b3_f0007788.jpg?download=true,data/raw/grand_bassin/images/stream_gbassinexch1.stream_2023-02-16_16-34-07/25edd9b3_f0007788.jpg
stream_gbassinexch1.stream_2023-02-16_16-34-07,development,1858,7800,325.000,aerial,355,stream_gbassinexch1.stream_2023-02-16_16-34-07/25edd9b3_f0007800.jpg,https://huggingface.co/datasets/shivam11/grand-bassin-traffic/resolve/main/images/stream_gbassinexch1.stream_2023-02-16_16-34-07/25edd9b3_f0007800.jpg?download=true,data/raw/grand_bassin/images/stream_gbassinexch1.stream_2023-02-16_16-34-07/25edd9b3_f0007800.jpg
stream_gbassinexch1.stream_2023-02-16_16-34-07,development,1859,7812,325.500,aerial,373,stream_gbassinexch1.stream_2023-02-16_16-34-07/25edd9b3_f0007812.jpg,https://huggingface.co/datasets/shivam11/grand-bassin-traffic/resolve/main/images/stream_gbassinexch1.stream_2023-02-16_16-34-07/25edd9b3_f0007812.jpg?download=true,data/raw/grand_bassin/images/stream_gbassinexch1.stream_2023-02-16_16-34-07/25edd9b3_f0007812.jpg
stream_gbassinexch1.stream_2023-02-16_16-34-07,development,1860,7824,326.000,aerial,359,stream_gbassinexch1.stream_2023-02-16_16-34-07/25edd9b3_f0007824.jpg,https://huggingface.co/datasets/shivam11/grand-bassin-traffic/resolve/main/images/stream_gbassinexch1.stream_2023-02-16_16-34-07/25edd9b3_f0007824.jpg?download=true,data/raw/grand_bassin/images/stream_gbassinexch1.stream_2023-02-16_16-34-07/25edd9b3_f0007824.jpg
stream_gbassinexch1.stream_2023-02-16_16-34-07,development,1861,7836,326.500,aerial,364,stream_gbassinexch1.stream_2023-02-16_16-34-07/25edd9b3_f0007836.jpg,https://huggingface.co/datasets/shivam11/grand-bassin-traffic/resolve/main/images/stream_gbassinexch1.stream_2023-02-16_16-34-07/25edd9b3_f0007836.jpg?download=true,data/raw/grand_bassin/images/stream_gbassinexch1.stream_2023-02-16_16-34-07/25edd9b3_f0007836.jpg
stream_gbassinexch1.stream_2023-02-16_16-34-07,development,1862,7848,327.000,aerial,352,stream_gbassinexch1.stream_2023-02-16_16-34-07/25edd9b3_f0007848.jpg,https://huggingface.co/datasets/shivam11/grand-bassin-traffic/resolve/main/images/stream_gbassinexch1.stream_2023-02-16_16-34-07/25edd9b3_f0007848.jpg?download=true,data/raw/grand_bassin/images/stream_gbassinexch1.stream_2023-02-16_16-34-07/25edd9b3_f0007848.jpg
stream_gbassinexch1.stream_2023-02-16_16-34-07,development,1863,7860,327.500,aerial,360,stream_gbassinexch1.stream_2023-02-16_16-34-07/25edd9b3_f0007860.jpg,https://huggingface.co/datasets/shivam11/grand-bassin-traffic/resolve/main/images/stream_gbassinexch1.stream_2023-02-16_16-34-07/25edd9b3_f0007860.jpg?download=true,data/raw/grand_bassin/images/stream_gbassinexch1.stream_2023-02-16_16-34-07/25edd9b3_f0007860.jpg
stream_gbassinexch1.stream_2023-02-16_16-34-07,development,1864,7872,328.000,aerial,347,stream_gbassinexch1.stream_2023-02-16_16-34-07/25edd9b3_f0007872.jpg,https://huggingface.co/datasets/shivam11/grand-bassin-traffic/resolve/main/images/stream_gbassinexch1.stream_2023-02-16_16-34-07/25edd9b3_f0007872.jpg?download=true,data/raw/grand_bassin/images/stream_gbassinexch1.stream_2023-02-16_16-34-07/25edd9b3_f0007872.jpg
stream_gbassinexch1.stream_2023-02-16_16-34-07,development,1865,7884,328.500,aerial,355,stream_gbassinexch1.stream_2023-02-16_16-34-07/25edd9b3_f0007884.jpg,https://huggingface.co/datasets/shivam11/grand-bassin-traffic/resolve/main/images/stream_gbassinexch1.stream_2023-02-16_16-34-07/25edd9b3_f0007884.jpg?download=true,data/raw/grand_bassin/images/stream_gbassinexch1.stream_2023-02-16_16-34-07/25edd9b3_f0007884.jpg
stream_gbassinexch1.stream_2023-02-16_16-34-07,development,1866,7896,329.000,aerial,354,stream_gbassinexch1.stream_2023-02-16_16-34-07/25edd9b3_f0007896.jpg,https://huggingface.co/datasets/shivam11/grand-bassin-traffic/resolve/main/images/stream_gbassinexch1.stream_2023-02-16_16-34-07/25edd9b3_f0007896.jpg?download=true,data/raw/grand_bassin/images/stream_gbassinexch1.stream_2023-02-16_16-34-07/25edd9b3_f0007896.jpg
stream_gbassinexch1.stream_2023-02-16_16-34-07,development,1867,7908,329.500,aerial,355,stream_gbassinexch1.stream_2023-02-16_16-34-07/25edd9b3_f0007908.jpg,https://huggingface.co/datasets/shivam11/grand-bassin-traffic/resolve/main/images/stream_gbassinexch1.stream_2023-02-16_16-34-07/25edd9b3_f0007908.jpg?download=true,data/raw/grand_bassin/images/stream_gbassinexch1.stream_2023-02-16_16-34-07/25edd9b3_f0007908.jpg
stream_gbassinexch1.stream_2023-02-16_16-34-07,development,1868,7920,330.000,aerial,349,stream_gbassinexch1.stream_2023-02-16_16-34-07/25edd9b3_f0007920.jpg,https://huggingface.co/datasets/shivam11/grand-bassin-traffic/resolve/main/images/stream_gbassinexch1.stream_2023-02-16_16-34-07/25edd9b3_f0007920.jpg?download=true,data/raw/grand_bassin/images/stream_gbassinexch1.stream_2023-02-16_16-34-07/25edd9b3_f0007920.jpg
stream_gbassinexch1.stream_2023-02-16_16-34-07,development,1869,7932,330.500,aerial,352,stream_gbassinexch1.stream_2023-02-16_16-34-07/25edd9b3_f0007932.jpg,https://huggingface.co/datasets/shivam11/grand-bassin-traffic/resolve/main/images/stream_gbassinexch1.stream_2023-02-16_16-34-07/25edd9b3_f0007932.jpg?download=true,data/raw/grand_bassin/images/stream_gbassinexch1.stream_2023-02-16_16-34-07/25edd9b3_f0007932.jpg
stream_gbassinexch1.stream_2023-02-16_16-34-07,development,1870,7944,331.000,aerial,346,stream_gbassinexch1.stream_2023-02-16_16-34-07/25edd9b3_f0007944.jpg,https://huggingface.co/datasets/shivam11/grand-bassin-traffic/resolve/main/images/stream_gbassinexch1.stream_2023-02-16_16-34-07/25edd9b3_f0007944.jpg?download=true,data/raw/grand_bassin/images/stream_gbassinexch1.stream_2023-02-16_16-34-07/25edd9b3_f0007944.jpg
stream_gbassinexch1.stream_2023-02-16_16-34-07,development,1871,7956,331.500,aerial,352,stream_gbassinexch1.stream_2023-02-16_16-34-07/25edd9b3_f0007956.jpg,https://huggingface.co/datasets/shivam11/grand-bassin-traffic/resolve/main/images/stream_gbassinexch1.stream_2023-02-16_16-34-07/25edd9b3_f0007956.jpg?download=true,data/raw/grand_bassin/images/stream_gbassinexch1.stream_2023-02-16_16-34-07/25edd9b3_f0007956.jpg
stream_gbassinexch1.stream_2023-02-16_16-34-07,development,1872,7968,332.000,aerial,348,stream_gbassinexch1.stream_2023-02-16_16-34-07/25edd9b3_f0007968.jpg,https://huggingface.co/datasets/shivam11/grand-bassin-traffic/resolve/main/images/stream_gbassinexch1.stream_2023-02-16_16-34-07/25edd9b3_f0007968.jpg?download=true,data/raw/grand_bassin/images/stream_gbassinexch1.stream_2023-02-16_16-34-07/25edd9b3_f0007968.jpg
stream_gbassinexch1.stream_2023-02-16_16-34-07,development,1873,7980,332.500,aerial,348,stream_gbassinexch1.stream_2023-02-16_16-34-07/25edd9b3_f0007980.jpg,https://huggingface.co/datasets/shivam11/grand-bassin-traffic/resolve/main/images/stream_gbassinexch1.stream_2023-02-16_16-34-07/25edd9b3_f0007980.jpg?download=true,data/raw/grand_bassin/images/stream_gbassinexch1.stream_2023-02-16_16-34-07/25edd9b3_f0007980.jpg
stream_gbassinexch1.stream_2023-02-16_16-34-07,development,1874,7992,333.000,aerial,353,stream_gbassinexch1.stream_2023-02-16_16-34-07/25edd9b3_f0007992.jpg,https://huggingface.co/datasets/shivam11/grand-bassin-traffic/resolve/main/images/stream_gbassinexch1.stream_2023-02-16_16-34-07/25edd9b3_f0007992.jpg?download=true,data/raw/grand_bassin/images/stream_gbassinexch1.stream_2023-02-16_16-34-07/25edd9b3_f0007992.jpg
stream_gbassinexch1.stream_2023-02-16_16-34-07,development,1875,8004,333.500,aerial,353,stream_gbassinexch1.stream_2023-02-16_16-34-07/25edd9b3_f0008004.jpg,https://huggingface.co/datasets/shivam11/grand-bassin-traffic/resolve/main/images/stream_gbassinexch1.stream_2023-02-16_16-34-07/25edd9b3_f0008004.jpg?download=true,data/raw/grand_bassin/images/stream_gbassinexch1.stream_2023-02-16_16-34-07/25edd9b3_f0008004.jpg
stream_gbassinexch1.stream_2023-02-16_16-34-07,development,1876,8016,334.000,aerial,347,stream_gbassinexch1.stream_2023-02-16_16-34-07/25edd9b3_f0008016.jpg,https://huggingface.co/datasets/shivam11/grand-bassin-traffic/resolve/main/images/stream_gbassinexch1.stream_2023-02-16_16-34-07/25edd9b3_f0008016.jpg?download=true,data/raw/grand_bassin/images/stream_gbassinexch1.stream_2023-02-16_16-34-07/25edd9b3_f0008016.jpg
stream_gbassinexch1.stream_2023-02-16_16-34-07,development,1877,8028,334.500,aerial,342,stream_gbassinexch1.stream_2023-02-16_16-34-07/25edd9b3_f0008028.jpg,https://huggingface.co/datasets/shivam11/grand-bassin-traffic/resolve/main/images/stream_gbassinexch1.stream_2023-02-16_16-34-07/25edd9b3_f0008028.jpg?download=true,data/raw/grand_bassin/images/stream_gbassinexch1.stream_2023-02-16_16-34-07/25edd9b3_f0008028.jpg
stream_gbassinexch1.stream_2023-02-16_16-34-07,development,1878,8040,335.000,aerial,341,stream_gbassinexch1.stream_2023-02-16_16-34-07/25edd9b3_f0008040.jpg,https://huggingface.co/datasets/shivam11/grand-bassin-traffic/resolve/main/images/stream_gbassinexch1.stream_2023-02-16_16-34-07/25edd9b3_f0008040.jpg?download=true,data/raw/grand_bassin/images/stream_gbassinexch1.stream_2023-02-16_16-34-07/25edd9b3_f0008040.jpg
stream_gbassinexch1.stream_2023-02-16_16-34-07,development,1879,8052,335.500,aerial,349,stream_gbassinexch1.stream_2023-02-16_16-34-07/25edd9b3_f0008052.jpg,https://huggingface.co/datasets/shivam11/grand-bassin-traffic/resolve/main/images/stream_gbassinexch1.stream_2023-02-16_16-34-07/25edd9b3_f0008052.jpg?download=true,data/raw/grand_bassin/images/stream_gbassinexch1.stream_2023-02-16_16-34-07/25edd9b3_f0008052.jpg
stream_gbassinexch1.stream_2023-02-16_16-34-07,development,1880,8064,336.000,aerial,344,stream_gbassinexch1.stream_2023-02-16_16-34-07/25edd9b3_f0008064.jpg,https://huggingface.co/datasets/shivam11/grand-bassin-traffic/resolve/main/images/stream_gbassinexch1.stream_2023-02-16_16-34-07/25edd9b3_f0008064.jpg?download=true,data/raw/grand_bassin/images/stream_gbassinexch1.stream_2023-02-16_16-34-07/25edd9b3_f0008064.jpg
stream_gbassinexch1.stream_2023-02-16_16-34-07,development,1881,8076,336.500,aerial,344,stream_gbassinexch1.stream_2023-02-16_16-34-07/25edd9b3_f0008076.jpg,https://huggingface.co/datasets/shivam11/grand-bassin-traffic/resolve/main/images/stream_gbassinexch1.stream_2023-02-16_16-34-07/25edd9b3_f0008076.jpg?download=true,data/raw/grand_bassin/images/stream_gbassinexch1.stream_2023-02-16_16-34-07/25edd9b3_f0008076.jpg
stream_gbassinexch1.stream_2023-02-16_16-34-07,development,1882,8088,337.000,aerial,340,stream_gbassinexch1.stream_2023-02-16_16-34-07/25edd9b3_f0008088.jpg,https://huggingface.co/datasets/shivam11/grand-bassin-traffic/resolve/main/images/stream_gbassinexch1.stream_2023-02-16_16-34-07/25edd9b3_f0008088.jpg?download=true,data/raw/grand_bassin/images/stream_gbassinexch1.stream_2023-02-16_16-34-07/25edd9b3_f0008088.jpg
stream_gbassinexch1.stream_2023-02-16_16-34-07,development,1883,8100,337.500,aerial,339,stream_gbassinexch1.stream_2023-02-16_16-34-07/25edd9b3_f0008100.jpg,https://huggingface.co/datasets/shivam11/grand-bassin-traffic/resolve/main/images/stream_gbassinexch1.stream_2023-02-16_16-34-07/25edd9b3_f0008100.jpg?download=true,data/raw/grand_bassin/images/stream_gbassinexch1.stream_2023-02-16_16-34-07/25edd9b3_f0008100.jpg
stream_gbassinexch1.stream_2023-02-16_16-34-07,development,1884,8112,338.000,aerial,349,stream_gbassinexch1.stream_2023-02-16_16-34-07/25edd9b3_f0008112.jpg,https://huggingface.co/datasets/shivam11/grand-bassin-traffic/resolve/main/images/stream_gbassinexch1.stream_2023-02-16_16-34-07/25edd9b3_f0008112.jpg?download=true,data/raw/grand_bassin/images/stream_gbassinexch1.stream_2023-02-16_16-34-07/25edd9b3_f0008112.jpg
stream_gbassinexch1.stream_2023-02-16_16-34-07,development,1885,8124,338.500,aerial,339,stream_gbassinexch1.stream_2023-02-16_16-34-07/25edd9b3_f0008124.jpg,https://huggingface.co/datasets/shivam11/grand-bassin-traffic/resolve/main/images/stream_gbassinexch1.stream_2023-02-16_16-34-07/25edd9b3_f0008124.jpg?download=true,data/raw/grand_bassin/images/stream_gbassinexch1.stream_2023-02-16_16-34-07/25edd9b3_f0008124.jpg
stream_gbassinexch1.stream_2023-02-16_16-34-07,development,1886,8136,339.000,aerial,342,stream_gbassinexch1.stream_2023-02-16_16-34-07/25edd9b3_f0008136.jpg,https://huggingface.co/datasets/shivam11/grand-bassin-traffic/resolve/main/images/stream_gbassinexch1.stream_2023-02-16_16-34-07/25edd9b3_f0008136.jpg?download=true,data/raw/grand_bassin/images/stream_gbassinexch1.stream_2023-02-16_16-34-07/25edd9b3_f0008136.jpg
stream_gbassinexch1.stream_2023-02-16_16-34-07,development,1887,8148,339.500,aerial,340,stream_gbassinexch1.stream_2023-02-16_16-34-07/25edd9b3_f0008148.jpg,https://huggingface.co/datasets/shivam11/grand-bassin-traffic/resolve/main/images/stream_gbassinexch1.stream_2023-02-16_16-34-07/25edd9b3_f0008148.jpg?download=true,data/raw/grand_bassin/images/stream_gbassinexch1.stream_2023-02-16_16-34-07/25edd9b3_f0008148.jpg
stream_gbassinexch1.stream_2023-02-16_16-34-07,development,1888,8160,340.000,aerial,346,stream_gbassinexch1.stream_2023-02-16_16-34-07/25edd9b3_f0008160.jpg,https://huggingface.co/datasets/shivam11/grand-bassin-traffic/resolve/main/images/stream_gbassinexch1.stream_2023-02-16_16-34-07/25edd9b3_f0008160.jpg?download=true,data/raw/grand_bassin/images/stream_gbassinexch1.stream_2023-02-16_16-34-07/25edd9b3_f0008160.jpg
stream_gbassinexch1.stream_2023-02-16_16-34-07,development,1889,8172,340.500,aerial,348,stream_gbassinexch1.stream_2023-02-16_16-34-07/25edd9b3_f0008172.jpg,https://huggingface.co/datasets/shivam11/grand-bassin-traffic/resolve/main/images/stream_gbassinexch1.stream_2023-02-16_16-34-07/25edd9b3_f0008172.jpg?download=true,data/raw/grand_bassin/images/stream_gbassinexch1.stream_2023-02-16_16-34-07/25edd9b3_f0008172.jpg
stream_gbassinexch1.stream_2023-02-16_16-34-07,development,1890,8184,341.000,aerial,348,stream_gbassinexch1.stream_2023-02-16_16-34-07/25edd9b3_f0008184.jpg,https://huggingface.co/datasets/shivam11/grand-bassin-traffic/resolve/main/images/stream_gbassinexch1.stream_2023-02-16_16-34-07/25edd9b3_f0008184.jpg?download=true,data/raw/grand_bassin/images/stream_gbassinexch1.stream_2023-02-16_16-34-07/25edd9b3_f0008184.jpg
stream_gbassinexch1.stream_2023-02-16_16-34-07,development,1891,8196,341.500,aerial,345,stream_gbassinexch1.stream_2023-02-16_16-34-07/25edd9b3_f0008196.jpg,https://huggingface.co/datasets/shivam11/grand-bassin-traffic/resolve/main/images/stream_gbassinexch1.stream_2023-02-16_16-34-07/25edd9b3_f0008196.jpg?download=true,data/raw/grand_bassin/images/stream_gbassinexch1.stream_2023-02-16_16-34-07/25edd9b3_f0008196.jpg
stream_gbassinexch1.stream_2023-02-16_16-34-07,development,1892,8208,342.000,aerial,348,stream_gbassinexch1.stream_2023-02-16_16-34-07/25edd9b3_f0008208.jpg,https://huggingface.co/datasets/shivam11/grand-bassin-traffic/resolve/main/images/stream_gbassinexch1.stream_2023-02-16_16-34-07/25edd9b3_f0008208.jpg?download=true,data/raw/grand_bassin/images/stream_gbassinexch1.stream_2023-02-16_16-34-07/25edd9b3_f0008208.jpg
stream_gbassinexch1.stream_2023-02-16_16-34-07,development,1893,8220,342.500,aerial,345,stream_gbassinexch1.stream_2023-02-16_16-34-07/25edd9b3_f0008220.jpg,https://huggingface.co/datasets/shivam11/grand-bassin-traffic/resolve/main/images/stream_gbassinexch1.stream_2023-02-16_16-34-07/25edd9b3_f0008220.jpg?download=true,data/raw/grand_bassin/images/stream_gbassinexch1.stream_2023-02-16_16-34-07/25edd9b3_f0008220.jpg
stream_gbassinexch1.stream_2023-02-16_16-34-07,development,1894,8232,343.000,aerial,344,stream_gbassinexch1.stream_2023-02-16_16-34-07/25edd9b3_f0008232.jpg,https://huggingface.co/datasets/shivam11/grand-bassin-traffic/resolve/main/images/stream_gbassinexch1.stream_2023-02-16_16-34-07/25edd9b3_f0008232.jpg?download=true,data/raw/grand_bassin/images/stream_gbassinexch1.stream_2023-02-16_16-34-07/25edd9b3_f0008232.jpg
stream_gbassinexch1.stream_2023-02-16_16-34-07,development,1895,8244,343.500,aerial,346,stream_gbassinexch1.stream_2023-02-16_16-34-07/25edd9b3_f0008244.jpg,https://huggingface.co/datasets/shivam11/grand-bassin-traffic/resolve/main/images/stream_gbassinexch1.stream_2023-02-16_16-34-07/25edd9b3_f0008244.jpg?download=true,data/raw/grand_bassin/images/stream_gbassinexch1.stream_2023-02-16_16-34-07/25edd9b3_f0008244.jpg
stream_gbassinexch1.stream_2023-02-16_16-34-07,development,1896,8256,344.000,aerial,349,stream_gbassinexch1.stream_2023-02-16_16-34-07/25edd9b3_f0008256.jpg,https://huggingface.co/datasets/shivam11/grand-bassin-traffic/resolve/main/images/stream_gbassinexch1.stream_2023-02-16_16-34-07/25edd9b3_f0008256.jpg?download=true,data/raw/grand_bassin/images/stream_gbassinexch1.stream_2023-02-16_16-34-07/25edd9b3_f0008256.jpg
stream_gbassinexch1.stream_2023-02-16_16-34-07,development,1897,8268,344.500,aerial,348,stream_gbassinexch1.stream_2023-02-16_16-34-07/25edd9b3_f0008268.jpg,https://huggingface.co/datasets/shivam11/grand-bassin-traffic/resolve/main/images/stream_gbassinexch1.stream_2023-02-16_16-34-07/25edd9b3_f0008268.jpg?download=true,data/raw/grand_bassin/images/stream_gbassinexch1.stream_2023-02-16_16-34-07/25edd9b3_f0008268.jpg
stream_gbassinexch1.stream_2023-02-16_16-34-07,development,1898,8280,345.000,aerial,346,stream_gbassinexch1.stream_2023-02-16_16-34-07/25edd9b3_f0008280.jpg,https://huggingface.co/datasets/shivam11/grand-bassin-traffic/resolve/main/images/stream_gbassinexch1.stream_2023-02-16_16-34-07/25edd9b3_f0008280.jpg?download=true,data/raw/grand_bassin/images/stream_gbassinexch1.stream_2023-02-16_16-34-07/25edd9b3_f0008280.jpg
stream_gbassinexch1.stream_2023-02-16_16-34-07,development,1899,8292,345.500,aerial,337,stream_gbassinexch1.stream_2023-02-16_16-34-07/25edd9b3_f0008292.jpg,https://huggingface.co/datasets/shivam11/grand-bassin-traffic/resolve/main/images/stream_gbassinexch1.stream_2023-02-16_16-34-07/25edd9b3_f0008292.jpg?download=true,data/raw/grand_bassin/images/stream_gbassinexch1.stream_2023-02-16_16-34-07/25edd9b3_f0008292.jpg
stream_gbassinexch1.stream_2023-02-16_16-34-07,development,1900,8304,346.000,aerial,336,stream_gbassinexch1.stream_2023-02-16_16-34-07/25edd9b3_f0008304.jpg,https://huggingface.co/datasets/shivam11/grand-bassin-traffic/resolve/main/images/stream_gbassinexch1.stream_2023-02-16_16-34-07/25edd9b3_f0008304.jpg?download=true,data/raw/grand_bassin/images/stream_gbassinexch1.stream_2023-02-16_16-34-07/25edd9b3_f0008304.jpg
stream_gbassinexch1.stream_2023-02-16_16-34-07,development,1901,8316,346.500,aerial,341,stream_gbassinexch1.stream_2023-02-16_16-34-07/25edd9b3_f0008316.jpg,https://huggingface.co/datasets/shivam11/grand-bassin-traffic/resolve/main/images/stream_gbassinexch1.stream_2023-02-16_16-34-07/25edd9b3_f0008316.jpg?download=true,data/raw/grand_bassin/images/stream_gbassinexch1.stream_2023-02-16_16-34-07/25edd9b3_f0008316.jpg
stream_gbassinexch1.stream_2023-02-16_16-34-07,development,1902,8328,347.000,aerial,339,stream_gbassinexch1.stream_2023-02-16_16-34-07/25edd9b3_f0008328.jpg,https://huggingface.co/datasets/shivam11/grand-bassin-traffic/resolve/main/images/stream_gbassinexch1.stream_2023-02-16_16-34-07/25edd9b3_f0008328.jpg?download=true,data/raw/grand_bassin/images/stream_gbassinexch1.stream_2023-02-16_16-34-07/25edd9b3_f0008328.jpg
stream_gbassinexch1.stream_2023-02-16_16-34-07,development,1903,8340,347.500,aerial,346,stream_gbassinexch1.stream_2023-02-16_16-34-07/25edd9b3_f0008340.jpg,https://huggingface.co/datasets/shivam11/grand-bassin-traffic/resolve/main/images/stream_gbassinexch1.stream_2023-02-16_16-34-07/25edd9b3_f0008340.jpg?download=true,data/raw/grand_bassin/images/stream_gbassinexch1.stream_2023-02-16_16-34-07/25edd9b3_f0008340.jpg
stream_gbassinexch1.stream_2023-02-16_16-34-07,development,1904,8352,348.000,aerial,347,stream_gbassinexch1.stream_2023-02-16_16-34-07/25edd9b3_f0008352.jpg,https://huggingface.co/datasets/shivam11/grand-bassin-traffic/resolve/main/images/stream_gbassinexch1.stream_2023-02-16_16-34-07/25edd9b3_f0008352.jpg?download=true,data/raw/grand_bassin/images/stream_gbassinexch1.stream_2023-02-16_16-34-07/25edd9b3_f0008352.jpg
stream_gbassinexch1.stream_2023-02-16_16-34-07,development,1905,8364,348.500,aerial,353,stream_gbassinexch1.stream_2023-02-16_16-34-07/25edd9b3_f0008364.jpg,https://huggingface.co/datasets/shivam11/grand-bassin-traffic/resolve/main/images/stream_gbassinexch1.stream_2023-02-16_16-34-07/25edd9b3_f0008364.jpg?download=true,data/raw/grand_bassin/images/stream_gbassinexch1.stream_2023-02-16_16-34-07/25edd9b3_f0008364.jpg
stream_gbassinexch1.stream_2023-02-16_16-34-07,development,1906,8376,349.000,aerial,349,stream_gbassinexch1.stream_2023-02-16_16-34-07/25edd9b3_f0008376.jpg,https://huggingface.co/datasets/shivam11/grand-bassin-traffic/resolve/main/images/stream_gbassinexch1.stream_2023-02-16_16-34-07/25edd9b3_f0008376.jpg?download=true,data/raw/grand_bassin/images/stream_gbassinexch1.stream_2023-02-16_16-34-07/25edd9b3_f0008376.jpg
stream_gbassinexch1.stream_2023-02-16_16-34-07,development,1907,8388,349.500,aerial,356,stream_gbassinexch1.stream_2023-02-16_16-34-07/25edd9b3_f0008388.jpg,https://huggingface.co/datasets/shivam11/grand-bassin-traffic/resolve/main/images/stream_gbassinexch1.stream_2023-02-16_16-34-07/25edd9b3_f0008388.jpg?download=true,data/raw/grand_bassin/images/stream_gbassinexch1.stream_2023-02-16_16-34-07/25edd9b3_f0008388.jpg
stream_gbassinexch1.stream_2023-02-16_16-34-07,development,1908,8400,350.000,aerial,350,stream_gbassinexch1.stream_2023-02-16_16-34-07/25edd9b3_f0008400.jpg,https://huggingface.co/datasets/shivam11/grand-bassin-traffic/resolve/main/images/stream_gbassinexch1.stream_2023-02-16_16-34-07/25edd9b3_f0008400.jpg?download=true,data/raw/grand_bassin/images/stream_gbassinexch1.stream_2023-02-16_16-34-07/25edd9b3_f0008400.jpg
stream_gbassinexch1.stream_2023-02-16_16-34-07,development,1909,8412,350.500,aerial,348,stream_gbassinexch1.stream_2023-02-16_16-34-07/25edd9b3_f0008412.jpg,https://huggingface.co/datasets/shivam11/grand-bassin-traffic/resolve/main/images/stream_gbassinexch1.stream_2023-02-16_16-34-07/25edd9b3_f0008412.jpg?download=true,data/raw/grand_bassin/images/stream_gbassinexch1.stream_2023-02-16_16-34-07/25edd9b3_f0008412.jpg
stream_gbassinexch1.stream_2023-02-16_16-34-07,development,1910,8424,351.000,aerial,347,stream_gbassinexch1.stream_2023-02-16_16-34-07/25edd9b3_f0008424.jpg,https://huggingface.co/datasets/shivam11/grand-bassin-traffic/resolve/main/images/stream_gbassinexch1.stream_2023-02-16_16-34-07/25edd9b3_f0008424.jpg?download=true,data/raw/grand_bassin/images/stream_gbassinexch1.stream_2023-02-16_16-34-07/25edd9b3_f0008424.jpg
stream_gbassinexch1.stream_2023-02-16_16-34-07,development,1911,8436,351.500,aerial,344,stream_gbassinexch1.stream_2023-02-16_16-34-07/25edd9b3_f0008436.jpg,https://huggingface.co/datasets/shivam11/grand-bassin-traffic/resolve/main/images/stream_gbassinexch1.stream_2023-02-16_16-34-07/25edd9b3_f0008436.jpg?download=true,data/raw/grand_bassin/images/stream_gbassinexch1.stream_2023-02-16_16-34-07/25edd9b3_f0008436.jpg
stream_gbassinexch1.stream_2023-02-16_16-34-07,development,1912,8448,352.000,aerial,346,stream_gbassinexch1.stream_2023-02-16_16-34-07/25edd9b3_f0008448.jpg,https://huggingface.co/datasets/shivam11/grand-bassin-traffic/resolve/main/images/stream_gbassinexch1.stream_2023-02-16_16-34-07/25edd9b3_f0008448.jpg?download=true,data/raw/grand_bassin/images/stream_gbassinexch1.stream_2023-02-16_16-34-07/25edd9b3_f0008448.jpg
stream_gbassinexch1.stream_2023-02-16_16-34-07,development,1913,8460,352.500,aerial,340,stream_gbassinexch1.stream_2023-02-16_16-34-07/25edd9b3_f0008460.jpg,https://huggingface.co/datasets/shivam11/grand-bassin-traffic/resolve/main/images/stream_gbassinexch1.stream_2023-02-16_16-34-07/25edd9b3_f0008460.jpg?download=true,data/raw/grand_bassin/images/stream_gbassinexch1.stream_2023-02-16_16-34-07/25edd9b3_f0008460.jpg
stream_gbassinexch1.stream_2023-02-16_16-34-07,development,1914,8472,353.000,aerial,343,stream_gbassinexch1.stream_2023-02-16_16-34-07/25edd9b3_f0008472.jpg,https://huggingface.co/datasets/shivam11/grand-bassin-traffic/resolve/main/images/stream_gbassinexch1.stream_2023-02-16_16-34-07/25edd9b3_f0008472.jpg?download=true,data/raw/grand_bassin/images/stream_gbassinexch1.stream_2023-02-16_16-34-07/25edd9b3_f0008472.jpg
stream_gbassinexch1.stream_2023-02-16_16-34-07,development,1915,8484,353.500,aerial,344,stream_gbassinexch1.stream_2023-02-16_16-34-07/25edd9b3_f0008484.jpg,https://huggingface.co/datasets/shivam11/grand-bassin-traffic/resolve/main/images/stream_gbassinexch1.stream_2023-02-16_16-34-07/25edd9b3_f0008484.jpg?download=true,data/raw/grand_bassin/images/stream_gbassinexch1.stream_2023-02-16_16-34-07/25edd9b3_f0008484.jpg
stream_gbassinexch1.stream_2023-02-16_16-34-07,development,1916,8496,354.000,aerial,344,stream_gbassinexch1.stream_2023-02-16_16-34-07/25edd9b3_f0008496.jpg,https://huggingface.co/datasets/shivam11/grand-bassin-traffic/resolve/main/images/stream_gbassinexch1.stream_2023-02-16_16-34-07/25edd9b3_f0008496.jpg?download=true,data/raw/grand_bassin/images/stream_gbassinexch1.stream_2023-02-16_16-34-07/25edd9b3_f0008496.jpg
stream_gbassinexch1.stream_2023-02-16_16-34-07,development,1917,8508,354.500,aerial,344,stream_gbassinexch1.stream_2023-02-16_16-34-07/25edd9b3_f0008508.jpg,https://huggingface.co/datasets/shivam11/grand-bassin-traffic/resolve/main/images/stream_gbassinexch1.stream_2023-02-16_16-34-07/25edd9b3_f0008508.jpg?download=true,data/raw/grand_bassin/images/stream_gbassinexch1.stream_2023-02-16_16-34-07/25edd9b3_f0008508.jpg
stream_gbassinexch1.stream_2023-02-16_16-34-07,development,1918,8520,355.000,aerial,345,stream_gbassinexch1.stream_2023-02-16_16-34-07/25edd9b3_f0008520.jpg,https://huggingface.co/datasets/shivam11/grand-bassin-traffic/resolve/main/images/stream_gbassinexch1.stream_2023-02-16_16-34-07/25edd9b3_f0008520.jpg?download=true,data/raw/grand_bassin/images/stream_gbassinexch1.stream_2023-02-16_16-34-07/25edd9b3_f0008520.jpg
stream_gbassinexch1.stream_2023-02-16_16-34-07,development,1919,8532,355.500,aerial,339,stream_gbassinexch1.stream_2023-02-16_16-34-07/25edd9b3_f0008532.jpg,https://huggingface.co/datasets/shivam11/grand-bassin-traffic/resolve/main/images/stream_gbassinexch1.stream_2023-02-16_16-34-07/25edd9b3_f0008532.jpg?download=true,data/raw/grand_bassin/images/stream_gbassinexch1.stream_2023-02-16_16-34-07/25edd9b3_f0008532.jpg
stream_gbassinexch1.stream_2023-02-16_16-34-07,development,1920,8544,356.000,aerial,345,stream_gbassinexch1.stream_2023-02-16_16-34-07/25edd9b3_f0008544.jpg,https://huggingface.co/datasets/shivam11/grand-bassin-traffic/resolve/main/images/stream_gbassinexch1.stream_2023-02-16_16-34-07/25edd9b3_f0008544.jpg?download=true,data/raw/grand_bassin/images/stream_gbassinexch1.stream_2023-02-16_16-34-07/25edd9b3_f0008544.jpg
stream_gbassinexch1.stream_2023-02-16_16-34-07,development,1921,8556,356.500,aerial,354,stream_gbassinexch1.stream_2023-02-16_16-34-07/25edd9b3_f0008556.jpg,https://huggingface.co/datasets/shivam11/grand-bassin-traffic/resolve/main/images/stream_gbassinexch1.stream_2023-02-16_16-34-07/25edd9b3_f0008556.jpg?download=true,data/raw/grand_bassin/images/stream_gbassinexch1.stream_2023-02-16_16-34-07/25edd9b3_f0008556.jpg
stream_gbassinexch1.stream_2023-02-16_16-34-07,development,1922,8568,357.000,aerial,351,stream_gbassinexch1.stream_2023-02-16_16-34-07/25edd9b3_f0008568.jpg,https://huggingface.co/datasets/shivam11/grand-bassin-traffic/resolve/main/images/stream_gbassinexch1.stream_2023-02-16_16-34-07/25edd9b3_f0008568.jpg?download=true,data/raw/grand_bassin/images/stream_gbassinexch1.stream_2023-02-16_16-34-07/25edd9b3_f0008568.jpg
stream_gbassinexch1.stream_2023-02-16_16-34-07,development,1923,8580,357.500,aerial,342,stream_gbassinexch1.stream_2023-02-16_16-34-07/25edd9b3_f0008580.jpg,https://huggingface.co/datasets/shivam11/grand-bassin-traffic/resolve/main/images/stream_gbassinexch1.stream_2023-02-16_16-34-07/25edd9b3_f0008580.jpg?download=true,data/raw/grand_bassin/images/stream_gbassinexch1.stream_2023-02-16_16-34-07/25edd9b3_f0008580.jpg
stream_gbassinexch1.stream_2023-02-16_16-34-07,development,1924,8592,358.000,aerial,351,stream_gbassinexch1.stream_2023-02-16_16-34-07/25edd9b3_f0008592.jpg,https://huggingface.co/datasets/shivam11/grand-bassin-traffic/resolve/main/images/stream_gbassinexch1.stream_2023-02-16_16-34-07/25edd9b3_f0008592.jpg?download=true,data/raw/grand_bassin/images/stream_gbassinexch1.stream_2023-02-16_16-34-07/25edd9b3_f0008592.jpg
stream_gbassinexch1.stream_2023-02-16_16-34-07,development,1925,8604,358.500,aerial,355,stream_gbassinexch1.stream_2023-02-16_16-34-07/25edd9b3_f0008604.jpg,https://huggingface.co/datasets/shivam11/grand-bassin-traffic/resolve/main/images/stream_gbassinexch1.stream_2023-02-16_16-34-07/25edd9b3_f0008604.jpg?download=true,data/raw/grand_bassin/images/stream_gbassinexch1.stream_2023-02-16_16-34-07/25edd9b3_f0008604.jpg
stream_gbassinexch1.stream_2023-02-16_16-34-07,development,1926,8616,359.000,aerial,354,stream_gbassinexch1.stream_2023-02-16_16-34-07/25edd9b3_f0008616.jpg,https://huggingface.co/datasets/shivam11/grand-bassin-traffic/resolve/main/images/stream_gbassinexch1.stream_2023-02-16_16-34-07/25edd9b3_f0008616.jpg?download=true,data/raw/grand_bassin/images/stream_gbassinexch1.stream_2023-02-16_16-34-07/25edd9b3_f0008616.jpg
stream_gbassinexch1.stream_2023-02-16_16-34-07,development,1927,8628,359.500,aerial,355,stream_gbassinexch1.stream_2023-02-16_16-34-07/25edd9b3_f0008628.jpg,https://huggingface.co/datasets/shivam11/grand-bassin-traffic/resolve/main/images/stream_gbassinexch1.stream_2023-02-16_16-34-07/25edd9b3_f0008628.jpg?download=true,data/raw/grand_bassin/images/stream_gbassinexch1.stream_2023-02-16_16-34-07/25edd9b3_f0008628.jpg
stream_gbassinexch1.stream_2023-02-16_16-34-07,development,1928,8640,360.000,aerial,356,stream_gbassinexch1.stream_2023-02-16_16-34-07/25edd9b3_f0008640.jpg,https://huggingface.co/datasets/shivam11/grand-bassin-traffic/resolve/main/images/stream_gbassinexch1.stream_2023-02-16_16-34-07/25edd9b3_f0008640.jpg?download=true,data/raw/grand_bassin/images/stream_gbassinexch1.stream_2023-02-16_16-34-07/25edd9b3_f0008640.jpg
stream_gbassinexch1.stream_2023-02-16_16-34-07,development,1929,8652,360.500,aerial,354,stream_gbassinexch1.stream_2023-02-16_16-34-07/25edd9b3_f0008652.jpg,https://huggingface.co/datasets/shivam11/grand-bassin-traffic/resolve/main/images/stream_gbassinexch1.stream_2023-02-16_16-34-07/25edd9b3_f0008652.jpg?download=true,data/raw/grand_bassin/images/stream_gbassinexch1.stream_2023-02-16_16-34-07/25edd9b3_f0008652.jpg
stream_gbassinexch1.stream_2023-02-16_16-34-07,development,1930,8664,361.000,aerial,354,stream_gbassinexch1.stream_2023-02-16_16-34-07/25edd9b3_f0008664.jpg,https://huggingface.co/datasets/shivam11/grand-bassin-traffic/resolve/main/images/stream_gbassinexch1.stream_2023-02-16_16-34-07/25edd9b3_f0008664.jpg?download=true,data/raw/grand_bassin/images/stream_gbassinexch1.stream_2023-02-16_16-34-07/25edd9b3_f0008664.jpg
stream_gbassinexch1.stream_2023-02-16_16-34-07,development,1931,8676,361.500,aerial,347,stream_gbassinexch1.stream_2023-02-16_16-34-07/25edd9b3_f0008676.jpg,https://huggingface.co/datasets/shivam11/grand-bassin-traffic/resolve/main/images/stream_gbassinexch1.stream_2023-02-16_16-34-07/25edd9b3_f0008676.jpg?download=true,data/raw/grand_bassin/images/stream_gbassinexch1.stream_2023-02-16_16-34-07/25edd9b3_f0008676.jpg
stream_gbassinexch1.stream_2023-02-16_16-34-07,development,1932,8688,362.000,aerial,346,stream_gbassinexch1.stream_2023-02-16_16-34-07/25edd9b3_f0008688.jpg,https://huggingface.co/datasets/shivam11/grand-bassin-traffic/resolve/main/images/stream_gbassinexch1.stream_2023-02-16_16-34-07/25edd9b3_f0008688.jpg?download=true,data/raw/grand_bassin/images/stream_gbassinexch1.stream_2023-02-16_16-34-07/25edd9b3_f0008688.jpg
stream_gbassinexch1.stream_2023-02-16_16-34-07,development,1933,8700,362.500,aerial,346,stream_gbassinexch1.stream_2023-02-16_16-34-07/25edd9b3_f0008700.jpg,https://huggingface.co/datasets/shivam11/grand-bassin-traffic/resolve/main/images/stream_gbassinexch1.stream_2023-02-16_16-34-07/25edd9b3_f0008700.jpg?download=true,data/raw/grand_bassin/images/stream_gbassinexch1.stream_2023-02-16_16-34-07/25edd9b3_f0008700.jpg
stream_gbassinexch1.stream_2023-02-16_16-34-07,development,1934,8712,363.000,aerial,347,stream_gbassinexch1.stream_2023-02-16_16-34-07/25edd9b3_f0008712.jpg,https://huggingface.co/datasets/shivam11/grand-bassin-traffic/resolve/main/images/stream_gbassinexch1.stream_2023-02-16_16-34-07/25edd9b3_f0008712.jpg?download=true,data/raw/grand_bassin/images/stream_gbassinexch1.stream_2023-02-16_16-34-07/25edd9b3_f0008712.jpg
stream_gbassinexch1.stream_2023-02-16_16-34-07,development,1935,8724,363.500,aerial,350,stream_gbassinexch1.stream_2023-02-16_16-34-07/25edd9b3_f0008724.jpg,https://huggingface.co/datasets/shivam11/grand-bassin-traffic/resolve/main/images/stream_gbassinexch1.stream_2023-02-16_16-34-07/25edd9b3_f0008724.jpg?download=true,data/raw/grand_bassin/images/stream_gbassinexch1.stream_2023-02-16_16-34-07/25edd9b3_f0008724.jpg
stream_gbassinexch1.stream_2023-02-16_16-34-07,development,1936,8736,364.000,aerial,346,stream_gbassinexch1.stream_2023-02-16_16-34-07/25edd9b3_f0008736.jpg,https://huggingface.co/datasets/shivam11/grand-bassin-traffic/resolve/main/images/stream_gbassinexch1.stream_2023-02-16_16-34-07/25edd9b3_f0008736.jpg?download=true,data/raw/grand_bassin/images/stream_gbassinexch1.stream_2023-02-16_16-34-07/25edd9b3_f0008736.jpg
stream_gbassinexch1.stream_2023-02-16_16-34-07,development,1937,8748,364.500,aerial,350,stream_gbassinexch1.stream_2023-02-16_16-34-07/25edd9b3_f0008748.jpg,https://huggingface.co/datasets/shivam11/grand-bassin-traffic/resolve/main/images/stream_gbassinexch1.stream_2023-02-16_16-34-07/25edd9b3_f0008748.jpg?download=true,data/raw/grand_bassin/images/stream_gbassinexch1.stream_2023-02-16_16-34-07/25edd9b3_f0008748.jpg
stream_gbassinexch1.stream_2023-02-16_16-34-07,development,1938,8760,365.000,aerial,347,stream_gbassinexch1.stream_2023-02-16_16-34-07/25edd9b3_f0008760.jpg,https://huggingface.co/datasets/shivam11/grand-bassin-traffic/resolve/main/images/stream_gbassinexch1.stream_2023-02-16_16-34-07/25edd9b3_f0008760.jpg?download=true,data/raw/grand_bassin/images/stream_gbassinexch1.stream_2023-02-16_16-34-07/25edd9b3_f0008760.jpg
stream_gbassinexch1.stream_2023-02-16_16-34-07,development,1939,8772,365.500,aerial,356,stream_gbassinexch1.stream_2023-02-16_16-34-07/25edd9b3_f0008772.jpg,https://huggingface.co/datasets/shivam11/grand-bassin-traffic/resolve/main/images/stream_gbassinexch1.stream_2023-02-16_16-34-07/25edd9b3_f0008772.jpg?download=true,data/raw/grand_bassin/images/stream_gbassinexch1.stream_2023-02-16_16-34-07/25edd9b3_f0008772.jpg
stream_gbassinexch1.stream_2023-02-16_16-34-07,development,1940,8784,366.000,aerial,359,stream_gbassinexch1.stream_2023-02-16_16-34-07/25edd9b3_f0008784.jpg,https://huggingface.co/datasets/shivam11/grand-bassin-traffic/resolve/main/images/stream_gbassinexch1.stream_2023-02-16_16-34-07/25edd9b3_f0008784.jpg?download=true,data/raw/grand_bassin/images/stream_gbassinexch1.stream_2023-02-16_16-34-07/25edd9b3_f0008784.jpg
stream_gbassinexch1.stream_2023-02-16_16-34-07,development,1941,8796,366.500,aerial,359,stream_gbassinexch1.stream_2023-02-16_16-34-07/25edd9b3_f0008796.jpg,https://huggingface.co/datasets/shivam11/grand-bassin-traffic/resolve/main/images/stream_gbassinexch1.stream_2023-02-16_16-34-07/25edd9b3_f0008796.jpg?download=true,data/raw/grand_bassin/images/stream_gbassinexch1.stream_2023-02-16_16-34-07/25edd9b3_f0008796.jpg
stream_gbassinexch1.stream_2023-02-16_16-34-07,development,1942,8808,367.000,aerial,351,stream_gbassinexch1.stream_2023-02-16_16-34-07/25edd9b3_f0008808.jpg,https://huggingface.co/datasets/shivam11/grand-bassin-traffic/resolve/main/images/stream_gbassinexch1.stream_2023-02-16_16-34-07/25edd9b3_f0008808.jpg?download=true,data/raw/grand_bassin/images/stream_gbassinexch1.stream_2023-02-16_16-34-07/25edd9b3_f0008808.jpg
stream_gbassinexch1.stream_2023-02-16_16-34-07,development,1943,8820,367.500,aerial,351,stream_gbassinexch1.stream_2023-02-16_16-34-07/25edd9b3_f0008820.jpg,https://huggingface.co/datasets/shivam11/grand-bassin-traffic/resolve/main/images/stream_gbassinexch1.stream_2023-02-16_16-34-07/25edd9b3_f0008820.jpg?download=true,data/raw/grand_bassin/images/stream_gbassinexch1.stream_2023-02-16_16-34-07/25edd9b3_f0008820.jpg
stream_gbassinexch1.stream_2023-02-16_16-34-07,development,1944,8832,368.000,aerial,355,stream_gbassinexch1.stream_2023-02-16_16-34-07/25edd9b3_f0008832.jpg,https://huggingface.co/datasets/shivam11/grand-bassin-traffic/resolve/main/images/stream_gbassinexch1.stream_2023-02-16_16-34-07/25edd9b3_f0008832.jpg?download=true,data/raw/grand_bassin/images/stream_gbassinexch1.stream_2023-02-16_16-34-07/25edd9b3_f0008832.jpg
stream_gbassinexch1.stream_2023-02-16_16-34-07,development,1945,8844,368.500,aerial,355,stream_gbassinexch1.stream_2023-02-16_16-34-07/25edd9b3_f0008844.jpg,https://huggingface.co/datasets/shivam11/grand-bassin-traffic/resolve/main/images/stream_gbassinexch1.stream_2023-02-16_16-34-07/25edd9b3_f0008844.jpg?download=true,data/raw/grand_bassin/images/stream_gbassinexch1.stream_2023-02-16_16-34-07/25edd9b3_f0008844.jpg
stream_gbassinexch1.stream_2023-02-16_16-34-07,development,1946,8856,369.000,aerial,345,stream_gbassinexch1.stream_2023-02-16_16-34-07/25edd9b3_f0008856.jpg,https://huggingface.co/datasets/shivam11/grand-bassin-traffic/resolve/main/images/stream_gbassinexch1.stream_2023-02-16_16-34-07/25edd9b3_f0008856.jpg?download=true,data/raw/grand_bassin/images/stream_gbassinexch1.stream_2023-02-16_16-34-07/25edd9b3_f0008856.jpg
stream_gbassinexch1.stream_2023-02-16_16-34-07,development,1947,8868,369.500,aerial,347,stream_gbassinexch1.stream_2023-02-16_16-34-07/25edd9b3_f0008868.jpg,https://huggingface.co/datasets/shivam11/grand-bassin-traffic/resolve/main/images/stream_gbassinexch1.stream_2023-02-16_16-34-07/25edd9b3_f0008868.jpg?download=true,data/raw/grand_bassin/images/stream_gbassinexch1.stream_2023-02-16_16-34-07/25edd9b3_f0008868.jpg
stream_gbassinexch1.stream_2023-02-16_16-34-07,development,1948,8880,370.000,aerial,344,stream_gbassinexch1.stream_2023-02-16_16-34-07/25edd9b3_f0008880.jpg,https://huggingface.co/datasets/shivam11/grand-bassin-traffic/resolve/main/images/stream_gbassinexch1.stream_2023-02-16_16-34-07/25edd9b3_f0008880.jpg?download=true,data/raw/grand_bassin/images/stream_gbassinexch1.stream_2023-02-16_16-34-07/25edd9b3_f0008880.jpg
stream_gbassinexch1.stream_2023-02-16_16-34-07,development,1949,8892,370.500,aerial,338,stream_gbassinexch1.stream_2023-02-16_16-34-07/25edd9b3_f0008892.jpg,https://huggingface.co/datasets/shivam11/grand-bassin-traffic/resolve/main/images/stream_gbassinexch1.stream_2023-02-16_16-34-07/25edd9b3_f0008892.jpg?download=true,data/raw/grand_bassin/images/stream_gbassinexch1.stream_2023-02-16_16-34-07/25edd9b3_f0008892.jpg
stream_gbassinexch1.stream_2023-02-16_16-34-07,development,1950,8904,371.000,aerial,342,stream_gbassinexch1.stream_2023-02-16_16-34-07/25edd9b3_f0008904.jpg,https://huggingface.co/datasets/shivam11/grand-bassin-traffic/resolve/main/images/stream_gbassinexch1.stream_2023-02-16_16-34-07/25edd9b3_f0008904.jpg?download=true,data/raw/grand_bassin/images/stream_gbassinexch1.stream_2023-02-16_16-34-07/25edd9b3_f0008904.jpg
stream_gbassinexch1.stream_2023-02-16_16-34-07,development,1951,8916,371.500,aerial,333,stream_gbassinexch1.stream_2023-02-16_16-34-07/25edd9b3_f0008916.jpg,https://huggingface.co/datasets/shivam11/grand-bassin-traffic/resolve/main/images/stream_gbassinexch1.stream_2023-02-16_16-34-07/25edd9b3_f0008916.jpg?download=true,data/raw/grand_bassin/images/stream_gbassinexch1.stream_2023-02-16_16-34-07/25edd9b3_f0008916.jpg
stream_gbassinexch1.stream_2023-02-16_16-34-07,development,1952,8928,372.000,aerial,336,stream_gbassinexch1.stream_2023-02-16_16-34-07/25edd9b3_f0008928.jpg,https://huggingface.co/datasets/shivam11/grand-bassin-traffic/resolve/main/images/stream_gbassinexch1.stream_2023-02-16_16-34-07/25edd9b3_f0008928.jpg?download=true,data/raw/grand_bassin/images/stream_gbassinexch1.stream_2023-02-16_16-34-07/25edd9b3_f0008928.jpg
stream_gbassinexch1.stream_2023-02-16_16-34-07,development,1953,8940,372.500,aerial,336,stream_gbassinexch1.stream_2023-02-16_16-34-07/25edd9b3_f0008940.jpg,https://huggingface.co/datasets/shivam11/grand-bassin-traffic/resolve/main/images/stream_gbassinexch1.stream_2023-02-16_16-34-07/25edd9b3_f0008940.jpg?download=true,data/raw/grand_bassin/images/stream_gbassinexch1.stream_2023-02-16_16-34-07/25edd9b3_f0008940.jpg
stream_gbassinexch1.stream_2023-02-16_16-34-07,development,1954,8952,373.000,aerial,340,stream_gbassinexch1.stream_2023-02-16_16-34-07/25edd9b3_f0008952.jpg,https://huggingface.co/datasets/shivam11/grand-bassin-traffic/resolve/main/images/stream_gbassinexch1.stream_2023-02-16_16-34-07/25edd9b3_f0008952.jpg?download=true,data/raw/grand_bassin/images/stream_gbassinexch1.stream_2023-02-16_16-34-07/25edd9b3_f0008952.jpg
stream_gbassinexch1.stream_2023-02-16_16-34-07,development,1955,8964,373.500,aerial,340,stream_gbassinexch1.stream_2023-02-16_16-34-07/25edd9b3_f0008964.jpg,https://huggingface.co/datasets/shivam11/grand-bassin-traffic/resolve/main/images/stream_gbassinexch1.stream_2023-02-16_16-34-07/25edd9b3_f0008964.jpg?download=true,data/raw/grand_bassin/images/stream_gbassinexch1.stream_2023-02-16_16-34-07/25edd9b3_f0008964.jpg
stream_gbassinexch1.stream_2023-02-16_16-34-07,development,1956,8976,374.000,aerial,341,stream_gbassinexch1.stream_2023-02-16_16-34-07/25edd9b3_f0008976.jpg,https://huggingface.co/datasets/shivam11/grand-bassin-traffic/resolve/main/images/stream_gbassinexch1.stream_2023-02-16_16-34-07/25edd9b3_f0008976.jpg?download=true,data/raw/grand_bassin/images/stream_gbassinexch1.stream_2023-02-16_16-34-07/25edd9b3_f0008976.jpg
stream_gbassinexch1.stream_2023-02-16_16-34-07,development,1957,8988,374.500,aerial,343,stream_gbassinexch1.stream_2023-02-16_16-34-07/25edd9b3_f0008988.jpg,https://huggingface.co/datasets/shivam11/grand-bassin-traffic/resolve/main/images/stream_gbassinexch1.stream_2023-02-16_16-34-07/25edd9b3_f0008988.jpg?download=true,data/raw/grand_bassin/images/stream_gbassinexch1.stream_2023-02-16_16-34-07/25edd9b3_f0008988.jpg
stream_gbassinexch1.stream_2023-02-16_16-34-07,development,1958,9000,375.000,aerial,353,stream_gbassinexch1.stream_2023-02-16_16-34-07/25edd9b3_f0009000.jpg,https://huggingface.co/datasets/shivam11/grand-bassin-traffic/resolve/main/images/stream_gbassinexch1.stream_2023-02-16_16-34-07/25edd9b3_f0009000.jpg?download=true,data/raw/grand_bassin/images/stream_gbassinexch1.stream_2023-02-16_16-34-07/25edd9b3_f0009000.jpg
stream_gbassinexch1.stream_2023-02-16_16-34-07,development,1959,9012,375.500,aerial,348,stream_gbassinexch1.stream_2023-02-16_16-34-07/25edd9b3_f0009012.jpg,https://huggingface.co/datasets/shivam11/grand-bassin-traffic/resolve/main/images/stream_gbassinexch1.stream_2023-02-16_16-34-07/25edd9b3_f0009012.jpg?download=true,data/raw/grand_bassin/images/stream_gbassinexch1.stream_2023-02-16_16-34-07/25edd9b3_f0009012.jpg
stream_gbassinexch1.stream_2023-02-16_16-34-07,development,1960,9024,376.000,aerial,361,stream_gbassinexch1.stream_2023-02-16_16-34-07/25edd9b3_f0009024.jpg,https://huggingface.co/datasets/shivam11/grand-bassin-traffic/resolve/main/images/stream_gbassinexch1.stream_2023-02-16_16-34-07/25edd9b3_f0009024.jpg?download=true,data/raw/grand_bassin/images/stream_gbassinexch1.stream_2023-02-16_16-34-07/25edd9b3_f0009024.jpg
stream_gbassinexch1.stream_2023-02-16_16-34-07,development,1961,9036,376.500,aerial,343,stream_gbassinexch1.stream_2023-02-16_16-34-07/25edd9b3_f0009036.jpg,https://huggingface.co/datasets/shivam11/grand-bassin-traffic/resolve/main/images/stream_gbassinexch1.stream_2023-02-16_16-34-07/25edd9b3_f0009036.jpg?download=true,data/raw/grand_bassin/images/stream_gbassinexch1.stream_2023-02-16_16-34-07/25edd9b3_f0009036.jpg
stream_gbassinexch1.stream_2023-02-16_16-34-07,development,1962,9048,377.000,aerial,346,stream_gbassinexch1.stream_2023-02-16_16-34-07/25edd9b3_f0009048.jpg,https://huggingface.co/datasets/shivam11/grand-bassin-traffic/resolve/main/images/stream_gbassinexch1.stream_2023-02-16_16-34-07/25edd9b3_f0009048.jpg?download=true,data/raw/grand_bassin/images/stream_gbassinexch1.stream_2023-02-16_16-34-07/25edd9b3_f0009048.jpg
stream_gbassinexch1.stream_2023-02-16_16-34-07,development,1963,9060,377.500,aerial,345,stream_gbassinexch1.stream_2023-02-16_16-34-07/25edd9b3_f0009060.jpg,https://huggingface.co/datasets/shivam11/grand-bassin-traffic/resolve/main/images/stream_gbassinexch1.stream_2023-02-16_16-34-07/25edd9b3_f0009060.jpg?download=true,data/raw/grand_bassin/images/stream_gbassinexch1.stream_2023-02-16_16-34-07/25edd9b3_f0009060.jpg
stream_gbassinexch1.stream_2023-02-16_16-34-07,development,1964,9072,378.000,aerial,360,stream_gbassinexch1.stream_2023-02-16_16-34-07/25edd9b3_f0009072.jpg,https://huggingface.co/datasets/shivam11/grand-bassin-traffic/resolve/main/images/stream_gbassinexch1.stream_2023-02-16_16-34-07/25edd9b3_f0009072.jpg?download=true,data/raw/grand_bassin/images/stream_gbassinexch1.stream_2023-02-16_16-34-07/25edd9b3_f0009072.jpg
stream_gbassinexch1.stream_2023-02-16_16-34-07,development,1965,9084,378.500,aerial,348,stream_gbassinexch1.stream_2023-02-16_16-34-07/25edd9b3_f0009084.jpg,https://huggingface.co/datasets/shivam11/grand-bassin-traffic/resolve/main/images/stream_gbassinexch1.stream_2023-02-16_16-34-07/25edd9b3_f0009084.jpg?download=true,data/raw/grand_bassin/images/stream_gbassinexch1.stream_2023-02-16_16-34-07/25edd9b3_f0009084.jpg
stream_gbassinexch1.stream_2023-02-16_16-34-07,development,1966,9096,379.000,aerial,344,stream_gbassinexch1.stream_2023-02-16_16-34-07/25edd9b3_f0009096.jpg,https://huggingface.co/datasets/shivam11/grand-bassin-traffic/resolve/main/images/stream_gbassinexch1.stream_2023-02-16_16-34-07/25edd9b3_f0009096.jpg?download=true,data/raw/grand_bassin/images/stream_gbassinexch1.stream_2023-02-16_16-34-07/25edd9b3_f0009096.jpg
stream_gbassinexch1.stream_2023-02-16_16-34-07,development,1967,9108,379.500,aerial,348,stream_gbassinexch1.stream_2023-02-16_16-34-07/25edd9b3_f0009108.jpg,https://huggingface.co/datasets/shivam11/grand-bassin-traffic/resolve/main/images/stream_gbassinexch1.stream_2023-02-16_16-34-07/25edd9b3_f0009108.jpg?download=true,data/raw/grand_bassin/images/stream_gbassinexch1.stream_2023-02-16_16-34-07/25edd9b3_f0009108.jpg
stream_gbassinexch1.stream_2023-02-16_16-34-07,development,1968,9120,380.000,aerial,352,stream_gbassinexch1.stream_2023-02-16_16-34-07/25edd9b3_f0009120.jpg,https://huggingface.co/datasets/shivam11/grand-bassin-traffic/resolve/main/images/stream_gbassinexch1.stream_2023-02-16_16-34-07/25edd9b3_f0009120.jpg?download=true,data/raw/grand_bassin/images/stream_gbassinexch1.stream_2023-02-16_16-34-07/25edd9b3_f0009120.jpg
stream_gbassinexch1.stream_2023-02-16_16-34-07,development,1969,9132,380.500,aerial,346,stream_gbassinexch1.stream_2023-02-16_16-34-07/25edd9b3_f0009132.jpg,https://huggingface.co/datasets/shivam11/grand-bassin-traffic/resolve/main/images/stream_gbassinexch1.stream_2023-02-16_16-34-07/25edd9b3_f0009132.jpg?download=true,data/raw/grand_bassin/images/stream_gbassinexch1.stream_2023-02-16_16-34-07/25edd9b3_f0009132.jpg
stream_gbassinexch1.stream_2023-02-16_16-34-07,development,1970,9144,381.000,aerial,346,stream_gbassinexch1.stream_2023-02-16_16-34-07/25edd9b3_f0009144.jpg,https://huggingface.co/datasets/shivam11/grand-bassin-traffic/resolve/main/images/stream_gbassinexch1.stream_2023-02-16_16-34-07/25edd9b3_f0009144.jpg?download=true,data/raw/grand_bassin/images/stream_gbassinexch1.stream_2023-02-16_16-34-07/25edd9b3_f0009144.jpg
stream_gbassinexch1.stream_2023-02-16_16-34-07,development,1971,9156,381.500,aerial,349,stream_gbassinexch1.stream_2023-02-16_16-34-07/25edd9b3_f0009156.jpg,https://huggingface.co/datasets/shivam11/grand-bassin-traffic/resolve/main/images/stream_gbassinexch1.stream_2023-02-16_16-34-07/25edd9b3_f0009156.jpg?download=true,data/raw/grand_bassin/images/stream_gbassinexch1.stream_2023-02-16_16-34-07/25edd9b3_f0009156.jpg
stream_gbassinexch1.stream_2023-02-16_16-34-07,development,1972,9168,382.000,aerial,345,stream_gbassinexch1.stream_2023-02-16_16-34-07/25edd9b3_f0009168.jpg,https://huggingface.co/datasets/shivam11/grand-bassin-traffic/resolve/main/images/stream_gbassinexch1.stream_2023-02-16_16-34-07/25edd9b3_f0009168.jpg?download=true,data/raw/grand_bassin/images/stream_gbassinexch1.stream_2023-02-16_16-34-07/25edd9b3_f0009168.jpg
stream_gbassinexch1.stream_2023-02-16_16-34-07,development,1973,9180,382.500,aerial,349,stream_gbassinexch1.stream_2023-02-16_16-34-07/25edd9b3_f0009180.jpg,https://huggingface.co/datasets/shivam11/grand-bassin-traffic/resolve/main/images/stream_gbassinexch1.stream_2023-02-16_16-34-07/25edd9b3_f0009180.jpg?download=true,data/raw/grand_bassin/images/stream_gbassinexch1.stream_2023-02-16_16-34-07/25edd9b3_f0009180.jpg
stream_gbassinexch1.stream_2023-02-16_16-34-07,development,1974,9192,383.000,aerial,352,stream_gbassinexch1.stream_2023-02-16_16-34-07/25edd9b3_f0009192.jpg,https://huggingface.co/datasets/shivam11/grand-bassin-traffic/resolve/main/images/stream_gbassinexch1.stream_2023-02-16_16-34-07/25edd9b3_f0009192.jpg?download=true,data/raw/grand_bassin/images/stream_gbassinexch1.stream_2023-02-16_16-34-07/25edd9b3_f0009192.jpg
stream_gbassinexch1.stream_2023-02-16_16-34-07,development,1975,9204,383.500,aerial,348,stream_gbassinexch1.stream_2023-02-16_16-34-07/25edd9b3_f0009204.jpg,https://huggingface.co/datasets/shivam11/grand-bassin-traffic/resolve/main/images/stream_gbassinexch1.stream_2023-02-16_16-34-07/25edd9b3_f0009204.jpg?download=true,data/raw/grand_bassin/images/stream_gbassinexch1.stream_2023-02-16_16-34-07/25edd9b3_f0009204.jpg
stream_gbassinexch1.stream_2023-02-16_16-34-07,development,1976,9216,384.000,aerial,346,stream_gbassinexch1.stream_2023-02-16_16-34-07/25edd9b3_f0009216.jpg,https://huggingface.co/datasets/shivam11/grand-bassin-traffic/resolve/main/images/stream_gbassinexch1.stream_2023-02-16_16-34-07/25edd9b3_f0009216.jpg?download=true,data/raw/grand_bassin/images/stream_gbassinexch1.stream_2023-02-16_16-34-07/25edd9b3_f0009216.jpg
stream_gbassinexch1.stream_2023-02-16_16-34-07,development,1977,9228,384.500,aerial,346,stream_gbassinexch1.stream_2023-02-16_16-34-07/25edd9b3_f0009228.jpg,https://huggingface.co/datasets/shivam11/grand-bassin-traffic/resolve/main/images/stream_gbassinexch1.stream_2023-02-16_16-34-07/25edd9b3_f0009228.jpg?download=true,data/raw/grand_bassin/images/stream_gbassinexch1.stream_2023-02-16_16-34-07/25edd9b3_f0009228.jpg
stream_gbassinexch1.stream_2023-02-16_16-34-07,development,1978,9240,385.000,aerial,356,stream_gbassinexch1.stream_2023-02-16_16-34-07/25edd9b3_f0009240.jpg,https://huggingface.co/datasets/shivam11/grand-bassin-traffic/resolve/main/images/stream_gbassinexch1.stream_2023-02-16_16-34-07/25edd9b3_f0009240.jpg?download=true,data/raw/grand_bassin/images/stream_gbassinexch1.stream_2023-02-16_16-34-07/25edd9b3_f0009240.jpg
stream_gbassinexch1.stream_2023-02-16_16-34-07,development,1979,9252,385.500,aerial,347,stream_gbassinexch1.stream_2023-02-16_16-34-07/25edd9b3_f0009252.jpg,https://huggingface.co/datasets/shivam11/grand-bassin-traffic/resolve/main/images/stream_gbassinexch1.stream_2023-02-16_16-34-07/25edd9b3_f0009252.jpg?download=true,data/raw/grand_bassin/images/stream_gbassinexch1.stream_2023-02-16_16-34-07/25edd9b3_f0009252.jpg
stream_gbassinexch1.stream_2023-02-16_16-34-07,development,1980,9264,386.000,aerial,347,stream_gbassinexch1.stream_2023-02-16_16-34-07/25edd9b3_f0009264.jpg,https://huggingface.co/datasets/shivam11/grand-bassin-traffic/resolve/main/images/stream_gbassinexch1.stream_2023-02-16_16-34-07/25edd9b3_f0009264.jpg?download=true,data/raw/grand_bassin/images/stream_gbassinexch1.stream_2023-02-16_16-34-07/25edd9b3_f0009264.jpg
stream_gbassinexch1.stream_2023-02-16_16-34-07,development,1981,9276,386.500,aerial,352,stream_gbassinexch1.stream_2023-02-16_16-34-07/25edd9b3_f0009276.jpg,https://huggingface.co/datasets/shivam11/grand-bassin-traffic/resolve/main/images/stream_gbassinexch1.stream_2023-02-16_16-34-07/25edd9b3_f0009276.jpg?download=true,data/raw/grand_bassin/images/stream_gbassinexch1.stream_2023-02-16_16-34-07/25edd9b3_f0009276.jpg
stream_gbassinexch1.stream_2023-02-16_16-34-07,development,1982,9288,387.000,aerial,349,stream_gbassinexch1.stream_2023-02-16_16-34-07/25edd9b3_f0009288.jpg,https://huggingface.co/datasets/shivam11/grand-bassin-traffic/resolve/main/images/stream_gbassinexch1.stream_2023-02-16_16-34-07/25edd9b3_f0009288.jpg?download=true,data/raw/grand_bassin/images/stream_gbassinexch1.stream_2023-02-16_16-34-07/25edd9b3_f0009288.jpg
stream_gbassinexch1.stream_2023-02-16_16-34-07,development,1983,9300,387.500,aerial,340,stream_gbassinexch1.stream_2023-02-16_16-34-07/25edd9b3_f0009300.jpg,https://huggingface.co/datasets/shivam11/grand-bassin-traffic/resolve/main/images/stream_gbassinexch1.stream_2023-02-16_16-34-07/25edd9b3_f0009300.jpg?download=true,data/raw/grand_bassin/images/stream_gbassinexch1.stream_2023-02-16_16-34-07/25edd9b3_f0009300.jpg
stream_gbassinexch1.stream_2023-02-16_16-34-07,development,1984,9312,388.000,aerial,355,stream_gbassinexch1.stream_2023-02-16_16-34-07/25edd9b3_f0009312.jpg,https://huggingface.co/datasets/shivam11/grand-bassin-traffic/resolve/main/images/stream_gbassinexch1.stream_2023-02-16_16-34-07/25edd9b3_f0009312.jpg?download=true,data/raw/grand_bassin/images/stream_gbassinexch1.stream_2023-02-16_16-34-07/25edd9b3_f0009312.jpg
stream_gbassinexch1.stream_2023-02-16_16-34-07,development,1985,9324,388.500,aerial,358,stream_gbassinexch1.stream_2023-02-16_16-34-07/25edd9b3_f0009324.jpg,https://huggingface.co/datasets/shivam11/grand-bassin-traffic/resolve/main/images/stream_gbassinexch1.stream_2023-02-16_16-34-07/25edd9b3_f0009324.jpg?download=true,data/raw/grand_bassin/images/stream_gbassinexch1.stream_2023-02-16_16-34-07/25edd9b3_f0009324.jpg
stream_gbassinexch1.stream_2023-02-16_16-34-07,development,1986,9336,389.000,aerial,352,stream_gbassinexch1.stream_2023-02-16_16-34-07/25edd9b3_f0009336.jpg,https://huggingface.co/datasets/shivam11/grand-bassin-traffic/resolve/main/images/stream_gbassinexch1.stream_2023-02-16_16-34-07/25edd9b3_f0009336.jpg?download=true,data/raw/grand_bassin/images/stream_gbassinexch1.stream_2023-02-16_16-34-07/25edd9b3_f0009336.jpg
stream_gbassinexch1.stream_2023-02-16_16-34-07,development,1987,9348,389.500,aerial,344,stream_gbassinexch1.stream_2023-02-16_16-34-07/25edd9b3_f0009348.jpg,https://huggingface.co/datasets/shivam11/grand-bassin-traffic/resolve/main/images/stream_gbassinexch1.stream_2023-02-16_16-34-07/25edd9b3_f0009348.jpg?download=true,data/raw/grand_bassin/images/stream_gbassinexch1.stream_2023-02-16_16-34-07/25edd9b3_f0009348.jpg
stream_gbassinexch1.stream_2023-02-16_16-34-07,development,1988,9360,390.000,aerial,344,stream_gbassinexch1.stream_2023-02-16_16-34-07/25edd9b3_f0009360.jpg,https://huggingface.co/datasets/shivam11/grand-bassin-traffic/resolve/main/images/stream_gbassinexch1.stream_2023-02-16_16-34-07/25edd9b3_f0009360.jpg?download=true,data/raw/grand_bassin/images/stream_gbassinexch1.stream_2023-02-16_16-34-07/25edd9b3_f0009360.jpg
stream_gbassinexch1.stream_2023-02-16_16-34-07,development,1989,9372,390.500,aerial,345,stream_gbassinexch1.stream_2023-02-16_16-34-07/25edd9b3_f0009372.jpg,https://huggingface.co/datasets/shivam11/grand-bassin-traffic/resolve/main/images/stream_gbassinexch1.stream_2023-02-16_16-34-07/25edd9b3_f0009372.jpg?download=true,data/raw/grand_bassin/images/stream_gbassinexch1.stream_2023-02-16_16-34-07/25edd9b3_f0009372.jpg
stream_gbassinexch1.stream_2023-02-16_16-34-07,development,1990,9384,391.000,aerial,341,stream_gbassinexch1.stream_2023-02-16_16-34-07/25edd9b3_f0009384.jpg,https://huggingface.co/datasets/shivam11/grand-bassin-traffic/resolve/main/images/stream_gbassinexch1.stream_2023-02-16_16-34-07/25edd9b3_f0009384.jpg?download=true,data/raw/grand_bassin/images/stream_gbassinexch1.stream_2023-02-16_16-34-07/25edd9b3_f0009384.jpg
stream_gbassinexch1.stream_2023-02-16_16-34-07,development,1991,9396,391.500,aerial,347,stream_gbassinexch1.stream_2023-02-16_16-34-07/25edd9b3_f0009396.jpg,https://huggingface.co/datasets/shivam11/grand-bassin-traffic/resolve/main/images/stream_gbassinexch1.stream_2023-02-16_16-34-07/25edd9b3_f0009396.jpg?download=true,data/raw/grand_bassin/images/stream_gbassinexch1.stream_2023-02-16_16-34-07/25edd9b3_f0009396.jpg
stream_gbassinexch1.stream_2023-02-16_16-34-07,development,1992,9408,392.000,aerial,351,stream_gbassinexch1.stream_2023-02-16_16-34-07/25edd9b3_f0009408.jpg,https://huggingface.co/datasets/shivam11/grand-bassin-traffic/resolve/main/images/stream_gbassinexch1.stream_2023-02-16_16-34-07/25edd9b3_f0009408.jpg?download=true,data/raw/grand_bassin/images/stream_gbassinexch1.stream_2023-02-16_16-34-07/25edd9b3_f0009408.jpg
stream_gbassinexch1.stream_2023-02-16_16-34-07,development,1993,9420,392.500,aerial,343,stream_gbassinexch1.stream_2023-02-16_16-34-07/25edd9b3_f0009420.jpg,https://huggingface.co/datasets/shivam11/grand-bassin-traffic/resolve/main/images/stream_gbassinexch1.stream_2023-02-16_16-34-07/25edd9b3_f0009420.jpg?download=true,data/raw/grand_bassin/images/stream_gbassinexch1.stream_2023-02-16_16-34-07/25edd9b3_f0009420.jpg
stream_gbassinexch1.stream_2023-02-16_16-34-07,development,1994,9432,393.000,aerial,339,stream_gbassinexch1.stream_2023-02-16_16-34-07/25edd9b3_f0009432.jpg,https://huggingface.co/datasets/shivam11/grand-bassin-traffic/resolve/main/images/stream_gbassinexch1.stream_2023-02-16_16-34-07/25edd9b3_f0009432.jpg?download=true,data/raw/grand_bassin/images/stream_gbassinexch1.stream_2023-02-16_16-34-07/25edd9b3_f0009432.jpg
stream_gbassinexch1.stream_2023-02-16_16-34-07,development,1995,9444,393.500,aerial,339,stream_gbassinexch1.stream_2023-02-16_16-34-07/25edd9b3_f0009444.jpg,https://huggingface.co/datasets/shivam11/grand-bassin-traffic/resolve/main/images/stream_gbassinexch1.stream_2023-02-16_16-34-07/25edd9b3_f0009444.jpg?download=true,data/raw/grand_bassin/images/stream_gbassinexch1.stream_2023-02-16_16-34-07/25edd9b3_f0009444.jpg
stream_gbassinexch1.stream_2023-02-16_16-34-07,development,1996,9456,394.000,aerial,339,stream_gbassinexch1.stream_2023-02-16_16-34-07/25edd9b3_f0009456.jpg,https://huggingface.co/datasets/shivam11/grand-bassin-traffic/resolve/main/images/stream_gbassinexch1.stream_2023-02-16_16-34-07/25edd9b3_f0009456.jpg?download=true,data/raw/grand_bassin/images/stream_gbassinexch1.stream_2023-02-16_16-34-07/25edd9b3_f0009456.jpg
stream_gbassinexch1.stream_2023-02-16_16-34-07,development,1997,9468,394.500,aerial,333,stream_gbassinexch1.stream_2023-02-16_16-34-07/25edd9b3_f0009468.jpg,https://huggingface.co/datasets/shivam11/grand-bassin-traffic/resolve/main/images/stream_gbassinexch1.stream_2023-02-16_16-34-07/25edd9b3_f0009468.jpg?download=true,data/raw/grand_bassin/images/stream_gbassinexch1.stream_2023-02-16_16-34-07/25edd9b3_f0009468.jpg
stream_gbassinexch1.stream_2023-02-16_16-34-07,development,1998,9480,395.000,aerial,339,stream_gbassinexch1.stream_2023-02-16_16-34-07/25edd9b3_f0009480.jpg,https://huggingface.co/datasets/shivam11/grand-bassin-traffic/resolve/main/images/stream_gbassinexch1.stream_2023-02-16_16-34-07/25edd9b3_f0009480.jpg?download=true,data/raw/grand_bassin/images/stream_gbassinexch1.stream_2023-02-16_16-34-07/25edd9b3_f0009480.jpg
stream_gbassinexch1.stream_2023-02-16_16-34-07,development,1999,9492,395.500,aerial,335,stream_gbassinexch1.stream_2023-02-16_16-34-07/25edd9b3_f0009492.jpg,https://huggingface.co/datasets/shivam11/grand-bassin-traffic/resolve/main/images/stream_gbassinexch1.stream_2023-02-16_16-34-07/25edd9b3_f0009492.jpg?download=true,data/raw/grand_bassin/images/stream_gbassinexch1.stream_2023-02-16_16-34-07/25edd9b3_f0009492.jpg
stream_gbassinexch1.stream_2023-02-16_16-34-07,development,2000,9504,396.000,aerial,336,stream_gbassinexch1.stream_2023-02-16_16-34-07/25edd9b3_f0009504.jpg,https://huggingface.co/datasets/shivam11/grand-bassin-traffic/resolve/main/images/stream_gbassinexch1.stream_2023-02-16_16-34-07/25edd9b3_f0009504.jpg?download=true,data/raw/grand_bassin/images/stream_gbassinexch1.stream_2023-02-16_16-34-07/25edd9b3_f0009504.jpg
