sequence_id,split,image_id,frame_index,timestamp_s,camera_view,annotations,remote_path,download_url,local_path
stream_gbassinexch1.stream_2023-02-16_13-30-33,development,1,0,0.000,aerial,439,stream_gbassinexch1.stream_2023-02-16_13-30-33/a96d32bc_f0000000.jpg,https://huggingface.co/datasets/shivam11/grand-bassin-traffic/resolve/main/images/stream_gbassinexch1.stream_2023-02-16_13-30-33/a96d32bc_f0000000.jpg?download=true,data/raw/grand_bassin/images/stream_gbassinexch1.stream_2023-02-16_13-30-33/a96d32bc_f0000000.jpg
stream_gbassinexch1.stream_2023-02-16_13-30-33,development,2,15,0.500,aerial,445,stream_gbassinexch1.stream_2023-02-16_13-30-33/a96d32bc_f0000015.jpg,https://huggingface.co/datasets/shivam11/grand-bassin-traffic/resolve/main/images/stream_gbassinexch1.stream_2023-02-16_13-30-33/a96d32bc_f0000015.jpg?download=true,data/raw/grand_bassin/images/stream_gbassinexch1.stream_2023-02-16_13-30-33/a96d32bc_f0000015.jpg
stream_gbassinexch1.stream_2023-02-16_13-30-33,development,3,30,1.000,aerial,443,stream_gbassinexch1.stream_2023-02-16_13-30-33/a96d32bc_f0000030.jpg,https://huggingface.co/datasets/shivam11/grand-bassin-traffic/resolve/main/images/stream_gbassinexch1.stream_2023-02-16_13-30-33/a96d32bc_f0000030.jpg?download=true,data/raw/grand_bassin/images/stream_gbassinexch1.stream_2023-02-16_13-30-33/a96d32bc_f0000030.jpg
stream_gbassinexch1.stream_2023-02-16_13-30-33,development,4,45,1.500,aerial,446,stream_gbassinexch1.stream_2023-02-16_13-30-33/a96d32bc_f0000045.jpg,https://huggingface.co/datasets/shivam11/grand-bassin-traffic/resolve/main/images/stream_gbassinexch1.stream_2023-02-16_13-30-33/a96d32bc_f0000045.jpg?download=true,data/raw/grand_bassin/images/stream_gbassinexch1.stream_2023-02-16_13-30-33/a96d32bc_f0000045.jpg
stream_gbassinexch1.stream_2023-02-16_13-30-33,development,5,60,2.000,aerial,428,stream_gbassinexch1.stream_2023-02-16_13-30-33/a96d32bc_f0000060.jpg,https://huggingface.co/datasets/shivam11/grand-bassin-traffic/resolve/main/images/stream_gbassinexch1.stream_2023-02-16_13-30-33/a96d32bc_f0000060.jpg?download=true,data/raw/grand_bassin/images/stream_gbassinexch1.stream_2023-02-16_13-30-33/a96d32bc_f0000060.jpg
stream_gbassinexch1.stream_2023-02-16_13-30-33,development,6,75,2.500,aerial,441,stream_gbassinexch1.stream_2023-02-16_13-30-33/a96d32bc_f0000075.jpg,https://huggingface.co/datasets/shivam11/grand-bassin-traffic/resolve/main/images/stream_gbassinexch1.stream_2023-02-16_13-30-33/a96d32bc_f0000075.jpg?download=true,data/raw/grand_bassin/images/stream_gbassinexch1.stream_2023-02-16_13-30-33/a96d32bc_f0000075.jpg
stream_gbassinexch1.stream_2023-02-16_13-30-33,development,7,90,3.000,aerial,444,stream_gbassinexch1.stream_2023-02-16_13-30-33/a96d32bc_f0000090.jpg,https://huggingface.co/datasets/shivam11/grand-bassin-traffic/resolve/main/images/stream_gbassinexch1.stream_2023-02-16_13-30-33/a96d32bc_f0000090.jpg?download=true,data/raw/grand_bassin/images/stream_gbassinexch1.stream_2023-02-16_13-30-33/a96d32bc_f0000090.jpg
stream_gbassinexch1.stream_2023-02-16_13-30-33,development,8,105,3.500,aerial,441,stream_gbassinexch1.stream_2023-02-16_13-30-33/a96d32bc_f0000105.jpg,https://huggingface.co/datasets/shivam11/grand-bassin-traffic/resolve/main/images/stream_gbassinexch1.stream_2023-02-16_13-30-33/a96d32bc_f0000105.jpg?download=true,data/raw/grand_bassin/images/stream_gbassinexch1.stream_2023-02-16_13-30-33/a96d32bc_f0000105.jpg
stream_gbassinexch1.stream_2023-02-16_13-30-33,development,9,120,4.000,aerial,442,stream_gbassinexch1.stream_2023-02-16_13-30-33/a96d32bc_f0000120.jpg,https://huggingface.co/datasets/shivam11/grand-bassin-traffic/resolve/main/images/stream_gbassinexch1.stream_2023-02-16_13-30-33/a96d32bc_f0000120.jpg?download=true,data/raw/grand_bassin/images/stream_gbassinexch1.stream_2023-02-16_13-30-33/a96d32bc_f0000120.jpg
stream_gbassinexch1.stream_2023-02-16_13-30-33,development,10,135,4.500,aerial,431,stream_gbassinexch1.stream_2023-02-16_13-30-33/a96d32bc_f0000135.jpg,https://huggingface.co/datasets/shivam11/grand-bassin-traffic/resolve/main/images/stream_gbassinexch1.stream_2023-02-16_13-30-33/a96d32bc_f0000135.jpg?download=true,data/raw/grand_bassin/images/stream_gbassinexch1.stream_2023-02-16_13-30-33/a96d32bc_f0000135.jpg
stream_gbassinexch1.stream_2023-02-16_13-30-33,development,11,150,5.000,aerial,435,stream_gbassinexch1.stream_2023-02-16_13-30-33/a96d32bc_f0000150.jpg,https://huggingface.co/datasets/shivam11/grand-bassin-traffic/resolve/main/images/stream_gbassinexch1.stream_2023-02-16_13-30-33/a96d32bc_f0000150.jpg?download=true,data/raw/grand_bassin/images/stream_gbassinexch1.stream_2023-02-16_13-30-33/a96d32bc_f0000150.jpg
stream_gbassinexch1.stream_2023-02-16_13-30-33,development,12,165,5.500,aerial,436,stream_gbassinexch1.stream_2023-02-16_13-30-33/a96d32bc_f0000165.jpg,https://huggingface.co/datasets/shivam11/grand-bassin-traffic/resolve/main/images/stream_gbassinexch1.stream_2023-02-16_13-30-33/a96d32bc_f0000165.jpg?download=true,data/raw/grand_bassin/images/stream_gbassinexch1.stream_2023-02-16_13-30-33/a96d32bc_f0000165.jpg
stream_gbassinexch1.stream_2023-02-16_13-30-33,development,13,180,6.000,aerial,430,stream_gbassinexch1.stream_2023-02-16_13-30-33/a96d32bc_f0000180.jpg,https://huggingface.co/datasets/shivam11/grand-bassin-traffic/resolve/main/images/stream_gbassinexch1.stream_2023-02-16_13-30-33/a96d32bc_f0000180.jpg?download=true,data/raw/grand_bassin/images/stream_gbassinexch1.stream_2023-02-16_13-30-33/a96d32bc_f0000180.jpg
stream_gbassinexch1.stream_2023-02-16_13-30-33,development,14,195,6.500,aerial,443,stream_gbassinexch1.stream_2023-02-16_13-30-33/a96d32bc_f0000195.jpg,https://huggingface.co/datasets/shivam11/grand-bassin-traffic/resolve/main/images/stream_gbassinexch1.stream_2023-02-16_13-30-33/a96d32bc_f0000195.jpg?download=true,data/raw/grand_bassin/images/stream_gbassinexch1.stream_2023-02-16_13-30-33/a96d32bc_f0000195.jpg
stream_gbassinexch1.stream_2023-02-16_13-30-33,development,15,210,7.000,aerial,456,stream_gbassinexch1.stream_2023-02-16_13-30-33/a96d32bc_f0000210.jpg,https://huggingface.co/datasets/shivam11/grand-bassin-traffic/resolve/main/images/stream_gbassinexch1.stream_2023-02-16_13-30-33/a96d32bc_f0000210.jpg?download=true,data/raw/grand_bassin/images/stream_gbassinexch1.stream_2023-02-16_13-30-33/a96d32bc_f0000210.jpg
stream_gbassinexch1.stream_2023-02-16_13-30-33,development,16,225,7.500,aerial,445,stream_gbassinexch1.stream_2023-02-16_13-30-33/a96d32bc_f0000225.jpg,https://huggingface.co/datasets/shivam11/grand-bassin-traffic/resolve/main/images/stream_gbassinexch1.stream_2023-02-16_13-30-33/a96d32bc_f0000225.jpg?download=true,data/raw/grand_bassin/images/stream_gbassinexch1.stream_2023-02-16_13-30-33/a96d32bc_f0000225.jpg
stream_gbassinexch1.stream_2023-02-16_13-30-33,development,17,240,8.000,aerial,438,stream_gbassinexch1.stream_2023-02-16_13-30-33/a96d32bc_f0000240.jpg,https://huggingface.co/datasets/shivam11/grand-bassin-traffic/resolve/main/images/stream_gbassinexch1.stream_2023-02-16_13-30-33/a96d32bc_f0000240.jpg?download=true,data/raw/grand_bassin/images/stream_gbassinexch1.stream_2023-02-16_13-30-33/a96d32bc_f0000240.jpg
stream_gbassinexch1.stream_2023-02-16_13-30-33,development,18,255,8.500,aerial,443,stream_gbassinexch1.stream_2023-02-16_13-30-33/a96d32bc_f0000255.jpg,https://huggingface.co/datasets/shivam11/grand-bassin-traffic/resolve/main/images/stream_gbassinexch1.stream_2023-02-16_13-30-33/a96d32bc_f0000255.jpg?download=true,data/raw/grand_bassin/images/stream_gbassinexch1.stream_2023-02-16_13-30-33/a96d32bc_f0000255.jpg
stream_gbassinexch1.stream_2023-02-16_13-30-33,development,19,270,9.000,aerial,444,stream_gbassinexch1.stream_2023-02-16_13-30-33/a96d32bc_f0000270.jpg,https://huggingface.co/datasets/shivam11/grand-bassin-traffic/resolve/main/images/stream_gbassinexch1.stream_2023-02-16_13-30-33/a96d32bc_f0000270.jpg?download=true,data/raw/grand_bassin/images/stream_gbassinexch1.stream_2023-02-16_13-30-33/a96d32bc_f0000270.jpg
stream_gbassinexch1.stream_2023-02-16_13-30-33,development,20,285,9.500,aerial,440,stream_gbassinexch1.stream_2023-02-16_13-30-33/a96d32bc_f0000285.jpg,https://huggingface.co/datasets/shivam11/grand-bassin-traffic/resolve/main/images/stream_gbassinexch1.stream_2023-02-16_13-30-33/a96d32bc_f0000285.jpg?download=true,data/raw/grand_bassin/images/stream_gbassinexch1.stream_2023-02-16_13-30-33/a96d32bc_f0000285.jpg
stream_gbassinexch1.stream_2023-02-16_13-30-33,development,21,300,10.000,aerial,442,stream_gbassinexch1.stream_2023-02-16_13-30-33/a96d32bc_f0000300.jpg,https://huggingface.co/datasets/shivam11/grand-bassin-traffic/resolve/main/images/stream_gbassinexch1.stream_2023-02-16_13-30-33/a96d32bc_f0000300.jpg?download=true,data/raw/grand_bassin/images/stream_gbassinexch1.stream_2023-02-16_13-30-33/a96d32bc_f0000300.jpg
stream_gbassinexch1.stream_2023-02-16_13-30-33,development,22,315,10.500,aerial,437,stream_gbassinexch1.stream_2023-02-16_13-30-33/a96d32bc_f0000315.jpg,https://huggingface.co/datasets/shivam11/grand-bassin-traffic/resolve/main/images/stream_gbassinexch1.stream_2023-02-16_13-30-33/a96d32bc_f0000315.jpg?download=true,data/raw/grand_bassin/images/stream_gbassinexch1.stream_2023-02-16_13-30-33/a96d32bc_f0000315.jpg
stream_gbassinexch1.stream_2023-02-16_13-30-33,development,23,330,11.000,aerial,439,stream_gbassinexch1.stream_2023-02-16_13-30-33/a96d32bc_f0000330.jpg,https://huggingface.co/datasets/shivam11/grand-bassin-traffic/resolve/main/images/stream_gbassinexch1.stream_2023-02-16_13-30-33/a96d32bc_f0000330.jpg?download=true,data/raw/grand_bassin/images/stream_gbassinexch1.stream_2023-02-16_13-30-33/a96d32bc_f0000330.jpg
stream_gbassinexch1.stream_2023-02-16_13-30-33,development,24,345,11.500,aerial,444,stream_gbassinexch1.stream_2023-02-16_13-30-33/a96d32bc_f0000345.jpg,https://huggingface.co/datasets/shivam11/grand-bassin-traffic/resolve/main/images/stream_gbassinexch1.stream_2023-02-16_13-30-33/a96d32bc_f0000345.jpg?download=true,data/raw/grand_bassin/images/stream_gbassinexch1.stream_2023-02-16_13-30-33/a96d32bc_f0000345.jpg
stream_gbassinexch1.stream_2023-02-16_13-30-33,development,25,360,12.000,aerial,453,stream_gbassinexch1.stream_2023-02-16_13-30-33/a96d32bc_f0000360.jpg,https://huggingface.co/datasets/shivam11/grand-bassin-traffic/resolve/main/images/stream_gbassinexch1.stream_2023-02-16_13-30-33/a96d32bc_f0000360.jpg?download=true,data/raw/grand_bassin/images/stream_gbassinexch1.stream_2023-02-16_13-30-33/a96d32bc_f0000360.jpg
stream_gbassinexch1.stream_2023-02-16_13-30-33,development,26,375,12.500,aerial,448,stream_gbassinexch1.stream_2023-02-16_13-30-33/a96d32bc_f0000375.jpg,https://huggingface.co/datasets/shivam11/grand-bassin-traffic/resolve/main/images/stream_gbassinexch1.stream_2023-02-16_13-30-33/a96d32bc_f0000375.jpg?download=true,data/raw/grand_bassin/images/stream_gbassinexch1.stream_2023-02-16_13-30-33/a96d32bc_f0000375.jpg
stream_gbassinexch1.stream_2023-02-16_13-30-33,development,27,390,13.000,aerial,429,stream_gbassinexch1.stream_2023-02-16_13-30-33/a96d32bc_f0000390.jpg,https://huggingface.co/datasets/shivam11/grand-bassin-traffic/resolve/main/images/stream_gbassinexch1.stream_2023-02-16_13-30-33/a96d32bc_f0000390.jpg?download=true,data/raw/grand_bassin/images/stream_gbassinexch1.stream_2023-02-16_13-30-33/a96d32bc_f0000390.jpg
stream_gbassinexch1.stream_2023-02-16_13-30-33,development,28,405,13.500,aerial,437,stream_gbassinexch1.stream_2023-02-16_13-30-33/a96d32bc_f0000405.jpg,https://huggingface.co/datasets/shivam11/grand-bassin-traffic/resolve/main/images/stream_gbassinexch1.stream_2023-02-16_13-30-33/a96d32bc_f0000405.jpg?download=true,data/raw/grand_bassin/images/stream_gbassinexch1.stream_2023-02-16_13-30-33/a96d32bc_f0000405.jpg
stream_gbassinexch1.stream_2023-02-16_13-30-33,development,29,420,14.000,aerial,440,stream_gbassinexch1.stream_2023-02-16_13-30-33/a96d32bc_f0000420.jpg,https://huggingface.co/datasets/shivam11/grand-bassin-traffic/resolve/main/images/stream_gbassinexch1.stream_2023-02-16_13-30-33/a96d32bc_f0000420.jpg?download=true,data/raw/grand_bassin/images/stream_gbassinexch1.stream_2023-02-16_13-30-33/a96d32bc_f0000420.jpg
stream_gbassinexch1.stream_2023-02-16_13-30-33,development,30,435,14.500,aerial,437,stream_gbassinexch1.stream_2023-02-16_13-30-33/a96d32bc_f0000435.jpg,https://huggingface.co/datasets/shivam11/grand-bassin-traffic/resolve/main/images/stream_gbassinexch1.stream_2023-02-16_13-30-33/a96d32bc_f0000435.jpg?download=true,data/raw/grand_bassin/images/stream_gbassinexch1.stream_2023-02-16_13-30-33/a96d32bc_f0000435.jpg
stream_gbassinexch1.stream_2023-02-16_13-30-33,development,31,450,15.000,aerial,436,stream_gbassinexch1.stream_2023-02-16_13-30-33/a96d32bc_f0000450.jpg,https://huggingface.co/datasets/shivam11/grand-bassin-traffic/resolve/main/images/stream_gbassinexch1.stream_2023-02-16_13-30-33/a96d32bc_f0000450.jpg?download=true,data/raw/grand_bassin/images/stream_gbassinexch1.stream_2023-02-16_13-30-33/a96d32bc_f0000450.jpg
stream_gbassinexch1.stream_2023-02-16_13-30-33,development,32,465,15.500,aerial,436,stream_gbassinexch1.stream_2023-02-16_13-30-33/a96d32bc_f0000465.jpg,https://huggingface.co/datasets/shivam11/grand-bassin-traffic/resolve/main/images/stream_gbassinexch1.stream_2023-02-16_13-30-33/a96d32bc_f0000465.jpg?download=true,data/raw/grand_bassin/images/stream_gbassinexch1.stream_2023-02-16_13-30-33/a96d32bc_f0000465.jpg
stream_gbassinexch1.stream_2023-02-16_13-30-33,development,33,480,16.000,aerial,430,stream_gbassinexch1.stream_2023-02-16_13-30-33/a96d32bc_f0000480.jpg,https://huggingface.co/datasets/shivam11/grand-bassin-traffic/resolve/main/images/stream_gbassinexch1.stream_2023-02-16_13-30-33/a96d32bc_f0000480.jpg?download=true,data/raw/grand_bassin/images/stream_gbassinexch1.stream_2023-02-16_13-30-33/a96d32bc_f0000480.jpg
stream_gbassinexch1.stream_2023-02-16_13-30-33,development,34,495,16.500,aerial,432,stream_gbassinexch1.stream_2023-02-16_13-30-33/a96d32bc_f0000495.jpg,https://huggingface.co/datasets/shivam11/grand-bassin-traffic/resolve/main/images/stream_gbassinexch1.stream_2023-02-16_13-30-33/a96d32bc_f0000495.jpg?download=true,data/raw/grand_bassin/images/stream_gbassinexch1.stream_2023-02-16_13-30-33/a96d32bc_f0000495.jpg
stream_gbassinexch1.stream_2023-02-16_13-30-33,development,35,510,17.000,aerial,423,stream_gbassinexch1.stream_2023-02-16_13-30-33/a96d32bc_f0000510.jpg,https://huggingface.co/datasets/shivam11/grand-bassin-traffic/resolve/main/images/stream_gbassinexch1.stream_2023-02-16_13-30-33/a96d32bc_f0000510.jpg?download=true,data/raw/grand_bassin/images/stream_gbassinexch1.stream_2023-02-16_13-30-33/a96d32bc_f0000510.jpg
stream_gbassinexch1.stream_2023-02-16_13-30-33,development,36,525,17.500,aerial,436,stream_gbassinexch1.stream_2023-02-16_13-30-33/a96d32bc_f0000525.jpg,https://huggingface.co/datasets/shivam11/grand-bassin-traffic/resolve/main/images/stream_gbassinexch1.stream_2023-02-16_13-30-33/a96d32bc_f0000525.jpg?download=true,data/raw/grand_bassin/images/stream_gbassinexch1.stream_2023-02-16_13-30-33/a96d32bc_f0000525.jpg
stream_gbassinexch1.stream_2023-02-16_13-30-33,development,37,540,18.000,aerial,424,stream_gbassinexch1.stream_2023-02-16_13-30-33/a96d32bc_f0000540.jpg,https://huggingface.co/datasets/shivam11/grand-bassin-traffic/resolve/main/images/stream_gbassinexch1.stream_2023-02-16_13-30-33/a96d32bc_f0000540.jpg?download=true,data/raw/grand_bassin/images/stream_gbassinexch1.stream_2023-02-16_13-30-33/a96d32bc_f0000540.jpg
stream_gbassinexch1.stream_2023-02-16_13-30-33,development,38,555,18.500,aerial,426,stream_gbassinexch1.stream_2023-02-16_13-30-33/a96d32bc_f0000555.jpg,https://huggingface.co/datasets/shivam11/grand-bassin-traffic/resolve/main/images/stream_gbassinexch1.stream_2023-02-16_13-30-33/a96d32bc_f0000555.jpg?download=true,data/raw/grand_bassin/images/stream_gbassinexch1.stream_2023-02-16_13-30-33/a96d32bc_f0000555.jpg
stream_gbassinexch1.stream_2023-02-16_13-30-33,development,39,570,19.000,aerial,428,stream_gbassinexch1.stream_2023-02-16_13-30-33/a96d32bc_f0000570.jpg,https://huggingface.co/datasets/shivam11/grand-bassin-traffic/resolve/main/images/stream_gbassinexch1.stream_2023-02-16_13-30-33/a96d32bc_f0000570.jpg?download=true,data/raw/grand_bassin/images/stream_gbassinexch1.stream_2023-02-16_13-30-33/a96d32bc_f0000570.jpg
stream_gbassinexch1.stream_2023-02-16_13-30-33,development,40,585,19.500,aerial,426,stream_gbassinexch1.stream_2023-02-16_13-30-33/a96d32bc_f0000585.jpg,https://huggingface.co/datasets/shivam11/grand-bassin-traffic/resolve/main/images/stream_gbassinexch1.stream_2023-02-16_13-30-33/a96d32bc_f0000585.jpg?download=true,data/raw/grand_bassin/images/stream_gbassinexch1.stream_2023-02-16_13-30-33/a96d32bc_f0000585.jpg
stream_gbassinexch1.stream_2023-02-16_13-30-33,development,41,600,20.000,aerial,422,stream_gbassinexch1.stream_2023-02-16_13-30-33/a96d32bc_f0000600.jpg,https://huggingface.co/datasets/shivam11/grand-bassin-traffic/resolve/main/images/stream_gbassinexch1.stream_2023-02-16_13-30-33/a96d32bc_f0000600.jpg?download=true,data/raw/grand_bassin/images/stream_gbassinexch1.stream_2023-02-16_13-30-33/a96d32bc_f0000600.jpg
stream_gbassinexch1.stream_2023-02-16_13-30-33,development,42,615,20.500,aerial,421,stream_gbassinexch1.stream_2023-02-16_13-30-33/a96d32bc_f0000615.jpg,https://huggingface.co/datasets/shivam11/grand-bassin-traffic/resolve/main/images/stream_gbassinexch1.stream_2023-02-16_13-30-33/a96d32bc_f0000615.jpg?download=true,data/raw/grand_bassin/images/stream_gbassinexch1.stream_2023-02-16_13-30-33/a96d32bc_f0000615.jpg
stream_gbassinexch1.stream_2023-02-16_13-30-33,development,43,630,21.000,aerial,436,stream_gbassinexch1.stream_2023-02-16_13-30-33/a96d32bc_f0000630.jpg,https://huggingface.co/datasets/shivam11/grand-bassin-traffic/resolve/main/images/stream_gbassinexch1.stream_2023-02-16_13-30-33/a96d32bc_f0000630.jpg?download=true,data/raw/grand_bassin/images/stream_gbassinexch1.stream_2023-02-16_13-30-33/a96d32bc_f0000630.jpg
stream_gbassinexch1.stream_2023-02-16_13-30-33,development,44,645,21.500,aerial,424,stream_gbassinexch1.stream_2023-02-16_13-30-33/a96d32bc_f0000645.jpg,https://huggingface.co/datasets/shivam11/grand-bassin-traffic/resolve/main/images/stream_gbassinexch1.stream_2023-02-16_13-30-33/a96d32bc_f0000645.jpg?download=true,data/raw/grand_bassin/images/stream_gbassinexch1.stream_2023-02-16_13-30-33/a96d32bc_f0000645.jpg
stream_gbassinexch1.stream_2023-02-16_13-30-33,development,45,660,22.000,aerial,425,stream_gbassinexch1.stream_2023-02-16_13-30-33/a96d32bc_f0000660.jpg,https://huggingface.co/datasets/shivam11/grand-bassin-traffic/resolve/main/images/stream_gbassinexch1.stream_2023-02-16_13-30-33/a96d32bc_f0000660.jpg?download=true,data/raw/grand_bassin/images/stream_gbassinexch1.stream_2023-02-16_13-30-33/a96d32bc_f0000660.jpg
stream_gbassinexch1.stream_2023-02-16_13-30-33,development,46,675,22.500,aerial,432,stream_gbassinexch1.stream_2023-02-16_13-30-33/a96d32bc_f0000675.jpg,https://huggingface.co/datasets/shivam11/grand-bassin-traffic/resolve/main/images/stream_gbassinexch1.stream_2023-02-16_13-30-33/a96d32bc_f0000675.jpg?download=true,data/raw/grand_bassin/images/stream_gbassinexch1.stream_2023-02-16_13-30-33/a96d32bc_f0000675.jpg
stream_gbassinexch1.stream_2023-02-16_13-30-33,development,47,690,23.000,aerial,440,stream_gbassinexch1.stream_2023-02-16_13-30-33/a96d32bc_f0000690.jpg,https://huggingface.co/datasets/shivam11/grand-bassin-traffic/resolve/main/images/stream_gbassinexch1.stream_2023-02-16_13-30-33/a96d32bc_f0000690.jpg?download=true,data/raw/grand_bassin/images/stream_gbassinexch1.stream_2023-02-16_13-30-33/a96d32bc_f0000690.jpg
stream_gbassinexch1.stream_2023-02-16_13-30-33,development,48,705,23.500,aerial,443,stream_gbassinexch1.stream_2023-02-16_13-30-33/a96d32bc_f0000705.jpg,https://huggingface.co/datasets/shivam11/grand-bassin-traffic/resolve/main/images/stream_gbassinexch1.stream_2023-02-16_13-30-33/a96d32bc_f0000705.jpg?download=true,data/raw/grand_bassin/images/stream_gbassinexch1.stream_2023-02-16_13-30-33/a96d32bc_f0000705.jpg
stream_gbassinexch1.stream_2023-02-16_13-30-33,development,49,720,24.000,aerial,432,stream_gbassinexch1.stream_2023-02-16_13-30-33/a96d32bc_f0000720.jpg,https://huggingface.co/datasets/shivam11/grand-bassin-traffic/resolve/main/images/stream_gbassinexch1.stream_2023-02-16_13-30-33/a96d32bc_f0000720.jpg?download=true,data/raw/grand_bassin/images/stream_gbassinexch1.stream_2023-02-16_13-30-33/a96d32bc_f0000720.jpg
stream_gbassinexch1.stream_2023-02-16_13-30-33,development,50,735,24.500,aerial,445,stream_gbassinexch1.stream_2023-02-16_13-30-33/a96d32bc_f0000735.jpg,https://huggingface.co/datasets/shivam11/grand-bassin-traffic/resolve/main/images/stream_gbassinexch1.stream_2023-02-16_13-30-33/a96d32bc_f0000735.jpg?download=true,data/raw/grand_bassin/images/stream_gbassinexch1.stream_2023-02-16_13-30-33/a96d32bc_f0000735.jpg
stream_gbassinexch1.stream_2023-02-16_13-30-33,development,51,750,25.000,aerial,446,stream_gbassinexch1.stream_2023-02-16_13-30-33/a96d32bc_f0000750.jpg,https://huggingface.co/datasets/shivam11/grand-bassin-traffic/resolve/main/images/stream_gbassinexch1.stream_2023-02-16_13-30-33/a96d32bc_f0000750.jpg?download=true,data/raw/grand_bassin/images/stream_gbassinexch1.stream_2023-02-16_13-30-33/a96d32bc_f0000750.jpg
stream_gbassinexch1.stream_2023-02-16_13-30-33,development,52,765,25.500,aerial,441,stream_gbassinexch1.stream_2023-02-16_13-30-33/a96d32bc_f0000765.jpg,https://huggingface.co/datasets/shivam11/grand-bassin-traffic/resolve/main/images/stream_gbassinexch1.stream_2023-02-16_13-30-33/a96d32bc_f0000765.jpg?download=true,data/raw/grand_bassin/images/stream_gbassinexch1.stream_2023-02-16_13-30-33/a96d32bc_f0000765.jpg
stream_gbassinexch1.stream_2023-02-16_13-30-33,development,53,780,26.000,aerial,444,stream_gbassinexch1.stream_2023-02-16_13-30-33/a96d32bc_f0000780.jpg,https://huggingface.co/datasets/shivam11/grand-bassin-traffic/resolve/main/images/stream_gbassinexch1.stream_2023-02-16_13-30-33/a96d32bc_f0000780.jpg?download=true,data/raw/grand_bassin/images/stream_gbassinexch1.stream_2023-02-16_13-30-33/a96d32bc_f0000780.jpg
stream_gbassinexch1.stream_2023-02-16_13-30-33,development,54,795,26.500,aerial,432,stream_gbassinexch1.stream_2023-02-16_13-30-33/a96d32bc_f0000795.jpg,https://huggingface.co/datasets/shivam11/grand-bassin-traffic/resolve/main/images/stream_gbassinexch1.stream_2023-02-16_13-30-33/a96d32bc_f0000795.jpg?download=true,data/raw/grand_bassin/images/stream_gbassinexch1.stream_2023-02-16_13-30-33/a96d32bc_f0000795.jpg
stream_gbassinexch1.stream_2023-02-16_13-30-33,development,55,810,27.000,aerial,439,stream_gbassinexch1.stream_2023-02-16_13-30-33/a96d32bc_f0000810.jpg,https://huggingface.co/datasets/shivam11/grand-bassin-traffic/resolve/main/images/stream_gbassinexch1.stream_2023-02-16_13-30-33/a96d32bc_f0000810.jpg?download=true,data/raw/grand_bassin/images/stream_gbassinexch1.stream_2023-02-16_13-30-33/a96d32bc_f0000810.jpg
stream_gbassinexch1.stream_2023-02-16_13-30-33,development,56,825,27.500,aerial,439,stream_gbassinexch1.stream_2023-02-16_13-30-33/a96d32bc_f0000825.jpg,https://huggingface.co/datasets/shivam11/grand-bassin-traffic/resolve/main/images/stream_gbassinexch1.stream_2023-02-16_13-30-33/a96d32bc_f0000825.jpg?download=true,data/raw/grand_bassin/images/stream_gbassinexch1.stream_2023-02-16_13-30-33/a96d32bc_f0000825.jpg
stream_gbassinexch1.stream_2023-02-16_13-30-33,development,57,840,28.000,aerial,443,stream_gbassinexch1.stream_2023-02-16_13-30-33/a96d32bc_f0000840.jpg,https://huggingface.co/datasets/shivam11/grand-bassin-traffic/resolve/main/images/stream_gbassinexch1.stream_2023-02-16_13-30-33/a96d32bc_f0000840.jpg?download=true,data/raw/grand_bassin/images/stream_gbassinexch1.stream_2023-02-16_13-30-33/a96d32bc_f0000840.jpg
stream_gbassinexch1.stream_2023-02-16_13-30-33,development,58,855,28.500,aerial,439,stream_gbassinexch1.stream_2023-02-16_13-30-33/a96d32bc_f0000855.jpg,https://huggingface.co/datasets/shivam11/grand-bassin-traffic/resolve/main/images/stream_gbassinexch1.stream_2023-02-16_13-30-33/a96d32bc_f0000855.jpg?download=true,data/raw/grand_bassin/images/stream_gbassinexch1.stream_2023-02-16_13-30-33/a96d32bc_f0000855.jpg
stream_gbassinexch1.stream_2023-02-16_13-30-33,development,59,870,29.000,aerial,451,stream_gbassinexch1.stream_2023-02-16_13-30-33/a96d32bc_f0000870.jpg,https://huggingface.co/datasets/shivam11/grand-bassin-traffic/resolve/main/images/stream_gbassinexch1.stream_2023-02-16_13-30-33/a96d32bc_f0000870.jpg?download=true,data/raw/grand_bassin/images/stream_gbassinexch1.stream_2023-02-16_13-30-33/a96d32bc_f0000870.jpg
stream_gbassinexch1.stream_2023-02-16_13-30-33,development,60,885,29.500,aerial,444,stream_gbassinexch1.stream_2023-02-16_13-30-33/a96d32bc_f0000885.jpg,https://huggingface.co/datasets/shivam11/grand-bassin-traffic/resolve/main/images/stream_gbassinexch1.stream_2023-02-16_13-30-33/a96d32bc_f0000885.jpg?download=true,data/raw/grand_bassin/images/stream_gbassinexch1.stream_2023-02-16_13-30-33/a96d32bc_f0000885.jpg
stream_gbassinexch1.stream_2023-02-16_13-30-33,development,61,900,30.000,aerial,437,stream_gbassinexch1.stream_2023-02-16_13-30-33/a96d32bc_f0000900.jpg,https://huggingface.co/datasets/shivam11/grand-bassin-traffic/resolve/main/images/stream_gbassinexch1.stream_2023-02-16_13-30-33/a96d32bc_f0000900.jpg?download=true,data/raw/grand_bassin/images/stream_gbassinexch1.stream_2023-02-16_13-30-33/a96d32bc_f0000900.jpg
stream_gbassinexch1.stream_2023-02-16_13-30-33,development,62,915,30.500,aerial,437,stream_gbassinexch1.stream_2023-02-16_13-30-33/a96d32bc_f0000915.jpg,https://huggingface.co/datasets/shivam11/grand-bassin-traffic/resolve/main/images/stream_gbassinexch1.stream_2023-02-16_13-30-33/a96d32bc_f0000915.jpg?download=true,data/raw/grand_bassin/images/stream_gbassinexch1.stream_2023-02-16_13-30-33/a96d32bc_f0000915.jpg
stream_gbassinexch1.stream_2023-02-16_13-30-33,development,63,930,31.000,aerial,437,stream_gbassinexch1.stream_2023-02-16_13-30-33/a96d32bc_f0000930.jpg,https://huggingface.co/datasets/shivam11/grand-bassin-traffic/resolve/main/images/stream_gbassinexch1.stream_2023-02-16_13-30-33/a96d32bc_f0000930.jpg?download=true,data/raw/grand_bassin/images/stream_gbassinexch1.stream_2023-02-16_13-30-33/a96d32bc_f0000930.jpg
stream_gbassinexch1.stream_2023-02-16_13-30-33,development,64,945,31.500,aerial,429,stream_gbassinexch1.stream_2023-02-16_13-30-33/a96d32bc_f0000945.jpg,https://huggingface.co/datasets/shivam11/grand-bassin-traffic/resolve/main/images/stream_gbassinexch1.stream_2023-02-16_13-30-33/a96d32bc_f0000945.jpg?download=true,data/raw/grand_bassin/images/stream_gbassinexch1.stream_2023-02-16_13-30-33/a96d32bc_f0000945.jpg
stream_gbassinexch1.stream_2023-02-16_13-30-33,development,65,960,32.000,aerial,432,stream_gbassinexch1.stream_2023-02-16_13-30-33/a96d32bc_f0000960.jpg,https://huggingface.co/datasets/shivam11/grand-bassin-traffic/resolve/main/images/stream_gbassinexch1.stream_2023-02-16_13-30-33/a96d32bc_f0000960.jpg?download=true,data/raw/grand_bassin/images/stream_gbassinexch1.stream_2023-02-16_13-30-33/a96d32bc_f0000960.jpg
stream_gbassinexch1.stream_2023-02-16_13-30-33,development,66,975,32.500,aerial,433,stream_gbassinexch1.stream_2023-02-16_13-30-33/a96d32bc_f0000975.jpg,https://huggingface.co/datasets/shivam11/grand-bassin-traffic/resolve/main/images/stream_gbassinexch1.stream_2023-02-16_13-30-33/a96d32bc_f0000975.jpg?download=true,data/raw/grand_bassin/images/stream_gbassinexch1.stream_2023-02-16_13-30-33/a96d32bc_f0000975.jpg
stream_gbassinexch1.stream_2023-02-16_13-30-33,development,67,990,33.000,aerial,439,stream_gbassinexch1.stream_2023-02-16_13-30-33/a96d32bc_f0000990.jpg,https://huggingface.co/datasets/shivam11/grand-bassin-traffic/resolve/main/images/stream_gbassinexch1.stream_2023-02-16_13-30-33/a96d32bc_f0000990.jpg?download=true,data/raw/grand_bassin/images/stream_gbassinexch1.stream_2023-02-16_13-30-33/a96d32bc_f0000990.jpg
stream_gbassinexch1.stream_2023-02-16_13-30-33,development,68,1005,33.500,aerial,426,stream_gbassinexch1.stream_2023-02-16_13-30-33/a96d32bc_f0001005.jpg,https://huggingface.co/datasets/shivam11/grand-bassin-traffic/resolve/main/images/stream_gbassinexch1.stream_2023-02-16_13-30-33/a96d32bc_f0001005.jpg?download=true,data/raw/grand_bassin/images/stream_gbassinexch1.stream_2023-02-16_13-30-33/a96d32bc_f0001005.jpg
stream_gbassinexch1.stream_2023-02-16_13-30-33,development,69,1020,34.000,aerial,431,stream_gbassinexch1.stream_2023-02-16_13-30-33/a96d32bc_f0001020.jpg,https://huggingface.co/datasets/shivam11/grand-bassin-traffic/resolve/main/images/stream_gbassinexch1.stream_2023-02-16_13-30-33/a96d32bc_f0001020.jpg?download=true,data/raw/grand_bassin/images/stream_gbassinexch1.stream_2023-02-16_13-30-33/a96d32bc_f0001020.jpg
stream_gbassinexch1.stream_2023-02-16_13-30-33,development,70,1035,34.500,aerial,440,stream_gbassinexch1.stream_2023-02-16_13-30-33/a96d32bc_f0001035.jpg,https://huggingface.co/datasets/shivam11/grand-bassin-traffic/resolve/main/images/stream_gbassinexch1.stream_2023-02-16_13-30-33/a96d32bc_f0001035.jpg?download=true,data/raw/grand_bassin/images/stream_gbassinexch1.stream_2023-02-16_13-30-33/a96d32bc_f0001035.jpg
stream_gbassinexch1.stream_2023-02-16_13-30-33,development,71,1050,35.000,aerial,432,stream_gbassinexch1.stream_2023-02-16_13-30-33/a96d32bc_f0001050.jpg,https://huggingface.co/datasets/shivam11/grand-bassin-traffic/resolve/main/images/stream_gbassinexch1.stream_2023-02-16_13-30-33/a96d32bc_f0001050.jpg?download=true,data/raw/grand_bassin/images/stream_gbassinexch1.stream_2023-02-16_13-30-33/a96d32bc_f0001050.jpg
stream_gbassinexch1.stream_2023-02-16_13-30-33,development,72,1065,35.500,aerial,434,stream_gbassinexch1.stream_2023-02-16_13-30-33/a96d32bc_f0001065.jpg,https://huggingface.co/datasets/shivam11/grand-bassin-traffic/resolve/main/images/stream_gbassinexch1.stream_2023-02-16_13-30-33/a96d32bc_f0001065.jpg?download=true,data/raw/grand_bassin/images/stream_gbassinexch1.stream_2023-02-16_13-30-33/a96d32bc_f0001065.jpg
stream_gbassinexch1.stream_2023-02-16_13-30-33,development,73,1080,36.000,aerial,432,stream_gbassinexch1.stream_2023-02-16_13-30-33/a96d32bc_f0001080.jpg,https://huggingface.co/datasets/shivam11/grand-bassin-traffic/resolve/main/images/stream_gbassinexch1.stream_2023-02-16_13-30-33/a96d32bc_f0001080.jpg?download=true,data/raw/grand_bassin/images/stream_gbassinexch1.stream_2023-02-16_13-30-33/a96d32bc_f0001080.jpg
stream_gbassinexch1.stream_2023-02-16_13-30-33,development,74,1095,36.500,aerial,437,stream_gbassinexch1.stream_2023-02-16_13-30-33/a96d32bc_f0001095.jpg,https://huggingface.co/datasets/shivam11/grand-bassin-traffic/resolve/main/images/stream_gbassinexch1.stream_2023-02-16_13-30-33/a96d32bc_f0001095.jpg?download=true,data/raw/grand_bassin/images/stream_gbassinexch1.stream_2023-02-16_13-30-33/a96d32bc_f0001095.jpg
stream_gbassinexch1.stream_2023-02-16_13-30-33,development,75,1110,37.000,aerial,439,stream_gbassinexch1.stream_2023-02-16_13-30-33/a96d32bc_f0001110.jpg,https://huggingface.co/datasets/shivam11/grand-bassin-traffic/resolve/main/images/stream_gbassinexch1.stream_2023-02-16_13-30-33/a96d32bc_f0001110.jpg?download=true,data/raw/grand_bassin/images/stream_gbassinexch1.stream_2023-02-16_13-30-33/a96d32bc_f0001110.jpg
stream_gbassinexch1.stream_2023-02-16_13-30-33,development,76,1125,37.500,aerial,438,stream_gbassinexch1.stream_2023-02-16_13-30-33/a96d32bc_f0001125.jpg,https://huggingface.co/datasets/shivam11/grand-bassin-traffic/resolve/main/images/stream_gbassinexch1.stream_2023-02-16_13-30-33/a96d32bc_f0001125.jpg?download=true,data/raw/grand_bassin/images/stream_gbassinexch1.stream_2023-02-16_13-30-33/a96d32bc_f0001125.jpg
stream_gbassinexch1.stream_2023-02-16_13-30-33,development,77,1140,38.000,aerial,433,stream_gbassinexch1.stream_2023-02-16_13-30-33/a96d32bc_f0001140.jpg,https://huggingface.co/datasets/shivam11/grand-bassin-traffic/resolve/main/images/stream_gbassinexch1.stream_2023-02-16_13-30-33/a96d32bc_f0001140.jpg?download=true,data/raw/grand_bassin/images/stream_gbassinexch1.stream_2023-02-16_13-30-33/a96d32bc_f0001140.jpg
stream_gbassinexch1.stream_2023-02-16_13-30-33,development,78,1155,38.500,aerial,428,stream_gbassinexch1.stream_2023-02-16_13-30-33/a96d32bc_f0001155.jpg,https://huggingface.co/datasets/shivam11/grand-bassin-traffic/resolve/main/images/stream_gbassinexch1.stream_2023-02-16_13-30-33/a96d32bc_f0001155.jpg?download=true,data/raw/grand_bassin/images/stream_gbassinexch1.stream_2023-02-16_13-30-33/a96d32bc_f0001155.jpg
stream_gbassinexch1.stream_2023-02-16_13-30-33,development,79,1170,39.000,aerial,426,stream_gbassinexch1.stream_2023-02-16_13-30-33/a96d32bc_f0001170.jpg,https://huggingface.co/datasets/shivam11/grand-bassin-traffic/resolve/main/images/stream_gbassinexch1.stream_2023-02-16_13-30-33/a96d32bc_f0001170.jpg?download=true,data/raw/grand_bassin/images/stream_gbassinexch1.stream_2023-02-16_13-30-33/a96d32bc_f0001170.jpg
stream_gbassinexch1.stream_2023-02-16_13-30-33,development,80,1185,39.500,aerial,435,stream_gbassinexch1.stream_2023-02-16_13-30-33/a96d32bc_f0001185.jpg,https://huggingface.co/datasets/shivam11/grand-bassin-traffic/resolve/main/images/stream_gbassinexch1.stream_2023-02-16_13-30-33/a96d32bc_f0001185.jpg?download=true,data/raw/grand_bassin/images/stream_gbassinexch1.stream_2023-02-16_13-30-33/a96d32bc_f0001185.jpg
stream_gbassinexch1.stream_2023-02-16_13-30-33,development,81,1200,40.000,aerial,437,stream_gbassinexch1.stream_2023-02-16_13-30-33/a96d32bc_f0001200.jpg,https://huggingface.co/datasets/shivam11/grand-bassin-traffic/resolve/main/images/stream_gbassinexch1.stream_2023-02-16_13-30-33/a96d32bc_f0001200.jpg?download=true,data/raw/grand_bassin/images/stream_gbassinexch1.stream_2023-02-16_13-30-33/a96d32bc_f0001200.jpg
stream_gbassinexch1.stream_2023-02-16_13-30-33,development,82,1215,40.500,aerial,434,stream_gbassinexch1.stream_2023-02-16_13-30-33/a96d32bc_f0001215.jpg,https://huggingface.co/datasets/shivam11/grand-bassin-traffic/resolve/main/images/stream_gbassinexch1.stream_2023-02-16_13-30-33/a96d32bc_f0001215.jpg?download=true,data/raw/grand_bassin/images/stream_gbassinexch1.stream_2023-02-16_13-30-33/a96d32bc_f0001215.jpg
stream_gbassinexch1.stream_2023-02-16_13-30-33,development,83,1230,41.000,aerial,434,stream_gbassinexch1.stream_2023-02-16_13-30-33/a96d32bc_f0001230.jpg,https://huggingface.co/datasets/shivam11/grand-bassin-traffic/resolve/main/images/stream_gbassinexch1.stream_2023-02-16_13-30-33/a96d32bc_f0001230.jpg?download=true,data/raw/grand_bassin/images/stream_gbassinexch1.stream_2023-02-16_13-30-33/a96d32bc_f0001230.jpg
stream_gbassinexch1.stream_2023-02-16_13-30-33,development,84,1245,41.500,aerial,439,stream_gbassinexch1.stream_2023-02-16_13-30-33/a96d32bc_f0001245.jpg,https://huggingface.co/datasets/shivam11/grand-bassin-traffic/resolve/main/images/stream_gbassinexch1.stream_2023-02-16_13-30-33/a96d32bc_f0001245.jpg?download=true,data/raw/grand_bassin/images/stream_gbassinexch1.stream_2023-02-16_13-30-33/a96d32bc_f0001245.jpg
stream_gbassinexch1.stream_2023-02-16_13-30-33,development,85,1260,42.000,aerial,422,stream_gbassinexch1.stream_2023-02-16_13-30-33/a96d32bc_f0001260.jpg,https://huggingface.co/datasets/shivam11/grand-bassin-traffic/resolve/main/images/stream_gbassinexch1.stream_2023-02-16_13-30-33/a96d32bc_f0001260.jpg?download=true,data/raw/grand_bassin/images/stream_gbassinexch1.stream_2023-02-16_13-30-33/a96d32bc_f0001260.jpg
stream_gbassinexch1.stream_2023-02-16_13-30-33,development,86,1275,42.500,aerial,422,stream_gbassinexch1.stream_2023-02-16_13-30-33/a96d32bc_f0001275.jpg,https://huggingface.co/datasets/shivam11/grand-bassin-traffic/resolve/main/images/stream_gbassinexch1.stream_2023-02-16_13-30-33/a96d32bc_f0001275.jpg?download=true,data/raw/grand_bassin/images/stream_gbassinexch1.stream_2023-02-16_13-30-33/a96d32bc_f0001275.jpg
stream_gbassinexch1.stream_2023-02-16_13-30-33,development,87,1290,43.000,aerial,419,stream_gbassinexch1.stream_2023-02-16_13-30-33/a96d32bc_f0001290.jpg,https://huggingface.co/datasets/shivam11/grand-bassin-traffic/resolve/main/images/stream_gbassinexch1.stream_2023-02-16_13-30-33/a96d32bc_f0001290.jpg?download=true,data/raw/grand_bassin/images/stream_gbassinexch1.stream_2023-02-16_13-30-33/a96d32bc_f0001290.jpg
stream_gbassinexch1.stream_2023-02-16_13-30-33,development,88,1305,43.500,aerial,427,stream_gbassinexch1.stream_2023-02-16_13-30-33/a96d32bc_f0001305.jpg,https://huggingface.co/datasets/shivam11/grand-bassin-traffic/resolve/main/images/stream_gbassinexch1.stream_2023-02-16_13-30-33/a96d32bc_f0001305.jpg?download=true,data/raw/grand_bassin/images/stream_gbassinexch1.stream_2023-02-16_13-30-33/a96d32bc_f0001305.jpg
stream_gbassinexch1.stream_2023-02-16_13-30-33,development,89,1320,44.000,aerial,424,stream_gbassinexch1.stream_2023-02-16_13-30-33/a96d32bc_f0001320.jpg,https://huggingface.co/datasets/shivam11/grand-bassin-traffic/resolve/main/images/stream_gbassinexch1.stream_2023-02-16_13-30-33/a96d32bc_f0001320.jpg?download=true,data/raw/grand_bassin/images/stream_gbassinexch1.stream_2023-02-16_13-30-33/a96d32bc_f0001320.jpg
stream_gbassinexch1.stream_2023-02-16_13-30-33,development,90,1335,44.500,aerial,428,stream_gbassinexch1.stream_2023-02-16_13-30-33/a96d32bc_f0001335.jpg,https://huggingface.co/datasets/shivam11/grand-bassin-traffic/resolve/main/images/stream_gbassinexch1.stream_2023-02-16_13-30-33/a96d32bc_f0001335.jpg?download=true,data/raw/grand_bassin/images/stream_gbassinexch1.stream_2023-02-16_13-30-33/a96d32bc_f0001335.jpg
stream_gbassinexch1.stream_2023-02-16_13-30-33,development,91,1350,45.000,aerial,430,stream_gbassinexch1.stream_2023-02-16_13-30-33/a96d32bc_f0001350.jpg,https://huggingface.co/datasets/shivam11/grand-bassin-traffic/resolve/main/images/stream_gbassinexch1.stream_2023-02-16_13-30-33/a96d32bc_f0001350.jpg?download=true,data/raw/grand_bassin/images/stream_gbassinexch1.stream_2023-02-16_13-30-33/a96d32bc_f0001350.jpg
stream_gbassinexch1.stream_2023-02-16_13-30-33,development,92,1365,45.500,aerial,428,stream_gbassinexch1.stream_2023-02-16_13-30-33/a96d32bc_f0001365.jpg,https://huggingface.co/datasets/shivam11/grand-bassin-traffic/resolve/main/images/stream_gbassinexch1.stream_2023-02-16_13-30-33/a96d32bc_f0001365.jpg?download=true,data/raw/grand_bassin/images/stream_gbassinexch1.stream_2023-02-16_13-30-33/a96d32bc_f0001365.jpg
stream_gbassinexch1.stream_2023-02-16_13-30-33,development,93,1380,46.000,aerial,418,stream_gbassinexch1.stream_2023-02-16_13-30-33/a96d32bc_f0001380.jpg,https://huggingface.co/datasets/shivam11/grand-bassin-traffic/resolve/main/images/stream_gbassinexch1.stream_2023-02-16_13-30-33/a96d32bc_f0001380.jpg?download=true,data/raw/grand_bassin/images/stream_gbassinexch1.stream_2023-02-16_13-30-33/a96d32bc_f0001380.jpg
stream_gbassinexch1.stream_2023-02-16_13-30-33,development,94,1395,46.500,aerial,420,stream_gbassinexch1.stream_2023-02-16_13-30-33/a96d32bc_f0001395.jpg,https://huggingface.co/datasets/shivam11/grand-bassin-traffic/resolve/main/images/stream_gbassinexch1.stream_2023-02-16_13-30-33/a96d32bc_f0001395.jpg?download=true,data/raw/grand_bassin/images/stream_gbassinexch1.stream_2023-02-16_13-30-33/a96d32bc_f0001395.jpg
stream_gbassinexch1.stream_2023-02-16_13-30-33,development,95,1410,47.000,aerial,423,stream_gbassinexch1.stream_2023-02-16_13-30-33/a96d32bc_f0001410.jpg,https://huggingface.co/datasets/shivam11/grand-bassin-traffic/resolve/main/images/stream_gbassinexch1.stream_2023-02-16_13-30-33/a96d32bc_f0001410.jpg?download=true,data/raw/grand_bassin/images/stream_gbassinexch1.stream_2023-02-16_13-30-33/a96d32bc_f0001410.jpg
stream_gbassinexch1.stream_2023-02-16_13-30-33,development,96,1425,47.500,aerial,429,stream_gbassinexch1.stream_2023-02-16_13-30-33/a96d32bc_f0001425.jpg,https://huggingface.co/datasets/shivam11/grand-bassin-traffic/resolve/main/images/stream_gbassinexch1.stream_2023-02-16_13-30-33/a96d32bc_f0001425.jpg?download=true,data/raw/grand_bassin/images/stream_gbassinexch1.stream_2023-02-16_13-30-33/a96d32bc_f0001425.jpg
stream_gbassinexch1.stream_2023-02-16_13-30-33,development,97,1440,48.000,aerial,440,stream_gbassinexch1.stream_2023-02-16_13-30-33/a96d32bc_f0001440.jpg,https://huggingface.co/datasets/shivam11/grand-bassin-traffic/resolve/main/images/stream_gbassinexch1.stream_2023-02-16_13-30-33/a96d32bc_f0001440.jpg?download=true,data/raw/grand_bassin/images/stream_gbassinexch1.stream_2023-02-16_13-30-33/a96d32bc_f0001440.jpg
stream_gbassinexch1.stream_2023-02-16_13-30-33,development,98,1455,48.500,aerial,451,stream_gbassinexch1.stream_2023-02-16_13-30-33/a96d32bc_f0001455.jpg,https://huggingface.co/datasets/shivam11/grand-bassin-traffic/resolve/main/images/stream_gbassinexch1.stream_2023-02-16_13-30-33/a96d32bc_f0001455.jpg?download=true,data/raw/grand_bassin/images/stream_gbassinexch1.stream_2023-02-16_13-30-33/a96d32bc_f0001455.jpg
stream_gbassinexch1.stream_2023-02-16_13-30-33,development,99,1470,49.000,aerial,436,stream_gbassinexch1.stream_2023-02-16_13-30-33/a96d32bc_f0001470.jpg,https://huggingface.co/datasets/shivam11/grand-bassin-traffic/resolve/main/images/stream_gbassinexch1.stream_2023-02-16_13-30-33/a96d32bc_f0001470.jpg?download=true,data/raw/grand_bassin/images/stream_gbassinexch1.stream_2023-02-16_13-30-33/a96d32bc_f0001470.jpg
stream_gbassinexch1.stream_2023-02-16_13-30-33,development,100,1485,49.500,aerial,430,stream_gbassinexch1.stream_2023-02-16_13-30-33/a96d32bc_f0001485.jpg,https://huggingface.co/datasets/shivam11/grand-bassin-traffic/resolve/main/images/stream_gbassinexch1.stream_2023-02-16_13-30-33/a96d32bc_f0001485.jpg?download=true,data/raw/grand_bassin/images/stream_gbassinexch1.stream_2023-02-16_13-30-33/a96d32bc_f0001485.jpg
stream_gbassinexch1.stream_2023-02-16_13-30-33,development,101,1500,50.000,aerial,430,stream_gbassinexch1.stream_2023-02-16_13-30-33/a96d32bc_f0001500.jpg,https://huggingface.co/datasets/shivam11/grand-bassin-traffic/resolve/main/images/stream_gbassinexch1.stream_2023-02-16_13-30-33/a96d32bc_f0001500.jpg?download=true,data/raw/grand_bassin/images/stream_gbassinexch1.stream_2023-02-16_13-30-33/a96d32bc_f0001500.jpg
stream_gbassinexch1.stream_2023-02-16_13-30-33,development,102,1515,50.500,aerial,431,stream_gbassinexch1.stream_2023-02-16_13-30-33/a96d32bc_f0001515.jpg,https://huggingface.co/datasets/shivam11/grand-bassin-traffic/resolve/main/images/stream_gbassinexch1.stream_2023-02-16_13-30-33/a96d32bc_f0001515.jpg?download=true,data/raw/grand_bassin/images/stream_gbassinexch1.stream_2023-02-16_13-30-33/a96d32bc_f0001515.jpg
stream_gbassinexch1.stream_2023-02-16_13-30-33,development,103,1530,51.000,aerial,432,stream_gbassinexch1.stream_2023-02-16_13-30-33/a96d32bc_f0001530.jpg,https://huggingface.co/datasets/shivam11/grand-bassin-traffic/resolve/main/images/stream_gbassinexch1.stream_2023-02-16_13-30-33/a96d32bc_f0001530.jpg?download=true,data/raw/grand_bassin/images/stream_gbassinexch1.stream_2023-02-16_13-30-33/a96d32bc_f0001530.jpg
stream_gbassinexch1.stream_2023-02-16_13-30-33,development,104,1545,51.500,aerial,424,stream_gbassinexch1.stream_2023-02-16_13-30-33/a96d32bc_f0001545.jpg,https://huggingface.co/datasets/shivam11/grand-bassin-traffic/resolve/main/images/stream_gbassinexch1.stream_2023-02-16_13-30-33/a96d32bc_f0001545.jpg?download=true,data/raw/grand_bassin/images/stream_gbassinexch1.stream_2023-02-16_13-30-33/a96d32bc_f0001545.jpg
stream_gbassinexch1.stream_2023-02-16_13-30-33,development,105,1560,52.000,aerial,438,stream_gbassinexch1.stream_2023-02-16_13-30-33/a96d32bc_f0001560.jpg,https://huggingface.co/datasets/shivam11/grand-bassin-traffic/resolve/main/images/stream_gbassinexch1.stream_2023-02-16_13-30-33/a96d32bc_f0001560.jpg?download=true,data/raw/grand_bassin/images/stream_gbassinexch1.stream_2023-02-16_13-30-33/a96d32bc_f0001560.jpg
stream_gbassinexch1.stream_2023-02-16_13-30-33,development,106,1575,52.500,aerial,436,stream_gbassinexch1.stream_2023-02-16_13-30-33/a96d32bc_f0001575.jpg,https://huggingface.co/datasets/shivam11/grand-bassin-traffic/resolve/main/images/stream_gbassinexch1.stream_2023-02-16_13-30-33/a96d32bc_f0001575.jpg?download=true,data/raw/grand_bassin/images/stream_gbassinexch1.stream_2023-02-16_13-30-33/a96d32bc_f0001575.jpg
stream_gbassinexch1.stream_2023-02-16_13-30-33,development,107,1590,53.000,aerial,429,stream_gbassinexch1.stream_2023-02-16_13-30-33/a96d32bc_f0001590.jpg,https://huggingface.co/datasets/shivam11/grand-bassin-traffic/resolve/main/images/stream_gbassinexch1.stream_2023-02-16_13-30-33/a96d32bc_f0001590.jpg?download=true,data/raw/grand_bassin/images/stream_gbassinexch1.stream_2023-02-16_13-30-33/a96d32bc_f0001590.jpg
stream_gbassinexch1.stream_2023-02-16_13-30-33,development,108,1605,53.500,aerial,435,stream_gbassinexch1.stream_2023-02-16_13-30-33/a96d32bc_f0001605.jpg,https://huggingface.co/datasets/shivam11/grand-bassin-traffic/resolve/main/images/stream_gbassinexch1.stream_2023-02-16_13-30-33/a96d32bc_f0001605.jpg?download=true,data/raw/grand_bassin/images/stream_gbassinexch1.stream_2023-02-16_13-30-33/a96d32bc_f0001605.jpg
stream_gbassinexch1.stream_2023-02-16_13-30-33,development,109,1620,54.000,aerial,442,stream_gbassinexch1.stream_2023-02-16_13-30-33/a96d32bc_f0001620.jpg,https://huggingface.co/datasets/shivam11/grand-bassin-traffic/resolve/main/images/stream_gbassinexch1.stream_2023-02-16_13-30-33/a96d32bc_f0001620.jpg?download=true,data/raw/grand_bassin/images/stream_gbassinexch1.stream_2023-02-16_13-30-33/a96d32bc_f0001620.jpg
stream_gbassinexch1.stream_2023-02-16_13-30-33,development,110,1635,54.500,aerial,438,stream_gbassinexch1.stream_2023-02-16_13-30-33/a96d32bc_f0001635.jpg,https://huggingface.co/datasets/shivam11/grand-bassin-traffic/resolve/main/images/stream_gbassinexch1.stream_2023-02-16_13-30-33/a96d32bc_f0001635.jpg?download=true,data/raw/grand_bassin/images/stream_gbassinexch1.stream_2023-02-16_13-30-33/a96d32bc_f0001635.jpg
stream_gbassinexch1.stream_2023-02-16_13-30-33,development,111,1650,55.000,aerial,424,stream_gbassinexch1.stream_2023-02-16_13-30-33/a96d32bc_f0001650.jpg,https://huggingface.co/datasets/shivam11/grand-bassin-traffic/resolve/main/images/stream_gbassinexch1.stream_2023-02-16_13-30-33/a96d32bc_f0001650.jpg?download=true,data/raw/grand_bassin/images/stream_gbassinexch1.stream_2023-02-16_13-30-33/a96d32bc_f0001650.jpg
stream_gbassinexch1.stream_2023-02-16_13-30-33,development,112,1665,55.500,aerial,422,stream_gbassinexch1.stream_2023-02-16_13-30-33/a96d32bc_f0001665.jpg,https://huggingface.co/datasets/shivam11/grand-bassin-traffic/resolve/main/images/stream_gbassinexch1.stream_2023-02-16_13-30-33/a96d32bc_f0001665.jpg?download=true,data/raw/grand_bassin/images/stream_gbassinexch1.stream_2023-02-16_13-30-33/a96d32bc_f0001665.jpg
stream_gbassinexch1.stream_2023-02-16_13-30-33,development,113,1680,56.000,aerial,428,stream_gbassinexch1.stream_2023-02-16_13-30-33/a96d32bc_f0001680.jpg,https://huggingface.co/datasets/shivam11/grand-bassin-traffic/resolve/main/images/stream_gbassinexch1.stream_2023-02-16_13-30-33/a96d32bc_f0001680.jpg?download=true,data/raw/grand_bassin/images/stream_gbassinexch1.stream_2023-02-16_13-30-33/a96d32bc_f0001680.jpg
stream_gbassinexch1.stream_2023-02-16_13-30-33,development,114,1695,56.500,aerial,424,stream_gbassinexch1.stream_2023-02-16_13-30-33/a96d32bc_f0001695.jpg,https://huggingface.co/datasets/shivam11/grand-bassin-traffic/resolve/main/images/stream_gbassinexch1.stream_2023-02-16_13-30-33/a96d32bc_f0001695.jpg?download=true,data/raw/grand_bassin/images/stream_gbassinexch1.stream_2023-02-16_13-30-33/a96d32bc_f0001695.jpg
stream_gbassinexch1.stream_2023-02-16_13-30-33,development,115,1710,57.000,aerial,429,stream_gbassinexch1.stream_2023-02-16_13-30-33/a96d32bc_f0001710.jpg,https://huggingface.co/datasets/shivam11/grand-bassin-traffic/resolve/main/images/stream_gbassinexch1.stream_2023-02-16_13-30-33/a96d32bc_f0001710.jpg?download=true,data/raw/grand_bassin/images/stream_gbassinexch1.stream_2023-02-16_13-30-33/a96d32bc_f0001710.jpg
stream_gbassinexch1.stream_2023-02-16_13-30-33,development,116,1725,57.500,aerial,428,stream_gbassinexch1.stream_2023-02-16_13-30-33/a96d32bc_f0001725.jpg,https://huggingface.co/datasets/shivam11/grand-bassin-traffic/resolve/main/images/stream_gbassinexch1.stream_2023-02-16_13-30-33/a96d32bc_f0001725.jpg?download=true,data/raw/grand_bassin/images/stream_gbassinexch1.stream_2023-02-16_13-30-33/a96d32bc_f0001725.jpg
stream_gbassinexch1.stream_2023-02-16_13-30-33,development,117,1740,58.000,aerial,429,stream_gbassinexch1.stream_2023-02-16_13-30-33/a96d32bc_f0001740.jpg,https://huggingface.co/datasets/shivam11/grand-bassin-traffic/resolve/main/images/stream_gbassinexch1.stream_2023-02-16_13-30-33/a96d32bc_f0001740.jpg?download=true,data/raw/grand_bassin/images/stream_gbassinexch1.stream_2023-02-16_13-30-33/a96d32bc_f0001740.jpg
stream_gbassinexch1.stream_2023-02-16_13-30-33,development,118,1755,58.500,aerial,425,stream_gbassinexch1.stream_2023-02-16_13-30-33/a96d32bc_f0001755.jpg,https://huggingface.co/datasets/shivam11/grand-bassin-traffic/resolve/main/images/stream_gbassinexch1.stream_2023-02-16_13-30-33/a96d32bc_f0001755.jpg?download=true,data/raw/grand_bassin/images/stream_gbassinexch1.stream_2023-02-16_13-30-33/a96d32bc_f0001755.jpg
stream_gbassinexch1.stream_2023-02-16_13-30-33,development,119,1770,59.000,aerial,429,stream_gbassinexch1.stream_2023-02-16_13-30-33/a96d32bc_f0001770.jpg,https://huggingface.co/datasets/shivam11/grand-bassin-traffic/resolve/main/images/stream_gbassinexch1.stream_2023-02-16_13-30-33/a96d32bc_f0001770.jpg?download=true,data/raw/grand_bassin/images/stream_gbassinexch1.stream_2023-02-16_13-30-33/a96d32bc_f0001770.jpg
stream_gbassinexch1.stream_2023-02-16_13-30-33,development,120,1785,59.500,aerial,427,stream_gbassinexch1.stream_2023-02-16_13-30-33/a96d32bc_f0001785.jpg,https://huggingface.co/datasets/shivam11/grand-bassin-traffic/resolve/main/images/stream_gbassinexch1.stream_2023-02-16_13-30-33/a96d32bc_f0001785.jpg?download=true,data/raw/grand_bassin/images/stream_gbassinexch1.stream_2023-02-16_13-30-33/a96d32bc_f0001785.jpg
stream_gbassinexch1.stream_2023-02-16_13-30-33,development,121,1800,60.000,aerial,409,stream_gbassinexch1.stream_2023-02-16_13-30-33/a96d32bc_f0001800.jpg,https://huggingface.co/datasets/shivam11/grand-bassin-traffic/resolve/main/images/stream_gbassinexch1.stream_2023-02-16_13-30-33/a96d32bc_f0001800.jpg?download=true,data/raw/grand_bassin/images/stream_gbassinexch1.stream_2023-02-16_13-30-33/a96d32bc_f0001800.jpg
stream_gbassinexch1.stream_2023-02-16_13-30-33,development,122,1815,60.500,aerial,410,stream_gbassinexch1.stream_2023-02-16_13-30-33/a96d32bc_f0001815.jpg,https://huggingface.co/datasets/shivam11/grand-bassin-traffic/resolve/main/images/stream_gbassinexch1.stream_2023-02-16_13-30-33/a96d32bc_f0001815.jpg?download=true,data/raw/grand_bassin/images/stream_gbassinexch1.stream_2023-02-16_13-30-33/a96d32bc_f0001815.jpg
stream_gbassinexch1.stream_2023-02-16_13-30-33,development,123,1830,61.000,aerial,416,stream_gbassinexch1.stream_2023-02-16_13-30-33/a96d32bc_f0001830.jpg,https://huggingface.co/datasets/shivam11/grand-bassin-traffic/resolve/main/images/stream_gbassinexch1.stream_2023-02-16_13-30-33/a96d32bc_f0001830.jpg?download=true,data/raw/grand_bassin/images/stream_gbassinexch1.stream_2023-02-16_13-30-33/a96d32bc_f0001830.jpg
stream_gbassinexch1.stream_2023-02-16_13-30-33,development,124,1845,61.500,aerial,415,stream_gbassinexch1.stream_2023-02-16_13-30-33/a96d32bc_f0001845.jpg,https://huggingface.co/datasets/shivam11/grand-bassin-traffic/resolve/main/images/stream_gbassinexch1.stream_2023-02-16_13-30-33/a96d32bc_f0001845.jpg?download=true,data/raw/grand_bassin/images/stream_gbassinexch1.stream_2023-02-16_13-30-33/a96d32bc_f0001845.jpg
stream_gbassinexch1.stream_2023-02-16_13-30-33,development,125,1860,62.000,aerial,418,stream_gbassinexch1.stream_2023-02-16_13-30-33/a96d32bc_f0001860.jpg,https://huggingface.co/datasets/shivam11/grand-bassin-traffic/resolve/main/images/stream_gbassinexch1.stream_2023-02-16_13-30-33/a96d32bc_f0001860.jpg?download=true,data/raw/grand_bassin/images/stream_gbassinexch1.stream_2023-02-16_13-30-33/a96d32bc_f0001860.jpg
stream_gbassinexch1.stream_2023-02-16_13-30-33,development,126,1875,62.500,aerial,410,stream_gbassinexch1.stream_2023-02-16_13-30-33/a96d32bc_f0001875.jpg,https://huggingface.co/datasets/shivam11/grand-bassin-traffic/resolve/main/images/stream_gbassinexch1.stream_2023-02-16_13-30-33/a96d32bc_f0001875.jpg?download=true,data/raw/grand_bassin/images/stream_gbassinexch1.stream_2023-02-16_13-30-33/a96d32bc_f0001875.jpg
stream_gbassinexch1.stream_2023-02-16_13-30-33,development,127,1890,63.000,aerial,422,stream_gbassinexch1.stream_2023-02-16_13-30-33/a96d32bc_f0001890.jpg,https://huggingface.co/datasets/shivam11/grand-bassin-traffic/resolve/main/images/stream_gbassinexch1.stream_2023-02-16_13-30-33/a96d32bc_f0001890.jpg?download=true,data/raw/grand_bassin/images/stream_gbassinexch1.stream_2023-02-16_13-30-33/a96d32bc_f0001890.jpg
stream_gbassinexch1.stream_2023-02-16_13-30-33,development,128,1905,63.500,aerial,418,stream_gbassinexch1.stream_2023-02-16_13-30-33/a96d32bc_f0001905.jpg,https://huggingface.co/datasets/shivam11/grand-bassin-traffic/resolve/main/images/stream_gbassinexch1.stream_2023-02-16_13-30-33/a96d32bc_f0001905.jpg?download=true,data/raw/grand_bassin/images/stream_gbassinexch1.stream_2023-02-16_13-30-33/a96d32bc_f0001905.jpg
stream_gbassinexch1.stream_2023-02-16_13-30-33,development,129,1920,64.000,aerial,420,stream_gbassinexch1.stream_2023-02-16_13-30-33/a96d32bc_f0001920.jpg,https://huggingface.co/datasets/shivam11/grand-bassin-traffic/resolve/main/images/stream_gbassinexch1.stream_2023-02-16_13-30-33/a96d32bc_f0001920.jpg?download=true,data/raw/grand_bassin/images/stream_gbassinexch1.stream_2023-02-16_13-30-33/a96d32bc_f0001920.jpg
stream_gbassinexch1.stream_2023-02-16_13-30-33,development,130,1935,64.500,aerial,428,stream_gbassinexch1.stream_2023-02-16_13-30-33/a96d32bc_f0001935.jpg,https://huggingface.co/datasets/shivam11/grand-bassin-traffic/resolve/main/images/stream_gbassinexch1.stream_2023-02-16_13-30-33/a96d32bc_f0001935.jpg?download=true,data/raw/grand_bassin/images/stream_gbassinexch1.stream_2023-02-16_13-30-33/a96d32bc_f0001935.jpg
stream_gbassinexch1.stream_2023-02-16_13-30-33,development,131,1950,65.000,aerial,431,stream_gbassinexch1.stream_2023-02-16_13-30-33/a96d32bc_f0001950.jpg,https://huggingface.co/datasets/shivam11/grand-bassin-traffic/resolve/main/images/stream_gbassinexch1.stream_2023-02-16_13-30-33/a96d32bc_f0001950.jpg?download=true,data/raw/grand_bassin/images/stream_gbassinexch1.stream_2023-02-16_13-30-33/a96d32bc_f0001950.jpg
stream_gbassinexch1.stream_2023-02-16_13-30-33,development,132,1965,65.500,aerial,423,stream_gbassinexch1.stream_2023-02-16_13-30-33/a96d32bc_f0001965.jpg,https://huggingface.co/datasets/shivam11/grand-bassin-traffic/resolve/main/images/stream_gbassinexch1.stream_2023-02-16_13-30-33/a96d32bc_f0001965.jpg?download=true,data/raw/grand_bassin/images/stream_gbassinexch1.stream_2023-02-16_13-30-33/a96d32bc_f0001965.jpg
stream_gbassinexch1.stream_2023-02-16_13-30-33,development,133,1980,66.000,aerial,428,stream_gbassinexch1.stream_2023-02-16_13-30-33/a96d32bc_f0001980.jpg,https://huggingface.co/datasets/shivam11/grand-bassin-traffic/resolve/main/images/stream_gbassinexch1.stream_2023-02-16_13-30-33/a96d32bc_f0001980.jpg?download=true,data/raw/grand_bassin/images/stream_gbassinexch1.stream_2023-02-16_13-30-33/a96d32bc_f0001980.jpg
stream_gbassinexch1.stream_2023-02-16_13-30-33,development,134,1995,66.500,aerial,419,stream_gbassinexch1.stream_2023-02-16_13-30-33/a96d32bc_f0001995.jpg,https://huggingface.co/datasets/shivam11/grand-bassin-traffic/resolve/main/images/stream_gbassinexch1.stream_2023-02-16_13-30-33/a96d32bc_f0001995.jpg?download=true,data/raw/grand_bassin/images/stream_gbassinexch1.stream_2023-02-16_13-30-33/a96d32bc_f0001995.jpg
stream_gbassinexch1.stream_2023-02-16_13-30-33,development,135,2010,67.000,aerial,419,stream_gbassinexch1.stream_2023-02-16_13-30-33/a96d32bc_f0002010.jpg,https://huggingface.co/datasets/shivam11/grand-bassin-traffic/resolve/main/images/stream_gbassinexch1.stream_2023-02-16_13-30-33/a96d32bc_f0002010.jpg?download=true,data/raw/grand_bassin/images/stream_gbassinexch1.stream_2023-02-16_13-30-33/a96d32bc_f0002010.jpg
stream_gbassinexch1.stream_2023-02-16_13-30-33,development,136,2025,67.500,aerial,433,stream_gbassinexch1.stream_2023-02-16_13-30-33/a96d32bc_f0002025.jpg,https://huggingface.co/datasets/shivam11/grand-bassin-traffic/resolve/main/images/stream_gbassinexch1.stream_2023-02-16_13-30-33/a96d32bc_f0002025.jpg?download=true,data/raw/grand_bassin/images/stream_gbassinexch1.stream_2023-02-16_13-30-33/a96d32bc_f0002025.jpg
stream_gbassinexch1.stream_2023-02-16_13-30-33,development,137,2040,68.000,aerial,424,stream_gbassinexch1.stream_2023-02-16_13-30-33/a96d32bc_f0002040.jpg,https://huggingface.co/datasets/shivam11/grand-bassin-traffic/resolve/main/images/stream_gbassinexch1.stream_2023-02-16_13-30-33/a96d32bc_f0002040.jpg?download=true,data/raw/grand_bassin/images/stream_gbassinexch1.stream_2023-02-16_13-30-33/a96d32bc_f0002040.jpg
stream_gbassinexch1.stream_2023-02-16_13-30-33,development,138,2055,68.500,aerial,427,stream_gbassinexch1.stream_2023-02-16_13-30-33/a96d32bc_f0002055.jpg,https://huggingface.co/datasets/shivam11/grand-bassin-traffic/resolve/main/images/stream_gbassinexch1.stream_2023-02-16_13-30-33/a96d32bc_f0002055.jpg?download=true,data/raw/grand_bassin/images/stream_gbassinexch1.stream_2023-02-16_13-30-33/a96d32bc_f0002055.jpg
stream_gbassinexch1.stream_2023-02-16_13-30-33,development,139,2070,69.000,aerial,413,stream_gbassinexch1.stream_2023-02-16_13-30-33/a96d32bc_f0002070.jpg,https://huggingface.co/datasets/shivam11/grand-bassin-traffic/resolve/main/images/stream_gbassinexch1.stream_2023-02-16_13-30-33/a96d32bc_f0002070.jpg?download=true,data/raw/grand_bassin/images/stream_gbassinexch1.stream_2023-02-16_13-30-33/a96d32bc_f0002070.jpg
stream_gbassinexch1.stream_2023-02-16_13-30-33,development,140,2085,69.500,aerial,423,stream_gbassinexch1.stream_2023-02-16_13-30-33/a96d32bc_f0002085.jpg,https://huggingface.co/datasets/shivam11/grand-bassin-traffic/resolve/main/images/stream_gbassinexch1.stream_2023-02-16_13-30-33/a96d32bc_f0002085.jpg?download=true,data/raw/grand_bassin/images/stream_gbassinexch1.stream_2023-02-16_13-30-33/a96d32bc_f0002085.jpg
stream_gbassinexch1.stream_2023-02-16_13-30-33,development,141,2100,70.000,aerial,429,stream_gbassinexch1.stream_2023-02-16_13-30-33/a96d32bc_f0002100.jpg,https://huggingface.co/datasets/shivam11/grand-bassin-traffic/resolve/main/images/stream_gbassinexch1.stream_2023-02-16_13-30-33/a96d32bc_f0002100.jpg?download=true,data/raw/grand_bassin/images/stream_gbassinexch1.stream_2023-02-16_13-30-33/a96d32bc_f0002100.jpg
stream_gbassinexch1.stream_2023-02-16_13-30-33,development,142,2115,70.500,aerial,421,stream_gbassinexch1.stream_2023-02-16_13-30-33/a96d32bc_f0002115.jpg,https://huggingface.co/datasets/shivam11/grand-bassin-traffic/resolve/main/images/stream_gbassinexch1.stream_2023-02-16_13-30-33/a96d32bc_f0002115.jpg?download=true,data/raw/grand_bassin/images/stream_gbassinexch1.stream_2023-02-16_13-30-33/a96d32bc_f0002115.jpg
stream_gbassinexch1.stream_2023-02-16_13-30-33,development,143,2130,71.000,aerial,427,stream_gbassinexch1.stream_2023-02-16_13-30-33/a96d32bc_f0002130.jpg,https://huggingface.co/datasets/shivam11/grand-bassin-traffic/resolve/main/images/stream_gbassinexch1.stream_2023-02-16_13-30-33/a96d32bc_f0002130.jpg?download=true,data/raw/grand_bassin/images/stream_gbassinexch1.stream_2023-02-16_13-30-33/a96d32bc_f0002130.jpg
stream_gbassinexch1.stream_2023-02-16_13-30-33,development,144,2145,71.500,aerial,425,stream_gbassinexch1.stream_2023-02-16_13-30-33/a96d32bc_f0002145.jpg,https://huggingface.co/datasets/shivam11/grand-bassin-traffic/resolve/main/images/stream_gbassinexch1.stream_2023-02-16_13-30-33/a96d32bc_f0002145.jpg?download=true,data/raw/grand_bassin/images/stream_gbassinexch1.stream_2023-02-16_13-30-33/a96d32bc_f0002145.jpg
stream_gbassinexch1.stream_2023-02-16_13-30-33,development,145,2160,72.000,aerial,428,stream_gbassinexch1.stream_2023-02-16_13-30-33/a96d32bc_f0002160.jpg,https://huggingface.co/datasets/shivam11/grand-bassin-traffic/resolve/main/images/stream_gbassinexch1.stream_2023-02-16_13-30-33/a96d32bc_f0002160.jpg?download=true,data/raw/grand_bassin/images/stream_gbassinexch1.stream_2023-02-16_13-30-33/a96d32bc_f0002160.jpg
stream_gbassinexch1.stream_2023-02-16_13-30-33,development,146,2175,72.500,aerial,430,stream_gbassinexch1.stream_2023-02-16_13-30-33/a96d32bc_f0002175.jpg,https://huggingface.co/datasets/shivam11/grand-bassin-traffic/resolve/main/images/stream_gbassinexch1.stream_2023-02-16_13-30-33/a96d32bc_f0002175.jpg?download=true,data/raw/grand_bassin/images/stream_gbassinexch1.stream_2023-02-16_13-30-33/a96d32bc_f0002175.jpg
stream_gbassinexch1.stream_2023-02-16_13-30-33,development,147,2190,73.000,aerial,413,stream_gbassinexch1.stream_2023-02-16_13-30-33/a96d32bc_f0002190.jpg,https://huggingface.co/datasets/shivam11/grand-bassin-traffic/resolve/main/images/stream_gbassinexch1.stream_2023-02-16_13-30-33/a96d32bc_f0002190.jpg?download=true,data/raw/grand_bassin/images/stream_gbassinexch1.stream_2023-02-16_13-30-33/a96d32bc_f0002190.jpg
stream_gbassinexch1.stream_2023-02-16_13-30-33,development,148,2205,73.500,aerial,419,stream_gbassinexch1.stream_2023-02-16_13-30-33/a96d32bc_f0002205.jpg,https://huggingface.co/datasets/shivam11/grand-bassin-traffic/resolve/main/images/stream_gbassinexch1.stream_2023-02-16_13-30-33/a96d32bc_f0002205.jpg?download=true,data/raw/grand_bassin/images/stream_gbassinexch1.stream_2023-02-16_13-30-33/a96d32bc_f0002205.jpg
stream_gbassinexch1.stream_2023-02-16_13-30-33,development,149,2220,74.000,aerial,425,stream_gbassinexch1.stream_2023-02-16_13-30-33/a96d32bc_f0002220.jpg,https://huggingface.co/datasets/shivam11/grand-bassin-traffic/resolve/main/images/stream_gbassinexch1.stream_2023-02-16_13-30-33/a96d32bc_f0002220.jpg?download=true,data/raw/grand_bassin/images/stream_gbassinexch1.stream_2023-02-16_13-30-33/a96d32bc_f0002220.jpg
stream_gbassinexch1.stream_2023-02-16_13-30-33,development,150,2235,74.500,aerial,425,stream_gbassinexch1.stream_2023-02-16_13-30-33/a96d32bc_f0002235.jpg,https://huggingface.co/datasets/shivam11/grand-bassin-traffic/resolve/main/images/stream_gbassinexch1.stream_2023-02-16_13-30-33/a96d32bc_f0002235.jpg?download=true,data/raw/grand_bassin/images/stream_gbassinexch1.stream_2023-02-16_13-30-33/a96d32bc_f0002235.jpg
stream_gbassinexch1.stream_2023-02-16_13-30-33,development,151,2250,75.000,aerial,433,stream_gbassinexch1.stream_2023-02-16_13-30-33/a96d32bc_f0002250.jpg,https://huggingface.co/datasets/shivam11/grand-bassin-traffic/resolve/main/images/stream_gbassinexch1.stream_2023-02-16_13-30-33/a96d32bc_f0002250.jpg?download=true,data/raw/grand_bassin/images/stream_gbassinexch1.stream_2023-02-16_13-30-33/a96d32bc_f0002250.jpg
stream_gbassinexch1.stream_2023-02-16_13-30-33,development,152,2265,75.500,aerial,426,stream_gbassinexch1.stream_2023-02-16_13-30-33/a96d32bc_f0002265.jpg,https://huggingface.co/datasets/shivam11/grand-bassin-traffic/resolve/main/images/stream_gbassinexch1.stream_2023-02-16_13-30-33/a96d32bc_f0002265.jpg?download=true,data/raw/grand_bassin/images/stream_gbassinexch1.stream_2023-02-16_13-30-33/a96d32bc_f0002265.jpg
stream_gbassinexch1.stream_2023-02-16_13-30-33,development,153,2280,76.000,aerial,418,stream_gbassinexch1.stream_2023-02-16_13-30-33/a96d32bc_f0002280.jpg,https://huggingface.co/datasets/shivam11/grand-bassin-traffic/resolve/main/images/stream_gbassinexch1.stream_2023-02-16_13-30-33/a96d32bc_f0002280.jpg?download=true,data/raw/grand_bassin/images/stream_gbassinexch1.stream_2023-02-16_13-30-33/a96d32bc_f0002280.jpg
stream_gbassinexch1.stream_2023-02-16_13-30-33,development,154,2295,76.500,aerial,426,stream_gbassinexch1.stream_2023-02-16_13-30-33/a96d32bc_f0002295.jpg,https://huggingface.co/datasets/shivam11/grand-bassin-traffic/resolve/main/images/stream_gbassinexch1.stream_2023-02-16_13-30-33/a96d32bc_f0002295.jpg?download=true,data/raw/grand_bassin/images/stream_gbassinexch1.stream_2023-02-16_13-30-33/a96d32bc_f0002295.jpg
stream_gbassinexch1.stream_2023-02-16_13-30-33,development,155,2310,77.000,aerial,436,stream_gbassinexch1.stream_2023-02-16_13-30-33/a96d32bc_f0002310.jpg,https://huggingface.co/datasets/shivam11/grand-bassin-traffic/resolve/main/images/stream_gbassinexch1.stream_2023-02-16_13-30-33/a96d32bc_f0002310.jpg?download=true,data/raw/grand_bassin/images/stream_gbassinexch1.stream_2023-02-16_13-30-33/a96d32bc_f0002310.jpg
stream_gbassinexch1.stream_2023-02-16_13-30-33,development,156,2325,77.500,aerial,425,stream_gbassinexch1.stream_2023-02-16_13-30-33/a96d32bc_f0002325.jpg,https://huggingface.co/datasets/shivam11/grand-bassin-traffic/resolve/main/images/stream_gbassinexch1.stream_2023-02-16_13-30-33/a96d32bc_f0002325.jpg?download=true,data/raw/grand_bassin/images/stream_gbassinexch1.stream_2023-02-16_13-30-33/a96d32bc_f0002325.jpg
stream_gbassinexch1.stream_2023-02-16_13-30-33,development,157,2340,78.000,aerial,419,stream_gbassinexch1.stream_2023-02-16_13-30-33/a96d32bc_f0002340.jpg,https://huggingface.co/datasets/shivam11/grand-bassin-traffic/resolve/main/images/stream_gbassinexch1.stream_2023-02-16_13-30-33/a96d32bc_f0002340.jpg?download=true,data/raw/grand_bassin/images/stream_gbassinexch1.stream_2023-02-16_13-30-33/a96d32bc_f0002340.jpg
stream_gbassinexch1.stream_2023-02-16_13-30-33,development,158,2355,78.500,aerial,420,stream_gbassinexch1.stream_2023-02-16_13-30-33/a96d32bc_f0002355.jpg,https://huggingface.co/datasets/shivam11/grand-bassin-traffic/resolve/main/images/stream_gbassinexch1.stream_2023-02-16_13-30-33/a96d32bc_f0002355.jpg?download=true,data/raw/grand_bassin/images/stream_gbassinexch1.stream_2023-02-16_13-30-33/a96d32bc_f0002355.jpg
stream_gbassinexch1.stream_2023-02-16_13-30-33,development,159,2370,79.000,aerial,430,stream_gbassinexch1.stream_2023-02-16_13-30-33/a96d32bc_f0002370.jpg,https://huggingface.co/datasets/shivam11/grand-bassin-traffic/resolve/main/images/stream_gbassinexch1.stream_2023-02-16_13-30-33/a96d32bc_f0002370.jpg?download=true,data/raw/grand_bassin/images/stream_gbassinexch1.stream_2023-02-16_13-30-33/a96d32bc_f0002370.jpg
stream_gbassinexch1.stream_2023-02-16_13-30-33,development,160,2385,79.500,aerial,421,stream_gbassinexch1.stream_2023-02-16_13-30-33/a96d32bc_f0002385.jpg,https://huggingface.co/datasets/shivam11/grand-bassin-traffic/resolve/main/images/stream_gbassinexch1.stream_2023-02-16_13-30-33/a96d32bc_f0002385.jpg?download=true,data/raw/grand_bassin/images/stream_gbassinexch1.stream_2023-02-16_13-30-33/a96d32bc_f0002385.jpg
stream_gbassinexch1.stream_2023-02-16_13-30-33,development,161,2400,80.000,aerial,424,stream_gbassinexch1.stream_2023-02-16_13-30-33/a96d32bc_f0002400.jpg,https://huggingface.co/datasets/shivam11/grand-bassin-traffic/resolve/main/images/stream_gbassinexch1.stream_2023-02-16_13-30-33/a96d32bc_f0002400.jpg?download=true,data/raw/grand_bassin/images/stream_gbassinexch1.stream_2023-02-16_13-30-33/a96d32bc_f0002400.jpg
stream_gbassinexch1.stream_2023-02-16_13-30-33,development,162,2415,80.500,aerial,422,stream_gbassinexch1.stream_2023-02-16_13-30-33/a96d32bc_f0002415.jpg,https://huggingface.co/datasets/shivam11/grand-bassin-traffic/resolve/main/images/stream_gbassinexch1.stream_2023-02-16_13-30-33/a96d32bc_f0002415.jpg?download=true,data/raw/grand_bassin/images/stream_gbassinexch1.stream_2023-02-16_13-30-33/a96d32bc_f0002415.jpg
stream_gbassinexch1.stream_2023-02-16_13-30-33,development,163,2430,81.000,aerial,417,stream_gbassinexch1.stream_2023-02-16_13-30-33/a96d32bc_f0002430.jpg,https://huggingface.co/datasets/shivam11/grand-bassin-traffic/resolve/main/images/stream_gbassinexch1.stream_2023-02-16_13-30-33/a96d32bc_f0002430.jpg?download=true,data/raw/grand_bassin/images/stream_gbassinexch1.stream_2023-02-16_13-30-33/a96d32bc_f0002430.jpg
stream_gbassinexch1.stream_2023-02-16_13-30-33,development,164,2445,81.500,aerial,417,stream_gbassinexch1.stream_2023-02-16_13-30-33/a96d32bc_f0002445.jpg,https://huggingface.co/datasets/shivam11/grand-bassin-traffic/resolve/main/images/stream_gbassinexch1.stream_2023-02-16_13-30-33/a96d32bc_f0002445.jpg?download=true,data/raw/grand_bassin/images/stream_gbassinexch1.stream_2023-02-16_13-30-33/a96d32bc_f0002445.jpg
stream_gbassinexch1.stream_2023-02-16_13-30-33,development,165,2460,82.000,aerial,408,stream_gbassinexch1.stream_2023-02-16_13-30-33/a96d32bc_f0002460.jpg,https://huggingface.co/datasets/shivam11/grand-bassin-traffic/resolve/main/images/stream_gbassinexch1.stream_2023-02-16_13-30-33/a96d32bc_f0002460.jpg?download=true,data/raw/grand_bassin/images/stream_gbassinexch1.stream_2023-02-16_13-30-33/a96d32bc_f0002460.jpg
stream_gbassinexch1.stream_2023-02-16_13-30-33,development,166,2475,82.500,aerial,428,stream_gbassinexch1.stream_2023-02-16_13-30-33/a96d32bc_f0002475.jpg,https://huggingface.co/datasets/shivam11/grand-bassin-traffic/resolve/main/images/stream_gbassinexch1.stream_2023-02-16_13-30-33/a96d32bc_f0002475.jpg?download=true,data/raw/grand_bassin/images/stream_gbassinexch1.stream_2023-02-16_13-30-33/a96d32bc_f0002475.jpg
stream_gbassinexch1.stream_2023-02-16_13-30-33,development,167,2490,83.000,aerial,418,stream_gbassinexch1.stream_2023-02-16_13-30-33/a96d32bc_f0002490.jpg,https://huggingface.co/datasets/shivam11/grand-bassin-traffic/resolve/main/images/stream_gbassinexch1.stream_2023-02-16_13-30-33/a96d32bc_f0002490.jpg?download=true,data/raw/grand_bassin/images/stream_gbassinexch1.stream_2023-02-16_13-30-33/a96d32bc_f0002490.jpg
stream_gbassinexch1.stream_2023-02-16_13-30-33,development,168,2505,83.500,aerial,426,stream_gbassinexch1.stream_2023-02-16_13-30-33/a96d32bc_f0002505.jpg,https://huggingface.co/datasets/shivam11/grand-bassin-traffic/resolve/main/images/stream_gbassinexch1.stream_2023-02-16_13-30-33/a96d32bc_f0002505.jpg?download=true,data/raw/grand_bassin/images/stream_gbassinexch1.stream_2023-02-16_13-30-33/a96d32bc_f0002505.jpg
stream_gbassinexch1.stream_2023-02-16_13-30-33,development,169,2520,84.000,aerial,412,stream_gbassinexch1.stream_2023-02-16_13-30-33/a96d32bc_f0002520.jpg,https://huggingface.co/datasets/shivam11/grand-bassin-traffic/resolve/main/images/stream_gbassinexch1.stream_2023-02-16_13-30-33/a96d32bc_f0002520.jpg?download=true,data/raw/grand_bassin/images/stream_gbassinexch1.stream_2023-02-16_13-30-33/a96d32bc_f0002520.jpg
stream_gbassinexch1.stream_2023-02-16_13-30-33,development,170,2535,84.500,aerial,415,stream_gbassinexch1.stream_2023-02-16_13-30-33/a96d32bc_f0002535.jpg,https://huggingface.co/datasets/shivam11/grand-bassin-traffic/resolve/main/images/stream_gbassinexch1.stream_2023-02-16_13-30-33/a96d32bc_f0002535.jpg?download=true,data/raw/grand_bassin/images/stream_gbassinexch1.stream_2023-02-16_13-30-33/a96d32bc_f0002535.jpg
stream_gbassinexch1.stream_2023-02-16_13-30-33,development,171,2550,85.000,aerial,419,stream_gbassinexch1.stream_2023-02-16_13-30-33/a96d32bc_f0002550.jpg,https://huggingface.co/datasets/shivam11/grand-bassin-traffic/resolve/main/images/stream_gbassinexch1.stream_2023-02-16_13-30-33/a96d32bc_f0002550.jpg?download=true,data/raw/grand_bassin/images/stream_gbassinexch1.stream_2023-02-16_13-30-33/a96d32bc_f0002550.jpg
stream_gbassinexch1.stream_2023-02-16_13-30-33,development,172,2565,85.500,aerial,412,stream_gbassinexch1.stream_2023-02-16_13-30-33/a96d32bc_f0002565.jpg,https://huggingface.co/datasets/shivam11/grand-bassin-traffic/resolve/main/images/stream_gbassinexch1.stream_2023-02-16_13-30-33/a96d32bc_f0002565.jpg?download=true,data/raw/grand_bassin/images/stream_gbassinexch1.stream_2023-02-16_13-30-33/a96d32bc_f0002565.jpg
stream_gbassinexch1.stream_2023-02-16_13-30-33,development,173,2580,86.000,aerial,417,stream_gbassinexch1.stream_2023-02-16_13-30-33/a96d32bc_f0002580.jpg,https://huggingface.co/datasets/shivam11/grand-bassin-traffic/resolve/main/images/stream_gbassinexch1.stream_2023-02-16_13-30-33/a96d32bc_f0002580.jpg?download=true,data/raw/grand_bassin/images/stream_gbassinexch1.stream_2023-02-16_13-30-33/a96d32bc_f0002580.jpg
stream_gbassinexch1.stream_2023-02-16_13-30-33,development,174,2595,86.500,aerial,414,stream_gbassinexch1.stream_2023-02-16_13-30-33/a96d32bc_f0002595.jpg,https://huggingface.co/datasets/shivam11/grand-bassin-traffic/resolve/main/images/stream_gbassinexch1.stream_2023-02-16_13-30-33/a96d32bc_f0002595.jpg?download=true,data/raw/grand_bassin/images/stream_gbassinexch1.stream_2023-02-16_13-30-33/a96d32bc_f0002595.jpg
stream_gbassinexch1.stream_2023-02-16_13-30-33,development,175,2610,87.000,aerial,409,stream_gbassinexch1.stream_2023-02-16_13-30-33/a96d32bc_f0002610.jpg,https://huggingface.co/datasets/shivam11/grand-bassin-traffic/resolve/main/images/stream_gbassinexch1.stream_2023-02-16_13-30-33/a96d32bc_f0002610.jpg?download=true,data/raw/grand_bassin/images/stream_gbassinexch1.stream_2023-02-16_13-30-33/a96d32bc_f0002610.jpg
stream_gbassinexch1.stream_2023-02-16_13-30-33,development,176,2625,87.500,aerial,416,stream_gbassinexch1.stream_2023-02-16_13-30-33/a96d32bc_f0002625.jpg,https://huggingface.co/datasets/shivam11/grand-bassin-traffic/resolve/main/images/stream_gbassinexch1.stream_2023-02-16_13-30-33/a96d32bc_f0002625.jpg?download=true,data/raw/grand_bassin/images/stream_gbassinexch1.stream_2023-02-16_13-30-33/a96d32bc_f0002625.jpg
stream_gbassinexch1.stream_2023-02-16_13-30-33,development,177,2640,88.000,aerial,412,stream_gbassinexch1.stream_2023-02-16_13-30-33/a96d32bc_f0002640.jpg,https://huggingface.co/datasets/shivam11/grand-bassin-traffic/resolve/main/images/stream_gbassinexch1.stream_2023-02-16_13-30-33/a96d32bc_f0002640.jpg?download=true,data/raw/grand_bassin/images/stream_gbassinexch1.stream_2023-02-16_13-30-33/a96d32bc_f0002640.jpg
stream_gbassinexch1.stream_2023-02-16_13-30-33,development,178,2655,88.500,aerial,418,stream_gbassinexch1.stream_2023-02-16_13-30-33/a96d32bc_f0002655.jpg,https://huggingface.co/datasets/shivam11/grand-bassin-traffic/resolve/main/images/stream_gbassinexch1.stream_2023-02-16_13-30-33/a96d32bc_f0002655.jpg?download=true,data/raw/grand_bassin/images/stream_gbassinexch1.stream_2023-02-16_13-30-33/a96d32bc_f0002655.jpg
stream_gbassinexch1.stream_2023-02-16_13-30-33,development,179,2670,89.000,aerial,421,stream_gbassinexch1.stream_2023-02-16_13-30-33/a96d32bc_f0002670.jpg,https://huggingface.co/datasets/shivam11/grand-bassin-traffic/resolve/main/images/stream_gbassinexch1.stream_2023-02-16_13-30-33/a96d32bc_f0002670.jpg?download=true,data/raw/grand_bassin/images/stream_gbassinexch1.stream_2023-02-16_13-30-33/a96d32bc_f0002670.jpg
stream_gbassinexch1.stream_2023-02-16_13-30-33,development,180,2685,89.500,aerial,417,stream_gbassinexch1.stream_2023-02-16_13-30-33/a96d32bc_f0002685.jpg,https://huggingface.co/datasets/shivam11/grand-bassin-traffic/resolve/main/images/stream_gbassinexch1.stream_2023-02-16_13-30-33/a96d32bc_f0002685.jpg?download=true,data/raw/grand_bassin/images/stream_gbassinexch1.stream_2023-02-16_13-30-33/a96d32bc_f0002685.jpg
stream_gbassinexch1.stream_2023-02-16_13-30-33,development,181,2700,90.000,aerial,408,stream_gbassinexch1.stream_2023-02-16_13-30-33/a96d32bc_f0002700.jpg,https://huggingface.co/datasets/shivam11/grand-bassin-traffic/resolve/main/images/stream_gbassinexch1.stream_2023-02-16_13-30-33/a96d32bc_f0002700.jpg?download=true,data/raw/grand_bassin/images/stream_gbassinexch1.stream_2023-02-16_13-30-33/a96d32bc_f0002700.jpg
stream_gbassinexch1.stream_2023-02-16_13-30-33,development,182,2715,90.500,aerial,412,stream_gbassinexch1.stream_2023-02-16_13-30-33/a96d32bc_f0002715.jpg,https://huggingface.co/datasets/shivam11/grand-bassin-traffic/resolve/main/images/stream_gbassinexch1.stream_2023-02-16_13-30-33/a96d32bc_f0002715.jpg?download=true,data/raw/grand_bassin/images/stream_gbassinexch1.stream_2023-02-16_13-30-33/a96d32bc_f0002715.jpg
stream_gbassinexch1.stream_2023-02-16_13-30-33,development,183,2730,91.000,aerial,421,stream_gbassinexch1.stream_2023-02-16_13-30-33/a96d32bc_f0002730.jpg,https://huggingface.co/datasets/shivam11/grand-bassin-traffic/resolve/main/images/stream_gbassinexch1.stream_2023-02-16_13-30-33/a96d32bc_f0002730.jpg?download=true,data/raw/grand_bassin/images/stream_gbassinexch1.stream_2023-02-16_13-30-33/a96d32bc_f0002730.jpg
stream_gbassinexch1.stream_2023-02-16_13-30-33,development,184,2745,91.500,aerial,406,stream_gbassinexch1.stream_2023-02-16_13-30-33/a96d32bc_f0002745.jpg,https://huggingface.co/datasets/shivam11/grand-bassin-traffic/resolve/main/images/stream_gbassinexch1.stream_2023-02-16_13-30-33/a96d32bc_f0002745.jpg?download=true,data/raw/grand_bassin/images/stream_gbassinexch1.stream_2023-02-16_13-30-33/a96d32bc_f0002745.jpg
stream_gbassinexch1.stream_2023-02-16_13-30-33,development,185,2760,92.000,aerial,411,stream_gbassinexch1.stream_2023-02-16_13-30-33/a96d32bc_f0002760.jpg,https://huggingface.co/datasets/shivam11/grand-bassin-traffic/resolve/main/images/stream_gbassinexch1.stream_2023-02-16_13-30-33/a96d32bc_f0002760.jpg?download=true,data/raw/grand_bassin/images/stream_gbassinexch1.stream_2023-02-16_13-30-33/a96d32bc_f0002760.jpg
stream_gbassinexch1.stream_2023-02-16_13-30-33,development,186,2775,92.500,aerial,415,stream_gbassinexch1.stream_2023-02-16_13-30-33/a96d32bc_f0002775.jpg,https://huggingface.co/datasets/shivam11/grand-bassin-traffic/resolve/main/images/stream_gbassinexch1.stream_2023-02-16_13-30-33/a96d32bc_f0002775.jpg?download=true,data/raw/grand_bassin/images/stream_gbassinexch1.stream_2023-02-16_13-30-33/a96d32bc_f0002775.jpg
stream_gbassinexch1.stream_2023-02-16_13-30-33,development,187,2790,93.000,aerial,417,stream_gbassinexch1.stream_2023-02-16_13-30-33/a96d32bc_f0002790.jpg,https://huggingface.co/datasets/shivam11/grand-bassin-traffic/resolve/main/images/stream_gbassinexch1.stream_2023-02-16_13-30-33/a96d32bc_f0002790.jpg?download=true,data/raw/grand_bassin/images/stream_gbassinexch1.stream_2023-02-16_13-30-33/a96d32bc_f0002790.jpg
stream_gbassinexch1.stream_2023-02-16_13-30-33,development,188,2805,93.500,aerial,421,stream_gbassinexch1.stream_2023-02-16_13-30-33/a96d32bc_f0002805.jpg,https://huggingface.co/datasets/shivam11/grand-bassin-traffic/resolve/main/images/stream_gbassinexch1.stream_2023-02-16_13-30-33/a96d32bc_f0002805.jpg?download=true,data/raw/grand_bassin/images/stream_gbassinexch1.stream_2023-02-16_13-30-33/a96d32bc_f0002805.jpg
stream_gbassinexch1.stream_2023-02-16_13-30-33,development,189,2820,94.000,aerial,428,stream_gbassinexch1.stream_2023-02-16_13-30-33/a96d32bc_f0002820.jpg,https://huggingface.co/datasets/shivam11/grand-bassin-traffic/resolve/main/images/stream_gbassinexch1.stream_2023-02-16_13-30-33/a96d32bc_f0002820.jpg?download=true,data/raw/grand_bassin/images/stream_gbassinexch1.stream_2023-02-16_13-30-33/a96d32bc_f0002820.jpg
stream_gbassinexch1.stream_2023-02-16_13-30-33,development,190,2835,94.500,aerial,431,stream_gbassinexch1.stream_2023-02-16_13-30-33/a96d32bc_f0002835.jpg,https://huggingface.co/datasets/shivam11/grand-bassin-traffic/resolve/main/images/stream_gbassinexch1.stream_2023-02-16_13-30-33/a96d32bc_f0002835.jpg?download=true,data/raw/grand_bassin/images/stream_gbassinexch1.stream_2023-02-16_13-30-33/a96d32bc_f0002835.jpg
stream_gbassinexch1.stream_2023-02-16_13-30-33,development,191,2850,95.000,aerial,417,stream_gbassinexch1.stream_2023-02-16_13-30-33/a96d32bc_f0002850.jpg,https://huggingface.co/datasets/shivam11/grand-bassin-traffic/resolve/main/images/stream_gbassinexch1.stream_2023-02-16_13-30-33/a96d32bc_f0002850.jpg?download=true,data/raw/grand_bassin/images/stream_gbassinexch1.stream_2023-02-16_13-30-33/a96d32bc_f0002850.jpg
stream_gbassinexch1.stream_2023-02-16_13-30-33,development,192,2865,95.500,aerial,417,stream_gbassinexch1.stream_2023-02-16_13-30-33/a96d32bc_f0002865.jpg,https://huggingface.co/datasets/shivam11/grand-bassin-traffic/resolve/main/images/stream_gbassinexch1.stream_2023-02-16_13-30-33/a96d32bc_f0002865.jpg?download=true,data/raw/grand_bassin/images/stream_gbassinexch1.stream_2023-02-16_13-30-33/a96d32bc_f0002865.jpg
stream_gbassinexch1.stream_2023-02-16_13-30-33,development,193,2880,96.000,aerial,430,stream_gbassinexch1.stream_2023-02-16_13-30-33/a96d32bc_f0002880.jpg,https://huggingface.co/datasets/shivam11/grand-bassin-traffic/resolve/main/images/stream_gbassinexch1.stream_2023-02-16_13-30-33/a96d32bc_f0002880.jpg?download=true,data/raw/grand_bassin/images/stream_gbassinexch1.stream_2023-02-16_13-30-33/a96d32bc_f0002880.jpg
stream_gbassinexch1.stream_2023-02-16_13-30-33,development,194,2895,96.500,aerial,424,stream_gbassinexch1.stream_2023-02-16_13-30-33/a96d32bc_f0002895.jpg,https://huggingface.co/datasets/shivam11/grand-bassin-traffic/resolve/main/images/stream_gbassinexch1.stream_2023-02-16_13-30-33/a96d32bc_f0002895.jpg?download=true,data/raw/grand_bassin/images/stream_gbassinexch1.stream_2023-02-16_13-30-33/a96d32bc_f0002895.jpg
stream_gbassinexch1.stream_2023-02-16_13-30-33,development,195,2910,97.000,aerial,418,stream_gbassinexch1.stream_2023-02-16_13-30-33/a96d32bc_f0002910.jpg,https://huggingface.co/datasets/shivam11/grand-bassin-traffic/resolve/main/images/stream_gbassinexch1.stream_2023-02-16_13-30-33/a96d32bc_f0002910.jpg?download=true,data/raw/grand_bassin/images/stream_gbassinexch1.stream_2023-02-16_13-30-33/a96d32bc_f0002910.jpg
stream_gbassinexch1.stream_2023-02-16_13-30-33,development,196,2925,97.500,aerial,428,stream_gbassinexch1.stream_2023-02-16_13-30-33/a96d32bc_f0002925.jpg,https://huggingface.co/datasets/shivam11/grand-bassin-traffic/resolve/main/images/stream_gbassinexch1.stream_2023-02-16_13-30-33/a96d32bc_f0002925.jpg?download=true,data/raw/grand_bassin/images/stream_gbassinexch1.stream_2023-02-16_13-30-33/a96d32bc_f0002925.jpg
stream_gbassinexch1.stream_2023-02-16_13-30-33,development,197,2940,98.000,aerial,413,stream_gbassinexch1.stream_2023-02-16_13-30-33/a96d32bc_f0002940.jpg,https://huggingface.co/datasets/shivam11/grand-bassin-traffic/resolve/main/images/stream_gbassinexch1.stream_2023-02-16_13-30-33/a96d32bc_f0002940.jpg?download=true,data/raw/grand_bassin/images/stream_gbassinexch1.stream_2023-02-16_13-30-33/a96d32bc_f0002940.jpg
stream_gbassinexch1.stream_2023-02-16_13-30-33,development,198,2955,98.500,aerial,410,stream_gbassinexch1.stream_2023-02-16_13-30-33/a96d32bc_f0002955.jpg,https://huggingface.co/datasets/shivam11/grand-bassin-traffic/resolve/main/images/stream_gbassinexch1.stream_2023-02-16_13-30-33/a96d32bc_f0002955.jpg?download=true,data/raw/grand_bassin/images/stream_gbassinexch1.stream_2023-02-16_13-30-33/a96d32bc_f0002955.jpg
stream_gbassinexch1.stream_2023-02-16_13-30-33,development,199,2970,99.000,aerial,429,stream_gbassinexch1.stream_2023-02-16_13-30-33/a96d32bc_f0002970.jpg,https://huggingface.co/datasets/shivam11/grand-bassin-traffic/resolve/main/images/stream_gbassinexch1.stream_2023-02-16_13-30-33/a96d32bc_f0002970.jpg?download=true,data/raw/grand_bassin/images/stream_gbassinexch1.stream_2023-02-16_13-30-33/a96d32bc_f0002970.jpg
stream_gbassinexch1.stream_2023-02-16_13-30-33,development,200,2985,99.500,aerial,414,stream_gbassinexch1.stream_2023-02-16_13-30-33/a96d32bc_f0002985.jpg,https://huggingface.co/datasets/shivam11/grand-bassin-traffic/resolve/main/images/stream_gbassinexch1.stream_2023-02-16_13-30-33/a96d32bc_f0002985.jpg?download=true,data/raw/grand_bassin/images/stream_gbassinexch1.stream_2023-02-16_13-30-33/a96d32bc_f0002985.jpg
stream_gbassinexch1.stream_2023-02-16_13-30-33,development,201,3000,100.000,aerial,416,stream_gbassinexch1.stream_2023-02-16_13-30-33/a96d32bc_f0003000.jpg,https://huggingface.co/datasets/shivam11/grand-bassin-traffic/resolve/main/images/stream_gbassinexch1.stream_2023-02-16_13-30-33/a96d32bc_f0003000.jpg?download=true,data/raw/grand_bassin/images/stream_gbassinexch1.stream_2023-02-16_13-30-33/a96d32bc_f0003000.jpg
stream_gbassinexch1.stream_2023-02-16_13-30-33,development,202,3015,100.500,aerial,422,stream_gbassinexch1.stream_2023-02-16_13-30-33/a96d32bc_f0003015.jpg,https://huggingface.co/datasets/shivam11/grand-bassin-traffic/resolve/main/images/stream_gbassinexch1.stream_2023-02-16_13-30-33/a96d32bc_f0003015.jpg?download=true,data/raw/grand_bassin/images/stream_gbassinexch1.stream_2023-02-16_13-30-33/a96d32bc_f0003015.jpg
stream_gbassinexch1.stream_2023-02-16_13-30-33,development,203,3030,101.000,aerial,425,stream_gbassinexch1.stream_2023-02-16_13-30-33/a96d32bc_f0003030.jpg,https://huggingface.co/datasets/shivam11/grand-bassin-traffic/resolve/main/images/stream_gbassinexch1.stream_2023-02-16_13-30-33/a96d32bc_f0003030.jpg?download=true,data/raw/grand_bassin/images/stream_gbassinexch1.stream_2023-02-16_13-30-33/a96d32bc_f0003030.jpg
stream_gbassinexch1.stream_2023-02-16_13-30-33,development,204,3045,101.500,aerial,421,stream_gbassinexch1.stream_2023-02-16_13-30-33/a96d32bc_f0003045.jpg,https://huggingface.co/datasets/shivam11/grand-bassin-traffic/resolve/main/images/stream_gbassinexch1.stream_2023-02-16_13-30-33/a96d32bc_f0003045.jpg?download=true,data/raw/grand_bassin/images/stream_gbassinexch1.stream_2023-02-16_13-30-33/a96d32bc_f0003045.jpg
stream_gbassinexch1.stream_2023-02-16_13-30-33,development,205,3060,102.000,aerial,415,stream_gbassinexch1.stream_2023-02-16_13-30-33/a96d32bc_f0003060.jpg,https://huggingface.co/datasets/shivam11/grand-bassin-traffic/resolve/main/images/stream_gbassinexch1.stream_2023-02-16_13-30-33/a96d32bc_f0003060.jpg?download=true,data/raw/grand_bassin/images/stream_gbassinexch1.stream_2023-02-16_13-30-33/a96d32bc_f0003060.jpg
stream_gbassinexch1.stream_2023-02-16_13-30-33,development,206,3075,102.500,aerial,428,stream_gbassinexch1.stream_2023-02-16_13-30-33/a96d32bc_f0003075.jpg,https://huggingface.co/datasets/shivam11/grand-bassin-traffic/resolve/main/images/stream_gbassinexch1.stream_2023-02-16_13-30-33/a96d32bc_f0003075.jpg?download=true,data/raw/grand_bassin/images/stream_gbassinexch1.stream_2023-02-16_13-30-33/a96d32bc_f0003075.jpg
stream_gbassinexch1.stream_2023-02-16_13-30-33,development,207,3090,103.000,aerial,431,stream_gbassinexch1.stream_2023-02-16_13-30-33/a96d32bc_f0003090.jpg,https://huggingface.co/datasets/shivam11/grand-bassin-traffic/resolve/main/images/stream_gbassinexch1.stream_2023-02-16_13-30-33/a96d32bc_f0003090.jpg?download=true,data/raw/grand_bassin/images/stream_gbassinexch1.stream_2023-02-16_13-30-33/a96d32bc_f0003090.jpg
stream_gbassinexch1.stream_2023-02-16_13-30-33,development,208,3105,103.500,aerial,425,stream_gbassinexch1.stream_2023-02-16_13-30-33/a96d32bc_f0003105.jpg,https://huggingface.co/datasets/shivam11/grand-bassin-traffic/resolve/main/images/stream_gbassinexch1.stream_2023-02-16_13-30-33/a96d32bc_f0003105.jpg?download=true,data/raw/grand_bassin/images/stream_gbassinexch1.stream_2023-02-16_13-30-33/a96d32bc_f0003105.jpg
stream_gbassinexch1.stream_2023-02-16_13-30-33,development,209,3120,104.000,aerial,426,stream_gbassinexch1.stream_2023-02-16_13-30-33/a96d32bc_f0003120.jpg,https://huggingface.co/datasets/shivam11/grand-bassin-traffic/resolve/main/images/stream_gbassinexch1.stream_2023-02-16_13-30-33/a96d32bc_f0003120.jpg?download=true,data/raw/grand_bassin/images/stream_gbassinexch1.stream_2023-02-16_13-30-33/a96d32bc_f0003120.jpg
stream_gbassinexch1.stream_2023-02-16_13-30-33,development,210,3135,104.500,aerial,416,stream_gbassinexch1.stream_2023-02-16_13-30-33/a96d32bc_f0003135.jpg,https://huggingface.co/datasets/shivam11/grand-bassin-traffic/resolve/main/images/stream_gbassinexch1.stream_2023-02-16_13-30-33/a96d32bc_f0003135.jpg?download=true,data/raw/grand_bassin/images/stream_gbassinexch1.stream_2023-02-16_13-30-33/a96d32bc_f0003135.jpg
stream_gbassinexch1.stream_2023-02-16_13-30-33,development,211,3150,105.000,aerial,411,stream_gbassinexch1.stream_2023-02-16_13-30-33/a96d32bc_f0003150.jpg,https://huggingface.co/datasets/shivam11/grand-bassin-traffic/resolve/main/images/stream_gbassinexch1.stream_2023-02-16_13-30-33/a96d32bc_f0003150.jpg?download=true,data/raw/grand_bassin/images/stream_gbassinexch1.stream_2023-02-16_13-30-33/a96d32bc_f0003150.jpg
stream_gbassinexch1.stream_2023-02-16_13-30-33,development,212,3165,105.500,aerial,415,stream_gbassinexch1.stream_2023-02-16_13-30-33/a96d32bc_f0003165.jpg,https://huggingface.co/datasets/shivam11/grand-bassin-traffic/resolve/main/images/stream_gbassinexch1.stream_2023-02-16_13-30-33/a96d32bc_f0003165.jpg?download=true,data/raw/grand_bassin/images/stream_gbassinexch1.stream_2023-02-16_13-30-33/a96d32bc_f0003165.jpg
stream_gbassinexch1.stream_2023-02-16_13-30-33,development,213,3180,106.000,aerial,417,stream_gbassinexch1.stream_2023-02-16_13-30-33/a96d32bc_f0003180.jpg,https://huggingface.co/datasets/shivam11/grand-bassin-traffic/resolve/main/images/stream_gbassinexch1.stream_2023-02-16_13-30-33/a96d32bc_f0003180.jpg?download=true,data/raw/grand_bassin/images/stream_gbassinexch1.stream_2023-02-16_13-30-33/a96d32bc_f0003180.jpg
stream_gbassinexch1.stream_2023-02-16_13-30-33,development,214,3195,106.500,aerial,422,stream_gbassinexch1.stream_2023-02-16_13-30-33/a96d32bc_f0003195.jpg,https://huggingface.co/datasets/shivam11/grand-bassin-traffic/resolve/main/images/stream_gbassinexch1.stream_2023-02-16_13-30-33/a96d32bc_f0003195.jpg?download=true,data/raw/grand_bassin/images/stream_gbassinexch1.stream_2023-02-16_13-30-33/a96d32bc_f0003195.jpg
stream_gbassinexch1.stream_2023-02-16_13-30-33,development,215,3210,107.000,aerial,411,stream_gbassinexch1.stream_2023-02-16_13-30-33/a96d32bc_f0003210.jpg,https://huggingface.co/datasets/shivam11/grand-bassin-traffic/resolve/main/images/stream_gbassinexch1.stream_2023-02-16_13-30-33/a96d32bc_f0003210.jpg?download=true,data/raw/grand_bassin/images/stream_gbassinexch1.stream_2023-02-16_13-30-33/a96d32bc_f0003210.jpg
stream_gbassinexch1.stream_2023-02-16_13-30-33,development,216,3225,107.500,aerial,415,stream_gbassinexch1.stream_2023-02-16_13-30-33/a96d32bc_f0003225.jpg,https://huggingface.co/datasets/shivam11/grand-bassin-traffic/resolve/main/images/stream_gbassinexch1.stream_2023-02-16_13-30-33/a96d32bc_f0003225.jpg?download=true,data/raw/grand_bassin/images/stream_gbassinexch1.stream_2023-02-16_13-30-33/a96d32bc_f0003225.jpg
stream_gbassinexch1.stream_2023-02-16_13-30-33,development,217,3240,108.000,aerial,408,stream_gbassinexch1.stream_2023-02-16_13-30-33/a96d32bc_f0003240.jpg,https://huggingface.co/datasets/shivam11/grand-bassin-traffic/resolve/main/images/stream_gbassinexch1.stream_2023-02-16_13-30-33/a96d32bc_f0003240.jpg?download=true,data/raw/grand_bassin/images/stream_gbassinexch1.stream_2023-02-16_13-30-33/a96d32bc_f0003240.jpg
stream_gbassinexch1.stream_2023-02-16_13-30-33,development,218,3255,108.500,aerial,410,stream_gbassinexch1.stream_2023-02-16_13-30-33/a96d32bc_f0003255.jpg,https://huggingface.co/datasets/shivam11/grand-bassin-traffic/resolve/main/images/stream_gbassinexch1.stream_2023-02-16_13-30-33/a96d32bc_f0003255.jpg?download=true,data/raw/grand_bassin/images/stream_gbassinexch1.stream_2023-02-16_13-30-33/a96d32bc_f0003255.jpg
stream_gbassinexch1.stream_2023-02-16_13-30-33,development,219,3270,109.000,aerial,414,stream_gbassinexch1.stream_2023-02-16_13-30-33/a96d32bc_f0003270.jpg,https://huggingface.co/datasets/shivam11/grand-bassin-traffic/resolve/main/images/stream_gbassinexch1.stream_2023-02-16_13-30-33/a96d32bc_f0003270.jpg?download=true,data/raw/grand_bassin/images/stream_gbassinexch1.stream_2023-02-16_13-30-33/a96d32bc_f0003270.jpg
stream_gbassinexch1.stream_2023-02-16_13-30-33,development,220,3285,109.500,aerial,420,stream_gbassinexch1.stream_2023-02-16_13-30-33/a96d32bc_f0003285.jpg,https://huggingface.co/datasets/shivam11/grand-bassin-traffic/resolve/main/images/stream_gbassinexch1.stream_2023-02-16_13-30-33/a96d32bc_f0003285.jpg?download=true,data/raw/grand_bassin/images/stream_gbassinexch1.stream_2023-02-16_13-30-33/a96d32bc_f0003285.jpg
stream_gbassinexch1.stream_2023-02-16_13-30-33,development,221,3300,110.000,aerial,414,stream_gbassinexch1.stream_2023-02-16_13-30-33/a96d32bc_f0003300.jpg,https://huggingface.co/datasets/shivam11/grand-bassin-traffic/resolve/main/images/stream_gbassinexch1.stream_2023-02-16_13-30-33/a96d32bc_f0003300.jpg?download=true,data/raw/grand_bassin/images/stream_gbassinexch1.stream_2023-02-16_13-30-33/a96d32bc_f0003300.jpg
stream_gbassinexch1.stream_2023-02-16_13-30-33,development,222,3315,110.500,aerial,408,stream_gbassinexch1.stream_2023-02-16_13-30-33/a96d32bc_f0003315.jpg,https://huggingface.co/datasets/shivam11/grand-bassin-traffic/resolve/main/images/stream_gbassinexch1.stream_2023-02-16_13-30-33/a96d32bc_f0003315.jpg?download=true,data/raw/grand_bassin/images/stream_gbassinexch1.stream_2023-02-16_13-30-33/a96d32bc_f0003315.jpg
stream_gbassinexch1.stream_2023-02-16_13-30-33,development,223,3330,111.000,aerial,414,stream_gbassinexch1.stream_2023-02-16_13-30-33/a96d32bc_f0003330.jpg,https://huggingface.co/datasets/shivam11/grand-bassin-traffic/resolve/main/images/stream_gbassinexch1.stream_2023-02-16_13-30-33/a96d32bc_f0003330.jpg?download=true,data/raw/grand_bassin/images/stream_gbassinexch1.stream_2023-02-16_13-30-33/a96d32bc_f0003330.jpg
stream_gbassinexch1.stream_2023-02-16_13-30-33,development,224,3345,111.500,aerial,415,stream_gbassinexch1.stream_2023-02-16_13-30-33/a96d32bc_f0003345.jpg,https://huggingface.co/datasets/shivam11/grand-bassin-traffic/resolve/main/images/stream_gbassinexch1.stream_2023-02-16_13-30-33/a96d32bc_f0003345.jpg?download=true,data/raw/grand_bassin/images/stream_gbassinexch1.stream_2023-02-16_13-30-33/a96d32bc_f0003345.jpg
stream_gbassinexch1.stream_2023-02-16_13-30-33,development,225,3360,112.000,aerial,408,stream_gbassinexch1.stream_2023-02-16_13-30-33/a96d32bc_f0003360.jpg,https://huggingface.co/datasets/shivam11/grand-bassin-traffic/resolve/main/images/stream_gbassinexch1.stream_2023-02-16_13-30-33/a96d32bc_f0003360.jpg?download=true,data/raw/grand_bassin/images/stream_gbassinexch1.stream_2023-02-16_13-30-33/a96d32bc_f0003360.jpg
stream_gbassinexch1.stream_2023-02-16_13-30-33,development,226,3375,112.500,aerial,410,stream_gbassinexch1.stream_2023-02-16_13-30-33/a96d32bc_f0003375.jpg,https://huggingface.co/datasets/shivam11/grand-bassin-traffic/resolve/main/images/stream_gbassinexch1.stream_2023-02-16_13-30-33/a96d32bc_f0003375.jpg?download=true,data/raw/grand_bassin/images/stream_gbassinexch1.stream_2023-02-16_13-30-33/a96d32bc_f0003375.jpg
stream_gbassinexch1.stream_2023-02-16_13-30-33,development,227,3390,113.000,aerial,421,stream_gbassinexch1.stream_2023-02-16_13-30-33/a96d32bc_f0003390.jpg,https://huggingface.co/datasets/shivam11/grand-bassin-traffic/resolve/main/images/stream_gbassinexch1.stream_2023-02-16_13-30-33/a96d32bc_f0003390.jpg?download=true,data/raw/grand_bassin/images/stream_gbassinexch1.stream_2023-02-16_13-30-33/a96d32bc_f0003390.jpg
stream_gbassinexch1.stream_2023-02-16_13-30-33,development,228,3405,113.500,aerial,424,stream_gbassinexch1.stream_2023-02-16_13-30-33/a96d32bc_f0003405.jpg,https://huggingface.co/datasets/shivam11/grand-bassin-traffic/resolve/main/images/stream_gbassinexch1.stream_2023-02-16_13-30-33/a96d32bc_f0003405.jpg?download=true,data/raw/grand_bassin/images/stream_gbassinexch1.stream_2023-02-16_13-30-33/a96d32bc_f0003405.jpg
stream_gbassinexch1.stream_2023-02-16_13-30-33,development,229,3420,114.000,aerial,428,stream_gbassinexch1.stream_2023-02-16_13-30-33/a96d32bc_f0003420.jpg,https://huggingface.co/datasets/shivam11/grand-bassin-traffic/resolve/main/images/stream_gbassinexch1.stream_2023-02-16_13-30-33/a96d32bc_f0003420.jpg?download=true,data/raw/grand_bassin/images/stream_gbassinexch1.stream_2023-02-16_13-30-33/a96d32bc_f0003420.jpg
stream_gbassinexch1.stream_2023-02-16_13-30-33,development,230,3435,114.500,aerial,426,stream_gbassinexch1.stream_2023-02-16_13-30-33/a96d32bc_f0003435.jpg,https://huggingface.co/datasets/shivam11/grand-bassin-traffic/resolve/main/images/stream_gbassinexch1.stream_2023-02-16_13-30-33/a96d32bc_f0003435.jpg?download=true,data/raw/grand_bassin/images/stream_gbassinexch1.stream_2023-02-16_13-30-33/a96d32bc_f0003435.jpg
stream_gbassinexch1.stream_2023-02-16_13-30-33,development,231,3450,115.000,aerial,428,stream_gbassinexch1.stream_2023-02-16_13-30-33/a96d32bc_f0003450.jpg,https://huggingface.co/datasets/shivam11/grand-bassin-traffic/resolve/main/images/stream_gbassinexch1.stream_2023-02-16_13-30-33/a96d32bc_f0003450.jpg?download=true,data/raw/grand_bassin/images/stream_gbassinexch1.stream_2023-02-16_13-30-33/a96d32bc_f0003450.jpg
stream_gbassinexch1.stream_2023-02-16_13-30-33,development,232,3465,115.500,aerial,425,stream_gbassinexch1.stream_2023-02-16_13-30-33/a96d32bc_f0003465.jpg,https://huggingface.co/datasets/shivam11/grand-bassin-traffic/resolve/main/images/stream_gbassinexch1.stream_2023-02-16_13-30-33/a96d32bc_f0003465.jpg?download=true,data/raw/grand_bassin/images/stream_gbassinexch1.stream_2023-02-16_13-30-33/a96d32bc_f0003465.jpg
stream_gbassinexch1.stream_2023-02-16_13-30-33,development,233,3480,116.000,aerial,420,stream_gbassinexch1.stream_2023-02-16_13-30-33/a96d32bc_f0003480.jpg,https://huggingface.co/datasets/shivam11/grand-bassin-traffic/resolve/main/images/stream_gbassinexch1.stream_2023-02-16_13-30-33/a96d32bc_f0003480.jpg?download=true,data/raw/grand_bassin/images/stream_gbassinexch1.stream_2023-02-16_13-30-33/a96d32bc_f0003480.jpg
stream_gbassinexch1.stream_2023-02-16_13-30-33,development,234,3495,116.500,aerial,432,stream_gbassinexch1.stream_2023-02-16_13-30-33/a96d32bc_f0003495.jpg,https://huggingface.co/datasets/shivam11/grand-bassin-traffic/resolve/main/images/stream_gbassinexch1.stream_2023-02-16_13-30-33/a96d32bc_f0003495.jpg?download=true,data/raw/grand_bassin/images/stream_gbassinexch1.stream_2023-02-16_13-30-33/a96d32bc_f0003495.jpg
stream_gbassinexch1.stream_2023-02-16_13-30-33,development,235,3510,117.000,aerial,415,stream_gbassinexch1.stream_2023-02-16_13-30-33/a96d32bc_f0003510.jpg,https://huggingface.co/datasets/shivam11/grand-bassin-traffic/resolve/main/images/stream_gbassinexch1.stream_2023-02-16_13-30-33/a96d32bc_f0003510.jpg?download=true,data/raw/grand_bassin/images/stream_gbassinexch1.stream_2023-02-16_13-30-33/a96d32bc_f0003510.jpg
stream_gbassinexch1.stream_2023-02-16_13-30-33,development,236,3525,117.500,aerial,411,stream_gbassinexch1.stream_2023-02-16_13-30-33/a96d32bc_f0003525.jpg,https://huggingface.co/datasets/shivam11/grand-bassin-traffic/resolve/main/images/stream_gbassinexch1.stream_2023-02-16_13-30-33/a96d32bc_f0003525.jpg?download=true,data/raw/grand_bassin/images/stream_gbassinexch1.stream_2023-02-16_13-30-33/a96d32bc_f0003525.jpg
stream_gbassinexch1.stream_2023-02-16_13-30-33,development,237,3540,118.000,aerial,419,stream_gbassinexch1.stream_2023-02-16_13-30-33/a96d32bc_f0003540.jpg,https://huggingface.co/datasets/shivam11/grand-bassin-traffic/resolve/main/images/stream_gbassinexch1.stream_2023-02-16_13-30-33/a96d32bc_f0003540.jpg?download=true,data/raw/grand_bassin/images/stream_gbassinexch1.stream_2023-02-16_13-30-33/a96d32bc_f0003540.jpg
stream_gbassinexch1.stream_2023-02-16_13-30-33,development,238,3555,118.500,aerial,415,stream_gbassinexch1.stream_2023-02-16_13-30-33/a96d32bc_f0003555.jpg,https://huggingface.co/datasets/shivam11/grand-bassin-traffic/resolve/main/images/stream_gbassinexch1.stream_2023-02-16_13-30-33/a96d32bc_f0003555.jpg?download=true,data/raw/grand_bassin/images/stream_gbassinexch1.stream_2023-02-16_13-30-33/a96d32bc_f0003555.jpg
stream_gbassinexch1.stream_2023-02-16_13-30-33,development,239,3570,119.000,aerial,415,stream_gbassinexch1.stream_2023-02-16_13-30-33/a96d32bc_f0003570.jpg,https://huggingface.co/datasets/shivam11/grand-bassin-traffic/resolve/main/images/stream_gbassinexch1.stream_2023-02-16_13-30-33/a96d32bc_f0003570.jpg?download=true,data/raw/grand_bassin/images/stream_gbassinexch1.stream_2023-02-16_13-30-33/a96d32bc_f0003570.jpg
stream_gbassinexch1.stream_2023-02-16_13-30-33,development,240,3585,119.500,aerial,419,stream_gbassinexch1.stream_2023-02-16_13-30-33/a96d32bc_f0003585.jpg,https://huggingface.co/datasets/shivam11/grand-bassin-traffic/resolve/main/images/stream_gbassinexch1.stream_2023-02-16_13-30-33/a96d32bc_f0003585.jpg?download=true,data/raw/grand_bassin/images/stream_gbassinexch1.stream_2023-02-16_13-30-33/a96d32bc_f0003585.jpg
stream_gbassinexch1.stream_2023-02-16_13-30-33,development,241,3600,120.000,aerial,423,stream_gbassinexch1.stream_2023-02-16_13-30-33/a96d32bc_f0003600.jpg,https://huggingface.co/datasets/shivam11/grand-bassin-traffic/resolve/main/images/stream_gbassinexch1.stream_2023-02-16_13-30-33/a96d32bc_f0003600.jpg?download=true,data/raw/grand_bassin/images/stream_gbassinexch1.stream_2023-02-16_13-30-33/a96d32bc_f0003600.jpg
stream_gbassinexch1.stream_2023-02-16_13-30-33,development,242,3615,120.500,aerial,409,stream_gbassinexch1.stream_2023-02-16_13-30-33/a96d32bc_f0003615.jpg,https://huggingface.co/datasets/shivam11/grand-bassin-traffic/resolve/main/images/stream_gbassinexch1.stream_2023-02-16_13-30-33/a96d32bc_f0003615.jpg?download=true,data/raw/grand_bassin/images/stream_gbassinexch1.stream_2023-02-16_13-30-33/a96d32bc_f0003615.jpg
stream_gbassinexch1.stream_2023-02-16_13-30-33,development,243,3630,121.000,aerial,415,stream_gbassinexch1.stream_2023-02-16_13-30-33/a96d32bc_f0003630.jpg,https://huggingface.co/datasets/shivam11/grand-bassin-traffic/resolve/main/images/stream_gbassinexch1.stream_2023-02-16_13-30-33/a96d32bc_f0003630.jpg?download=true,data/raw/grand_bassin/images/stream_gbassinexch1.stream_2023-02-16_13-30-33/a96d32bc_f0003630.jpg
stream_gbassinexch1.stream_2023-02-16_13-30-33,development,244,3645,121.500,aerial,406,stream_gbassinexch1.stream_2023-02-16_13-30-33/a96d32bc_f0003645.jpg,https://huggingface.co/datasets/shivam11/grand-bassin-traffic/resolve/main/images/stream_gbassinexch1.stream_2023-02-16_13-30-33/a96d32bc_f0003645.jpg?download=true,data/raw/grand_bassin/images/stream_gbassinexch1.stream_2023-02-16_13-30-33/a96d32bc_f0003645.jpg
stream_gbassinexch1.stream_2023-02-16_13-30-33,development,245,3660,122.000,aerial,408,stream_gbassinexch1.stream_2023-02-16_13-30-33/a96d32bc_f0003660.jpg,https://huggingface.co/datasets/shivam11/grand-bassin-traffic/resolve/main/images/stream_gbassinexch1.stream_2023-02-16_13-30-33/a96d32bc_f0003660.jpg?download=true,data/raw/grand_bassin/images/stream_gbassinexch1.stream_2023-02-16_13-30-33/a96d32bc_f0003660.jpg
stream_gbassinexch1.stream_2023-02-16_13-30-33,development,246,3675,122.500,aerial,414,stream_gbassinexch1.stream_2023-02-16_13-30-33/a96d32bc_f0003675.jpg,https://huggingface.co/datasets/shivam11/grand-bassin-traffic/resolve/main/images/stream_gbassinexch1.stream_2023-02-16_13-30-33/a96d32bc_f0003675.jpg?download=true,data/raw/grand_bassin/images/stream_gbassinexch1.stream_2023-02-16_13-30-33/a96d32bc_f0003675.jpg
stream_gbassinexch1.stream_2023-02-16_13-30-33,development,247,3690,123.000,aerial,399,stream_gbassinexch1.stream_2023-02-16_13-30-33/a96d32bc_f0003690.jpg,https://huggingface.co/datasets/shivam11/grand-bassin-traffic/resolve/main/images/stream_gbassinexch1.stream_2023-02-16_13-30-33/a96d32bc_f0003690.jpg?download=true,data/raw/grand_bassin/images/stream_gbassinexch1.stream_2023-02-16_13-30-33/a96d32bc_f0003690.jpg
stream_gbassinexch1.stream_2023-02-16_13-30-33,development,248,3705,123.500,aerial,407,stream_gbassinexch1.stream_2023-02-16_13-30-33/a96d32bc_f0003705.jpg,https://huggingface.co/datasets/shivam11/grand-bassin-traffic/resolve/main/images/stream_gbassinexch1.stream_2023-02-16_13-30-33/a96d32bc_f0003705.jpg?download=true,data/raw/grand_bassin/images/stream_gbassinexch1.stream_2023-02-16_13-30-33/a96d32bc_f0003705.jpg
stream_gbassinexch1.stream_2023-02-16_13-30-33,development,249,3720,124.000,aerial,412,stream_gbassinexch1.stream_2023-02-16_13-30-33/a96d32bc_f0003720.jpg,https://huggingface.co/datasets/shivam11/grand-bassin-traffic/resolve/main/images/stream_gbassinexch1.stream_2023-02-16_13-30-33/a96d32bc_f0003720.jpg?download=true,data/raw/grand_bassin/images/stream_gbassinexch1.stream_2023-02-16_13-30-33/a96d32bc_f0003720.jpg
stream_gbassinexch1.stream_2023-02-16_13-30-33,development,250,3735,124.500,aerial,394,stream_gbassinexch1.stream_2023-02-16_13-30-33/a96d32bc_f0003735.jpg,https://huggingface.co/datasets/shivam11/grand-bassin-traffic/resolve/main/images/stream_gbassinexch1.stream_2023-02-16_13-30-33/a96d32bc_f0003735.jpg?download=true,data/raw/grand_bassin/images/stream_gbassinexch1.stream_2023-02-16_13-30-33/a96d32bc_f0003735.jpg
stream_gbassinexch1.stream_2023-02-16_13-30-33,development,251,3750,125.000,aerial,404,stream_gbassinexch1.stream_2023-02-16_13-30-33/a96d32bc_f0003750.jpg,https://huggingface.co/datasets/shivam11/grand-bassin-traffic/resolve/main/images/stream_gbassinexch1.stream_2023-02-16_13-30-33/a96d32bc_f0003750.jpg?download=true,data/raw/grand_bassin/images/stream_gbassinexch1.stream_2023-02-16_13-30-33/a96d32bc_f0003750.jpg
stream_gbassinexch1.stream_2023-02-16_13-30-33,development,252,3765,125.500,aerial,414,stream_gbassinexch1.stream_2023-02-16_13-30-33/a96d32bc_f0003765.jpg,https://huggingface.co/datasets/shivam11/grand-bassin-traffic/resolve/main/images/stream_gbassinexch1.stream_2023-02-16_13-30-33/a96d32bc_f0003765.jpg?download=true,data/raw/grand_bassin/images/stream_gbassinexch1.stream_2023-02-16_13-30-33/a96d32bc_f0003765.jpg
stream_gbassinexch1.stream_2023-02-16_13-30-33,development,253,3780,126.000,aerial,415,stream_gbassinexch1.stream_2023-02-16_13-30-33/a96d32bc_f0003780.jpg,https://huggingface.co/datasets/shivam11/grand-bassin-traffic/resolve/main/images/stream_gbassinexch1.stream_2023-02-16_13-30-33/a96d32bc_f0003780.jpg?download=true,data/raw/grand_bassin/images/stream_gbassinexch1.stream_2023-02-16_13-30-33/a96d32bc_f0003780.jpg
stream_gbassinexch1.stream_2023-02-16_13-30-33,development,254,3795,126.500,aerial,404,stream_gbassinexch1.stream_2023-02-16_13-30-33/a96d32bc_f0003795.jpg,https://huggingface.co/datasets/shivam11/grand-bassin-traffic/resolve/main/images/stream_gbassinexch1.stream_2023-02-16_13-30-33/a96d32bc_f0003795.jpg?download=true,data/raw/grand_bassin/images/stream_gbassinexch1.stream_2023-02-16_13-30-33/a96d32bc_f0003795.jpg
stream_gbassinexch1.stream_2023-02-16_13-30-33,development,255,3810,127.000,aerial,400,stream_gbassinexch1.stream_2023-02-16_13-30-33/a96d32bc_f0003810.jpg,https://huggingface.co/datasets/shivam11/grand-bassin-traffic/resolve/main/images/stream_gbassinexch1.stream_2023-02-16_13-30-33/a96d32bc_f0003810.jpg?download=true,data/raw/grand_bassin/images/stream_gbassinexch1.stream_2023-02-16_13-30-33/a96d32bc_f0003810.jpg
stream_gbassinexch1.stream_2023-02-16_13-30-33,development,256,3825,127.500,aerial,404,stream_gbassinexch1.stream_2023-02-16_13-30-33/a96d32bc_f0003825.jpg,https://huggingface.co/datasets/shivam11/grand-bassin-traffic/resolve/main/images/stream_gbassinexch1.stream_2023-02-16_13-30-33/a96d32bc_f0003825.jpg?download=true,data/raw/grand_bassin/images/stream_gbassinexch1.stream_2023-02-16_13-30-33/a96d32bc_f0003825.jpg
stream_gbassinexch1.stream_2023-02-16_13-30-33,development,257,3840,128.000,aerial,405,stream_gbassinexch1.stream_2023-02-16_13-30-33/a96d32bc_f0003840.jpg,https://huggingface.co/datasets/shivam11/grand-bassin-traffic/resolve/main/images/stream_gbassinexch1.stream_2023-02-16_13-30-33/a96d32bc_f0003840.jpg?download=true,data/raw/grand_bassin/images/stream_gbassinexch1.stream_2023-02-16_13-30-33/a96d32bc_f0003840.jpg
stream_gbassinexch1.stream_2023-02-16_13-30-33,development,258,3855,128.500,aerial,406,stream_gbassinexch1.stream_2023-02-16_13-30-33/a96d32bc_f0003855.jpg,https://huggingface.co/datasets/shivam11/grand-bassin-traffic/resolve/main/images/stream_gbassinexch1.stream_2023-02-16_13-30-33/a96d32bc_f0003855.jpg?download=true,data/raw/grand_bassin/images/stream_gbassinexch1.stream_2023-02-16_13-30-33/a96d32bc_f0003855.jpg
stream_gbassinexch1.stream_2023-02-16_13-30-33,development,259,3870,129.000,aerial,407,stream_gbassinexch1.stream_2023-02-16_13-30-33/a96d32bc_f0003870.jpg,https://huggingface.co/datasets/shivam11/grand-bassin-traffic/resolve/main/images/stream_gbassinexch1.stream_2023-02-16_13-30-33/a96d32bc_f0003870.jpg?download=true,data/raw/grand_bassin/images/stream_gbassinexch1.stream_2023-02-16_13-30-33/a96d32bc_f0003870.jpg
stream_gbassinexch1.stream_2023-02-16_13-30-33,development,260,3885,129.500,aerial,419,stream_gbassinexch1.stream_2023-02-16_13-30-33/a96d32bc_f0003885.jpg,https://huggingface.co/datasets/shivam11/grand-bassin-traffic/resolve/main/images/stream_gbassinexch1.stream_2023-02-16_13-30-33/a96d32bc_f0003885.jpg?download=true,data/raw/grand_bassin/images/stream_gbassinexch1.stream_2023-02-16_13-30-33/a96d32bc_f0003885.jpg
stream_gbassinexch1.stream_2023-02-16_13-30-33,development,261,3900,130.000,aerial,413,stream_gbassinexch1.stream_2023-02-16_13-30-33/a96d32bc_f0003900.jpg,https://huggingface.co/datasets/shivam11/grand-bassin-traffic/resolve/main/images/stream_gbassinexch1.stream_2023-02-16_13-30-33/a96d32bc_f0003900.jpg?download=true,data/raw/grand_bassin/images/stream_gbassinexch1.stream_2023-02-16_13-30-33/a96d32bc_f0003900.jpg
stream_gbassinexch1.stream_2023-02-16_13-30-33,development,262,3915,130.500,aerial,409,stream_gbassinexch1.stream_2023-02-16_13-30-33/a96d32bc_f0003915.jpg,https://huggingface.co/datasets/shivam11/grand-bassin-traffic/resolve/main/images/stream_gbassinexch1.stream_2023-02-16_13-30-33/a96d32bc_f0003915.jpg?download=true,data/raw/grand_bassin/images/stream_gbassinexch1.stream_2023-02-16_13-30-33/a96d32bc_f0003915.jpg
stream_gbassinexch1.stream_2023-02-16_13-30-33,development,263,3930,131.000,aerial,425,stream_gbassinexch1.stream_2023-02-16_13-30-33/a96d32bc_f0003930.jpg,https://huggingface.co/datasets/shivam11/grand-bassin-traffic/resolve/main/images/stream_gbassinexch1.stream_2023-02-16_13-30-33/a96d32bc_f0003930.jpg?download=true,data/raw/grand_bassin/images/stream_gbassinexch1.stream_2023-02-16_13-30-33/a96d32bc_f0003930.jpg
stream_gbassinexch1.stream_2023-02-16_13-30-33,development,264,3945,131.500,aerial,412,stream_gbassinexch1.stream_2023-02-16_13-30-33/a96d32bc_f0003945.jpg,https://huggingface.co/datasets/shivam11/grand-bassin-traffic/resolve/main/images/stream_gbassinexch1.stream_2023-02-16_13-30-33/a96d32bc_f0003945.jpg?download=true,data/raw/grand_bassin/images/stream_gbassinexch1.stream_2023-02-16_13-30-33/a96d32bc_f0003945.jpg
stream_gbassinexch1.stream_2023-02-16_13-30-33,development,265,3960,132.000,aerial,414,stream_gbassinexch1.stream_2023-02-16_13-30-33/a96d32bc_f0003960.jpg,https://huggingface.co/datasets/shivam11/grand-bassin-traffic/resolve/main/images/stream_gbassinexch1.stream_2023-02-16_13-30-33/a96d32bc_f0003960.jpg?download=true,data/raw/grand_bassin/images/stream_gbassinexch1.stream_2023-02-16_13-30-33/a96d32bc_f0003960.jpg
stream_gbassinexch1.stream_2023-02-16_13-30-33,development,266,3975,132.500,aerial,413,stream_gbassinexch1.stream_2023-02-16_13-30-33/a96d32bc_f0003975.jpg,https://huggingface.co/datasets/shivam11/grand-bassin-traffic/resolve/main/images/stream_gbassinexch1.stream_2023-02-16_13-30-33/a96d32bc_f0003975.jpg?download=true,data/raw/grand_bassin/images/stream_gbassinexch1.stream_2023-02-16_13-30-33/a96d32bc_f0003975.jpg
stream_gbassinexch1.stream_2023-02-16_13-30-33,development,267,3990,133.000,aerial,406,stream_gbassinexch1.stream_2023-02-16_13-30-33/a96d32bc_f0003990.jpg,https://huggingface.co/datasets/shivam11/grand-bassin-traffic/resolve/main/images/stream_gbassinexch1.stream_2023-02-16_13-30-33/a96d32bc_f0003990.jpg?download=true,data/raw/grand_bassin/images/stream_gbassinexch1.stream_2023-02-16_13-30-33/a96d32bc_f0003990.jpg
stream_gbassinexch1.stream_2023-02-16_13-30-33,development,268,4005,133.500,aerial,406,stream_gbassinexch1.stream_2023-02-16_13-30-33/a96d32bc_f0004005.jpg,https://huggingface.co/datasets/shivam11/grand-bassin-traffic/resolve/main/images/stream_gbassinexch1.stream_2023-02-16_13-30-33/a96d32bc_f0004005.jpg?download=true,data/raw/grand_bassin/images/stream_gbassinexch1.stream_2023-02-16_13-30-33/a96d32bc_f0004005.jpg
stream_gbassinexch1.stream_2023-02-16_13-30-33,development,269,4020,134.000,aerial,415,stream_gbassinexch1.stream_2023-02-16_13-30-33/a96d32bc_f0004020.jpg,https://huggingface.co/datasets/shivam11/grand-bassin-traffic/resolve/main/images/stream_gbassinexch1.stream_2023-02-16_13-30-33/a96d32bc_f0004020.jpg?download=true,data/raw/grand_bassin/images/stream_gbassinexch1.stream_2023-02-16_13-30-33/a96d32bc_f0004020.jpg
stream_gbassinexch1.stream_2023-02-16_13-30-33,development,270,4035,134.500,aerial,410,stream_gbassinexch1.stream_2023-02-16_13-30-33/a96d32bc_f0004035.jpg,https://huggingface.co/datasets/shivam11/grand-bassin-traffic/resolve/main/images/stream_gbassinexch1.stream_2023-02-16_13-30-33/a96d32bc_f0004035.jpg?download=true,data/raw/grand_bassin/images/stream_gbassinexch1.stream_2023-02-16_13-30-33/a96d32bc_f0004035.jpg
stream_gbassinexch1.stream_2023-02-16_13-30-33,development,271,4050,135.000,aerial,414,stream_gbassinexch1.stream_2023-02-16_13-30-33/a96d32bc_f0004050.jpg,https://huggingface.co/datasets/shivam11/grand-bassin-traffic/resolve/main/images/stream_gbassinexch1.stream_2023-02-16_13-30-33/a96d32bc_f0004050.jpg?download=true,data/raw/grand_bassin/images/stream_gbassinexch1.stream_2023-02-16_13-30-33/a96d32bc_f0004050.jpg
stream_gbassinexch1.stream_2023-02-16_13-30-33,development,272,4065,135.500,aerial,419,stream_gbassinexch1.stream_2023-02-16_13-30-33/a96d32bc_f0004065.jpg,https://huggingface.co/datasets/shivam11/grand-bassin-traffic/resolve/main/images/stream_gbassinexch1.stream_2023-02-16_13-30-33/a96d32bc_f0004065.jpg?download=true,data/raw/grand_bassin/images/stream_gbassinexch1.stream_2023-02-16_13-30-33/a96d32bc_f0004065.jpg
stream_gbassinexch1.stream_2023-02-16_13-30-33,development,273,4080,136.000,aerial,421,stream_gbassinexch1.stream_2023-02-16_13-30-33/a96d32bc_f0004080.jpg,https://huggingface.co/datasets/shivam11/grand-bassin-traffic/resolve/main/images/stream_gbassinexch1.stream_2023-02-16_13-30-33/a96d32bc_f0004080.jpg?download=true,data/raw/grand_bassin/images/stream_gbassinexch1.stream_2023-02-16_13-30-33/a96d32bc_f0004080.jpg
stream_gbassinexch1.stream_2023-02-16_13-30-33,development,274,4095,136.500,aerial,428,stream_gbassinexch1.stream_2023-02-16_13-30-33/a96d32bc_f0004095.jpg,https://huggingface.co/datasets/shivam11/grand-bassin-traffic/resolve/main/images/stream_gbassinexch1.stream_2023-02-16_13-30-33/a96d32bc_f0004095.jpg?download=true,data/raw/grand_bassin/images/stream_gbassinexch1.stream_2023-02-16_13-30-33/a96d32bc_f0004095.jpg
stream_gbassinexch1.stream_2023-02-16_13-30-33,development,275,4110,137.000,aerial,426,stream_gbassinexch1.stream_2023-02-16_13-30-33/a96d32bc_f0004110.jpg,https://huggingface.co/datasets/shivam11/grand-bassin-traffic/resolve/main/images/stream_gbassinexch1.stream_2023-02-16_13-30-33/a96d32bc_f0004110.jpg?download=true,data/raw/grand_bassin/images/stream_gbassinexch1.stream_2023-02-16_13-30-33/a96d32bc_f0004110.jpg
stream_gbassinexch1.stream_2023-02-16_13-30-33,development,276,4125,137.500,aerial,421,stream_gbassinexch1.stream_2023-02-16_13-30-33/a96d32bc_f0004125.jpg,https://huggingface.co/datasets/shivam11/grand-bassin-traffic/resolve/main/images/stream_gbassinexch1.stream_2023-02-16_13-30-33/a96d32bc_f0004125.jpg?download=true,data/raw/grand_bassin/images/stream_gbassinexch1.stream_2023-02-16_13-30-33/a96d32bc_f0004125.jpg
stream_gbassinexch1.stream_2023-02-16_13-30-33,development,277,4140,138.000,aerial,414,stream_gbassinexch1.stream_2023-02-16_13-30-33/a96d32bc_f0004140.jpg,https://huggingface.co/datasets/shivam11/grand-bassin-traffic/resolve/main/images/stream_gbassinexch1.stream_2023-02-16_13-30-33/a96d32bc_f0004140.jpg?download=true,data/raw/grand_bassin/images/stream_gbassinexch1.stream_2023-02-16_13-30-33/a96d32bc_f0004140.jpg
stream_gbassinexch1.stream_2023-02-16_13-30-33,development,278,4155,138.500,aerial,412,stream_gbassinexch1.stream_2023-02-16_13-30-33/a96d32bc_f0004155.jpg,https://huggingface.co/datasets/shivam11/grand-bassin-traffic/resolve/main/images/stream_gbassinexch1.stream_2023-02-16_13-30-33/a96d32bc_f0004155.jpg?download=true,data/raw/grand_bassin/images/stream_gbassinexch1.stream_2023-02-16_13-30-33/a96d32bc_f0004155.jpg
stream_gbassinexch1.stream_2023-02-16_13-30-33,development,279,4170,139.000,aerial,420,stream_gbassinexch1.stream_2023-02-16_13-30-33/a96d32bc_f0004170.jpg,https://huggingface.co/datasets/shivam11/grand-bassin-traffic/resolve/main/images/stream_gbassinexch1.stream_2023-02-16_13-30-33/a96d32bc_f0004170.jpg?download=true,data/raw/grand_bassin/images/stream_gbassinexch1.stream_2023-02-16_13-30-33/a96d32bc_f0004170.jpg
stream_gbassinexch1.stream_2023-02-16_13-30-33,development,280,4185,139.500,aerial,417,stream_gbassinexch1.stream_2023-02-16_13-30-33/a96d32bc_f0004185.jpg,https://huggingface.co/datasets/shivam11/grand-bassin-traffic/resolve/main/images/stream_gbassinexch1.stream_2023-02-16_13-30-33/a96d32bc_f0004185.jpg?download=true,data/raw/grand_bassin/images/stream_gbassinexch1.stream_2023-02-16_13-30-33/a96d32bc_f0004185.jpg
stream_gbassinexch1.stream_2023-02-16_13-30-33,development,281,4200,140.000,aerial,412,stream_gbassinexch1.stream_2023-02-16_13-30-33/a96d32bc_f0004200.jpg,https://huggingface.co/datasets/shivam11/grand-bassin-traffic/resolve/main/images/stream_gbassinexch1.stream_2023-02-16_13-30-33/a96d32bc_f0004200.jpg?download=true,data/raw/grand_bassin/images/stream_gbassinexch1.stream_2023-02-16_13-30-33/a96d32bc_f0004200.jpg
stream_gbassinexch1.stream_2023-02-16_13-30-33,development,282,4215,140.500,aerial,419,stream_gbassinexch1.stream_2023-02-16_13-30-33/a96d32bc_f0004215.jpg,https://huggingface.co/datasets/shivam11/grand-bassin-traffic/resolve/main/images/stream_gbassinexch1.stream_2023-02-16_13-30-33/a96d32bc_f0004215.jpg?download=true,data/raw/grand_bassin/images/stream_gbassinexch1.stream_2023-02-16_13-30-33/a96d32bc_f0004215.jpg
stream_gbassinexch1.stream_2023-02-16_13-30-33,development,283,4230,141.000,aerial,422,stream_gbassinexch1.stream_2023-02-16_13-30-33/a96d32bc_f0004230.jpg,https://huggingface.co/datasets/shivam11/grand-bassin-traffic/resolve/main/images/stream_gbassinexch1.stream_2023-02-16_13-30-33/a96d32bc_f0004230.jpg?download=true,data/raw/grand_bassin/images/stream_gbassinexch1.stream_2023-02-16_13-30-33/a96d32bc_f0004230.jpg
stream_gbassinexch1.stream_2023-02-16_13-30-33,development,284,4245,141.500,aerial,410,stream_gbassinexch1.stream_2023-02-16_13-30-33/a96d32bc_f0004245.jpg,https://huggingface.co/datasets/shivam11/grand-bassin-traffic/resolve/main/images/stream_gbassinexch1.stream_2023-02-16_13-30-33/a96d32bc_f0004245.jpg?download=true,data/raw/grand_bassin/images/stream_gbassinexch1.stream_2023-02-16_13-30-33/a96d32bc_f0004245.jpg
stream_gbassinexch1.stream_2023-02-16_13-30-33,development,285,4260,142.000,aerial,429,stream_gbassinexch1.stream_2023-02-16_13-30-33/a96d32bc_f0004260.jpg,https://huggingface.co/datasets/shivam11/grand-bassin-traffic/resolve/main/images/stream_gbassinexch1.stream_2023-02-16_13-30-33/a96d32bc_f0004260.jpg?download=true,data/raw/grand_bassin/images/stream_gbassinexch1.stream_2023-02-16_13-30-33/a96d32bc_f0004260.jpg
stream_gbassinexch1.stream_2023-02-16_13-30-33,development,286,4275,142.500,aerial,435,stream_gbassinexch1.stream_2023-02-16_13-30-33/a96d32bc_f0004275.jpg,https://huggingface.co/datasets/shivam11/grand-bassin-traffic/resolve/main/images/stream_gbassinexch1.stream_2023-02-16_13-30-33/a96d32bc_f0004275.jpg?download=true,data/raw/grand_bassin/images/stream_gbassinexch1.stream_2023-02-16_13-30-33/a96d32bc_f0004275.jpg
stream_gbassinexch1.stream_2023-02-16_13-30-33,development,287,4290,143.000,aerial,425,stream_gbassinexch1.stream_2023-02-16_13-30-33/a96d32bc_f0004290.jpg,https://huggingface.co/datasets/shivam11/grand-bassin-traffic/resolve/main/images/stream_gbassinexch1.stream_2023-02-16_13-30-33/a96d32bc_f0004290.jpg?download=true,data/raw/grand_bassin/images/stream_gbassinexch1.stream_2023-02-16_13-30-33/a96d32bc_f0004290.jpg
stream_gbassinexch1.stream_2023-02-16_13-30-33,development,288,4305,143.500,aerial,420,stream_gbassinexch1.stream_2023-02-16_13-30-33/a96d32bc_f0004305.jpg,https://huggingface.co/datasets/shivam11/grand-bassin-traffic/resolve/main/images/stream_gbassinexch1.stream_2023-02-16_13-30-33/a96d32bc_f0004305.jpg?download=true,data/raw/grand_bassin/images/stream_gbassinexch1.stream_2023-02-16_13-30-33/a96d32bc_f0004305.jpg
stream_gbassinexch1.stream_2023-02-16_13-30-33,development,289,4320,144.000,aerial,404,stream_gbassinexch1.stream_2023-02-16_13-30-33/a96d32bc_f0004320.jpg,https://huggingface.co/datasets/shivam11/grand-bassin-traffic/resolve/main/images/stream_gbassinexch1.stream_2023-02-16_13-30-33/a96d32bc_f0004320.jpg?download=true,data/raw/grand_bassin/images/stream_gbassinexch1.stream_2023-02-16_13-30-33/a96d32bc_f0004320.jpg
stream_gbassinexch1.stream_2023-02-16_13-30-33,development,290,4335,144.500,aerial,409,stream_gbassinexch1.stream_2023-02-16_13-30-33/a96d32bc_f0004335.jpg,https://huggingface.co/datasets/shivam11/grand-bassin-traffic/resolve/main/images/stream_gbassinexch1.stream_2023-02-16_13-30-33/a96d32bc_f0004335.jpg?download=true,data/raw/grand_bassin/images/stream_gbassinexch1.stream_2023-02-16_13-30-33/a96d32bc_f0004335.jpg
stream_gbassinexch1.stream_2023-02-16_13-30-33,development,291,4350,145.000,aerial,413,stream_gbassinexch1.stream_2023-02-16_13-30-33/a96d32bc_f0004350.jpg,https://huggingface.co/datasets/shivam11/grand-bassin-traffic/resolve/main/images/stream_gbassinexch1.stream_2023-02-16_13-30-33/a96d32bc_f0004350.jpg?download=true,data/raw/grand_bassin/images/stream_gbassinexch1.stream_2023-02-16_13-30-33/a96d32bc_f0004350.jpg
stream_gbassinexch1.stream_2023-02-16_13-30-33,development,292,4365,145.500,aerial,417,stream_gbassinexch1.stream_2023-02-16_13-30-33/a96d32bc_f0004365.jpg,https://huggingface.co/datasets/shivam11/grand-bassin-traffic/resolve/main/images/stream_gbassinexch1.stream_2023-02-16_13-30-33/a96d32bc_f0004365.jpg?download=true,data/raw/grand_bassin/images/stream_gbassinexch1.stream_2023-02-16_13-30-33/a96d32bc_f0004365.jpg
stream_gbassinexch1.stream_2023-02-16_13-30-33,development,293,4380,146.000,aerial,412,stream_gbassinexch1.stream_2023-02-16_13-30-33/a96d32bc_f0004380.jpg,https://huggingface.co/datasets/shivam11/grand-bassin-traffic/resolve/main/images/stream_gbassinexch1.stream_2023-02-16_13-30-33/a96d32bc_f0004380.jpg?download=true,data/raw/grand_bassin/images/stream_gbassinexch1.stream_2023-02-16_13-30-33/a96d32bc_f0004380.jpg
stream_gbassinexch1.stream_2023-02-16_13-30-33,development,294,4395,146.500,aerial,407,stream_gbassinexch1.stream_2023-02-16_13-30-33/a96d32bc_f0004395.jpg,https://huggingface.co/datasets/shivam11/grand-bassin-traffic/resolve/main/images/stream_gbassinexch1.stream_2023-02-16_13-30-33/a96d32bc_f0004395.jpg?download=true,data/raw/grand_bassin/images/stream_gbassinexch1.stream_2023-02-16_13-30-33/a96d32bc_f0004395.jpg
stream_gbassinexch1.stream_2023-02-16_13-30-33,development,295,4410,147.000,aerial,411,stream_gbassinexch1.stream_2023-02-16_13-30-33/a96d32bc_f0004410.jpg,https://huggingface.co/datasets/shivam11/grand-bassin-traffic/resolve/main/images/stream_gbassinexch1.stream_2023-02-16_13-30-33/a96d32bc_f0004410.jpg?download=true,data/raw/grand_bassin/images/stream_gbassinexch1.stream_2023-02-16_13-30-33/a96d32bc_f0004410.jpg
stream_gbassinexch1.stream_2023-02-16_13-30-33,development,296,4425,147.500,aerial,417,stream_gbassinexch1.stream_2023-02-16_13-30-33/a96d32bc_f0004425.jpg,https://huggingface.co/datasets/shivam11/grand-bassin-traffic/resolve/main/images/stream_gbassinexch1.stream_2023-02-16_13-30-33/a96d32bc_f0004425.jpg?download=true,data/raw/grand_bassin/images/stream_gbassinexch1.stream_2023-02-16_13-30-33/a96d32bc_f0004425.jpg
stream_gbassinexch1.stream_2023-02-16_13-30-33,development,297,4440,148.000,aerial,402,stream_gbassinexch1.stream_2023-02-16_13-30-33/a96d32bc_f0004440.jpg,https://huggingface.co/datasets/shivam11/grand-bassin-traffic/resolve/main/images/stream_gbassinexch1.stream_2023-02-16_13-30-33/a96d32bc_f0004440.jpg?download=true,data/raw/grand_bassin/images/stream_gbassinexch1.stream_2023-02-16_13-30-33/a96d32bc_f0004440.jpg
stream_gbassinexch1.stream_2023-02-16_13-30-33,development,298,4455,148.500,aerial,427,stream_gbassinexch1.stream_2023-02-16_13-30-33/a96d32bc_f0004455.jpg,https://huggingface.co/datasets/shivam11/grand-bassin-traffic/resolve/main/images/stream_gbassinexch1.stream_2023-02-16_13-30-33/a96d32bc_f0004455.jpg?download=true,data/raw/grand_bassin/images/stream_gbassinexch1.stream_2023-02-16_13-30-33/a96d32bc_f0004455.jpg
stream_gbassinexch1.stream_2023-02-16_13-30-33,development,299,4470,149.000,aerial,430,stream_gbassinexch1.stream_2023-02-16_13-30-33/a96d32bc_f0004470.jpg,https://huggingface.co/datasets/shivam11/grand-bassin-traffic/resolve/main/images/stream_gbassinexch1.stream_2023-02-16_13-30-33/a96d32bc_f0004470.jpg?download=true,data/raw/grand_bassin/images/stream_gbassinexch1.stream_2023-02-16_13-30-33/a96d32bc_f0004470.jpg
stream_gbassinexch1.stream_2023-02-16_13-30-33,development,300,4485,149.500,aerial,423,stream_gbassinexch1.stream_2023-02-16_13-30-33/a96d32bc_f0004485.jpg,https://huggingface.co/datasets/shivam11/grand-bassin-traffic/resolve/main/images/stream_gbassinexch1.stream_2023-02-16_13-30-33/a96d32bc_f0004485.jpg?download=true,data/raw/grand_bassin/images/stream_gbassinexch1.stream_2023-02-16_13-30-33/a96d32bc_f0004485.jpg
stream_gbassinexch1.stream_2023-02-16_13-30-33,development,301,4500,150.000,aerial,417,stream_gbassinexch1.stream_2023-02-16_13-30-33/a96d32bc_f0004500.jpg,https://huggingface.co/datasets/shivam11/grand-bassin-traffic/resolve/main/images/stream_gbassinexch1.stream_2023-02-16_13-30-33/a96d32bc_f0004500.jpg?download=true,data/raw/grand_bassin/images/stream_gbassinexch1.stream_2023-02-16_13-30-33/a96d32bc_f0004500.jpg
stream_gbassinexch1.stream_2023-02-16_13-30-33,development,302,4515,150.500,aerial,415,stream_gbassinexch1.stream_2023-02-16_13-30-33/a96d32bc_f0004515.jpg,https://huggingface.co/datasets/shivam11/grand-bassin-traffic/resolve/main/images/stream_gbassinexch1.stream_2023-02-16_13-30-33/a96d32bc_f0004515.jpg?download=true,data/raw/grand_bassin/images/stream_gbassinexch1.stream_2023-02-16_13-30-33/a96d32bc_f0004515.jpg
stream_gbassinexch1.stream_2023-02-16_13-30-33,development,303,4530,151.000,aerial,422,stream_gbassinexch1.stream_2023-02-16_13-30-33/a96d32bc_f0004530.jpg,https://huggingface.co/datasets/shivam11/grand-bassin-traffic/resolve/main/images/stream_gbassinexch1.stream_2023-02-16_13-30-33/a96d32bc_f0004530.jpg?download=true,data/raw/grand_bassin/images/stream_gbassinexch1.stream_2023-02-16_13-30-33/a96d32bc_f0004530.jpg
stream_gbassinexch1.stream_2023-02-16_13-30-33,development,304,4545,151.500,aerial,419,stream_gbassinexch1.stream_2023-02-16_13-30-33/a96d32bc_f0004545.jpg,https://huggingface.co/datasets/shivam11/grand-bassin-traffic/resolve/main/images/stream_gbassinexch1.stream_2023-02-16_13-30-33/a96d32bc_f0004545.jpg?download=true,data/raw/grand_bassin/images/stream_gbassinexch1.stream_2023-02-16_13-30-33/a96d32bc_f0004545.jpg
stream_gbassinexch1.stream_2023-02-16_13-30-33,development,305,4560,152.000,aerial,411,stream_gbassinexch1.stream_2023-02-16_13-30-33/a96d32bc_f0004560.jpg,https://huggingface.co/datasets/shivam11/grand-bassin-traffic/resolve/main/images/stream_gbassinexch1.stream_2023-02-16_13-30-33/a96d32bc_f0004560.jpg?download=true,data/raw/grand_bassin/images/stream_gbassinexch1.stream_2023-02-16_13-30-33/a96d32bc_f0004560.jpg
stream_gbassinexch1.stream_2023-02-16_13-30-33,development,306,4575,152.500,aerial,419,stream_gbassinexch1.stream_2023-02-16_13-30-33/a96d32bc_f0004575.jpg,https://huggingface.co/datasets/shivam11/grand-bassin-traffic/resolve/main/images/stream_gbassinexch1.stream_2023-02-16_13-30-33/a96d32bc_f0004575.jpg?download=true,data/raw/grand_bassin/images/stream_gbassinexch1.stream_2023-02-16_13-30-33/a96d32bc_f0004575.jpg
stream_gbassinexch1.stream_2023-02-16_13-30-33,development,307,4590,153.000,aerial,423,stream_gbassinexch1.stream_2023-02-16_13-30-33/a96d32bc_f0004590.jpg,https://huggingface.co/datasets/shivam11/grand-bassin-traffic/resolve/main/images/stream_gbassinexch1.stream_2023-02-16_13-30-33/a96d32bc_f0004590.jpg?download=true,data/raw/grand_bassin/images/stream_gbassinexch1.stream_2023-02-16_13-30-33/a96d32bc_f0004590.jpg
stream_gbassinexch1.stream_2023-02-16_13-30-33,development,308,4605,153.500,aerial,419,stream_gbassinexch1.stream_2023-02-16_13-30-33/a96d32bc_f0004605.jpg,https://huggingface.co/datasets/shivam11/grand-bassin-traffic/resolve/main/images/stream_gbassinexch1.stream_2023-02-16_13-30-33/a96d32bc_f0004605.jpg?download=true,data/raw/grand_bassin/images/stream_gbassinexch1.stream_2023-02-16_13-30-33/a96d32bc_f0004605.jpg
stream_gbassinexch1.stream_2023-02-16_13-30-33,development,309,4620,154.000,aerial,408,stream_gbassinexch1.stream_2023-02-16_13-30-33/a96d32bc_f0004620.jpg,https://huggingface.co/datasets/shivam11/grand-bassin-traffic/resolve/main/images/stream_gbassinexch1.stream_2023-02-16_13-30-33/a96d32bc_f0004620.jpg?download=true,data/raw/grand_bassin/images/stream_gbassinexch1.stream_2023-02-16_13-30-33/a96d32bc_f0004620.jpg
stream_gbassinexch1.stream_2023-02-16_13-30-33,development,310,4635,154.500,aerial,418,stream_gbassinexch1.stream_2023-02-16_13-30-33/a96d32bc_f0004635.jpg,https://huggingface.co/datasets/shivam11/grand-bassin-traffic/resolve/main/images/stream_gbassinexch1.stream_2023-02-16_13-30-33/a96d32bc_f0004635.jpg?download=true,data/raw/grand_bassin/images/stream_gbassinexch1.stream_2023-02-16_13-30-33/a96d32bc_f0004635.jpg
stream_gbassinexch1.stream_2023-02-16_13-30-33,development,311,4650,155.000,aerial,417,stream_gbassinexch1.stream_2023-02-16_13-30-33/a96d32bc_f0004650.jpg,https://huggingface.co/datasets/shivam11/grand-bassin-traffic/resolve/main/images/stream_gbassinexch1.stream_2023-02-16_13-30-33/a96d32bc_f0004650.jpg?download=true,data/raw/grand_bassin/images/stream_gbassinexch1.stream_2023-02-16_13-30-33/a96d32bc_f0004650.jpg
stream_gbassinexch1.stream_2023-02-16_13-30-33,development,312,4665,155.500,aerial,419,stream_gbassinexch1.stream_2023-02-16_13-30-33/a96d32bc_f0004665.jpg,https://huggingface.co/datasets/shivam11/grand-bassin-traffic/resolve/main/images/stream_gbassinexch1.stream_2023-02-16_13-30-33/a96d32bc_f0004665.jpg?download=true,data/raw/grand_bassin/images/stream_gbassinexch1.stream_2023-02-16_13-30-33/a96d32bc_f0004665.jpg
stream_gbassinexch1.stream_2023-02-16_13-30-33,development,313,4680,156.000,aerial,421,stream_gbassinexch1.stream_2023-02-16_13-30-33/a96d32bc_f0004680.jpg,https://huggingface.co/datasets/shivam11/grand-bassin-traffic/resolve/main/images/stream_gbassinexch1.stream_2023-02-16_13-30-33/a96d32bc_f0004680.jpg?download=true,data/raw/grand_bassin/images/stream_gbassinexch1.stream_2023-02-16_13-30-33/a96d32bc_f0004680.jpg
stream_gbassinexch1.stream_2023-02-16_13-30-33,development,314,4695,156.500,aerial,424,stream_gbassinexch1.stream_2023-02-16_13-30-33/a96d32bc_f0004695.jpg,https://huggingface.co/datasets/shivam11/grand-bassin-traffic/resolve/main/images/stream_gbassinexch1.stream_2023-02-16_13-30-33/a96d32bc_f0004695.jpg?download=true,data/raw/grand_bassin/images/stream_gbassinexch1.stream_2023-02-16_13-30-33/a96d32bc_f0004695.jpg
stream_gbassinexch1.stream_2023-02-16_13-30-33,development,315,4710,157.000,aerial,415,stream_gbassinexch1.stream_2023-02-16_13-30-33/a96d32bc_f0004710.jpg,https://huggingface.co/datasets/shivam11/grand-bassin-traffic/resolve/main/images/stream_gbassinexch1.stream_2023-02-16_13-30-33/a96d32bc_f0004710.jpg?download=true,data/raw/grand_bassin/images/stream_gbassinexch1.stream_2023-02-16_13-30-33/a96d32bc_f0004710.jpg
stream_gbassinexch1.stream_2023-02-16_13-30-33,development,316,4725,157.500,aerial,414,stream_gbassinexch1.stream_2023-02-16_13-30-33/a96d32bc_f0004725.jpg,https://huggingface.co/datasets/shivam11/grand-bassin-traffic/resolve/main/images/stream_gbassinexch1.stream_2023-02-16_13-30-33/a96d32bc_f0004725.jpg?download=true,data/raw/grand_bassin/images/stream_gbassinexch1.stream_2023-02-16_13-30-33/a96d32bc_f0004725.jpg
stream_gbassinexch1.stream_2023-02-16_13-30-33,development,317,4740,158.000,aerial,410,stream_gbassinexch1.stream_2023-02-16_13-30-33/a96d32bc_f0004740.jpg,https://huggingface.co/datasets/shivam11/grand-bassin-traffic/resolve/main/images/stream_gbassinexch1.stream_2023-02-16_13-30-33/a96d32bc_f0004740.jpg?download=true,data/raw/grand_bassin/images/stream_gbassinexch1.stream_2023-02-16_13-30-33/a96d32bc_f0004740.jpg
stream_gbassinexch1.stream_2023-02-16_13-30-33,development,318,4755,158.500,aerial,414,stream_gbassinexch1.stream_2023-02-16_13-30-33/a96d32bc_f0004755.jpg,https://huggingface.co/datasets/shivam11/grand-bassin-traffic/resolve/main/images/stream_gbassinexch1.stream_2023-02-16_13-30-33/a96d32bc_f0004755.jpg?download=true,data/raw/grand_bassin/images/stream_gbassinexch1.stream_2023-02-16_13-30-33/a96d32bc_f0004755.jpg
stream_gbassinexch1.stream_2023-02-16_13-30-33,development,319,4770,159.000,aerial,417,stream_gbassinexch1.stream_2023-02-16_13-30-33/a96d32bc_f0004770.jpg,https://huggingface.co/datasets/shivam11/grand-bassin-traffic/resolve/main/images/stream_gbassinexch1.stream_2023-02-16_13-30-33/a96d32bc_f0004770.jpg?download=true,data/raw/grand_bassin/images/stream_gbassinexch1.stream_2023-02-16_13-30-33/a96d32bc_f0004770.jpg
stream_gbassinexch1.stream_2023-02-16_13-30-33,development,320,4785,159.500,aerial,407,stream_gbassinexch1.stream_2023-02-16_13-30-33/a96d32bc_f0004785.jpg,https://huggingface.co/datasets/shivam11/grand-bassin-traffic/resolve/main/images/stream_gbassinexch1.stream_2023-02-16_13-30-33/a96d32bc_f0004785.jpg?download=true,data/raw/grand_bassin/images/stream_gbassinexch1.stream_2023-02-16_13-30-33/a96d32bc_f0004785.jpg
stream_gbassinexch1.stream_2023-02-16_13-30-33,development,321,4800,160.000,aerial,411,stream_gbassinexch1.stream_2023-02-16_13-30-33/a96d32bc_f0004800.jpg,https://huggingface.co/datasets/shivam11/grand-bassin-traffic/resolve/main/images/stream_gbassinexch1.stream_2023-02-16_13-30-33/a96d32bc_f0004800.jpg?download=true,data/raw/grand_bassin/images/stream_gbassinexch1.stream_2023-02-16_13-30-33/a96d32bc_f0004800.jpg
stream_gbassinexch1.stream_2023-02-16_13-30-33,development,322,4815,160.500,aerial,421,stream_gbassinexch1.stream_2023-02-16_13-30-33/a96d32bc_f0004815.jpg,https://huggingface.co/datasets/shivam11/grand-bassin-traffic/resolve/main/images/stream_gbassinexch1.stream_2023-02-16_13-30-33/a96d32bc_f0004815.jpg?download=true,data/raw/grand_bassin/images/stream_gbassinexch1.stream_2023-02-16_13-30-33/a96d32bc_f0004815.jpg
stream_gbassinexch1.stream_2023-02-16_13-30-33,development,323,4830,161.000,aerial,425,stream_gbassinexch1.stream_2023-02-16_13-30-33/a96d32bc_f0004830.jpg,https://huggingface.co/datasets/shivam11/grand-bassin-traffic/resolve/main/images/stream_gbassinexch1.stream_2023-02-16_13-30-33/a96d32bc_f0004830.jpg?download=true,data/raw/grand_bassin/images/stream_gbassinexch1.stream_2023-02-16_13-30-33/a96d32bc_f0004830.jpg
stream_gbassinexch1.stream_2023-02-16_13-30-33,development,324,4845,161.500,aerial,419,stream_gbassinexch1.stream_2023-02-16_13-30-33/a96d32bc_f0004845.jpg,https://huggingface.co/datasets/shivam11/grand-bassin-traffic/resolve/main/images/stream_gbassinexch1.stream_2023-02-16_13-30-33/a96d32bc_f0004845.jpg?download=true,data/raw/grand_bassin/images/stream_gbassinexch1.stream_2023-02-16_13-30-33/a96d32bc_f0004845.jpg
stream_gbassinexch1.stream_2023-02-16_13-30-33,development,325,4860,162.000,aerial,416,stream_gbassinexch1.stream_2023-02-16_13-30-33/a96d32bc_f0004860.jpg,https://huggingface.co/datasets/shivam11/grand-bassin-traffic/resolve/main/images/stream_gbassinexch1.stream_2023-02-16_13-30-33/a96d32bc_f0004860.jpg?download=true,data/raw/grand_bassin/images/stream_gbassinexch1.stream_2023-02-16_13-30-33/a96d32bc_f0004860.jpg
stream_gbassinexch1.stream_2023-02-16_13-30-33,development,326,4875,162.500,aerial,427,stream_gbassinexch1.stream_2023-02-16_13-30-33/a96d32bc_f0004875.jpg,https://huggingface.co/datasets/shivam11/grand-bassin-traffic/resolve/main/images/stream_gbassinexch1.stream_2023-02-16_13-30-33/a96d32bc_f0004875.jpg?download=true,data/raw/grand_bassin/images/stream_gbassinexch1.stream_2023-02-16_13-30-33/a96d32bc_f0004875.jpg
stream_gbassinexch1.stream_2023-02-16_13-30-33,development,327,4890,163.000,aerial,424,stream_gbassinexch1.stream_2023-02-16_13-30-33/a96d32bc_f0004890.jpg,https://huggingface.co/datasets/shivam11/grand-bassin-traffic/resolve/main/images/stream_gbassinexch1.stream_2023-02-16_13-30-33/a96d32bc_f0004890.jpg?download=true,data/raw/grand_bassin/images/stream_gbassinexch1.stream_2023-02-16_13-30-33/a96d32bc_f0004890.jpg
stream_gbassinexch1.stream_2023-02-16_13-30-33,development,328,4905,163.500,aerial,428,stream_gbassinexch1.stream_2023-02-16_13-30-33/a96d32bc_f0004905.jpg,https://huggingface.co/datasets/shivam11/grand-bassin-traffic/resolve/main/images/stream_gbassinexch1.stream_2023-02-16_13-30-33/a96d32bc_f0004905.jpg?download=true,data/raw/grand_bassin/images/stream_gbassinexch1.stream_2023-02-16_13-30-33/a96d32bc_f0004905.jpg
stream_gbassinexch1.stream_2023-02-16_13-30-33,development,329,4920,164.000,aerial,424,stream_gbassinexch1.stream_2023-02-16_13-30-33/a96d32bc_f0004920.jpg,https://huggingface.co/datasets/shivam11/grand-bassin-traffic/resolve/main/images/stream_gbassinexch1.stream_2023-02-16_13-30-33/a96d32bc_f0004920.jpg?download=true,data/raw/grand_bassin/images/stream_gbassinexch1.stream_2023-02-16_13-30-33/a96d32bc_f0004920.jpg
stream_gbassinexch1.stream_2023-02-16_13-30-33,development,330,4935,164.500,aerial,427,stream_gbassinexch1.stream_2023-02-16_13-30-33/a96d32bc_f0004935.jpg,https://huggingface.co/datasets/shivam11/grand-bassin-traffic/resolve/main/images/stream_gbassinexch1.stream_2023-02-16_13-30-33/a96d32bc_f0004935.jpg?download=true,data/raw/grand_bassin/images/stream_gbassinexch1.stream_2023-02-16_13-30-33/a96d32bc_f0004935.jpg
stream_gbassinexch1.stream_2023-02-16_13-30-33,development,331,4950,165.000,aerial,434,stream_gbassinexch1.stream_2023-02-16_13-30-33/a96d32bc_f0004950.jpg,https://huggingface.co/datasets/shivam11/grand-bassin-traffic/resolve/main/images/stream_gbassinexch1.stream_2023-02-16_13-30-33/a96d32bc_f0004950.jpg?download=true,data/raw/grand_bassin/images/stream_gbassinexch1.stream_2023-02-16_13-30-33/a96d32bc_f0004950.jpg
stream_gbassinexch1.stream_2023-02-16_13-30-33,development,332,4965,165.500,aerial,423,stream_gbassinexch1.stream_2023-02-16_13-30-33/a96d32bc_f0004965.jpg,https://huggingface.co/datasets/shivam11/grand-bassin-traffic/resolve/main/images/stream_gbassinexch1.stream_2023-02-16_13-30-33/a96d32bc_f0004965.jpg?download=true,data/raw/grand_bassin/images/stream_gbassinexch1.stream_2023-02-16_13-30-33/a96d32bc_f0004965.jpg
stream_gbassinexch1.stream_2023-02-16_13-30-33,development,333,4980,166.000,aerial,419,stream_gbassinexch1.stream_2023-02-16_13-30-33/a96d32bc_f0004980.jpg,https://huggingface.co/datasets/shivam11/grand-bassin-traffic/resolve/main/images/stream_gbassinexch1.stream_2023-02-16_13-30-33/a96d32bc_f0004980.jpg?download=true,data/raw/grand_bassin/images/stream_gbassinexch1.stream_2023-02-16_13-30-33/a96d32bc_f0004980.jpg
stream_gbassinexch1.stream_2023-02-16_13-30-33,development,334,4995,166.500,aerial,424,stream_gbassinexch1.stream_2023-02-16_13-30-33/a96d32bc_f0004995.jpg,https://huggingface.co/datasets/shivam11/grand-bassin-traffic/resolve/main/images/stream_gbassinexch1.stream_2023-02-16_13-30-33/a96d32bc_f0004995.jpg?download=true,data/raw/grand_bassin/images/stream_gbassinexch1.stream_2023-02-16_13-30-33/a96d32bc_f0004995.jpg
stream_gbassinexch1.stream_2023-02-16_13-30-33,development,335,5010,167.000,aerial,418,stream_gbassinexch1.stream_2023-02-16_13-30-33/a96d32bc_f0005010.jpg,https://huggingface.co/datasets/shivam11/grand-bassin-traffic/resolve/main/images/stream_gbassinexch1.stream_2023-02-16_13-30-33/a96d32bc_f0005010.jpg?download=true,data/raw/grand_bassin/images/stream_gbassinexch1.stream_2023-02-16_13-30-33/a96d32bc_f0005010.jpg
stream_gbassinexch1.stream_2023-02-16_13-30-33,development,336,5025,167.500,aerial,418,stream_gbassinexch1.stream_2023-02-16_13-30-33/a96d32bc_f0005025.jpg,https://huggingface.co/datasets/shivam11/grand-bassin-traffic/resolve/main/images/stream_gbassinexch1.stream_2023-02-16_13-30-33/a96d32bc_f0005025.jpg?download=true,data/raw/grand_bassin/images/stream_gbassinexch1.stream_2023-02-16_13-30-33/a96d32bc_f0005025.jpg
stream_gbassinexch1.stream_2023-02-16_13-30-33,development,337,5040,168.000,aerial,426,stream_gbassinexch1.stream_2023-02-16_13-30-33/a96d32bc_f0005040.jpg,https://huggingface.co/datasets/shivam11/grand-bassin-traffic/resolve/main/images/stream_gbassinexch1.stream_2023-02-16_13-30-33/a96d32bc_f0005040.jpg?download=true,data/raw/grand_bassin/images/stream_gbassinexch1.stream_2023-02-16_13-30-33/a96d32bc_f0005040.jpg
stream_gbassinexch1.stream_2023-02-16_13-30-33,development,338,5055,168.500,aerial,421,stream_gbassinexch1.stream_2023-02-16_13-30-33/a96d32bc_f0005055.jpg,https://huggingface.co/datasets/shivam11/grand-bassin-traffic/resolve/main/images/stream_gbassinexch1.stream_2023-02-16_13-30-33/a96d32bc_f0005055.jpg?download=true,data/raw/grand_bassin/images/stream_gbassinexch1.stream_2023-02-16_13-30-33/a96d32bc_f0005055.jpg
stream_gbassinexch1.stream_2023-02-16_13-30-33,development,339,5070,169.000,aerial,423,stream_gbassinexch1.stream_2023-02-16_13-30-33/a96d32bc_f0005070.jpg,https://huggingface.co/datasets/shivam11/grand-bassin-traffic/resolve/main/images/stream_gbassinexch1.stream_2023-02-16_13-30-33/a96d32bc_f0005070.jpg?download=true,data/raw/grand_bassin/images/stream_gbassinexch1.stream_2023-02-16_13-30-33/a96d32bc_f0005070.jpg
stream_gbassinexch1.stream_2023-02-16_13-30-33,development,340,5085,169.500,aerial,430,stream_gbassinexch1.stream_2023-02-16_13-30-33/a96d32bc_f0005085.jpg,https://huggingface.co/datasets/shivam11/grand-bassin-traffic/resolve/main/images/stream_gbassinexch1.stream_2023-02-16_13-30-33/a96d32bc_f0005085.jpg?download=true,data/raw/grand_bassin/images/stream_gbassinexch1.stream_2023-02-16_13-30-33/a96d32bc_f0005085.jpg
stream_gbassinexch1.stream_2023-02-16_13-30-33,development,341,5100,170.000,aerial,432,stream_gbassinexch1.stream_2023-02-16_13-30-33/a96d32bc_f0005100.jpg,https://huggingface.co/datasets/shivam11/grand-bassin-traffic/resolve/main/images/stream_gbassinexch1.stream_2023-02-16_13-30-33/a96d32bc_f0005100.jpg?download=true,data/raw/grand_bassin/images/stream_gbassinexch1.stream_2023-02-16_13-30-33/a96d32bc_f0005100.jpg
stream_gbassinexch1.stream_2023-02-16_13-30-33,development,342,5115,170.500,aerial,424,stream_gbassinexch1.stream_2023-02-16_13-30-33/a96d32bc_f0005115.jpg,https://huggingface.co/datasets/shivam11/grand-bassin-traffic/resolve/main/images/stream_gbassinexch1.stream_2023-02-16_13-30-33/a96d32bc_f0005115.jpg?download=true,data/raw/grand_bassin/images/stream_gbassinexch1.stream_2023-02-16_13-30-33/a96d32bc_f0005115.jpg
stream_gbassinexch1.stream_2023-02-16_13-30-33,development,343,5130,171.000,aerial,432,stream_gbassinexch1.stream_2023-02-16_13-30-33/a96d32bc_f0005130.jpg,https://huggingface.co/datasets/shivam11/grand-bassin-traffic/resolve/main/images/stream_gbassinexch1.stream_2023-02-16_13-30-33/a96d32bc_f0005130.jpg?download=true,data/raw/grand_bassin/images/stream_gbassinexch1.stream_2023-02-16_13-30-33/a96d32bc_f0005130.jpg
stream_gbassinexch1.stream_2023-02-16_13-30-33,development,344,5145,171.500,aerial,428,stream_gbassinexch1.stream_2023-02-16_13-30-33/a96d32bc_f0005145.jpg,https://huggingface.co/datasets/shivam11/grand-bassin-traffic/resolve/main/images/stream_gbassinexch1.stream_2023-02-16_13-30-33/a96d32bc_f0005145.jpg?download=true,data/raw/grand_bassin/images/stream_gbassinexch1.stream_2023-02-16_13-30-33/a96d32bc_f0005145.jpg
stream_gbassinexch1.stream_2023-02-16_13-30-33,development,345,5160,172.000,aerial,417,stream_gbassinexch1.stream_2023-02-16_13-30-33/a96d32bc_f0005160.jpg,https://huggingface.co/datasets/shivam11/grand-bassin-traffic/resolve/main/images/stream_gbassinexch1.stream_2023-02-16_13-30-33/a96d32bc_f0005160.jpg?download=true,data/raw/grand_bassin/images/stream_gbassinexch1.stream_2023-02-16_13-30-33/a96d32bc_f0005160.jpg
stream_gbassinexch1.stream_2023-02-16_13-30-33,development,346,5175,172.500,aerial,433,stream_gbassinexch1.stream_2023-02-16_13-30-33/a96d32bc_f0005175.jpg,https://huggingface.co/datasets/shivam11/grand-bassin-traffic/resolve/main/images/stream_gbassinexch1.stream_2023-02-16_13-30-33/a96d32bc_f0005175.jpg?download=true,data/raw/grand_bassin/images/stream_gbassinexch1.stream_2023-02-16_13-30-33/a96d32bc_f0005175.jpg
stream_gbassinexch1.stream_2023-02-16_13-30-33,development,347,5190,173.000,aerial,429,stream_gbassinexch1.stream_2023-02-16_13-30-33/a96d32bc_f0005190.jpg,https://huggingface.co/datasets/shivam11/grand-bassin-traffic/resolve/main/images/stream_gbassinexch1.stream_2023-02-16_13-30-33/a96d32bc_f0005190.jpg?download=true,data/raw/grand_bassin/images/stream_gbassinexch1.stream_2023-02-16_13-30-33/a96d32bc_f0005190.jpg
stream_gbassinexch1.stream_2023-02-16_13-30-33,development,348,5205,173.500,aerial,417,stream_gbassinexch1.stream_2023-02-16_13-30-33/a96d32bc_f0005205.jpg,https://huggingface.co/datasets/shivam11/grand-bassin-traffic/resolve/main/images/stream_gbassinexch1.stream_2023-02-16_13-30-33/a96d32bc_f0005205.jpg?download=true,data/raw/grand_bassin/images/stream_gbassinexch1.stream_2023-02-16_13-30-33/a96d32bc_f0005205.jpg
stream_gbassinexch1.stream_2023-02-16_13-30-33,development,349,5220,174.000,aerial,420,stream_gbassinexch1.stream_2023-02-16_13-30-33/a96d32bc_f0005220.jpg,https://huggingface.co/datasets/shivam11/grand-bassin-traffic/resolve/main/images/stream_gbassinexch1.stream_2023-02-16_13-30-33/a96d32bc_f0005220.jpg?download=true,data/raw/grand_bassin/images/stream_gbassinexch1.stream_2023-02-16_13-30-33/a96d32bc_f0005220.jpg
stream_gbassinexch1.stream_2023-02-16_13-30-33,development,350,5235,174.500,aerial,422,stream_gbassinexch1.stream_2023-02-16_13-30-33/a96d32bc_f0005235.jpg,https://huggingface.co/datasets/shivam11/grand-bassin-traffic/resolve/main/images/stream_gbassinexch1.stream_2023-02-16_13-30-33/a96d32bc_f0005235.jpg?download=true,data/raw/grand_bassin/images/stream_gbassinexch1.stream_2023-02-16_13-30-33/a96d32bc_f0005235.jpg
stream_gbassinexch1.stream_2023-02-16_13-30-33,development,351,5250,175.000,aerial,416,stream_gbassinexch1.stream_2023-02-16_13-30-33/a96d32bc_f0005250.jpg,https://huggingface.co/datasets/shivam11/grand-bassin-traffic/resolve/main/images/stream_gbassinexch1.stream_2023-02-16_13-30-33/a96d32bc_f0005250.jpg?download=true,data/raw/grand_bassin/images/stream_gbassinexch1.stream_2023-02-16_13-30-33/a96d32bc_f0005250.jpg
stream_gbassinexch1.stream_2023-02-16_13-30-33,development,352,5265,175.500,aerial,421,stream_gbassinexch1.stream_2023-02-16_13-30-33/a96d32bc_f0005265.jpg,https://huggingface.co/datasets/shivam11/grand-bassin-traffic/resolve/main/images/stream_gbassinexch1.stream_2023-02-16_13-30-33/a96d32bc_f0005265.jpg?download=true,data/raw/grand_bassin/images/stream_gbassinexch1.stream_2023-02-16_13-30-33/a96d32bc_f0005265.jpg
stream_gbassinexch1.stream_2023-02-16_13-30-33,development,353,5280,176.000,aerial,429,stream_gbassinexch1.stream_2023-02-16_13-30-33/a96d32bc_f0005280.jpg,https://huggingface.co/datasets/shivam11/grand-bassin-traffic/resolve/main/images/stream_gbassinexch1.stream_2023-02-16_13-30-33/a96d32bc_f0005280.jpg?download=true,data/raw/grand_bassin/images/stream_gbassinexch1.stream_2023-02-16_13-30-33/a96d32bc_f0005280.jpg
stream_gbassinexch1.stream_2023-02-16_13-30-33,development,354,5295,176.500,aerial,423,stream_gbassinexch1.stream_2023-02-16_13-30-33/a96d32bc_f0005295.jpg,https://huggingface.co/datasets/shivam11/grand-bassin-traffic/resolve/main/images/stream_gbassinexch1.stream_2023-02-16_13-30-33/a96d32bc_f0005295.jpg?download=true,data/raw/grand_bassin/images/stream_gbassinexch1.stream_2023-02-16_13-30-33/a96d32bc_f0005295.jpg
stream_gbassinexch1.stream_2023-02-16_13-30-33,development,355,5310,177.000,aerial,422,stream_gbassinexch1.stream_2023-02-16_13-30-33/a96d32bc_f0005310.jpg,https://huggingface.co/datasets/shivam11/grand-bassin-traffic/resolve/main/images/stream_gbassinexch1.stream_2023-02-16_13-30-33/a96d32bc_f0005310.jpg?download=true,data/raw/grand_bassin/images/stream_gbassinexch1.stream_2023-02-16_13-30-33/a96d32bc_f0005310.jpg
stream_gbassinexch1.stream_2023-02-16_13-30-33,development,356,5325,177.500,aerial,418,stream_gbassinexch1.stream_2023-02-16_13-30-33/a96d32bc_f0005325.jpg,https://huggingface.co/datasets/shivam11/grand-bassin-traffic/resolve/main/images/stream_gbassinexch1.stream_2023-02-16_13-30-33/a96d32bc_f0005325.jpg?download=true,data/raw/grand_bassin/images/stream_gbassinexch1.stream_2023-02-16_13-30-33/a96d32bc_f0005325.jpg
stream_gbassinexch1.stream_2023-02-16_13-30-33,development,357,5340,178.000,aerial,405,stream_gbassinexch1.stream_2023-02-16_13-30-33/a96d32bc_f0005340.jpg,https://huggingface.co/datasets/shivam11/grand-bassin-traffic/resolve/main/images/stream_gbassinexch1.stream_2023-02-16_13-30-33/a96d32bc_f0005340.jpg?download=true,data/raw/grand_bassin/images/stream_gbassinexch1.stream_2023-02-16_13-30-33/a96d32bc_f0005340.jpg
stream_gbassinexch1.stream_2023-02-16_13-30-33,development,358,5355,178.500,aerial,406,stream_gbassinexch1.stream_2023-02-16_13-30-33/a96d32bc_f0005355.jpg,https://huggingface.co/datasets/shivam11/grand-bassin-traffic/resolve/main/images/stream_gbassinexch1.stream_2023-02-16_13-30-33/a96d32bc_f0005355.jpg?download=true,data/raw/grand_bassin/images/stream_gbassinexch1.stream_2023-02-16_13-30-33/a96d32bc_f0005355.jpg
stream_gbassinexch1.stream_2023-02-16_13-30-33,development,359,5370,179.000,aerial,412,stream_gbassinexch1.stream_2023-02-16_13-30-33/a96d32bc_f0005370.jpg,https://huggingface.co/datasets/shivam11/grand-bassin-traffic/resolve/main/images/stream_gbassinexch1.stream_2023-02-16_13-30-33/a96d32bc_f0005370.jpg?download=true,data/raw/grand_bassin/images/stream_gbassinexch1.stream_2023-02-16_13-30-33/a96d32bc_f0005370.jpg
stream_gbassinexch1.stream_2023-02-16_13-30-33,development,360,5385,179.500,aerial,407,stream_gbassinexch1.stream_2023-02-16_13-30-33/a96d32bc_f0005385.jpg,https://huggingface.co/datasets/shivam11/grand-bassin-traffic/resolve/main/images/stream_gbassinexch1.stream_2023-02-16_13-30-33/a96d32bc_f0005385.jpg?download=true,data/raw/grand_bassin/images/stream_gbassinexch1.stream_2023-02-16_13-30-33/a96d32bc_f0005385.jpg
stream_gbassinexch1.stream_2023-02-16_13-30-33,development,361,5400,180.000,aerial,408,stream_gbassinexch1.stream_2023-02-16_13-30-33/a96d32bc_f0005400.jpg,https://huggingface.co/datasets/shivam11/grand-bassin-traffic/resolve/main/images/stream_gbassinexch1.stream_2023-02-16_13-30-33/a96d32bc_f0005400.jpg?download=true,data/raw/grand_bassin/images/stream_gbassinexch1.stream_2023-02-16_13-30-33/a96d32bc_f0005400.jpg
