image_id,frame_index,local_path,bytes,sha256
1208,0,data/raw/grand_bassin/images/stream_gbassinexch1.stream_2023-02-16_16-34-07/25edd9b3_f0000000.jpg,497808,6460e0cb245bf7f364655b320d1567e2276819f8b92182c02b6471db1668a481
1209,12,data/raw/grand_bassin/images/stream_gbassinexch1.stream_2023-02-16_16-34-07/25edd9b3_f0000012.jpg,502370,819abd149ef8cbd8aab71b34326bc276e1e3af78f2fb1e490b95783c5211a847
1210,24,data/raw/grand_bassin/images/stream_gbassinexch1.stream_2023-02-16_16-34-07/25edd9b3_f0000024.jpg,504453,7b3bf3fcac1d2d217e3378a4b727a039f40a89eee6a96431fefb570aea34086e
1211,36,data/raw/grand_bassin/images/stream_gbassinexch1.stream_2023-02-16_16-34-07/25edd9b3_f0000036.jpg,505852,e3a4e72a6c12e28138c6fb476afb4dc79d2abfb2ce4211999af6dc6a69cb137f
1212,48,data/raw/grand_bassin/images/stream_gbassinexch1.stream_2023-02-16_16-34-07/25edd9b3_f0000048.jpg,507102,b1040e4b562260d21b520fc5454b85518474b0842b5dd566970fb22c09c10ec1
1213,60,data/raw/grand_bassin/images/stream_gbassinexch1.stream_2023-02-16_16-34-07/25edd9b3_f0000060.jpg,508130,ff2f20a8209753cfb38c6860298cb1281966be289300cb8db23bfe41bd1b8f30
1214,72,data/raw/grand_bassin/images/stream_gbassinexch1.stream_2023-02-16_16-34-07/25edd9b3_f0000072.jpg,508605,2ce3cc54ca83f6ca3b91cfe3a88e645a41cc345bb0532ed2470ee4f6d0e5901c
1215,84,data/raw/grand_bassin/images/stream_gbassinexch1.stream_2023-02-16_16-34-07/25edd9b3_f0000084.jpg,509183,673780ead3aac8ceeda9f6ab631f47417594c3ba3c08b9518981318d235f8ca2
1216,96,data/raw/grand_bassin/images/stream_gbassinexch1.stream_2023-02-16_16-34-07/25edd9b3_f0000096.jpg,510003,b7fc82ca711ab8d9147b1ccc712bea35130ba3be87d4c74a9360e0f9669c946c
1217,108,data/raw/grand_bassin/images/stream_gbassinexch1.stream_2023-02-16_16-34-07/25edd9b3_f0000108.jpg,510558,218bce1ac42ebe0f766aafcc4264ffec411461ba26690001c617a0af6b73f1af
1218,120,data/raw/grand_bassin/images/stream_gbassinexch1.stream_2023-02-16_16-34-07/25edd9b3_f0000120.jpg,510749,d3e0a311cf344a612a00d9fd017edf6dfad7b2fa9e07fd482490da0472ce5d9a
1219,132,data/raw/grand_bassin/images/stream_gbassinexch1.stream_2023-02-16_16-34-07/25edd9b3_f0000132.jpg,510966,6d2b0d59c80284d8ee5b2e76dc8673cea54d20c0f356c5880d122386316823e1
1220,144,data/raw/grand_bassin/images/stream_gbassinexch1.stream_2023-02-16_16-34-07/25edd9b3_f0000144.jpg,511655,07238765d627990382d21d1bd9c3619662fe0cc71d555b8a29cda13d855d065a
1221,156,data/raw/grand_bassin/images/stream_gbassinexch1.stream_2023-02-16_16-34-07/25edd9b3_f0000156.jpg,512307,03a05c6f0ab8262294eb4caee85bd5af2ac19bdaeae2f17e7fd0f9f7788552cd
1222,168,data/raw/grand_bassin/images/stream_gbassinexch1.stream_2023-02-16_16-34-07/25edd9b3_f0000168.jpg,512858,3b10914cdc0324569f98243ae26d7d3f4c05e7b6a23bd89bec6eb8d4fd288c1f
1223,180,data/raw/grand_bassin/images/stream_gbassinexch1.stream_2023-02-16_16-34-07/25edd9b3_f0000180.jpg,499162,8a1a2a4e17755f0a270ee3ec679627000675e6d31abaca00411fc75d82fe4639
1224,192,data/raw/grand_bassin/images/stream_gbassinexch1.stream_2023-02-16_16-34-07/25edd9b3_f0000192.jpg,502893,b667252136ff455256cf562086ccbe9e15e8187dcf2bef1d421fdb795d27a16f
1225,204,data/raw/grand_bassin/images/stream_gbassinexch1.stream_2023-02-16_16-34-07/25edd9b3_f0000204.jpg,504294,df733e6a7eabb4cc9a03904dc9005436f5b8811cda46be0a81bbabe872264341
1226,216,data/raw/grand_bassin/images/stream_gbassinexch1.stream_2023-02-16_16-34-07/25edd9b3_f0000216.jpg,505673,ea0a54c74ccd08728a11c71be0f1d8d06e23da38de1a228ec9ac61c9e81b84a0
1227,228,data/raw/grand_bassin/images/stream_gbassinexch1.stream_2023-02-16_16-34-07/25edd9b3_f0000228.jpg,506698,7a51549c07e59a6bdeefca1ce97c94c531a9ffcd294a42115fe8fe7fdd3a9823
1228,240,data/raw/grand_bassin/images/stream_gbassinexch1.stream_2023-02-16_16-34-07/25edd9b3_f0000240.jpg,507951,25b9093bcc1687b4afd51b563cf1392c2b68022daf7c5d2258cfff5211aa71a6
1229,252,data/raw/grand_bassin/images/stream_gbassinexch1.stream_2023-02-16_16-34-07/25edd9b3_f0000252.jpg,508628,80a911bb530dd2d1e6a180a1850dcba1d5f457906dc76e66b56e4fb0b8d6a002
1230,264,data/raw/grand_bassin/images/stream_gbassinexch1.stream_2023-02-16_16-34-07/25edd9b3_f0000264.jpg,509260,bf522e4530269dca9c033df3f0cf94e5223bf20450e600d995c4c5208408f775
1231,276,data/raw/grand_bassin/images/stream_gbassinexch1.stream_2023-02-16_16-34-07/25edd9b3_f0000276.jpg,509935,c7955f88a6f3c91a3be9ccc6e61a065d22c6f5fc109ce3a7c4d7b1cd4352e720
1232,288,data/raw/grand_bassin/images/stream_gbassinexch1.stream_2023-02-16_16-34-07/25edd9b3_f0000288.jpg,510757,512fba26c5b175b02c966eeeb6d4cfa2706d582bbe21049039b85e309bf2b292
1233,300,data/raw/grand_bassin/images/stream_gbassinexch1.stream_2023-02-16_16-34-07/25edd9b3_f0000300.jpg,511258,0e150820f8980eb913a0c7d92f8a8d01504e357a8ea08d1b1fd27ff87331e8aa
1234,312,data/raw/grand_bassin/images/stream_gbassinexch1.stream_2023-02-16_16-34-07/25edd9b3_f0000312.jpg,511926,a36c74fd454da4ab65437f119f2d60d5ca7f0a3d8ace4c735cd7883f69500a8e
1235,324,data/raw/grand_bassin/images/stream_gbassinexch1.stream_2023-02-16_16-34-07/25edd9b3_f0000324.jpg,512771,01cbfb9be87e29fe8ccef0c85308c4b2d8e83c34a01616bd493af81a822b205b
1236,336,data/raw/grand_bassin/images/stream_gbassinexch1.stream_2023-02-16_16-34-07/25edd9b3_f0000336.jpg,513707,2a7a93be2b0128cf578b0609a2228fda01e8c480f42cc7a19c57f795d7caec6c
1237,348,data/raw/grand_bassin/images/stream_gbassinexch1.stream_2023-02-16_16-34-07/25edd9b3_f0000348.jpg,513896,0ca17b65341b9f27eb548a709304bf7646b4622960ac09ca6fe02c121508cbea
1238,360,data/raw/grand_bassin/images/stream_gbassinexch1.stream_2023-02-16_16-34-07/25edd9b3_f0000360.jpg,500768,d4b0ce4330f8950e9b2ec5e1d9ff727b5c46e8ec41bcd5fa8d7d2c5905fe18e1
1239,372,data/raw/grand_bassin/images/stream_gbassinexch1.stream_2023-02-16_16-34-07/25edd9b3_f0000372.jpg,503410,0730dd51cf3b9bcb22d32de4192dc46747f64a6a155d2bb0e49c55964ed3c3c5
1240,384,data/raw/grand_bassin/images/stream_gbassinexch1.stream_2023-02-16_16-34-07/25edd9b3_f0000384.jpg,505231,99169287e99bff63e8a2f74ab0861aa369b3375bb5159dc8ed8cebfdb461549a
1241,396,data/raw/grand_bassin/images/stream_gbassinexch1.stream_2023-02-16_16-34-07/25edd9b3_f0000396.jpg,506360,07a37eeffa90ced4df9228b78b9ca434651faa4101b57626082a8792499bc575
1242,408,data/raw/grand_bassin/images/stream_gbassinexch1.stream_2023-02-16_16-34-07/25edd9b3_f0000408.jpg,507939,df2e0d95beee0bde35bcb512b4aa974c8415e04e013b3a406133419cce5e5a0c
1243,420,data/raw/grand_bassin/images/stream_gbassinexch1.stream_2023-02-16_16-34-07/25edd9b3_f0000420.jpg,508838,72a8d86e469b7a46bbef59a4329c83632aa967224df33c8185660b9c948ed3b4
1244,432,data/raw/grand_bassin/images/stream_gbassinexch1.stream_2023-02-16_16-34-07/25edd9b3_f0000432.jpg,509655,44044d3957269dfb9c4a2e6defb408758ca8cb3fc4b3ae9df5aa91614b6e6c28
1245,444,data/raw/grand_bassin/images/stream_gbassinexch1.stream_2023-02-16_16-34-07/25edd9b3_f0000444.jpg,510714,143a10353ef82b17e45eb8d3449fb1bf04f6489334b727c97f85e2764ffe9d7e
1246,456,data/raw/grand_bassin/images/stream_gbassinexch1.stream_2023-02-16_16-34-07/25edd9b3_f0000456.jpg,511233,93a963e2755568dc11c5f5422fcb3209bfd18b507886b0708899132751b8a4ad
1247,468,data/raw/grand_bassin/images/stream_gbassinexch1.stream_2023-02-16_16-34-07/25edd9b3_f0000468.jpg,511745,a20c394236a0d1270ef0e4d84ce8abcebf0d12e96cb6d4c5ae59121702a80dcf
1248,480,data/raw/grand_bassin/images/stream_gbassinexch1.stream_2023-02-16_16-34-07/25edd9b3_f0000480.jpg,512185,7e4db9d61189ed61e260733251796ceba8972bc4d062f0974f916a4cda573b42
1249,492,data/raw/grand_bassin/images/stream_gbassinexch1.stream_2023-02-16_16-34-07/25edd9b3_f0000492.jpg,512814,96c799b60991d22fd40347cca941b620e123ebd921740a73c87f2bc7bb6c7b15
1250,504,data/raw/grand_bassin/images/stream_gbassinexch1.stream_2023-02-16_16-34-07/25edd9b3_f0000504.jpg,513688,95c942e6e5cfed73a411b2cb991eb9294a2f480b862dee0a4f31bfd8f570d9ee
1251,516,data/raw/grand_bassin/images/stream_gbassinexch1.stream_2023-02-16_16-34-07/25edd9b3_f0000516.jpg,513788,250fc8b1284ba7fd6c521516868c10fed37f8875159c96ef95663a9c8ed0578f
1252,528,data/raw/grand_bassin/images/stream_gbassinexch1.stream_2023-02-16_16-34-07/25edd9b3_f0000528.jpg,514112,1ad60dff1456380c700266eb8572fd5b16c0a44726fcde93c9393839818e825c
1253,540,data/raw/grand_bassin/images/stream_gbassinexch1.stream_2023-02-16_16-34-07/25edd9b3_f0000540.jpg,501627,7f923194b6548fcfc25ef1e21c01d7b9171a05e39942af480861bae4f3aeba7b
1254,552,data/raw/grand_bassin/images/stream_gbassinexch1.stream_2023-02-16_16-34-07/25edd9b3_f0000552.jpg,504094,5f57aed648fdfb85b514b53bd0865e8660ee19d1d6ebb96a2b6f50ef918d50fb
1255,564,data/raw/grand_bassin/images/stream_gbassinexch1.stream_2023-02-16_16-34-07/25edd9b3_f0000564.jpg,505258,42bce56f9b66aa49a3ba6b3174d8a25d648e81e38873ae6816989dc3af1d96d1
1256,576,data/raw/grand_bassin/images/stream_gbassinexch1.stream_2023-02-16_16-34-07/25edd9b3_f0000576.jpg,506327,bb72481db16fca0ec1f3f705db1437ca651002b1d20f5192dbab8fd00abc1243
1257,588,data/raw/grand_bassin/images/stream_gbassinexch1.stream_2023-02-16_16-34-07/25edd9b3_f0000588.jpg,507218,961cf432085aa1496ad9fc427717e70f34169caf0af2d2cc39f39727ba5cc736
1258,600,data/raw/grand_bassin/images/stream_gbassinexch1.stream_2023-02-16_16-34-07/25edd9b3_f0000600.jpg,508049,8e5b172a553e5c588ffae940f243d6702b2eab1d0a224f5bdd64e897207a6b7c
1259,612,data/raw/grand_bassin/images/stream_gbassinexch1.stream_2023-02-16_16-34-07/25edd9b3_f0000612.jpg,509356,d2574dcdc7462f4a4f2fd751e42f9d652e3cf6e052a8618fbe0b3e4bb750b209
1260,624,data/raw/grand_bassin/images/stream_gbassinexch1.stream_2023-02-16_16-34-07/25edd9b3_f0000624.jpg,510520,bdcd3ab620842ceaded2fb86e5ce883fdf228b927a7b56e7a4c512ce5d23b4c9
1261,636,data/raw/grand_bassin/images/stream_gbassinexch1.stream_2023-02-16_16-34-07/25edd9b3_f0000636.jpg,510734,c78d3157987450eacb360a3a0ad1e5a7a47b8d7ac1fceed8481109d87d124071
1262,648,data/raw/grand_bassin/images/stream_gbassinexch1.stream_2023-02-16_16-34-07/25edd9b3_f0000648.jpg,510850,0ccbc2b3816f199001ba8daade63317781e2508c4f386eb7ba595c2e2e12ae03
1263,660,data/raw/grand_bassin/images/stream_gbassinexch1.stream_2023-02-16_16-34-07/25edd9b3_f0000660.jpg,510799,13ce6c3ffcc11b3fd9078ca76706b2ee48e16bd7dda825b00fa4aa0ad7a5bf0d
1264,672,data/raw/grand_bassin/images/stream_gbassinexch1.stream_2023-02-16_16-34-07/25edd9b3_f0000672.jpg,511349,8e205ad291198f5b74afb8aab9076a4bedf8fa6dd3f4d07717002c1ed012382d
1265,684,data/raw/grand_bassin/images/stream_gbassinexch1.stream_2023-02-16_16-34-07/25edd9b3_f0000684.jpg,512333,72459d7c100125b30b57641fe8ba51c111bbc33164dafc8543881f2d60467ab7
1266,696,data/raw/grand_bassin/images/stream_gbassinexch1.stream_2023-02-16_16-34-07/25edd9b3_f0000696.jpg,513551,1c03ece7347476786a0978bc23b85c1ae8ccc3765511d524d3c501d4f88b3984
1267,708,data/raw/grand_bassin/images/stream_gbassinexch1.stream_2023-02-16_16-34-07/25edd9b3_f0000708.jpg,514539,460fc73c1a78a562eef4e7951f696cb7f641b3ab8fb6c5d187c9b127e398290a
1268,720,data/raw/grand_bassin/images/stream_gbassinexch1.stream_2023-02-16_16-34-07/25edd9b3_f0000720.jpg,502609,b51f7b9edf325ca382d48f719b328544e9de175641fa0ab460bd190e873e5701
1269,732,data/raw/grand_bassin/images/stream_gbassinexch1.stream_2023-02-16_16-34-07/25edd9b3_f0000732.jpg,504592,cb91a17c940beb15ab2958c7e0f1821feca628e5c3986b7c0e8d67b15ebe0762
1270,744,data/raw/grand_bassin/images/stream_gbassinexch1.stream_2023-02-16_16-34-07/25edd9b3_f0000744.jpg,505817,e56fa4c2699526534196a7af78fb1462da444334d1101b145705286d47fa140e
1271,756,data/raw/grand_bassin/images/stream_gbassinexch1.stream_2023-02-16_16-34-07/25edd9b3_f0000756.jpg,506813,c81765c17af066ec0021f68fe44c1ba5e382b8a127f35f4a6e5b90930405b710
1272,768,data/raw/grand_bassin/images/stream_gbassinexch1.stream_2023-02-16_16-34-07/25edd9b3_f0000768.jpg,507405,6f3a092e7b83d905658eaeb48ff978bd401caa7881cafde54e3df460e2745eef
1273,780,data/raw/grand_bassin/images/stream_gbassinexch1.stream_2023-02-16_16-34-07/25edd9b3_f0000780.jpg,507891,a4cc1aa39a196ae59ffe67a0f0c6d278b5510a39a9d032712d7b6407529ce00e
1274,792,data/raw/grand_bassin/images/stream_gbassinexch1.stream_2023-02-16_16-34-07/25edd9b3_f0000792.jpg,508869,9719e509ab0f07c4b9b36c40f81b0ee89aa797374e85ddbc7b03bb17054d76e7
1275,804,data/raw/grand_bassin/images/stream_gbassinexch1.stream_2023-02-16_16-34-07/25edd9b3_f0000804.jpg,509734,58ca8efe60ae25a63709142663d8c7392b48a7ae43c06f1cf7b2ab313456db5f
1276,816,data/raw/grand_bassin/images/stream_gbassinexch1.stream_2023-02-16_16-34-07/25edd9b3_f0000816.jpg,510124,a4c666cfebe0b46f5b1f47e75ef8d16241b8f1aefb6ba58f80020161f925329a
1277,828,data/raw/grand_bassin/images/stream_gbassinexch1.stream_2023-02-16_16-34-07/25edd9b3_f0000828.jpg,510623,7b09c103c8a4f8463ff0d31fed0b31b6dab783fcf90bb3722f332e645fe3f303
1278,840,data/raw/grand_bassin/images/stream_gbassinexch1.stream_2023-02-16_16-34-07/25edd9b3_f0000840.jpg,511111,e605590452cd34f8461161eba58e38450953754ecf16fd58d0f28dad56c8e0f4
1279,852,data/raw/grand_bassin/images/stream_gbassinexch1.stream_2023-02-16_16-34-07/25edd9b3_f0000852.jpg,511356,7765857b3072b0b88674e34a40b9e44eaf8f2525a0d5d1a9be62828887dd9954
1280,864,data/raw/grand_bassin/images/stream_gbassinexch1.stream_2023-02-16_16-34-07/25edd9b3_f0000864.jpg,511984,6e59c9e45a0c7452a0cc4f64f20e55d87af4368331430904235a033d460af500
1281,876,data/raw/grand_bassin/images/stream_gbassinexch1.stream_2023-02-16_16-34-07/25edd9b3_f0000876.jpg,513119,5a7e94b7f0f392afd01d7ae169831f7cfe58adf4e117f101eacd14c2b8e157e7
1282,888,data/raw/grand_bassin/images/stream_gbassinexch1.stream_2023-02-16_16-34-07/25edd9b3_f0000888.jpg,513595,422df50557cdc3fe7a990fe534bc45b13f6c09c2e74dd9570a073830842b3eda
1283,900,data/raw/grand_bassin/images/stream_gbassinexch1.stream_2023-02-16_16-34-07/25edd9b3_f0000900.jpg,500973,12e9c03beca0b91de69c8805d0c69eab3ddb244d4cbebab7e61aa771000961d5
1284,912,data/raw/grand_bassin/images/stream_gbassinexch1.stream_2023-02-16_16-34-07/25edd9b3_f0000912.jpg,503572,030a806051187e36782ad323d7a52f1a644b156fd3615ef65284d7e35f3e481f
1285,924,data/raw/grand_bassin/images/stream_gbassinexch1.stream_2023-02-16_16-34-07/25edd9b3_f0000924.jpg,504917,0c47d46af8db3a434e732bcb987c1632ff15b7942d84edb61e9071e3421017d9
1286,936,data/raw/grand_bassin/images/stream_gbassinexch1.stream_2023-02-16_16-34-07/25edd9b3_f0000936.jpg,505951,bd1ff40acda65c00ff5c6e26fd3999a24d4bc9a5f38ebd0f0f1bc961e25de621
1287,948,data/raw/grand_bassin/images/stream_gbassinexch1.stream_2023-02-16_16-34-07/25edd9b3_f0000948.jpg,506828,ec24366d0d2750ca5cd3b228a3c557e7f19858923800313efe8d632086ff48a0
1288,960,data/raw/grand_bassin/images/stream_gbassinexch1.stream_2023-02-16_16-34-07/25edd9b3_f0000960.jpg,507946,e0bb706d80806aebda3322432f86a299dcf026839ac48bdb0819f9bff1ec3176
1289,972,data/raw/grand_bassin/images/stream_gbassinexch1.stream_2023-02-16_16-34-07/25edd9b3_f0000972.jpg,508910,45f93faa0d20ad8664cf6f8ca733b0d9f12a87fb58bd128becc070f04fec3ccc
1290,984,data/raw/grand_bassin/images/stream_gbassinexch1.stream_2023-02-16_16-34-07/25edd9b3_f0000984.jpg,509465,397de3b2e7cc7c05165c54340cc0634bd583cfd1e904a063d03cde0261589f4f
1291,996,data/raw/grand_bassin/images/stream_gbassinexch1.stream_2023-02-16_16-34-07/25edd9b3_f0000996.jpg,510260,0429a6b7f24b5fdd7d8286990141c8c23d359f9f0127f42a67e854997e66b94a
1292,1008,data/raw/grand_bassin/images/stream_gbassinexch1.stream_2023-02-16_16-34-07/25edd9b3_f0001008.jpg,511113,ba781f0471abdc38113124afe51dbf4aa63980abb4fbb653001469bc1479cd8f
1293,1020,data/raw/grand_bassin/images/stream_gbassinexch1.stream_2023-02-16_16-34-07/25edd9b3_f0001020.jpg,511693,b9fee1ce64b2192987cf3cc959a787d54320a43f7a47027d365894ec58aa6305
1294,1032,data/raw/grand_bassin/images/stream_gbassinexch1.stream_2023-02-16_16-34-07/25edd9b3_f0001032.jpg,512466,3cd14396ee5f5e7bdc7c79ff3c76da8a065e3e32b3eb38acce1163342c7d7f6b
1295,1044,data/raw/grand_bassin/images/stream_gbassinexch1.stream_2023-02-16_16-34-07/25edd9b3_f0001044.jpg,513102,a5cf26fce597e4d911057fa87d0699af4f19d1d7734c3b3335940385683419ee
1296,1056,data/raw/grand_bassin/images/stream_gbassinexch1.stream_2023-02-16_16-34-07/25edd9b3_f0001056.jpg,513522,ced9c776b6bb895b44953d562d1ee153be352bc23fde3ae6a50888c01fc72a11
1297,1068,data/raw/grand_bassin/images/stream_gbassinexch1.stream_2023-02-16_16-34-07/25edd9b3_f0001068.jpg,496689,4b30045fb52a301f885e63e94415bab8206d733baad55029ecb4f14923ca4eb3
1298,1080,data/raw/grand_bassin/images/stream_gbassinexch1.stream_2023-02-16_16-34-07/25edd9b3_f0001080.jpg,502183,212d5a8d55e47ffc6719680eb8c794559c94a31aa27b42586721ed3afcc0fe3b
1299,1092,data/raw/grand_bassin/images/stream_gbassinexch1.stream_2023-02-16_16-34-07/25edd9b3_f0001092.jpg,504362,b3821798222d93b183aacee90bccb22c49b27616c99fa949c4739c9097cc5279
1300,1104,data/raw/grand_bassin/images/stream_gbassinexch1.stream_2023-02-16_16-34-07/25edd9b3_f0001104.jpg,506428,76e40e6c4730b86ccd51f69571040d557fbf009822e16ab946ed1bc993ac7564
1301,1116,data/raw/grand_bassin/images/stream_gbassinexch1.stream_2023-02-16_16-34-07/25edd9b3_f0001116.jpg,507850,917e785cd48817d39c8b1168106489fde9e13ec6168b1cbe3ea2a45a9a063e39
1302,1128,data/raw/grand_bassin/images/stream_gbassinexch1.stream_2023-02-16_16-34-07/25edd9b3_f0001128.jpg,509631,2cbab22d77976e53ce87ae8e03a63e582a120fc898344d7d88d159aedf999c28
1303,1140,data/raw/grand_bassin/images/stream_gbassinexch1.stream_2023-02-16_16-34-07/25edd9b3_f0001140.jpg,510637,3870ecca28e3984d8527691e7d8f6ee9d99e4315f8aae9cee37c8027d061fc72
1304,1152,data/raw/grand_bassin/images/stream_gbassinexch1.stream_2023-02-16_16-34-07/25edd9b3_f0001152.jpg,511636,627b05b68f95026a67def421a1504579628138252bc992ec439eeedb6bb3390e
1305,1164,data/raw/grand_bassin/images/stream_gbassinexch1.stream_2023-02-16_16-34-07/25edd9b3_f0001164.jpg,512188,29ee975bbe1213dca55e2d2b37c8e42a5b057cc6ae1921525a68c4ead93a864a
1306,1176,data/raw/grand_bassin/images/stream_gbassinexch1.stream_2023-02-16_16-34-07/25edd9b3_f0001176.jpg,512862,2f321fdde604db376dbade870bb22e026cc5bc5f64eeba55e2947ee5c86e17b4
1307,1188,data/raw/grand_bassin/images/stream_gbassinexch1.stream_2023-02-16_16-34-07/25edd9b3_f0001188.jpg,512878,8033a585ee4c822d02c5d4aedd4f64367da6401359e24a19f3448f02ff0237b7
1308,1200,data/raw/grand_bassin/images/stream_gbassinexch1.stream_2023-02-16_16-34-07/25edd9b3_f0001200.jpg,513188,46caa4fe4e94ab5911bdfd113fcece9fcdd8b7cb7cb519f2bddb18b8b3bbf68a
1309,1212,data/raw/grand_bassin/images/stream_gbassinexch1.stream_2023-02-16_16-34-07/25edd9b3_f0001212.jpg,513356,4116d2ea14d6345b9e04e3e3057d62a207073069c82b94fe2e1fb5321ed05064
1310,1224,data/raw/grand_bassin/images/stream_gbassinexch1.stream_2023-02-16_16-34-07/25edd9b3_f0001224.jpg,513386,29b3dcc78c894adc0a1c354880452b286cd6cbf1c708a4d0494be07c4cb2f5b1
1311,1236,data/raw/grand_bassin/images/stream_gbassinexch1.stream_2023-02-16_16-34-07/25edd9b3_f0001236.jpg,513642,19a4f704ce76cf40fad0667c03c3e81f91c293b6143cc994d56b06122a83e2ea
1312,1248,data/raw/grand_bassin/images/stream_gbassinexch1.stream_2023-02-16_16-34-07/25edd9b3_f0001248.jpg,500466,97e672fe2f1b7dd48b02d44cb29d2f9f1d73678058ee539a955085f0e9c884d9
1313,1260,data/raw/grand_bassin/images/stream_gbassinexch1.stream_2023-02-16_16-34-07/25edd9b3_f0001260.jpg,502777,a2cbdc123a0cc96c07f44cea3767a757ad4c2bc053f3fae17e3e979736ce83c2
1314,1272,data/raw/grand_bassin/images/stream_gbassinexch1.stream_2023-02-16_16-34-07/25edd9b3_f0001272.jpg,504391,c9ef251736499ca949a5d25a7436d5054994880b7d086dfe07dff865750c79a1
1315,1284,data/raw/grand_bassin/images/stream_gbassinexch1.stream_2023-02-16_16-34-07/25edd9b3_f0001284.jpg,505434,a79408fbaf309dd4c7023dc6e971af7359097b0b4597a772e3ecf358ad8cbd4d
1316,1296,data/raw/grand_bassin/images/stream_gbassinexch1.stream_2023-02-16_16-34-07/25edd9b3_f0001296.jpg,506286,1aeffabdbfc66bfbc1d17b693fa615ef1d60f5abd06a789bb334d68db03bd476
1317,1308,data/raw/grand_bassin/images/stream_gbassinexch1.stream_2023-02-16_16-34-07/25edd9b3_f0001308.jpg,506554,ccea6b13dee5cb09d602d4a7786121edce3ddde92986bfce98bb7be62cb02b7b
1318,1320,data/raw/grand_bassin/images/stream_gbassinexch1.stream_2023-02-16_16-34-07/25edd9b3_f0001320.jpg,507050,dafa7a845dc11810fdf3dca0f906a6979b2cd72e3ab9b19af1330b3f22132a92
1319,1332,data/raw/grand_bassin/images/stream_gbassinexch1.stream_2023-02-16_16-34-07/25edd9b3_f0001332.jpg,507360,a212d017277449676a44aab966d30863ef8adf125455c6c7e26e996893a24fe7
1320,1344,data/raw/grand_bassin/images/stream_gbassinexch1.stream_2023-02-16_16-34-07/25edd9b3_f0001344.jpg,508000,1878012c500f0ffed18a83d9aafacd5607ae61a872b0b49e24833bc1b7754d8e
1321,1356,data/raw/grand_bassin/images/stream_gbassinexch1.stream_2023-02-16_16-34-07/25edd9b3_f0001356.jpg,508721,81fd1b42a73527b3c7c1a6dc60aef9ecfcd47c39078015067b71900ca90d6baa
1322,1368,data/raw/grand_bassin/images/stream_gbassinexch1.stream_2023-02-16_16-34-07/25edd9b3_f0001368.jpg,509101,379919fcc79092e2a77bf8b0dc8924488141990b89d335e86d6775d955cdd3aa
1323,1380,data/raw/grand_bassin/images/stream_gbassinexch1.stream_2023-02-16_16-34-07/25edd9b3_f0001380.jpg,509541,f0e4f98329ce7d827929076f474bc20983a3b57f9cf59fba3f0b3d4db8f1edda
1324,1392,data/raw/grand_bassin/images/stream_gbassinexch1.stream_2023-02-16_16-34-07/25edd9b3_f0001392.jpg,510109,0194bdefbb390e1cd136dd19ff086e0e27f148d27b653c672dd15b014b496142
1325,1404,data/raw/grand_bassin/images/stream_gbassinexch1.stream_2023-02-16_16-34-07/25edd9b3_f0001404.jpg,510030,5e79506b5b4555ff50c7e49c6ad487af409a228189a87c8ac55e8d26633ef594
1326,1416,data/raw/grand_bassin/images/stream_gbassinexch1.stream_2023-02-16_16-34-07/25edd9b3_f0001416.jpg,511046,fbcd0b9bf241cf19d62e9fc33dbc164dc81737d07eed7f77a2ae7f1367ff338f
1327,1428,data/raw/grand_bassin/images/stream_gbassinexch1.stream_2023-02-16_16-34-07/25edd9b3_f0001428.jpg,499102,80d9300fe762b5013aa869132f026379a4de31a0329d2022d9167baf64035d8c
1328,1440,data/raw/grand_bassin/images/stream_gbassinexch1.stream_2023-02-16_16-34-07/25edd9b3_f0001440.jpg,501744,d76dba71d1df336db70df5e1a554b1d7e5386115a0e73f9c5cd2437875d09f6e
1329,1452,data/raw/grand_bassin/images/stream_gbassinexch1.stream_2023-02-16_16-34-07/25edd9b3_f0001452.jpg,503265,f3416f86857e64d581a9989bce5c9ea73752847fefb768e3851e302e8ae89598
1330,1464,data/raw/grand_bassin/images/stream_gbassinexch1.stream_2023-02-16_16-34-07/25edd9b3_f0001464.jpg,504545,405215315cc5a69cd79673a1068809bca1be2882464cb55208c369782a1dac4b
1331,1476,data/raw/grand_bassin/images/stream_gbassinexch1.stream_2023-02-16_16-34-07/25edd9b3_f0001476.jpg,505505,90e7664a0ad340c37b7350eb44a4e9f3fa74564359faf58ec6a1288bde13d06b
1332,1488,data/raw/grand_bassin/images/stream_gbassinexch1.stream_2023-02-16_16-34-07/25edd9b3_f0001488.jpg,506113,bee96325a253f6191ac599b1c9f3a4d753ad91deccef0d286fa7f843027a0333
1333,1500,data/raw/grand_bassin/images/stream_gbassinexch1.stream_2023-02-16_16-34-07/25edd9b3_f0001500.jpg,506996,0197526df590f9e8c0c704a425b3e8fe0c3cee94402e998cb7dbb5d871515a8c
1334,1512,data/raw/grand_bassin/images/stream_gbassinexch1.stream_2023-02-16_16-34-07/25edd9b3_f0001512.jpg,507590,0865acc49751d8fcfae292da294e739612672d4f1512d070debd3d53f6922725
1335,1524,data/raw/grand_bassin/images/stream_gbassinexch1.stream_2023-02-16_16-34-07/25edd9b3_f0001524.jpg,508265,3e2820a4af852a4b03b2d1058f7cf40fe106e8c3553a8ba5532b17232318066b
1336,1536,data/raw/grand_bassin/images/stream_gbassinexch1.stream_2023-02-16_16-34-07/25edd9b3_f0001536.jpg,508679,f72f7a3d0534e8402c24106b9bf6b0d8c35b5ffb92f7c9740952dc5240b1e28a
1337,1548,data/raw/grand_bassin/images/stream_gbassinexch1.stream_2023-02-16_16-34-07/25edd9b3_f0001548.jpg,508903,c99713e7cc124bbf1c906894d7144b5052401cdc5cb0f1ed41c696e46a7b3b5b
1338,1560,data/raw/grand_bassin/images/stream_gbassinexch1.stream_2023-02-16_16-34-07/25edd9b3_f0001560.jpg,509327,4bc06f6e6acff60b92925e961cba9137b6e4de547fe2c7b51cbe6747e7efd539
1339,1572,data/raw/grand_bassin/images/stream_gbassinexch1.stream_2023-02-16_16-34-07/25edd9b3_f0001572.jpg,509885,4b3ff61a66dc84568fd8a51d8b351c69da8e578d765b45be0839c305ca102b94
1340,1584,data/raw/grand_bassin/images/stream_gbassinexch1.stream_2023-02-16_16-34-07/25edd9b3_f0001584.jpg,510283,11e2bf014e9732dbea1317e569484bc50e6faaf1f49994f046e65d64bc61665a
1341,1596,data/raw/grand_bassin/images/stream_gbassinexch1.stream_2023-02-16_16-34-07/25edd9b3_f0001596.jpg,510078,5e8bdb1e395e70cb778ed127d738d9c3bc3be0460923c82d89586a3400ce7732
1342,1608,data/raw/grand_bassin/images/stream_gbassinexch1.stream_2023-02-16_16-34-07/25edd9b3_f0001608.jpg,498712,4cae9380e03d5081a16a20e4de003e218e76b9728231155ff50228b48e1bec5e
1343,1620,data/raw/grand_bassin/images/stream_gbassinexch1.stream_2023-02-16_16-34-07/25edd9b3_f0001620.jpg,501036,3a43e630aa9e6de968f0933dd99690232635c02378deb6d6f63836a0c5672f99
1344,1632,data/raw/grand_bassin/images/stream_gbassinexch1.stream_2023-02-16_16-34-07/25edd9b3_f0001632.jpg,502419,24ce078ec545d3f494470f98d4a5e975f19c4b612b0737594187e693f6df4fc2
1345,1644,data/raw/grand_bassin/images/stream_gbassinexch1.stream_2023-02-16_16-34-07/25edd9b3_f0001644.jpg,503498,73626e37409113f0079a36abd502abc31dd35d8576c2ee01c65d3d1c253cb2c4
1346,1656,data/raw/grand_bassin/images/stream_gbassinexch1.stream_2023-02-16_16-34-07/25edd9b3_f0001656.jpg,504572,710fd2559f3dffef541a15df5e20ce17f7769c8a24bb558b550c8b5ccd62a859
1347,1668,data/raw/grand_bassin/images/stream_gbassinexch1.stream_2023-02-16_16-34-07/25edd9b3_f0001668.jpg,505316,515c165f527e95e3647919807fb5feb620a46c620359c16b3b5a539b96fcd08d
1348,1680,data/raw/grand_bassin/images/stream_gbassinexch1.stream_2023-02-16_16-34-07/25edd9b3_f0001680.jpg,506356,f0b8382b119ff1530145bc9181347aae917a1b7499be9fc8f0556b25787498f6
1349,1692,data/raw/grand_bassin/images/stream_gbassinexch1.stream_2023-02-16_16-34-07/25edd9b3_f0001692.jpg,506941,a5458fffb9c15e7f69650d98165c6608c49199a1546f06979ac643ba07870d84
1350,1704,data/raw/grand_bassin/images/stream_gbassinexch1.stream_2023-02-16_16-34-07/25edd9b3_f0001704.jpg,507303,570754715ac669914e965b9113bc5f6d1f2143c20841a74f834c62072b855b8e
1351,1716,data/raw/grand_bassin/images/stream_gbassinexch1.stream_2023-02-16_16-34-07/25edd9b3_f0001716.jpg,507980,0331b76b7c2e8774bdb5214e543812ca09bf92bd3c6088de5f8fdbb9f29613da
1352,1728,data/raw/grand_bassin/images/stream_gbassinexch1.stream_2023-02-16_16-34-07/25edd9b3_f0001728.jpg,508576,4d0feb95fd289ad8bbe1414414a6b2b6a549d284d3a06605f043c80ae55caa68
1353,1740,data/raw/grand_bassin/images/stream_gbassinexch1.stream_2023-02-16_16-34-07/25edd9b3_f0001740.jpg,508974,447aa9ef82e45f1aadbbb63b88d5538df9f33066db46ed8b78c9f9f405eab658
1354,1752,data/raw/grand_bassin/images/stream_gbassinexch1.stream_2023-02-16_16-34-07/25edd9b3_f0001752.jpg,509357,8aa31e7d886738a94f3b9e9d1f64066ee9562da1bd6a7218010933fdd860f87c
1355,1764,data/raw/grand_bassin/images/stream_gbassinexch1.stream_2023-02-16_16-34-07/25edd9b3_f0001764.jpg,509455,140b470f9ce97518c5f21aac59265e6d42c98c0409878811540db44ccab8aabd
1356,1776,data/raw/grand_bassin/images/stream_gbassinexch1.stream_2023-02-16_16-34-07/25edd9b3_f0001776.jpg,510086,6b7a5444badbd0b95f5672b2d78ea797d5097de00d1d282405774fe8d34c9935
1357,1788,data/raw/grand_bassin/images/stream_gbassinexch1.stream_2023-02-16_16-34-07/25edd9b3_f0001788.jpg,499013,8ea82b08f01a5bf3c2ec77f38b09333316a616ee7716784ab941ccb015d47435
1358,1800,data/raw/grand_bassin/images/stream_gbassinexch1.stream_2023-02-16_16-34-07/25edd9b3_f0001800.jpg,501222,a17b2a63066d71f830b56174aecc582894b58e4bb9ad899a875b667fb2c393bc
1359,1812,data/raw/grand_bassin/images/stream_gbassinexch1.stream_2023-02-16_16-34-07/25edd9b3_f0001812.jpg,502600,de12578dc3aba1887d2d7c3447d3bed02d5005877235fef046e3cd0de71acdee
1360,1824,data/raw/grand_bassin/images/stream_gbassinexch1.stream_2023-02-16_16-34-07/25edd9b3_f0001824.jpg,503553,f92445b94f39d1dd3c213f9967beae58f4a9aca17713de0e1ab3622f795c95b0
1361,1836,data/raw/grand_bassin/images/stream_gbassinexch1.stream_2023-02-16_16-34-07/25edd9b3_f0001836.jpg,504403,8b0b49751ac496734bd479a1b010ef8ee6ad7790f39a11738d2a951fe2e983cb
1362,1848,data/raw/grand_bassin/images/stream_gbassinexch1.stream_2023-02-16_16-34-07/25edd9b3_f0001848.jpg,505218,1b776124b7f8d9808d6cf23717b257e7ccd426cc29bd5540be0e231c1a46bbf6
1363,1860,data/raw/grand_bassin/images/stream_gbassinexch1.stream_2023-02-16_16-34-07/25edd9b3_f0001860.jpg,505804,dd964d482aaf5da792fa30f55b0d1ff36ea208e8132440fa9cb503f80cf6b2c1
1364,1872,data/raw/grand_bassin/images/stream_gbassinexch1.stream_2023-02-16_16-34-07/25edd9b3_f0001872.jpg,506386,12b5422c4b687198457ed3bd439b4bf08f6ed41c5ca66c51c19e739879b200f3
1365,1884,data/raw/grand_bassin/images/stream_gbassinexch1.stream_2023-02-16_16-34-07/25edd9b3_f0001884.jpg,506942,78827fe2e9ee13a85681e88b84cab3b404105136317bdd7b1421330897dbd181
1366,1896,data/raw/grand_bassin/images/stream_gbassinexch1.stream_2023-02-16_16-34-07/25edd9b3_f0001896.jpg,507695,fceea1f1c5a6f1bebe724be924741e1608e8f5376032415f5fbe6572a2093f2a
1367,1908,data/raw/grand_bassin/images/stream_gbassinexch1.stream_2023-02-16_16-34-07/25edd9b3_f0001908.jpg,508282,cf694d60e04b6c4320335d71ee52e45f2a7b5a3e5d234904c0da0700e9f979c5
1368,1920,data/raw/grand_bassin/images/stream_gbassinexch1.stream_2023-02-16_16-34-07/25edd9b3_f0001920.jpg,508476,c9623159cfe3e0087377ada54d649afd7590da6f6ac9beedc89d20eec5ac4512
1369,1932,data/raw/grand_bassin/images/stream_gbassinexch1.stream_2023-02-16_16-34-07/25edd9b3_f0001932.jpg,509179,172252596fcbfc95e968be288d17415fed232806dd8f7f8b32d7c88ae8e6f3fe
1370,1944,data/raw/grand_bassin/images/stream_gbassinexch1.stream_2023-02-16_16-34-07/25edd9b3_f0001944.jpg,509793,34b7f169755b0dd1e2bce4f0a533115e5697f5ddb695d147c8ee22fa4032a36d
1371,1956,data/raw/grand_bassin/images/stream_gbassinexch1.stream_2023-02-16_16-34-07/25edd9b3_f0001956.jpg,510424,957272f2081891b06cb0f36163f8c1b5533a8c7763e7479a9a51134fc9a11e1d
1372,1968,data/raw/grand_bassin/images/stream_gbassinexch1.stream_2023-02-16_16-34-07/25edd9b3_f0001968.jpg,499787,5438fd5d8481dfab7cfd67905eb5031af423f662ac3aecb07cc0de5bb474ac92
1373,1980,data/raw/grand_bassin/images/stream_gbassinexch1.stream_2023-02-16_16-34-07/25edd9b3_f0001980.jpg,501651,8b035ba765420e0f14e0bbbb5f4be18879cc8e930f28d9f42c6e5414bfbc0c0d
1374,1992,data/raw/grand_bassin/images/stream_gbassinexch1.stream_2023-02-16_16-34-07/25edd9b3_f0001992.jpg,503372,c5a67691f5a68a34af6bc93443add4644a5c4558523bc983f038eff39eea720f
1375,2004,data/raw/grand_bassin/images/stream_gbassinexch1.stream_2023-02-16_16-34-07/25edd9b3_f0002004.jpg,504474,0b5723b9847fe4ef48c7b62ed90b9e6f5781d383e41d03ed6553845c5f08c06c
1376,2016,data/raw/grand_bassin/images/stream_gbassinexch1.stream_2023-02-16_16-34-07/25edd9b3_f0002016.jpg,505189,1d165d73682fa962c0b4c777cd89e138e17294ee493eb90bd0ec7461eb0d66d0
1377,2028,data/raw/grand_bassin/images/stream_gbassinexch1.stream_2023-02-16_16-34-07/25edd9b3_f0002028.jpg,505857,ad2eb05bcdf920117a85f92c050fc7fabc98aa1f635c811c5e775878442c1b9e
1378,2040,data/raw/grand_bassin/images/stream_gbassinexch1.stream_2023-02-16_16-34-07/25edd9b3_f0002040.jpg,506407,9964c53b931efd7c437d645ba19f093bf3d64a078176c02938b9da7defa7b6b8
1379,2052,data/raw/grand_bassin/images/stream_gbassinexch1.stream_2023-02-16_16-34-07/25edd9b3_f0002052.jpg,507157,10d91bcd201285ae5796d8f05363aee74d19aa011f32c14ea878a129510ca998
1380,2064,data/raw/grand_bassin/images/stream_gbassinexch1.stream_2023-02-16_16-34-07/25edd9b3_f0002064.jpg,507835,2921f98b04d8ab5ea5887b97b6b293d8be6123d6b89caf292e74c5ccc875f9bc
1381,2076,data/raw/grand_bassin/images/stream_gbassinexch1.stream_2023-02-16_16-34-07/25edd9b3_f0002076.jpg,508346,4e475838772f25a827a8009af99307e34f1fe80dcab97bf37cc08c7631d9cb3f
1382,2088,data/raw/grand_bassin/images/stream_gbassinexch1.stream_2023-02-16_16-34-07/25edd9b3_f0002088.jpg,509113,7efd1e2ed3bfb84b443e65666abce8665e0abee8082d978738230287ac6aede7
1383,2100,data/raw/grand_bassin/images/stream_gbassinexch1.stream_2023-02-16_16-34-07/25edd9b3_f0002100.jpg,509705,f9382840b21639c726b19f7a44df608789be37154705c20bb5b8dbcbc7f03a0a
1384,2112,data/raw/grand_bassin/images/stream_gbassinexch1.stream_2023-02-16_16-34-07/25edd9b3_f0002112.jpg,510160,1d73cd976bbb812b49d179f2144498c230b2789c3ad4b580109f4449ffdf6fad
1385,2124,data/raw/grand_bassin/images/stream_gbassinexch1.stream_2023-02-16_16-34-07/25edd9b3_f0002124.jpg,510324,75b088b13f78061f83b72a2e9749924eb429e631eb90f035ce84aa2a44cb6c2d
1386,2136,data/raw/grand_bassin/images/stream_gbassinexch1.stream_2023-02-16_16-34-07/25edd9b3_f0002136.jpg,496288,26b9f0f17f93bd95fe5acba46f3572a9bb4c78dc6f4722efbc60104febdcd385
1387,2148,data/raw/grand_bassin/images/stream_gbassinexch1.stream_2023-02-16_16-34-07/25edd9b3_f0002148.jpg,500875,e6b6e9e8d4022c262633d67cd5602a3c5955d6033e58b8ba897e383a093d566b
1388,2160,data/raw/grand_bassin/images/stream_gbassinexch1.stream_2023-02-16_16-34-07/25edd9b3_f0002160.jpg,503023,bdbc527ba0e26c9c2e4003d819bba1afeaa8209255d59f8a6d5db80dc4758a72
1389,2172,data/raw/grand_bassin/images/stream_gbassinexch1.stream_2023-02-16_16-34-07/25edd9b3_f0002172.jpg,504474,242c9a4160b0d424fa9486926b82487a04faf82f4e3560d5c7091ed09383dd6d
1390,2184,data/raw/grand_bassin/images/stream_gbassinexch1.stream_2023-02-16_16-34-07/25edd9b3_f0002184.jpg,505062,84a7037ba4a442dfa4cff764f9e37963b59f5bff96905952c5f08925228bd5ad
1391,2196,data/raw/grand_bassin/images/stream_gbassinexch1.stream_2023-02-16_16-34-07/25edd9b3_f0002196.jpg,505957,decf88242ecfb64033598b5104e2c8cc48842bc3164e5d2df98f7b8c01dca52c
1392,2208,data/raw/grand_bassin/images/stream_gbassinexch1.stream_2023-02-16_16-34-07/25edd9b3_f0002208.jpg,506673,7f4494e6ba07bb8814e73fd13268099aa3ced2b8be1ea0c1506f391001c44103
1393,2220,data/raw/grand_bassin/images/stream_gbassinexch1.stream_2023-02-16_16-34-07/25edd9b3_f0002220.jpg,507333,ef870c4e75a2c6c158ba5dd126103b450d9e6d9a2cf398552d238fb7a9940d96
1394,2232,data/raw/grand_bassin/images/stream_gbassinexch1.stream_2023-02-16_16-34-07/25edd9b3_f0002232.jpg,507681,a73cbaa7b9958714b0f70eeff5eedfcd167e447ad67556b873651a8c97bff09d
1395,2244,data/raw/grand_bassin/images/stream_gbassinexch1.stream_2023-02-16_16-34-07/25edd9b3_f0002244.jpg,508400,1e154cd58d6d2fe857e664e9dd1f1346f558b448d36ee29cbeebcf8541e5979e
1396,2256,data/raw/grand_bassin/images/stream_gbassinexch1.stream_2023-02-16_16-34-07/25edd9b3_f0002256.jpg,509093,dfdc4297051dbe69c7289bf4eef9528988e89c76b6b1c07e1f62bf787dc028e2
1397,2268,data/raw/grand_bassin/images/stream_gbassinexch1.stream_2023-02-16_16-34-07/25edd9b3_f0002268.jpg,509670,b50888732026425e3975bd25562de4a4e9dca515a8c1c77e7cd2edd56a355c53
1398,2280,data/raw/grand_bassin/images/stream_gbassinexch1.stream_2023-02-16_16-34-07/25edd9b3_f0002280.jpg,510316,dcc08477785831fa72831eb53f67d899683c225ccec5c91c277fc2914e61782e
1399,2292,data/raw/grand_bassin/images/stream_gbassinexch1.stream_2023-02-16_16-34-07/25edd9b3_f0002292.jpg,510349,69c4c091aa017f00f2ea54f890f02b550f75f964a13e11047743e9a827f06b36
1400,2304,data/raw/grand_bassin/images/stream_gbassinexch1.stream_2023-02-16_16-34-07/25edd9b3_f0002304.jpg,510647,d98376aa45ae414de67729f69d4f5dea45863611b7f638c79bae47563f775785
1401,2316,data/raw/grand_bassin/images/stream_gbassinexch1.stream_2023-02-16_16-34-07/25edd9b3_f0002316.jpg,497822,554091bc193857757c2a12d7a9b62ccdab217f73098e438d0960cfb2d1764d31
1402,2328,data/raw/grand_bassin/images/stream_gbassinexch1.stream_2023-02-16_16-34-07/25edd9b3_f0002328.jpg,501101,84b6952d919cc05f8f9bf16c974a49110cf5b942c9ca79eb1798432843200490
1403,2340,data/raw/grand_bassin/images/stream_gbassinexch1.stream_2023-02-16_16-34-07/25edd9b3_f0002340.jpg,502592,6c1c6975e240de31a42fde52a6f5825b4ff41d34bfd9e43a520ecb398a79acf1
1404,2352,data/raw/grand_bassin/images/stream_gbassinexch1.stream_2023-02-16_16-34-07/25edd9b3_f0002352.jpg,503844,14dff4480d41565336de2c455b9471abbd468eca8161862aede6e705bbe58a20
1405,2364,data/raw/grand_bassin/images/stream_gbassinexch1.stream_2023-02-16_16-34-07/25edd9b3_f0002364.jpg,504435,bda010ac9ce3aeeeac14ac0ea02a101931a4e49010252fe53c1e2497fe41bea8
1406,2376,data/raw/grand_bassin/images/stream_gbassinexch1.stream_2023-02-16_16-34-07/25edd9b3_f0002376.jpg,504923,61a1f816012e7f40254380e16dfb9bd296e953b8060434438408ee58d2865842
1407,2388,data/raw/grand_bassin/images/stream_gbassinexch1.stream_2023-02-16_16-34-07/25edd9b3_f0002388.jpg,505709,44b54187e0a10a3f26a288bfde4ed21840a5a4b180a83f496650456c6e32b6a8
1408,2400,data/raw/grand_bassin/images/stream_gbassinexch1.stream_2023-02-16_16-34-07/25edd9b3_f0002400.jpg,506689,4415c12f738405eb873699ecdbd8167afbb41feb522315a5434aeb829aee3822
1409,2412,data/raw/grand_bassin/images/stream_gbassinexch1.stream_2023-02-16_16-34-07/25edd9b3_f0002412.jpg,506827,6fd0d28a2875a8fb755eb315c871cb66e64dd1be3522351d95ed9c3c6c564004
1410,2424,data/raw/grand_bassin/images/stream_gbassinexch1.stream_2023-02-16_16-34-07/25edd9b3_f0002424.jpg,506939,c6140daf2a7e8c7f0c6bbcca406d25396d07f6f04f17cd7285da9b646b13ac85
1411,2436,data/raw/grand_bassin/images/stream_gbassinexch1.stream_2023-02-16_16-34-07/25edd9b3_f0002436.jpg,507946,2baaee17829db3cb0d16cf2b517ef78ec542ec3ca6cd7bc538bcb7b3f40d3312
1412,2448,data/raw/grand_bassin/images/stream_gbassinexch1.stream_2023-02-16_16-34-07/25edd9b3_f0002448.jpg,508524,03fdd98786c51e53e055c644dd2a3a3d75ae405419e5d1a351580ae8daa1c595
1413,2460,data/raw/grand_bassin/images/stream_gbassinexch1.stream_2023-02-16_16-34-07/25edd9b3_f0002460.jpg,508999,64e6f231694c788e32303e3bf384e455c265ab1019ea97c7bda4d40a8d45df14
1414,2472,data/raw/grand_bassin/images/stream_gbassinexch1.stream_2023-02-16_16-34-07/25edd9b3_f0002472.jpg,508212,4dec5bb5bbe38327d724ddc37aa58581acfa527de558333cf1df1d052d690303
1415,2484,data/raw/grand_bassin/images/stream_gbassinexch1.stream_2023-02-16_16-34-07/25edd9b3_f0002484.jpg,508659,52504ce857019d5d76fbfe878fb5a99d91dbbd7e2c5d6a245adb5dfc7d63d0ed
1416,2496,data/raw/grand_bassin/images/stream_gbassinexch1.stream_2023-02-16_16-34-07/25edd9b3_f0002496.jpg,497028,26b13fbc7f77329ea2c7d944b3b52b3c96bf252d768616b3a63af6197dee357c
1417,2508,data/raw/grand_bassin/images/stream_gbassinexch1.stream_2023-02-16_16-34-07/25edd9b3_f0002508.jpg,499506,6af6bd19e203109d3f3a385a4c1f9fa6dd88e600e4cb5bec23becf9ea782272a
1418,2520,data/raw/grand_bassin/images/stream_gbassinexch1.stream_2023-02-16_16-34-07/25edd9b3_f0002520.jpg,500902,099129cc38a0d363f71681025b2c5044ae0bdd5aac120308f27f9169996bdde9
1419,2532,data/raw/grand_bassin/images/stream_gbassinexch1.stream_2023-02-16_16-34-07/25edd9b3_f0002532.jpg,501999,6f26efbaa5343ddceb7a1481c3de4f50d681be7b926af5ce120cb93e3cdb7128
1420,2544,data/raw/grand_bassin/images/stream_gbassinexch1.stream_2023-02-16_16-34-07/25edd9b3_f0002544.jpg,502819,e21d49e40113ba1a6d2af28a9852bff837239ea2bf87f07f6156f049224706ac
1421,2556,data/raw/grand_bassin/images/stream_gbassinexch1.stream_2023-02-16_16-34-07/25edd9b3_f0002556.jpg,503793,59bfee8b4807664dcc5e83baa8e7654755b7a9e09cb569028ea6041abc6fe6e6
1422,2568,data/raw/grand_bassin/images/stream_gbassinexch1.stream_2023-02-16_16-34-07/25edd9b3_f0002568.jpg,504707,71259754bbb134540a6bc7d1e9a97dbfd3039c69816f045cd981a83e97405943
1423,2580,data/raw/grand_bassin/images/stream_gbassinexch1.stream_2023-02-16_16-34-07/25edd9b3_f0002580.jpg,505538,198514da10e986528c0dd04bb2fa4809a0173426249936cfbdf3a7998d99e0c4
1424,2592,data/raw/grand_bassin/images/stream_gbassinexch1.stream_2023-02-16_16-34-07/25edd9b3_f0002592.jpg,505935,ec900ce330193e5429e27010cc98bcad80dd50a9e5c26d18bd65f5437906fc72
1425,2604,data/raw/grand_bassin/images/stream_gbassinexch1.stream_2023-02-16_16-34-07/25edd9b3_f0002604.jpg,506678,153d493ccb9bcd648b469a7bd77c1d26feebd68dfdd6b3ccc9985f6c3cd390ba
1426,2616,data/raw/grand_bassin/images/stream_gbassinexch1.stream_2023-02-16_16-34-07/25edd9b3_f0002616.jpg,507156,d27879ffba1abd38fdc41815002bd49a99900c1b83523199e253dfa846cf5830
1427,2628,data/raw/grand_bassin/images/stream_gbassinexch1.stream_2023-02-16_16-34-07/25edd9b3_f0002628.jpg,507516,2acdc959a7a956a1ae336bf4be59b387ec249b54053a46fcd7e1b8c539a38e51
1428,2640,data/raw/grand_bassin/images/stream_gbassinexch1.stream_2023-02-16_16-34-07/25edd9b3_f0002640.jpg,508404,06e05f59fa3c6b606ebf3d3d334027d86d2084d527c6cc94b7bc686e060ced8a
1429,2652,data/raw/grand_bassin/images/stream_gbassinexch1.stream_2023-02-16_16-34-07/25edd9b3_f0002652.jpg,508883,08c4e02e281128c7d925c862776e91b24c216f8ce32e350deedf9bab8ac10a4f
1430,2664,data/raw/grand_bassin/images/stream_gbassinexch1.stream_2023-02-16_16-34-07/25edd9b3_f0002664.jpg,509189,f6ec60213ed8cf3bf1eda3b9c915eca1dc841691f7ff177d22bbe1a69fc1f68b
1431,2676,data/raw/grand_bassin/images/stream_gbassinexch1.stream_2023-02-16_16-34-07/25edd9b3_f0002676.jpg,498660,1568b88ea241ad03e3174ac491207cd15b5a5f99622d99d19094f74533c8bbcc
1432,2688,data/raw/grand_bassin/images/stream_gbassinexch1.stream_2023-02-16_16-34-07/25edd9b3_f0002688.jpg,500808,e80b4a3d88c475c4f9abe83c06e1fc39bd7bfaf4b1effe6894899daa53761658
1433,2700,data/raw/grand_bassin/images/stream_gbassinexch1.stream_2023-02-16_16-34-07/25edd9b3_f0002700.jpg,502187,a7ce88477f202d793bf37a5079f642c65fe951fb65dd6f006de7262b4e134c47
1434,2712,data/raw/grand_bassin/images/stream_gbassinexch1.stream_2023-02-16_16-34-07/25edd9b3_f0002712.jpg,502741,084d14b0bb3c5670bbdeea23c295a13a6d6a51bc1bc4f113948337af566abb3d
1435,2724,data/raw/grand_bassin/images/stream_gbassinexch1.stream_2023-02-16_16-34-07/25edd9b3_f0002724.jpg,503519,af4fe5199fab8daf6291952f55fa6f9a463663aadb5812fdfa61edd603af624b
1436,2736,data/raw/grand_bassin/images/stream_gbassinexch1.stream_2023-02-16_16-34-07/25edd9b3_f0002736.jpg,504192,00676eca39e5e3b1c3a2f6089c90fd367b6f1c6b3a03a067994f658e8b856b41
1437,2748,data/raw/grand_bassin/images/stream_gbassinexch1.stream_2023-02-16_16-34-07/25edd9b3_f0002748.jpg,504946,31dbda4c2df61e8958de5662b42c6072d66466262044d8bbd286a0860651b2d7
1438,2760,data/raw/grand_bassin/images/stream_gbassinexch1.stream_2023-02-16_16-34-07/25edd9b3_f0002760.jpg,505694,2b8dee62232be9f595c16fe3727d876b83dd30f9d714fedcce41d116921dac2b
1439,2772,data/raw/grand_bassin/images/stream_gbassinexch1.stream_2023-02-16_16-34-07/25edd9b3_f0002772.jpg,506205,fa94b1ec64f1120fab082a5c9a109961e61ae30a82d603a4cc06dcb89497ac97
1440,2784,data/raw/grand_bassin/images/stream_gbassinexch1.stream_2023-02-16_16-34-07/25edd9b3_f0002784.jpg,506637,e7e8fb8ae93e7f27713fbe9ea9323acd5d960b79e04011d0ef8a8268557282a1
1441,2796,data/raw/grand_bassin/images/stream_gbassinexch1.stream_2023-02-16_16-34-07/25edd9b3_f0002796.jpg,506644,c70ddd921a2d597febeca39753799215625d4a5de2481e01c1e50c7cb00a01c6
1442,2808,data/raw/grand_bassin/images/stream_gbassinexch1.stream_2023-02-16_16-34-07/25edd9b3_f0002808.jpg,507181,50ffc83e12a04c499a621f36dcfed44f9231fe62bba2b823c7da0fa34a7856ee
1443,2820,data/raw/grand_bassin/images/stream_gbassinexch1.stream_2023-02-16_16-34-07/25edd9b3_f0002820.jpg,507570,1ceeaa11b2ef22c3ad9a7285e8f10facba588a2588dcde7122110a8769f5229b
1444,2832,data/raw/grand_bassin/images/stream_gbassinexch1.stream_2023-02-16_16-34-07/25edd9b3_f0002832.jpg,507818,29e6fddef85e1a6867f1b56b7ba2233cd1f779e0948ad6836bd7c05d45e6005a
1445,2844,data/raw/grand_bassin/images/stream_gbassinexch1.stream_2023-02-16_16-34-07/25edd9b3_f0002844.jpg,508372,5cf94447409bdd03a9e7f4bb1990256a5b938dc14343230a4166d5e3a58c0c93
1446,2856,data/raw/grand_bassin/images/stream_gbassinexch1.stream_2023-02-16_16-34-07/25edd9b3_f0002856.jpg,497786,a716e09985ffbfd38e9c866e9ccad93c49d4145cfa2d5c0576f6a2d6b783614c
1447,2868,data/raw/grand_bassin/images/stream_gbassinexch1.stream_2023-02-16_16-34-07/25edd9b3_f0002868.jpg,499901,6536186644973ba95e319f73a406b5189a024f00c877f1b529dabbeb57eea530
1448,2880,data/raw/grand_bassin/images/stream_gbassinexch1.stream_2023-02-16_16-34-07/25edd9b3_f0002880.jpg,501085,45d4c32a2028916167c7b0aeecf547ccc74aa983836d3a4dcba6e50d85191173
1449,2892,data/raw/grand_bassin/images/stream_gbassinexch1.stream_2023-02-16_16-34-07/25edd9b3_f0002892.jpg,502131,bbfc699c4338f561c0242832ab37f8623f231bb67da1ffeeff2ba9f507127d03
1450,2904,data/raw/grand_bassin/images/stream_gbassinexch1.stream_2023-02-16_16-34-07/25edd9b3_f0002904.jpg,503091,5b1ff52bd18b0b4c7c40732fb38acbb751138b9a8c5b3eb5a4d01e05fb472e44
1451,2916,data/raw/grand_bassin/images/stream_gbassinexch1.stream_2023-02-16_16-34-07/25edd9b3_f0002916.jpg,503799,e22060151da2617c695dfc66a9f09f66b9db5cf49ad016168b513c17cf685c07
1452,2928,data/raw/grand_bassin/images/stream_gbassinexch1.stream_2023-02-16_16-34-07/25edd9b3_f0002928.jpg,504748,419e95061d1bcbcd6b43c7bd190c502bd30729e37fd61e4bfa42cf76d4c79896
1453,2940,data/raw/grand_bassin/images/stream_gbassinexch1.stream_2023-02-16_16-34-07/25edd9b3_f0002940.jpg,505589,8f5c2ae5781abd1aca3770acb3f6452f62f8ec15402b314dbb5ce953b2b7249f
1454,2952,data/raw/grand_bassin/images/stream_gbassinexch1.stream_2023-02-16_16-34-07/25edd9b3_f0002952.jpg,505976,2bb8367f254613c865c9aa20dd6b02b040aed238c57b1555f8f1e423c6d88baa
1455,2964,data/raw/grand_bassin/images/stream_gbassinexch1.stream_2023-02-16_16-34-07/25edd9b3_f0002964.jpg,506683,b0c138f385b007f362e0ff29e29b6beee9b2befc6630174fbe38cc2ab2d8aa6c
1456,2976,data/raw/grand_bassin/images/stream_gbassinexch1.stream_2023-02-16_16-34-07/25edd9b3_f0002976.jpg,507148,dfcc7a58008ca5e28b02279cf4513f778c0baf1c3c82fcb52c172aa268cbdc5d
1457,2988,data/raw/grand_bassin/images/stream_gbassinexch1.stream_2023-02-16_16-34-07/25edd9b3_f0002988.jpg,507825,9e6dbbf8e78d43bde2d05cdabe223a2cc87a127937aa70380756fc5c2886a44f
1458,3000,data/raw/grand_bassin/images/stream_gbassinexch1.stream_2023-02-16_16-34-07/25edd9b3_f0003000.jpg,508060,94ec29a4d54e793a274e002da7799147a7b61a1a2af17e78db07f25b1b4b6744
1459,3012,data/raw/grand_bassin/images/stream_gbassinexch1.stream_2023-02-16_16-34-07/25edd9b3_f0003012.jpg,508504,06e1fc5d3b8fb2add0b5bab54986d84da4b97ef2b3bb0975b4a90ff8ad2a9bd3
1460,3024,data/raw/grand_bassin/images/stream_gbassinexch1.stream_2023-02-16_16-34-07/25edd9b3_f0003024.jpg,508743,d66bccdaf5fa4948905c3181e8da02e13ebebc6dd3783493dfe7adb508382380
1461,3036,data/raw/grand_bassin/images/stream_gbassinexch1.stream_2023-02-16_16-34-07/25edd9b3_f0003036.jpg,499394,d3b9d2094732f3327e4f2b17403b7a7830d7080471a74dde6a280e17187a9026
1462,3048,data/raw/grand_bassin/images/stream_gbassinexch1.stream_2023-02-16_16-34-07/25edd9b3_f0003048.jpg,501326,e6fa7c156797208f6f2c4f108b880aa823c7bc3a0fef1b20e2e303c3b1fa2b2c
1463,3060,data/raw/grand_bassin/images/stream_gbassinexch1.stream_2023-02-16_16-34-07/25edd9b3_f0003060.jpg,502552,a7e0d39449a5693add6280b785a7bc4690d4c0c6b4a01e852a4444efe551c754
1464,3072,data/raw/grand_bassin/images/stream_gbassinexch1.stream_2023-02-16_16-34-07/25edd9b3_f0003072.jpg,503675,77ccd1041299aac419e479c962acfc1f30f73503a7733aadb2d3aa06a8fcff80
1465,3084,data/raw/grand_bassin/images/stream_gbassinexch1.stream_2023-02-16_16-34-07/25edd9b3_f0003084.jpg,504351,a5bd915e2caa12f5373bbf85d539bb10a102087453f667c7b99cee612c750906
1466,3096,data/raw/grand_bassin/images/stream_gbassinexch1.stream_2023-02-16_16-34-07/25edd9b3_f0003096.jpg,504619,f5790c64bf95602b36c7972977ea9446a1192bca98fd3857ff5fbbf587084f33
1467,3108,data/raw/grand_bassin/images/stream_gbassinexch1.stream_2023-02-16_16-34-07/25edd9b3_f0003108.jpg,505026,b069f60d9c9b45a2b5580a78da22637a0c376874e872f6bdf52477562b46a9ce
1468,3120,data/raw/grand_bassin/images/stream_gbassinexch1.stream_2023-02-16_16-34-07/25edd9b3_f0003120.jpg,505974,15b46d93572165bc330fa2cefe9bf4f99c307da2502e45eac003223709190045
1469,3132,data/raw/grand_bassin/images/stream_gbassinexch1.stream_2023-02-16_16-34-07/25edd9b3_f0003132.jpg,506609,597e605196cfcc343eec010c6bc70e3ab660ed59d0b41ebfcbe40b2c10bf3add
1470,3144,data/raw/grand_bassin/images/stream_gbassinexch1.stream_2023-02-16_16-34-07/25edd9b3_f0003144.jpg,506857,2a98cdcba005c2526032be27404fc4aaaf5879445949c56455ba44113ec0ff10
1471,3156,data/raw/grand_bassin/images/stream_gbassinexch1.stream_2023-02-16_16-34-07/25edd9b3_f0003156.jpg,507239,10183740ccb4637fad5ba163c2688c88fb47972921c0573d04db15dba865c53c
1472,3168,data/raw/grand_bassin/images/stream_gbassinexch1.stream_2023-02-16_16-34-07/25edd9b3_f0003168.jpg,507607,c56e4c3df414af57415a1644b3679d019b9edcc097df9c5506d2335040328371
1473,3180,data/raw/grand_bassin/images/stream_gbassinexch1.stream_2023-02-16_16-34-07/25edd9b3_f0003180.jpg,508302,b71d0a532a51257101f8f91221d8eddd1f638f23623057c8f54b4fee4d73dbde
1474,3192,data/raw/grand_bassin/images/stream_gbassinexch1.stream_2023-02-16_16-34-07/25edd9b3_f0003192.jpg,508460,5e954a90a4e15ee09d170c29185cdbc71403b171e89aba9412228f67cca0d2ca
1475,3204,data/raw/grand_bassin/images/stream_gbassinexch1.stream_2023-02-16_16-34-07/25edd9b3_f0003204.jpg,495501,1f1c279adb62b38290d67c7b77429817b7ccd44c94041745b25b61d3b0bab43a
1476,3216,data/raw/grand_bassin/images/stream_gbassinexch1.stream_2023-02-16_16-34-07/25edd9b3_f0003216.jpg,499657,8dc6201e488430a38af03769d7a5a9bb406998f81bedbb17b0992a3ea28e799d
1477,3228,data/raw/grand_bassin/images/stream_gbassinexch1.stream_2023-02-16_16-34-07/25edd9b3_f0003228.jpg,501509,ace97dadb0f1e0382220fc9c16efaab873be620a6672a2bcd6bebc24c0e9a7fa
1478,3240,data/raw/grand_bassin/images/stream_gbassinexch1.stream_2023-02-16_16-34-07/25edd9b3_f0003240.jpg,502731,93da7d272a9062a3ac703fe1521b6f61b41889cc9ff5bddd448c9cf2b066b990
1479,3252,data/raw/grand_bassin/images/stream_gbassinexch1.stream_2023-02-16_16-34-07/25edd9b3_f0003252.jpg,503500,28c8cea8c6ff292808bcf3b9a730ac162bc277bfe63151082f3621d110c9358b
1480,3264,data/raw/grand_bassin/images/stream_gbassinexch1.stream_2023-02-16_16-34-07/25edd9b3_f0003264.jpg,504455,d927083883d8e37f46b3549ca8b704b4632514a8342580fe1de837dc6f9f2aad
1481,3276,data/raw/grand_bassin/images/stream_gbassinexch1.stream_2023-02-16_16-34-07/25edd9b3_f0003276.jpg,505142,ba03cfbd7c2117d4129936cac4989569539eb1e0f60eac4224bb07ba0a1fd153
1482,3288,data/raw/grand_bassin/images/stream_gbassinexch1.stream_2023-02-16_16-34-07/25edd9b3_f0003288.jpg,505878,e2e629567a744e17e343221550c741351d1bfe87d6f27f260a9e0501d2250b30
1483,3300,data/raw/grand_bassin/images/stream_gbassinexch1.stream_2023-02-16_16-34-07/25edd9b3_f0003300.jpg,506603,8925eae6c1a3bd3db21162fcca7c0ca2a7ba839c6447a1bf4faed14b2fe532fe
1484,3312,data/raw/grand_bassin/images/stream_gbassinexch1.stream_2023-02-16_16-34-07/25edd9b3_f0003312.jpg,507012,1bdc18aae11a8415e74a972205b9d8d50fddd17d94044c7e6f7991e5d6f53299
1485,3324,data/raw/grand_bassin/images/stream_gbassinexch1.stream_2023-02-16_16-34-07/25edd9b3_f0003324.jpg,507843,fdacaba8d77d12a0db88e073e8a93c394c8aec1a74a7e50983a64f5dc9641e61
1486,3336,data/raw/grand_bassin/images/stream_gbassinexch1.stream_2023-02-16_16-34-07/25edd9b3_f0003336.jpg,508293,af8100ced072b702d347dacfb102ffd245ad3b8aea47ad7db152c3b5c8939925
1487,3348,data/raw/grand_bassin/images/stream_gbassinexch1.stream_2023-02-16_16-34-07/25edd9b3_f0003348.jpg,508744,b740779fa441c684cb5f7a64672762126f6dd9a5a0701c937e1a297788c0d53e
1488,3360,data/raw/grand_bassin/images/stream_gbassinexch1.stream_2023-02-16_16-34-07/25edd9b3_f0003360.jpg,509114,77c82584f93010afc0ba53dd20ad19bb99dcf5a42a359d2d39819e33b722557f
1489,3372,data/raw/grand_bassin/images/stream_gbassinexch1.stream_2023-02-16_16-34-07/25edd9b3_f0003372.jpg,509454,fe610a56f5f9bad1985496af46f74f2b425b721b0a00da9f301b4b7da2597541
1490,3384,data/raw/grand_bassin/images/stream_gbassinexch1.stream_2023-02-16_16-34-07/25edd9b3_f0003384.jpg,496792,d66599957767bbcf9c14f50033eb09769d1132fe8e1aa0344f50b4ee58f84175
1491,3396,data/raw/grand_bassin/images/stream_gbassinexch1.stream_2023-02-16_16-34-07/25edd9b3_f0003396.jpg,499852,fd9997d70a70f4d80c77fe73f6527ee3c62709e9ed167e36b33eb93eb59c1dff
1492,3408,data/raw/grand_bassin/images/stream_gbassinexch1.stream_2023-02-16_16-34-07/25edd9b3_f0003408.jpg,501571,2ee2544e677e0a2bb23d536613246493577ca859a580aac2db4b3c744d922a5c
1493,3420,data/raw/grand_bassin/images/stream_gbassinexch1.stream_2023-02-16_16-34-07/25edd9b3_f0003420.jpg,502793,2cd15dd753bba02d9aa140ca9f901f2aa69a93db0bb79ced090c5d4386caadfb
1494,3432,data/raw/grand_bassin/images/stream_gbassinexch1.stream_2023-02-16_16-34-07/25edd9b3_f0003432.jpg,503552,675581c4101799d2f1abb7e1628887ea7c517f15609bb7db8b6bd041a6e9dde2
1495,3444,data/raw/grand_bassin/images/stream_gbassinexch1.stream_2023-02-16_16-34-07/25edd9b3_f0003444.jpg,504339,3ec3eb25561b543970bdbb1993217120f10c5b8a5b30df9725fe6a2460545ebd
1496,3456,data/raw/grand_bassin/images/stream_gbassinexch1.stream_2023-02-16_16-34-07/25edd9b3_f0003456.jpg,388385,2592c5a60d9600cf1de796b914f5f29f183d893a37cfb4904b0563b487323bf6
1497,3468,data/raw/grand_bassin/images/stream_gbassinexch1.stream_2023-02-16_16-34-07/25edd9b3_f0003468.jpg,505741,9bdce28dd0054a8b4b59c0f1dcaa6a6b7062ce3b9dae27a1e3ff388726fd2397
1498,3480,data/raw/grand_bassin/images/stream_gbassinexch1.stream_2023-02-16_16-34-07/25edd9b3_f0003480.jpg,506194,af9946225fed8e19cf5e7935ef675c7a6300b40795579542ce62a441f8e81c84
1499,3492,data/raw/grand_bassin/images/stream_gbassinexch1.stream_2023-02-16_16-34-07/25edd9b3_f0003492.jpg,506488,a40078fcf14b92696f5a1cd361c9dfa73f23050b8aeca5aceb78e0525d5a6b52
1500,3504,data/raw/grand_bassin/images/stream_gbassinexch1.stream_2023-02-16_16-34-07/25edd9b3_f0003504.jpg,507042,115a490d2aecb1d7a3bec57dd56f5f37622d768bc0b9c2b023fc2b6217fb6917
1501,3516,data/raw/grand_bassin/images/stream_gbassinexch1.stream_2023-02-16_16-34-07/25edd9b3_f0003516.jpg,507486,d5ae59e8cb62e356ac6cb7ae6294e458f10db94302f1220d79c813d3b87d13c1
1502,3528,data/raw/grand_bassin/images/stream_gbassinexch1.stream_2023-02-16_16-34-07/25edd9b3_f0003528.jpg,508099,eaa857255629e5e108dd05923b47a749b1909fdb82d5357dd70c228cdb367bfd
1503,3540,data/raw/grand_bassin/images/stream_gbassinexch1.stream_2023-02-16_16-34-07/25edd9b3_f0003540.jpg,508744,1825e1cf36c66872b0beaa69072d479ba4c7e2beab41ba32fff1e7ef05b2e3fe
1504,3552,data/raw/grand_bassin/images/stream_gbassinexch1.stream_2023-02-16_16-34-07/25edd9b3_f0003552.jpg,508833,6b9c0c6e984b7b6c452b91546abde76e5f811995ac78016355a985b2aa179e57
1505,3564,data/raw/grand_bassin/images/stream_gbassinexch1.stream_2023-02-16_16-34-07/25edd9b3_f0003564.jpg,496931,0cb4512c5443e2bd58252d2ef3654a33fc1444f7d4484e5b4feeb18d5fa6f8e4
1506,3576,data/raw/grand_bassin/images/stream_gbassinexch1.stream_2023-02-16_16-34-07/25edd9b3_f0003576.jpg,499769,cc832b9666cfbc37aa66b492cceb8751a2fe76e1aa785a626d933c75ef0badf5
1507,3588,data/raw/grand_bassin/images/stream_gbassinexch1.stream_2023-02-16_16-34-07/25edd9b3_f0003588.jpg,501455,86a31b45e6a6be0fcef1c7d339fc28c28f791fe02c4ee56385906f5dac68aaa3
1508,3600,data/raw/grand_bassin/images/stream_gbassinexch1.stream_2023-02-16_16-34-07/25edd9b3_f0003600.jpg,502855,54f0d23166f28a070a09b7a07e092416f3c99266b2539b3b44c10aded2cd99ea
1509,3612,data/raw/grand_bassin/images/stream_gbassinexch1.stream_2023-02-16_16-34-07/25edd9b3_f0003612.jpg,503489,7a168052c932a0d4adbe8bee94b5be3e8de691cf3b6ece5f1e1e77ffab6efb5c
1510,3624,data/raw/grand_bassin/images/stream_gbassinexch1.stream_2023-02-16_16-34-07/25edd9b3_f0003624.jpg,504391,ede274938284816aec8f1b9962d78a2d8fa5cf33b07a59ef7ae405eb115dfa89
1511,3636,data/raw/grand_bassin/images/stream_gbassinexch1.stream_2023-02-16_16-34-07/25edd9b3_f0003636.jpg,505104,ee04f82ed9352484fabacb5558bfe75ac069e726451080be465a4021a43bd830
1512,3648,data/raw/grand_bassin/images/stream_gbassinexch1.stream_2023-02-16_16-34-07/25edd9b3_f0003648.jpg,505702,1ab7ef8f60b2953e89732a7c3ed72938b0ea6df8cc0e8ba035f90387f5760193
1513,3660,data/raw/grand_bassin/images/stream_gbassinexch1.stream_2023-02-16_16-34-07/25edd9b3_f0003660.jpg,506432,fd2a2b64f4ba9558a0c7d3e8396716791ab1dbd088b6c14020ea685d7b2eb7c9
1514,3672,data/raw/grand_bassin/images/stream_gbassinexch1.stream_2023-02-16_16-34-07/25edd9b3_f0003672.jpg,507131,8ed6279bdef9678fafb01a130c8f0630cfac28cb3b4258933f3a6359c5e4a349
1515,3684,data/raw/grand_bassin/images/stream_gbassinexch1.stream_2023-02-16_16-34-07/25edd9b3_f0003684.jpg,507280,581420654ea25d24e6df0aa7aa5e00ef4655aa4e20479876aed9b8517344acf9
1516,3696,data/raw/grand_bassin/images/stream_gbassinexch1.stream_2023-02-16_16-34-07/25edd9b3_f0003696.jpg,507291,541e2b52fc633e6740a8d93a1b4f038e1e359ad585122558b501ab119e5fd1f3
1517,3708,data/raw/grand_bassin/images/stream_gbassinexch1.stream_2023-02-16_16-34-07/25edd9b3_f0003708.jpg,506956,c4e7528930e690394167b42600c6514cfa2cabfa42702df9981335474e63352f
1518,3720,data/raw/grand_bassin/images/stream_gbassinexch1.stream_2023-02-16_16-34-07/25edd9b3_f0003720.jpg,507166,bb749949051217789464cecba14df5024ac528c0d8bd1f4147eae93bbc9a46a0
1519,3732,data/raw/grand_bassin/images/stream_gbassinexch1.stream_2023-02-16_16-34-07/25edd9b3_f0003732.jpg,507904,efafa9babe6ca9789634389c02d6b5647027296aafa23a2e94aae10b29956421
1520,3744,data/raw/grand_bassin/images/stream_gbassinexch1.stream_2023-02-16_16-34-07/25edd9b3_f0003744.jpg,496489,6abc75153f4169b2611d7f7850f7a46dc6cb4872a608a9ba221fd5861ca52846
1521,3756,data/raw/grand_bassin/images/stream_gbassinexch1.stream_2023-02-16_16-34-07/25edd9b3_f0003756.jpg,498788,3466c962bac92cd2d98f2a712e2fe9c2845f98d45329aac335c8519d8e1f3172
1522,3768,data/raw/grand_bassin/images/stream_gbassinexch1.stream_2023-02-16_16-34-07/25edd9b3_f0003768.jpg,500837,70e9a087e1731e1463ccad7a62f1d14c981975bbb4dfc23c5b4afa18f8374575
1523,3780,data/raw/grand_bassin/images/stream_gbassinexch1.stream_2023-02-16_16-34-07/25edd9b3_f0003780.jpg,502226,e3c0f36a1126a1f4bacb3e1d12a82b8b58c33da8710a976e5ea24b61d888277a
1524,3792,data/raw/grand_bassin/images/stream_gbassinexch1.stream_2023-02-16_16-34-07/25edd9b3_f0003792.jpg,503770,21d66d9793df27a0b2026e93e0e69f28501927b01b4da9334ffcf2fc1408a676
1525,3804,data/raw/grand_bassin/images/stream_gbassinexch1.stream_2023-02-16_16-34-07/25edd9b3_f0003804.jpg,504393,bc8b26ed0605fc485f9583440999939688c488ca1948a0557f8daf81a47e0f77
1526,3816,data/raw/grand_bassin/images/stream_gbassinexch1.stream_2023-02-16_16-34-07/25edd9b3_f0003816.jpg,505008,59876d39655ec6ad58049acd3e88311dacd7bf0cb1bd4090be3e9b9b94c2a035
1527,3828,data/raw/grand_bassin/images/stream_gbassinexch1.stream_2023-02-16_16-34-07/25edd9b3_f0003828.jpg,505371,b7b3cd0aa8874075353da8460334b9e9713d8bdd48d00d129a02a53efc7af2cc
1528,3840,data/raw/grand_bassin/images/stream_gbassinexch1.stream_2023-02-16_16-34-07/25edd9b3_f0003840.jpg,505533,0c0fbde20e7c81dcf243217c4c4fdb4981158ef106e201c33ce2e043eaf53e2f
1529,3852,data/raw/grand_bassin/images/stream_gbassinexch1.stream_2023-02-16_16-34-07/25edd9b3_f0003852.jpg,506224,8034eb7b025c76881008ab0c0ccc07699923a5803270088dac4fcddb37c1bd54
1530,3864,data/raw/grand_bassin/images/stream_gbassinexch1.stream_2023-02-16_16-34-07/25edd9b3_f0003864.jpg,506423,87fea63b493b86d27828907411cb957d327c971c9ae0ddb15e9d9d0a1fe912ec
1531,3876,data/raw/grand_bassin/images/stream_gbassinexch1.stream_2023-02-16_16-34-07/25edd9b3_f0003876.jpg,507058,f2c9aaf88e14b6dde3299e8e53e635b1917d525b3f5cc40f18013b129ce1695e
1532,3888,data/raw/grand_bassin/images/stream_gbassinexch1.stream_2023-02-16_16-34-07/25edd9b3_f0003888.jpg,507357,849febf2b66139b0e398826762f9cfe6d34d10d3df80edcdb52fae6d9f029656
1533,3900,data/raw/grand_bassin/images/stream_gbassinexch1.stream_2023-02-16_16-34-07/25edd9b3_f0003900.jpg,507637,aa560da65b8bf17bfbc39ac945a2e33f21fbfdc60fdf40e897df283f3b37cece
1534,3912,data/raw/grand_bassin/images/stream_gbassinexch1.stream_2023-02-16_16-34-07/25edd9b3_f0003912.jpg,508077,45af219a8be12f97e314deabc05cfa9ef7c21a72227f39d2d60ae284c1e74b7d
1535,3924,data/raw/grand_bassin/images/stream_gbassinexch1.stream_2023-02-16_16-34-07/25edd9b3_f0003924.jpg,497836,214d9931a38a5d53fc9c20493da1127216cf012aa37c05ee298f724427fc5da2
1536,3936,data/raw/grand_bassin/images/stream_gbassinexch1.stream_2023-02-16_16-34-07/25edd9b3_f0003936.jpg,499998,101e7d0c374d0b82e088cea22ec84d9ed030aaff6e222ed29d0480b147165db6
1537,3948,data/raw/grand_bassin/images/stream_gbassinexch1.stream_2023-02-16_16-34-07/25edd9b3_f0003948.jpg,501390,9b6408c4cd6af684cf146ea442e069a5224a74869469710aefcdd10eb6072dec
1538,3960,data/raw/grand_bassin/images/stream_gbassinexch1.stream_2023-02-16_16-34-07/25edd9b3_f0003960.jpg,502660,16e93185233738589b1751da4fe9549791824ee6a51aad43bb35c1749dacb878
1539,3972,data/raw/grand_bassin/images/stream_gbassinexch1.stream_2023-02-16_16-34-07/25edd9b3_f0003972.jpg,503674,24ea37a76351ef6b2687c10da9307e1992f8f7fef5d0065de4e61218b512946a
1540,3984,data/raw/grand_bassin/images/stream_gbassinexch1.stream_2023-02-16_16-34-07/25edd9b3_f0003984.jpg,504286,31c89bfef99db59ac4bd0418f6ea684c8cf2625f1a8013b1ed3b37d34e9e7d45
1541,3996,data/raw/grand_bassin/images/stream_gbassinexch1.stream_2023-02-16_16-34-07/25edd9b3_f0003996.jpg,504846,5fac29dbc759df377df99831a30dd1bcfae6557952ec887f1f4e7bf096d76410
1542,4008,data/raw/grand_bassin/images/stream_gbassinexch1.stream_2023-02-16_16-34-07/25edd9b3_f0004008.jpg,505623,b9351645814d46e61708378c7d8f3501d22253cd7fa78b27abd068ce12e89b78
1543,4020,data/raw/grand_bassin/images/stream_gbassinexch1.stream_2023-02-16_16-34-07/25edd9b3_f0004020.jpg,506321,dceeda0d3a9ea169f76bffe7b14ac9876c2175eb3966631acc8a31e1d5a33153
1544,4032,data/raw/grand_bassin/images/stream_gbassinexch1.stream_2023-02-16_16-34-07/25edd9b3_f0004032.jpg,507075,e11e72a1c802e76426e0759b6309ab3ea7529972570a2905b6693a9b4cb44395
1545,4044,data/raw/grand_bassin/images/stream_gbassinexch1.stream_2023-02-16_16-34-07/25edd9b3_f0004044.jpg,507506,f56f4a84d79955d7ca1c42df94e7166a4195ec20e3239039b01406de2799f04c
1546,4056,data/raw/grand_bassin/images/stream_gbassinexch1.stream_2023-02-16_16-34-07/25edd9b3_f0004056.jpg,507938,8755bb43ca176622b3bfa4d19693d39154d09ee580cd093a51d5b8623031c757
1547,4068,data/raw/grand_bassin/images/stream_gbassinexch1.stream_2023-02-16_16-34-07/25edd9b3_f0004068.jpg,508350,3fac3d7f3b303432e643b3733e89ef22243d0ff6b2bee44c45cde8a7f103f668
1548,4080,data/raw/grand_bassin/images/stream_gbassinexch1.stream_2023-02-16_16-34-07/25edd9b3_f0004080.jpg,508877,f8768739fd92daf8eefe9f566d7ff4ef0bfeaab621c80f7a6d9894c3d268e6b2
1549,4092,data/raw/grand_bassin/images/stream_gbassinexch1.stream_2023-02-16_16-34-07/25edd9b3_f0004092.jpg,509367,da32513a3336caa16da7ea2bf54be02fa0cc0c19ba4c18eb11f56168e7522a91
1550,4104,data/raw/grand_bassin/images/stream_gbassinexch1.stream_2023-02-16_16-34-07/25edd9b3_f0004104.jpg,498738,b8be5bd3eaa842c9b29dfe9ecfe1589674e87a37993b634cdf38979b08d4817f
1551,4116,data/raw/grand_bassin/images/stream_gbassinexch1.stream_2023-02-16_16-34-07/25edd9b3_f0004116.jpg,500634,bda866b3bbfab7d0e972cc7eb3b27f7cb416147657c68e0805b105a725ce395d
1552,4128,data/raw/grand_bassin/images/stream_gbassinexch1.stream_2023-02-16_16-34-07/25edd9b3_f0004128.jpg,501908,c95c7f60a4da3a353f07d75839a732a2e5559d435a6610bf56b6627fc87ba5ee
1553,4140,data/raw/grand_bassin/images/stream_gbassinexch1.stream_2023-02-16_16-34-07/25edd9b3_f0004140.jpg,503468,5d451d46f10e93116d23f8ddd6656aa362e699cac9f27ba6aa18328f8750392a
1554,4152,data/raw/grand_bassin/images/stream_gbassinexch1.stream_2023-02-16_16-34-07/25edd9b3_f0004152.jpg,504468,537d7b33ad48fe27dd229f9ea3af3b0c9eeda3faf6381404d49db3a689234fca
1555,4164,data/raw/grand_bassin/images/stream_gbassinexch1.stream_2023-02-16_16-34-07/25edd9b3_f0004164.jpg,505165,ddb35fea8ca9d222c425a7f34091683c73b9e06230d01b93512fa975a2d667ec
1556,4176,data/raw/grand_bassin/images/stream_gbassinexch1.stream_2023-02-16_16-34-07/25edd9b3_f0004176.jpg,505535,34da7c09f673519754a6b7f91dc217caf0afbd19bd31bafb5dd9fb6b382c9b53
1557,4188,data/raw/grand_bassin/images/stream_gbassinexch1.stream_2023-02-16_16-34-07/25edd9b3_f0004188.jpg,505838,36e510b67a877b51dcbc2afb3a42654d9f709412fc16c49cc65e38c88258bd12
1558,4200,data/raw/grand_bassin/images/stream_gbassinexch1.stream_2023-02-16_16-34-07/25edd9b3_f0004200.jpg,506345,b891afbf10f64a80e38e0c84e7e2413fe79bc36873a62f30cc1eedf0163ecbfe
1559,4212,data/raw/grand_bassin/images/stream_gbassinexch1.stream_2023-02-16_16-34-07/25edd9b3_f0004212.jpg,506425,628bec2d012ca122c47865df3c27797b7992e0e9453472791cb8d503ebc39f1b
1560,4224,data/raw/grand_bassin/images/stream_gbassinexch1.stream_2023-02-16_16-34-07/25edd9b3_f0004224.jpg,506708,deb7dfa031c2d93e9fe23d41b7e15e7d3737f39b7df19fb170f96d9ed682640f
1561,4236,data/raw/grand_bassin/images/stream_gbassinexch1.stream_2023-02-16_16-34-07/25edd9b3_f0004236.jpg,506889,b0b74a4ac30ba7014c3be3ce46b8d056ee01d92de6e93a65058e482bb5b8053b
1562,4248,data/raw/grand_bassin/images/stream_gbassinexch1.stream_2023-02-16_16-34-07/25edd9b3_f0004248.jpg,507342,16c0b6783b0aa370ddc327f908739b9931bca7b37282b5729e392798816e8c55
1563,4260,data/raw/grand_bassin/images/stream_gbassinexch1.stream_2023-02-16_16-34-07/25edd9b3_f0004260.jpg,508010,3b3851cdb8194286f793b5e27ec4415bc4dc861b572b526fae6ba6dcb7f855cd
1564,4272,data/raw/grand_bassin/images/stream_gbassinexch1.stream_2023-02-16_16-34-07/25edd9b3_f0004272.jpg,493831,8c0ef48a4254295beab3d8e41f5b2f889e6adfcafa1a6984eca4ac1bcdd5b105
1565,4284,data/raw/grand_bassin/images/stream_gbassinexch1.stream_2023-02-16_16-34-07/25edd9b3_f0004284.jpg,498766,c5a0cc4245350bb0c969fb0c46a11e16bfad9061f7076fd1251e0a3416f29bd5
1566,4296,data/raw/grand_bassin/images/stream_gbassinexch1.stream_2023-02-16_16-34-07/25edd9b3_f0004296.jpg,500801,eacf415d58f884360bf3c88ab036a2a2ffff253c08b23ce36e11ccc882195750
1567,4308,data/raw/grand_bassin/images/stream_gbassinexch1.stream_2023-02-16_16-34-07/25edd9b3_f0004308.jpg,501965,c57d7eb5021173113d592fc52c5954a1660bfdd5cca785a195a066ca5e0cd779
1568,4320,data/raw/grand_bassin/images/stream_gbassinexch1.stream_2023-02-16_16-34-07/25edd9b3_f0004320.jpg,503206,89f96458344ec2e13441f5e4a82bdadbedd25c7332d45365954b5222adf309cf
1569,4332,data/raw/grand_bassin/images/stream_gbassinexch1.stream_2023-02-16_16-34-07/25edd9b3_f0004332.jpg,503913,ab9cc1884cd3196582ea00848a4f3a45c6225f921166524c9484615ec3220418
1570,4344,data/raw/grand_bassin/images/stream_gbassinexch1.stream_2023-02-16_16-34-07/25edd9b3_f0004344.jpg,504877,39249e6d97287528baa86219ee8e513b71bc84d5ced0d76414b10cc100e6878c
1571,4356,data/raw/grand_bassin/images/stream_gbassinexch1.stream_2023-02-16_16-34-07/25edd9b3_f0004356.jpg,505830,eb9cbc984cf2ff39f2e87c5c2067e6a903c8e124dd9ab18eeaf01c14f476145d
1572,4368,data/raw/grand_bassin/images/stream_gbassinexch1.stream_2023-02-16_16-34-07/25edd9b3_f0004368.jpg,506158,9b1912292c21b7c021c735e001df64dce422af512b32c7820cec341189bb0deb
1573,4380,data/raw/grand_bassin/images/stream_gbassinexch1.stream_2023-02-16_16-34-07/25edd9b3_f0004380.jpg,506166,bfb9e385e94d0a77c1d48e909dc262766ed40d7f894326bebac11501ae2fe04f
1574,4392,data/raw/grand_bassin/images/stream_gbassinexch1.stream_2023-02-16_16-34-07/25edd9b3_f0004392.jpg,506574,0fa4e9151103f844972ce44eeb7fc6fd3324a9f77cfc18297566d79289240903
1575,4404,data/raw/grand_bassin/images/stream_gbassinexch1.stream_2023-02-16_16-34-07/25edd9b3_f0004404.jpg,507224,23fda47d1a2f045174f03404ba8803b12e1d27c0e31e4a20a8cf5de44482e96e
1576,4416,data/raw/grand_bassin/images/stream_gbassinexch1.stream_2023-02-16_16-34-07/25edd9b3_f0004416.jpg,508227,765131deb7f910e505fa6d9622f45ceb6c0b0ddf1ed0fe881117b7b0a50eb549
1577,4428,data/raw/grand_bassin/images/stream_gbassinexch1.stream_2023-02-16_16-34-07/25edd9b3_f0004428.jpg,508580,8028a6b06b3a612c5e777e6c9d1d41ee4ab33ca45bd952d694b61d6ebd479300
1578,4440,data/raw/grand_bassin/images/stream_gbassinexch1.stream_2023-02-16_16-34-07/25edd9b3_f0004440.jpg,508912,3d39831f9d24e3b881da92ad674687a384d69d18b3293c8d4a7d292f8f77631e
1579,4452,data/raw/grand_bassin/images/stream_gbassinexch1.stream_2023-02-16_16-34-07/25edd9b3_f0004452.jpg,495620,6efc4ee8f02f9a389b8d3f8ed99076d03e58d329f18070bdb03711b2b0d3d587
1580,4464,data/raw/grand_bassin/images/stream_gbassinexch1.stream_2023-02-16_16-34-07/25edd9b3_f0004464.jpg,498900,172643f451fe39ebd795a2ab50b4dd55bc8a15983d759632ac0712ca3f9504ee
1581,4476,data/raw/grand_bassin/images/stream_gbassinexch1.stream_2023-02-16_16-34-07/25edd9b3_f0004476.jpg,500903,8503c0d41e2ae372163e0e48b7cd3d0fa451c00f6e391df934ebe45a2e43a5c6
1582,4488,data/raw/grand_bassin/images/stream_gbassinexch1.stream_2023-02-16_16-34-07/25edd9b3_f0004488.jpg,502192,be73e1d890d0396f2b16b76cfa474b2cbc5fa005d75f93741aad427feaf44c3c
1583,4500,data/raw/grand_bassin/images/stream_gbassinexch1.stream_2023-02-16_16-34-07/25edd9b3_f0004500.jpg,502890,89415684671372eadea9fb56921bf7123185d0768eb42aec04dac99de3d31e6f
1584,4512,data/raw/grand_bassin/images/stream_gbassinexch1.stream_2023-02-16_16-34-07/25edd9b3_f0004512.jpg,504110,527aa62ff4ee251a6b6059045b9a52306c845efebd9956b53d288d3493ad414a
1585,4524,data/raw/grand_bassin/images/stream_gbassinexch1.stream_2023-02-16_16-34-07/25edd9b3_f0004524.jpg,504784,54e4579b5fd05ea3960ba101fb395e2b70a7187551a071981ffecd9087e5bcb6
1586,4536,data/raw/grand_bassin/images/stream_gbassinexch1.stream_2023-02-16_16-34-07/25edd9b3_f0004536.jpg,505087,dc63457facbca75a974d4b6a61ea5eeb5cae6ae528bc5c40be4f9ddad94e1289
1587,4548,data/raw/grand_bassin/images/stream_gbassinexch1.stream_2023-02-16_16-34-07/25edd9b3_f0004548.jpg,505856,5e6fdbc2141e015b8fc8c613dda83758e8587a7d898311a8e55c653d5e439b34
1588,4560,data/raw/grand_bassin/images/stream_gbassinexch1.stream_2023-02-16_16-34-07/25edd9b3_f0004560.jpg,506162,f96d27c660102712a1fca75f88a7aaff250a8d1402f2dea7e34d317bcdb5d8c8
1589,4572,data/raw/grand_bassin/images/stream_gbassinexch1.stream_2023-02-16_16-34-07/25edd9b3_f0004572.jpg,506870,9b59b10d823d9f29f8885ffe3b1ca19f60890f1f768cd5692d525c89b2fdfa9a
1590,4584,data/raw/grand_bassin/images/stream_gbassinexch1.stream_2023-02-16_16-34-07/25edd9b3_f0004584.jpg,507601,e5bd782adc4c5fc5fd6aab9136b4ef9d87e8122fb9579b3cf0a196b1efc01779
1591,4596,data/raw/grand_bassin/images/stream_gbassinexch1.stream_2023-02-16_16-34-07/25edd9b3_f0004596.jpg,508265,f6190888ecd790752bd29720db769142497a1edef7ead54ee4e9c09bc8e6e1f8
1592,4608,data/raw/grand_bassin/images/stream_gbassinexch1.stream_2023-02-16_16-34-07/25edd9b3_f0004608.jpg,508667,8a24fda006ab6960ccb64e6a01a0567e82eba6ba5bcb96b8cf004792ac461d63
1593,4620,data/raw/grand_bassin/images/stream_gbassinexch1.stream_2023-02-16_16-34-07/25edd9b3_f0004620.jpg,509018,d48df5dee4fe2f8b6da972f373f64ce159f9aa52ca282edbc02cf0730d8a8f57
1594,4632,data/raw/grand_bassin/images/stream_gbassinexch1.stream_2023-02-16_16-34-07/25edd9b3_f0004632.jpg,496525,6777ad997e140403a7256a58b6195cdf366da0ebf08488dca7019c8306e40708
1595,4644,data/raw/grand_bassin/images/stream_gbassinexch1.stream_2023-02-16_16-34-07/25edd9b3_f0004644.jpg,499708,bd0afde6b5bac4f415fb0ddbe6fa2bb354cbfc1d3adaf3d947f324e61c67865d
1596,4656,data/raw/grand_bassin/images/stream_gbassinexch1.stream_2023-02-16_16-34-07/25edd9b3_f0004656.jpg,501840,971b11ff4630db2b075ea6cac5143c276107f9994360c4c1643a623d1c5faf5c
1597,4668,data/raw/grand_bassin/images/stream_gbassinexch1.stream_2023-02-16_16-34-07/25edd9b3_f0004668.jpg,503253,9c3db46c6908f3aacd8721d1d031923e64cc0187f2d7d15dd5c41e8c4425a97d
1598,4680,data/raw/grand_bassin/images/stream_gbassinexch1.stream_2023-02-16_16-34-07/25edd9b3_f0004680.jpg,504198,e14909918885d57287cb4a4dbc1528f1b36e733c973fa0c8f061571197aae333
1599,4692,data/raw/grand_bassin/images/stream_gbassinexch1.stream_2023-02-16_16-34-07/25edd9b3_f0004692.jpg,504049,52bc7b4a5f3a2e6e7b7b1a27651bbdf30aed1494bfeca8b5de9380cd504c63e6
1600,4704,data/raw/grand_bassin/images/stream_gbassinexch1.stream_2023-02-16_16-34-07/25edd9b3_f0004704.jpg,504082,34917400cd897d5c40dfd72e560ce9298469b0c16d59506819b8cf72742530ae
1601,4716,data/raw/grand_bassin/images/stream_gbassinexch1.stream_2023-02-16_16-34-07/25edd9b3_f0004716.jpg,504721,c7902cdef4706890330d8ace73542097f5e9130d4c974073d56504a8513837fd
1602,4728,data/raw/grand_bassin/images/stream_gbassinexch1.stream_2023-02-16_16-34-07/25edd9b3_f0004728.jpg,505428,2846b676d240d835a4b9d260fd3eeaf21de90c8a857806c1631681f9e59ac086
1603,4740,data/raw/grand_bassin/images/stream_gbassinexch1.stream_2023-02-16_16-34-07/25edd9b3_f0004740.jpg,505365,c5a8eed713b3c5c57ba6a75d8ba1e893d10be169899034c7d9a02c280f97ce53
1604,4752,data/raw/grand_bassin/images/stream_gbassinexch1.stream_2023-02-16_16-34-07/25edd9b3_f0004752.jpg,506304,442b8f8986eeb1f0b1de2e6b47e19a0b8328a768813efd7700a8d67481902a36
1605,4764,data/raw/grand_bassin/images/stream_gbassinexch1.stream_2023-02-16_16-34-07/25edd9b3_f0004764.jpg,507159,94c8186f54a449f8ae3d66aafa4ca44781d66c77c32d08388199f38cf875e758
1606,4776,data/raw/grand_bassin/images/stream_gbassinexch1.stream_2023-02-16_16-34-07/25edd9b3_f0004776.jpg,507620,1151609a2e4fe645aab3dd7fd4244b558acfe238d7b586d91da7d4176cfa7c52
1607,4788,data/raw/grand_bassin/images/stream_gbassinexch1.stream_2023-02-16_16-34-07/25edd9b3_f0004788.jpg,507770,e48158774f8c28b2dad91a41f54fa0c0e8302d0b05c78c065fa2cebad3dfebd4
1608,4800,data/raw/grand_bassin/images/stream_gbassinexch1.stream_2023-02-16_16-34-07/25edd9b3_f0004800.jpg,507531,08e2f554ed13a50d62b58ebe54598bd23f7c02b70913bed4abc15777160f4893
1609,4812,data/raw/grand_bassin/images/stream_gbassinexch1.stream_2023-02-16_16-34-07/25edd9b3_f0004812.jpg,496503,e2fa56fa70c838478adff3589c603eda6e07574f8fe79edbbe286ab95c06dada
1610,4824,data/raw/grand_bassin/images/stream_gbassinexch1.stream_2023-02-16_16-34-07/25edd9b3_f0004824.jpg,498838,d7b43a45cc13e13f71785ed0c716b662f3c1422ddcb12888f8cb65fe88b99c55
1611,4836,data/raw/grand_bassin/images/stream_gbassinexch1.stream_2023-02-16_16-34-07/25edd9b3_f0004836.jpg,500964,4a480c90efac82bb455199a025a4ae3830f8473535063d24604757f6b953fe32
1612,4848,data/raw/grand_bassin/images/stream_gbassinexch1.stream_2023-02-16_16-34-07/25edd9b3_f0004848.jpg,502157,a79a19a5166e8dd2936209d1d7fefd9a5b412dd643e04ca627a079ac3c3435b9
1613,4860,data/raw/grand_bassin/images/stream_gbassinexch1.stream_2023-02-16_16-34-07/25edd9b3_f0004860.jpg,503057,ad95a7c4deb65418b1bbed593c57aff51021a587bea1f8d5f27c2c359283581d
1614,4872,data/raw/grand_bassin/images/stream_gbassinexch1.stream_2023-02-16_16-34-07/25edd9b3_f0004872.jpg,503780,772dc726bd4a4ebb33aa21e36a81ac5ecf8e17501cc5a63e6219d13e80d94015
1615,4884,data/raw/grand_bassin/images/stream_gbassinexch1.stream_2023-02-16_16-34-07/25edd9b3_f0004884.jpg,504654,ca94b8c0b5f26812e6c0d7d9900585d53b0cd390b7ff8271bf249d1599fb2daa
1616,4896,data/raw/grand_bassin/images/stream_gbassinexch1.stream_2023-02-16_16-34-07/25edd9b3_f0004896.jpg,505560,0273bc0a584725aca5f32ebca653a3b045055a76adf34d1351a35c73bef6716e
1617,4908,data/raw/grand_bassin/images/stream_gbassinexch1.stream_2023-02-16_16-34-07/25edd9b3_f0004908.jpg,505916,b162f4710acc1b4e97c8a11ef5e249506def7426371682d3a8494f9e3766b0a9
1618,4920,data/raw/grand_bassin/images/stream_gbassinexch1.stream_2023-02-16_16-34-07/25edd9b3_f0004920.jpg,506443,b3da1b4b4e747d5185e7b8b7091b8553c9664323f4731711071d99d1c18c00a7
1619,4932,data/raw/grand_bassin/images/stream_gbassinexch1.stream_2023-02-16_16-34-07/25edd9b3_f0004932.jpg,507078,7e469b2539e40b614f7dc16ad5e2ec39c2a27c8a771873937b246a0062d685c8
1620,4944,data/raw/grand_bassin/images/stream_gbassinexch1.stream_2023-02-16_16-34-07/25edd9b3_f0004944.jpg,506953,a551a57398cf2b4343b4c0f31db4fe83d4fdf9391cbcf7f8291828cce89a34c1
1621,4956,data/raw/grand_bassin/images/stream_gbassinexch1.stream_2023-02-16_16-34-07/25edd9b3_f0004956.jpg,506937,3c0e06719a314a5dfaf3e194f72133428ad97aea3af77d23be8c297f174400d3
1622,4968,data/raw/grand_bassin/images/stream_gbassinexch1.stream_2023-02-16_16-34-07/25edd9b3_f0004968.jpg,507576,179b1a3dc942add54140aeeb7df1ecc2cc230841db3e7809f46fe3af1d31e4b6
1623,4980,data/raw/grand_bassin/images/stream_gbassinexch1.stream_2023-02-16_16-34-07/25edd9b3_f0004980.jpg,508167,850c6aca75e881083248e2faa9ae0f21055d73fa7e86c7aa3f40e4894ae45604
1624,4992,data/raw/grand_bassin/images/stream_gbassinexch1.stream_2023-02-16_16-34-07/25edd9b3_f0004992.jpg,496609,4b1641efea5c056fe63a42c63e08923fdcb98d480ec1f5ccb0ff16e9763a9366
1625,5004,data/raw/grand_bassin/images/stream_gbassinexch1.stream_2023-02-16_16-34-07/25edd9b3_f0005004.jpg,498888,e06b8f6809d4c6287167d8e5975590cd093a3a4817d986849203ddfb22b7ae9c
1626,5016,data/raw/grand_bassin/images/stream_gbassinexch1.stream_2023-02-16_16-34-07/25edd9b3_f0005016.jpg,500513,fc69f3424341490384920fa4f4ddadd2709bebc996fecc7ac3c52571914b6d7f
1627,5028,data/raw/grand_bassin/images/stream_gbassinexch1.stream_2023-02-16_16-34-07/25edd9b3_f0005028.jpg,501858,35984c8419f3e4a55b35676fe079c9fd09beeb3068c7a02a0522519ce02d661a
1628,5040,data/raw/grand_bassin/images/stream_gbassinexch1.stream_2023-02-16_16-34-07/25edd9b3_f0005040.jpg,502666,6647537a26c6ae744ad5cf78fe3c60e8ddcee3b91837b541c965adf041ef99e4
1629,5052,data/raw/grand_bassin/images/stream_gbassinexch1.stream_2023-02-16_16-34-07/25edd9b3_f0005052.jpg,503292,0c68647fbee72ba70b40fc59cb7f872288e8d9723c47ae2794822ede8609d99a
1630,5064,data/raw/grand_bassin/images/stream_gbassinexch1.stream_2023-02-16_16-34-07/25edd9b3_f0005064.jpg,503676,0232bd590662ec06930c82eddeeb692bf4553146eff019ff95902f0a7bff733b
1631,5076,data/raw/grand_bassin/images/stream_gbassinexch1.stream_2023-02-16_16-34-07/25edd9b3_f0005076.jpg,503822,a384720239bdf7b795be7e59810c6d6b4f9e68e8f342cb8bf320a4613a29c8c0
1632,5088,data/raw/grand_bassin/images/stream_gbassinexch1.stream_2023-02-16_16-34-07/25edd9b3_f0005088.jpg,504121,6ebc02c86a444aa75005871bc7df412e8e488b92a50efb0ec9386328ff86ca90
1633,5100,data/raw/grand_bassin/images/stream_gbassinexch1.stream_2023-02-16_16-34-07/25edd9b3_f0005100.jpg,504900,90158d0a8052698586e793ba05c20075f51ff729f242cc10dbc6c5c90612cfc2
1634,5112,data/raw/grand_bassin/images/stream_gbassinexch1.stream_2023-02-16_16-34-07/25edd9b3_f0005112.jpg,505369,4a188761ca5528b94dff0493148669c1ae3566659b14619df1cbbf2550bca439
1635,5124,data/raw/grand_bassin/images/stream_gbassinexch1.stream_2023-02-16_16-34-07/25edd9b3_f0005124.jpg,505875,05e181c16907c06d3e93824cbb3e16f1620c02f7d82c7d18216e015555c12627
1636,5136,data/raw/grand_bassin/images/stream_gbassinexch1.stream_2023-02-16_16-34-07/25edd9b3_f0005136.jpg,506675,970600a786c6411ef36dccd32f4c2b99164f222ee9103c1d083c729353f5082d
1637,5148,data/raw/grand_bassin/images/stream_gbassinexch1.stream_2023-02-16_16-34-07/25edd9b3_f0005148.jpg,507321,a513d9ebc441f5c973490e0921d38635d6c6bc8ee784378654c960abb5ab007d
1638,5160,data/raw/grand_bassin/images/stream_gbassinexch1.stream_2023-02-16_16-34-07/25edd9b3_f0005160.jpg,508259,d4e54310d79b19592d629d39a27f4c6d52ad367ad96c900ab433d546c90f7c8e
1639,5172,data/raw/grand_bassin/images/stream_gbassinexch1.stream_2023-02-16_16-34-07/25edd9b3_f0005172.jpg,497672,b832902d252fe0d048c2416c67b7c2cce2ecd27572d026b820f23134197b890f
1640,5184,data/raw/grand_bassin/images/stream_gbassinexch1.stream_2023-02-16_16-34-07/25edd9b3_f0005184.jpg,499957,55cd0f739416520f64ea395d0333bba02d0498b4c647593a0010f8fe01e19c84
1641,5196,data/raw/grand_bassin/images/stream_gbassinexch1.stream_2023-02-16_16-34-07/25edd9b3_f0005196.jpg,501454,bf3b439112e823760d441b0fc359b1df6bef8184fa23f9751b0424027ae851b7
1642,5208,data/raw/grand_bassin/images/stream_gbassinexch1.stream_2023-02-16_16-34-07/25edd9b3_f0005208.jpg,502830,536a620b275a82028f147bfd87a4333df2423fd0a190ee28f9c4cb8bd9e34814
1643,5220,data/raw/grand_bassin/images/stream_gbassinexch1.stream_2023-02-16_16-34-07/25edd9b3_f0005220.jpg,503634,ce5b8832430fc1ba671ad7df93e2ed5b3b9646c5cae626e128e9fcac9b4388c5
1644,5232,data/raw/grand_bassin/images/stream_gbassinexch1.stream_2023-02-16_16-34-07/25edd9b3_f0005232.jpg,504800,7194cf444e06449fbf8cac77046428c0b7ce7394b6b872420a3ea8065a1951a5
1645,5244,data/raw/grand_bassin/images/stream_gbassinexch1.stream_2023-02-16_16-34-07/25edd9b3_f0005244.jpg,505547,408565f50d8c59b1b9115764d40644fb55737864c9c1e52d964aadd33774a0af
1646,5256,data/raw/grand_bassin/images/stream_gbassinexch1.stream_2023-02-16_16-34-07/25edd9b3_f0005256.jpg,505681,b5208dabc7d4c879f5e92581c4bc811fdabf384127353227bbac121d932b98fb
1647,5268,data/raw/grand_bassin/images/stream_gbassinexch1.stream_2023-02-16_16-34-07/25edd9b3_f0005268.jpg,505620,5eaf57a49046af506d8f6bfb6a0386a12c7d62284bda8d3502577bbb90830fd6
1648,5280,data/raw/grand_bassin/images/stream_gbassinexch1.stream_2023-02-16_16-34-07/25edd9b3_f0005280.jpg,505744,7beaa073b109c53d6525f9e0ff7e3422c61e370a99843f20cc218f37d0d3a66c
1649,5292,data/raw/grand_bassin/images/stream_gbassinexch1.stream_2023-02-16_16-34-07/25edd9b3_f0005292.jpg,505526,e4dba2d745cbd8b68c038b698cc215f50e61d2d7d93f6e9a382a60d38c64c827
1650,5304,data/raw/grand_bassin/images/stream_gbassinexch1.stream_2023-02-16_16-34-07/25edd9b3_f0005304.jpg,506073,f1984d74e93f8a5f98cf6c89f40670dbf782effc95216dc084607a0e0bab0c0d
1651,5316,data/raw/grand_bassin/images/stream_gbassinexch1.stream_2023-02-16_16-34-07/25edd9b3_f0005316.jpg,506268,d5d79fb0f985e02bf71e78b151721335886e1ad12b17ad412eb99be82dde057d
1652,5328,data/raw/grand_bassin/images/stream_gbassinexch1.stream_2023-02-16_16-34-07/25edd9b3_f0005328.jpg,506861,44fd95f6dca5c528164d6d5348d16eebe0fa4ca4778b665d7afe983b01e87c81
1653,5340,data/raw/grand_bassin/images/stream_gbassinexch1.stream_2023-02-16_16-34-07/25edd9b3_f0005340.jpg,493045,d9187a9d79ca2f584df76067728f3e55fb837655d4d1b8790b13982b76cf0d60
1654,5352,data/raw/grand_bassin/images/stream_gbassinexch1.stream_2023-02-16_16-34-07/25edd9b3_f0005352.jpg,497543,c51b528f612989ed53b80ba488fed3f3ece64e42c6076fc581219c648c55b2ca
1655,5364,data/raw/grand_bassin/images/stream_gbassinexch1.stream_2023-02-16_16-34-07/25edd9b3_f0005364.jpg,499946,062800586c2211d9f902a2bf408bb9b634be70479ce0281193a9dc676c6be149
1656,5376,data/raw/grand_bassin/images/stream_gbassinexch1.stream_2023-02-16_16-34-07/25edd9b3_f0005376.jpg,501262,83f9f42294d9067f73ebf87c7e2b82e427eb304b6c0d742688470af2fc43a737
1657,5388,data/raw/grand_bassin/images/stream_gbassinexch1.stream_2023-02-16_16-34-07/25edd9b3_f0005388.jpg,502512,365827b2f78360b8361e38f879036eff14b0de6b4daccc9b81a78ad6dceb57ad
1658,5400,data/raw/grand_bassin/images/stream_gbassinexch1.stream_2023-02-16_16-34-07/25edd9b3_f0005400.jpg,503550,dd1a047066064d23bcf36de78f3c82db836034f9137663f27655be7d0c3ac164
1659,5412,data/raw/grand_bassin/images/stream_gbassinexch1.stream_2023-02-16_16-34-07/25edd9b3_f0005412.jpg,504035,505a79f02da4e502c823d874a585ee89e6eaba56cdb7bd68ac12636f6dd6ab34
1660,5424,data/raw/grand_bassin/images/stream_gbassinexch1.stream_2023-02-16_16-34-07/25edd9b3_f0005424.jpg,504713,c6eac49ec69406e0b8816236a10fad512b08ee82b5a8bf4df8578d9f4f6c1f67
1661,5436,data/raw/grand_bassin/images/stream_gbassinexch1.stream_2023-02-16_16-34-07/25edd9b3_f0005436.jpg,506029,0b61c84145aed1d7f4088f59c05c0b5912ea56278161ba29e76651e06e5a88c0
1662,5448,data/raw/grand_bassin/images/stream_gbassinexch1.stream_2023-02-16_16-34-07/25edd9b3_f0005448.jpg,506665,ec00f18a779bd179a2bd9e04e941d0fb97f2adbccff60ac2e94486f0ad9ff55d
1663,5460,data/raw/grand_bassin/images/stream_gbassinexch1.stream_2023-02-16_16-34-07/25edd9b3_f0005460.jpg,507048,eb83ef404b9a8a8ceb6d1083f53e286fb61af8d33c72d83206cabed14d041b78
1664,5472,data/raw/grand_bassin/images/stream_gbassinexch1.stream_2023-02-16_16-34-07/25edd9b3_f0005472.jpg,506911,71ccb69e4f7a40e25ffdd96698d153c632aa93072e64feb55780ec2e19b20b49
1665,5484,data/raw/grand_bassin/images/stream_gbassinexch1.stream_2023-02-16_16-34-07/25edd9b3_f0005484.jpg,507772,fe65093472739e2368e99c5df6a2732ef05dc14ba358e7ac902e6c5fcd4a049d
1666,5496,data/raw/grand_bassin/images/stream_gbassinexch1.stream_2023-02-16_16-34-07/25edd9b3_f0005496.jpg,508520,1aacc8d6934b8d11fab283b04614325c40f3ac6c247b7cb0014d7ab076d92ea9
1667,5508,data/raw/grand_bassin/images/stream_gbassinexch1.stream_2023-02-16_16-34-07/25edd9b3_f0005508.jpg,508550,a05ba01b1403a062dca0061ff06a6f60af03a95de126d4bb46622719498ee56a
1668,5520,data/raw/grand_bassin/images/stream_gbassinexch1.stream_2023-02-16_16-34-07/25edd9b3_f0005520.jpg,494783,58da48b75d08603f084b9ad9e341136e5ab02a8965d5be6d3e588ae142c4d522
1669,5532,data/raw/grand_bassin/images/stream_gbassinexch1.stream_2023-02-16_16-34-07/25edd9b3_f0005532.jpg,497506,96cd01e96129d5471aaa6bfa32a2e517e0c272456b920efff14112a25a4acf5e
1670,5544,data/raw/grand_bassin/images/stream_gbassinexch1.stream_2023-02-16_16-34-07/25edd9b3_f0005544.jpg,499179,1963ce6b6ce61cdad3724a21d7c1953c43c77aedf01fd5997dfb51790a954a7b
1671,5556,data/raw/grand_bassin/images/stream_gbassinexch1.stream_2023-02-16_16-34-07/25edd9b3_f0005556.jpg,500493,8d45e333664ab3f3119cee2ad5a24c48c2f1554c964874c080ac70d842f43c3b
1672,5568,data/raw/grand_bassin/images/stream_gbassinexch1.stream_2023-02-16_16-34-07/25edd9b3_f0005568.jpg,501411,c29c1a9bbf19f1059c9c35eec25d496384af43470722138745504e13835a8c24
1673,5580,data/raw/grand_bassin/images/stream_gbassinexch1.stream_2023-02-16_16-34-07/25edd9b3_f0005580.jpg,502671,6d514bf59776f4f394ebea4b0894508951bbb37571193755051c6672afc7fc1b
1674,5592,data/raw/grand_bassin/images/stream_gbassinexch1.stream_2023-02-16_16-34-07/25edd9b3_f0005592.jpg,503386,b628ec93283c75ca36e2948edab7bd4f81329da24abe10b0e43c9a27690ec210
1675,5604,data/raw/grand_bassin/images/stream_gbassinexch1.stream_2023-02-16_16-34-07/25edd9b3_f0005604.jpg,504353,af68435cb52ab82ae6ae64704d8610b8cba99664b020e8c593720aa59fbd960b
1676,5616,data/raw/grand_bassin/images/stream_gbassinexch1.stream_2023-02-16_16-34-07/25edd9b3_f0005616.jpg,505016,69bd5d35989175d560a411027824ca4dfcd68d7832aba52c94d25fda238832e5
1677,5628,data/raw/grand_bassin/images/stream_gbassinexch1.stream_2023-02-16_16-34-07/25edd9b3_f0005628.jpg,505516,bc5a6a504df008281e65df7b980fa3b4ac4ef7ebfcbe0ff5a04668c2ffb35452
1678,5640,data/raw/grand_bassin/images/stream_gbassinexch1.stream_2023-02-16_16-34-07/25edd9b3_f0005640.jpg,505757,fffb85afb72a6e4d882205eb4b611d9049321f7fc6a3342083dd8f86cdc4e1e1
1679,5652,data/raw/grand_bassin/images/stream_gbassinexch1.stream_2023-02-16_16-34-07/25edd9b3_f0005652.jpg,506294,763fbb18820ffd8224926a1c46a3efa5af03b1a873aa5ac504ba390322c80bb3
1680,5664,data/raw/grand_bassin/images/stream_gbassinexch1.stream_2023-02-16_16-34-07/25edd9b3_f0005664.jpg,506650,e80ee5c879292c85793121c79249af07bd1ee058b27dc2217c5a7765c3f3927e
1681,5676,data/raw/grand_bassin/images/stream_gbassinexch1.stream_2023-02-16_16-34-07/25edd9b3_f0005676.jpg,507177,645ab24759474de94b25f924712f2bd93ca8eaf595008b5a69c19ba592e11876
1682,5688,data/raw/grand_bassin/images/stream_gbassinexch1.stream_2023-02-16_16-34-07/25edd9b3_f0005688.jpg,507636,77ee5fea9aa3323f926f9f5d7b4091763cbb470fa29fdbf43e43248cf483a9e4
1683,5700,data/raw/grand_bassin/images/stream_gbassinexch1.stream_2023-02-16_16-34-07/25edd9b3_f0005700.jpg,496198,ac330ad9d5177df3835dd5f50d1f3140213d0282050d51d277cb888a4daf40c2
1684,5712,data/raw/grand_bassin/images/stream_gbassinexch1.stream_2023-02-16_16-34-07/25edd9b3_f0005712.jpg,498889,1d8b3790e9b90d056170622bdb0a148678ab782de946b17cbd8ec275106d2702
1685,5724,data/raw/grand_bassin/images/stream_gbassinexch1.stream_2023-02-16_16-34-07/25edd9b3_f0005724.jpg,500449,ed344b44d619917a702c63029085c1aee14b7d3a6754e1a76c3bcc2602ee5e10
1686,5736,data/raw/grand_bassin/images/stream_gbassinexch1.stream_2023-02-16_16-34-07/25edd9b3_f0005736.jpg,501731,8816aadaa3987598ad25959429c4e586dbee8a1ba5800e315b66aa5966297f95
1687,5748,data/raw/grand_bassin/images/stream_gbassinexch1.stream_2023-02-16_16-34-07/25edd9b3_f0005748.jpg,502845,b77c108c2a9eb119ee5fc754e971c50eec919ab7d0409be8921ac442f2cfb9e2
1688,5760,data/raw/grand_bassin/images/stream_gbassinexch1.stream_2023-02-16_16-34-07/25edd9b3_f0005760.jpg,503521,984801ab6eb4ff202edcf856aee839e7d087e1e60bc9db6382ff6b41814c4e57
1689,5772,data/raw/grand_bassin/images/stream_gbassinexch1.stream_2023-02-16_16-34-07/25edd9b3_f0005772.jpg,504368,8b4c5f5f8dce39e9b7182f16122e1ead81782633ded207dc57525912c44d8818
1690,5784,data/raw/grand_bassin/images/stream_gbassinexch1.stream_2023-02-16_16-34-07/25edd9b3_f0005784.jpg,504967,481e9818c30b76ad029177829baefb1e046536780b4f2f3b2b8770dfd2b81882
1691,5796,data/raw/grand_bassin/images/stream_gbassinexch1.stream_2023-02-16_16-34-07/25edd9b3_f0005796.jpg,505499,579f75d27535a4c03af9a693c2ce6e869f75decec47a5436519d0ba87f708dd7
1692,5808,data/raw/grand_bassin/images/stream_gbassinexch1.stream_2023-02-16_16-34-07/25edd9b3_f0005808.jpg,505726,bf553fa910d86b476431753d47be761b073d8212e6499b4bee2fd9e598726de4
1693,5820,data/raw/grand_bassin/images/stream_gbassinexch1.stream_2023-02-16_16-34-07/25edd9b3_f0005820.jpg,506529,b92d5aeed5be431d292f45a540cc27c900eff757eaee0a6591196ea666bfc58c
1694,5832,data/raw/grand_bassin/images/stream_gbassinexch1.stream_2023-02-16_16-34-07/25edd9b3_f0005832.jpg,507425,44f5eb9ffd90d601b50011dea3ce2c188acc8a9f84d086400720bba85c261ca0
1695,5844,data/raw/grand_bassin/images/stream_gbassinexch1.stream_2023-02-16_16-34-07/25edd9b3_f0005844.jpg,507850,2786204aeacf7a9762be3ee0d5f071a1eac6f67a786252a87cea702e05e4a72b
1696,5856,data/raw/grand_bassin/images/stream_gbassinexch1.stream_2023-02-16_16-34-07/25edd9b3_f0005856.jpg,508886,3e8510240884838a943fce7aafdf449155e5c79aa946a10fe9f9381b125c8501
1697,5868,data/raw/grand_bassin/images/stream_gbassinexch1.stream_2023-02-16_16-34-07/25edd9b3_f0005868.jpg,508809,c3749c48dd788cd0eb960dbcc0dec5e3c8893fca42c30a917ddc3df5523b5f3c
1698,5880,data/raw/grand_bassin/images/stream_gbassinexch1.stream_2023-02-16_16-34-07/25edd9b3_f0005880.jpg,496668,d80c7cdd429b04c59152ae2b7feba5b76447532850f691803160de20d107d360
1699,5892,data/raw/grand_bassin/images/stream_gbassinexch1.stream_2023-02-16_16-34-07/25edd9b3_f0005892.jpg,499549,ca5d591a993c16a79cb67017e5243a1828945c65630183db44c467a20c3eac4c
1700,5904,data/raw/grand_bassin/images/stream_gbassinexch1.stream_2023-02-16_16-34-07/25edd9b3_f0005904.jpg,501330,0a8d5a0ad8470ebb826a4eef5a092dec50c619aa82abd4f22364be9cb0de67f1
1701,5916,data/raw/grand_bassin/images/stream_gbassinexch1.stream_2023-02-16_16-34-07/25edd9b3_f0005916.jpg,502316,a0a4f92ba550a1eb3c0199e608098787bc5d269f449ab52c773f5b6d85ec4345
1702,5928,data/raw/grand_bassin/images/stream_gbassinexch1.stream_2023-02-16_16-34-07/25edd9b3_f0005928.jpg,503120,68eb93e6e6e9b52ddb94d20ae5441e2806ad76ab91b980078762c8f258bc3113
1703,5940,data/raw/grand_bassin/images/stream_gbassinexch1.stream_2023-02-16_16-34-07/25edd9b3_f0005940.jpg,504111,d44c3a72b951c537de2d41e78debd1306d62dfaab894fd78b73042586db76070
1704,5952,data/raw/grand_bassin/images/stream_gbassinexch1.stream_2023-02-16_16-34-07/25edd9b3_f0005952.jpg,504968,c31713b057e181ec0e5e19383cc63d41c66bdd74c276f08735bd08ea4b3bffc4
1705,5964,data/raw/grand_bassin/images/stream_gbassinexch1.stream_2023-02-16_16-34-07/25edd9b3_f0005964.jpg,505237,7b8af9d396614e75f4cb0ddc39574a915d019ccafcd1cc163c452311bb703410
1706,5976,data/raw/grand_bassin/images/stream_gbassinexch1.stream_2023-02-16_16-34-07/25edd9b3_f0005976.jpg,505691,a3c6c235a3d6970f9f45b80b4c2604405d856f9438a17975bdf49347d96c9d1c
1707,5988,data/raw/grand_bassin/images/stream_gbassinexch1.stream_2023-02-16_16-34-07/25edd9b3_f0005988.jpg,505858,68d5d3641c26fe60fcb99e955e6fa35bbfde9549306446376b23853c764a9481
1708,6000,data/raw/grand_bassin/images/stream_gbassinexch1.stream_2023-02-16_16-34-07/25edd9b3_f0006000.jpg,506288,84546a1c75ff86702df3cee3dd566d660b4a4a7b99314bb88238d4dc790cf62c
1709,6012,data/raw/grand_bassin/images/stream_gbassinexch1.stream_2023-02-16_16-34-07/25edd9b3_f0006012.jpg,506627,ffdbfca44216f851da15dc7bea7facc64a668872fd9d16ce50aacf226c41688f
1710,6024,data/raw/grand_bassin/images/stream_gbassinexch1.stream_2023-02-16_16-34-07/25edd9b3_f0006024.jpg,506964,b7504f2f6884ea8269c6d73a07b319f2dd9f679249652b3c7485e5a60cf33d89
1711,6036,data/raw/grand_bassin/images/stream_gbassinexch1.stream_2023-02-16_16-34-07/25edd9b3_f0006036.jpg,506917,e71e97a5d8b4626b1e12de6eb90a4a85b67fa8a84859e1443d2aa23db35c1b78
1712,6048,data/raw/grand_bassin/images/stream_gbassinexch1.stream_2023-02-16_16-34-07/25edd9b3_f0006048.jpg,507236,bd715f9732b20e5f5dc4eb39dfc0ea4b882c11a700a1a502eda307516b062c27
1713,6060,data/raw/grand_bassin/images/stream_gbassinexch1.stream_2023-02-16_16-34-07/25edd9b3_f0006060.jpg,496025,530737eb173ed4441f2910e221da964cfc8fbf32bec053fa6d1b9b6e80a94343
1714,6072,data/raw/grand_bassin/images/stream_gbassinexch1.stream_2023-02-16_16-34-07/25edd9b3_f0006072.jpg,498105,20a1c39ff1624ff985e5eafbcf083bf6fa873f1e9497180420a720a02ae90faa
1715,6084,data/raw/grand_bassin/images/stream_gbassinexch1.stream_2023-02-16_16-34-07/25edd9b3_f0006084.jpg,499162,c97eb0c654f20134f65c6c3027f14074ac67f9ae23a480f3574af17659e651d6
1716,6096,data/raw/grand_bassin/images/stream_gbassinexch1.stream_2023-02-16_16-34-07/25edd9b3_f0006096.jpg,500099,a6193815c536a9973b51ad3ffde2b48f185aaf40c6739a92b514e296f8511944
1717,6108,data/raw/grand_bassin/images/stream_gbassinexch1.stream_2023-02-16_16-34-07/25edd9b3_f0006108.jpg,500710,4810fbe532f40797a80a9e68b69257bc209fe0e23d5a3d0458473509125e09eb
1718,6120,data/raw/grand_bassin/images/stream_gbassinexch1.stream_2023-02-16_16-34-07/25edd9b3_f0006120.jpg,501774,5bcc59a3de36c65a12f7a2a5a1941c16d4a3639b1c175314a1d25c5a95a2b372
1719,6132,data/raw/grand_bassin/images/stream_gbassinexch1.stream_2023-02-16_16-34-07/25edd9b3_f0006132.jpg,502509,f204b882114bcce6536871346bd32e0aceeb6a4c7d1692c24b0acae39354209b
1720,6144,data/raw/grand_bassin/images/stream_gbassinexch1.stream_2023-02-16_16-34-07/25edd9b3_f0006144.jpg,503375,8a7934ed941cd2661a47b8ad054c16f5a370fb3863a97624a7f742cf710aaa08
1721,6156,data/raw/grand_bassin/images/stream_gbassinexch1.stream_2023-02-16_16-34-07/25edd9b3_f0006156.jpg,503874,8c91cae2159b60c2ee5f61b0a587bbc0446b2e09b44dd32e59a1fd9b2f221897
1722,6168,data/raw/grand_bassin/images/stream_gbassinexch1.stream_2023-02-16_16-34-07/25edd9b3_f0006168.jpg,504894,b8e4bba691fbd98fed011bddedfc7daeb3dc29b7a7f907784a23430955e004f4
1723,6180,data/raw/grand_bassin/images/stream_gbassinexch1.stream_2023-02-16_16-34-07/25edd9b3_f0006180.jpg,505493,b7f7c149ab8999ea69df9398151574dde2db2df879cd8b71cc2070dff4b023ae
1724,6192,data/raw/grand_bassin/images/stream_gbassinexch1.stream_2023-02-16_16-34-07/25edd9b3_f0006192.jpg,505583,194cc1a0d9cabb2a6de0e27be0973b9f09b20403e5289d0e774d3857b74ea513
1725,6204,data/raw/grand_bassin/images/stream_gbassinexch1.stream_2023-02-16_16-34-07/25edd9b3_f0006204.jpg,505782,78c88879dc64e5d154aee2886ef041477cb44155f5f25ba0a96a2a3c1ea8730f
1726,6216,data/raw/grand_bassin/images/stream_gbassinexch1.stream_2023-02-16_16-34-07/25edd9b3_f0006216.jpg,506179,018952a4e259558e71166a3672cc361396b74128e55e9498e0e331b2220fb164
1727,6228,data/raw/grand_bassin/images/stream_gbassinexch1.stream_2023-02-16_16-34-07/25edd9b3_f0006228.jpg,506405,8038c44aba2941c91d5c8033901499ecf40f20ed7386384e5df5214622f497b5
1728,6240,data/raw/grand_bassin/images/stream_gbassinexch1.stream_2023-02-16_16-34-07/25edd9b3_f0006240.jpg,496916,b6428ee7ec52ea5160627c8c0654271e5a42237b2b0d7866deca8a63fc7a2435
1729,6252,data/raw/grand_bassin/images/stream_gbassinexch1.stream_2023-02-16_16-34-07/25edd9b3_f0006252.jpg,499065,744d64e5693f0511668dbcc4278d4d5659064eb9bff69c30ec450bfbadb2858a
1730,6264,data/raw/grand_bassin/images/stream_gbassinexch1.stream_2023-02-16_16-34-07/25edd9b3_f0006264.jpg,500523,b5e054422f254e6c412519466df0ebc23054dcfb1596524468a164f583c04cf1
1731,6276,data/raw/grand_bassin/images/stream_gbassinexch1.stream_2023-02-16_16-34-07/25edd9b3_f0006276.jpg,501825,2d0cecde60cd549580ef4b80dd3c247b8c384eecd0ec931faad216f2e8fe3519
1732,6288,data/raw/grand_bassin/images/stream_gbassinexch1.stream_2023-02-16_16-34-07/25edd9b3_f0006288.jpg,502694,f03c8d8a2dd4994a6fc89a646ae984d482b3739306a6978c3fa53e7d78a940c5
1733,6300,data/raw/grand_bassin/images/stream_gbassinexch1.stream_2023-02-16_16-34-07/25edd9b3_f0006300.jpg,503288,80b431e73ba907932db5a2161988f594f767175d981909b9d22f8a18a5a7294b
1734,6312,data/raw/grand_bassin/images/stream_gbassinexch1.stream_2023-02-16_16-34-07/25edd9b3_f0006312.jpg,503424,7159f37059939ec6c4e5857343ad65c59704c7c4e8c2f59e3c764459ab25515e
1735,6324,data/raw/grand_bassin/images/stream_gbassinexch1.stream_2023-02-16_16-34-07/25edd9b3_f0006324.jpg,503961,d9bfa57518855b7c7d672637b0c1b0ccfd9893e0a4d579d98f53ac22306f950c
1736,6336,data/raw/grand_bassin/images/stream_gbassinexch1.stream_2023-02-16_16-34-07/25edd9b3_f0006336.jpg,504292,bcc4398a39cb5c80cf9584ffd28c5b08e67c93e302b55d9e7df7d7f99f806264
1737,6348,data/raw/grand_bassin/images/stream_gbassinexch1.stream_2023-02-16_16-34-07/25edd9b3_f0006348.jpg,504930,cdfa262f51e6b2411bb29298f086cc5aeaf1fde4d3369dff40527d3b3548b8e2
1738,6360,data/raw/grand_bassin/images/stream_gbassinexch1.stream_2023-02-16_16-34-07/25edd9b3_f0006360.jpg,505729,2bbf49ca942e79a8e062632336dce578c720b88aabfe2d1de197aa748be80c9a
1739,6372,data/raw/grand_bassin/images/stream_gbassinexch1.stream_2023-02-16_16-34-07/25edd9b3_f0006372.jpg,388758,2fd713d909c344e705964c039f32269b6821a46bca3b16d93fcaaa50c9890d19
1740,6384,data/raw/grand_bassin/images/stream_gbassinexch1.stream_2023-02-16_16-34-07/25edd9b3_f0006384.jpg,506506,fb7c1a48c00a2a2b68a07dea760bf20a36b34ff9190e6f6d6449a47dbc3367cf
1741,6396,data/raw/grand_bassin/images/stream_gbassinexch1.stream_2023-02-16_16-34-07/25edd9b3_f0006396.jpg,507421,3c931c69ae1224462e9ed0cbb2d0067161d8938fb3ade8c4c951c7a678daf87a
1742,6408,data/raw/grand_bassin/images/stream_gbassinexch1.stream_2023-02-16_16-34-07/25edd9b3_f0006408.jpg,493824,d17de9a600548b687e8eebb029e8c013a681e8508d4cf10070316be15f006750
1743,6420,data/raw/grand_bassin/images/stream_gbassinexch1.stream_2023-02-16_16-34-07/25edd9b3_f0006420.jpg,498639,fae5d04f016e20b8f22c1b68e2bf0b0aac72d51e0d7aa314136f3bf30089e598
1744,6432,data/raw/grand_bassin/images/stream_gbassinexch1.stream_2023-02-16_16-34-07/25edd9b3_f0006432.jpg,500327,c1dd44103f20dc54cbf45c9471f7cbf4fa7567377614eae753076599a8af4a6f
1745,6444,data/raw/grand_bassin/images/stream_gbassinexch1.stream_2023-02-16_16-34-07/25edd9b3_f0006444.jpg,501574,a9d05033b24509046a5137b63199178bfb6a24d69a3f6a6d01aa6bc53c7497ff
1746,6456,data/raw/grand_bassin/images/stream_gbassinexch1.stream_2023-02-16_16-34-07/25edd9b3_f0006456.jpg,502973,cc9b95cf0164016459ffc801012e11cf01526760a4562b6c7248dc0e01c8f962
1747,6468,data/raw/grand_bassin/images/stream_gbassinexch1.stream_2023-02-16_16-34-07/25edd9b3_f0006468.jpg,503948,bfa8f4eafc12d8e81bc7f922647d16f0c1066256af7860a1c8917e8bd405b2d9
1748,6480,data/raw/grand_bassin/images/stream_gbassinexch1.stream_2023-02-16_16-34-07/25edd9b3_f0006480.jpg,505037,ef98e4340368bc25581ea1969b2757d08441e3cdb3e82e6b8e77527a5516e18b
1749,6492,data/raw/grand_bassin/images/stream_gbassinexch1.stream_2023-02-16_16-34-07/25edd9b3_f0006492.jpg,505423,8e1b3b76ddccf693440729dffad8f6da5fb819e171a983a1e6eeedab4596a6c3
1750,6504,data/raw/grand_bassin/images/stream_gbassinexch1.stream_2023-02-16_16-34-07/25edd9b3_f0006504.jpg,505316,8bf215ed61f9885faa3b39e56fabf33abee73b9d30f42f3dc889a1fcd985d05f
1751,6516,data/raw/grand_bassin/images/stream_gbassinexch1.stream_2023-02-16_16-34-07/25edd9b3_f0006516.jpg,505400,a2ea75d347101ae5960e17c9a015aed1311c2d31b03e9d396b090939f528add3
1752,6528,data/raw/grand_bassin/images/stream_gbassinexch1.stream_2023-02-16_16-34-07/25edd9b3_f0006528.jpg,506362,3351bd7277199cd3807f59c123c0ca6edabb8ba228d46a3bd09342664b022a08
1753,6540,data/raw/grand_bassin/images/stream_gbassinexch1.stream_2023-02-16_16-34-07/25edd9b3_f0006540.jpg,507006,0fa441242ff2bd60b34de51363395d4167a2bd414c210d6a4f26983033c072ae
1754,6552,data/raw/grand_bassin/images/stream_gbassinexch1.stream_2023-02-16_16-34-07/25edd9b3_f0006552.jpg,508396,cc79156fc9c0cce094cf90b27594bcca89ec115850204b5b4cc8d3529a4cd46a
1755,6564,data/raw/grand_bassin/images/stream_gbassinexch1.stream_2023-02-16_16-34-07/25edd9b3_f0006564.jpg,509413,193d661da949008c82ca2676c8e7c3b293ffbdf09d8299575aee74ca2168fd86
1756,6576,data/raw/grand_bassin/images/stream_gbassinexch1.stream_2023-02-16_16-34-07/25edd9b3_f0006576.jpg,509366,b8f65e6fd1cc06b2fc5a2ecc1826f9e05ab8b06fc5f57407208ae81d3cbce69f
1757,6588,data/raw/grand_bassin/images/stream_gbassinexch1.stream_2023-02-16_16-34-07/25edd9b3_f0006588.jpg,496380,543275e5d4eedc40504f3a75f65b987832faa7be929719ea67a19993e30025b5
1758,6600,data/raw/grand_bassin/images/stream_gbassinexch1.stream_2023-02-16_16-34-07/25edd9b3_f0006600.jpg,499272,f2cf64adc06dcc0141ecb3e7ec19782cb238bbd79da0f8b17692bc8ad4ed8b64
1759,6612,data/raw/grand_bassin/images/stream_gbassinexch1.stream_2023-02-16_16-34-07/25edd9b3_f0006612.jpg,501017,8efe8c065e96d165463ff803a760efbdcaec340181db6ac13a7d28529b350814
1760,6624,data/raw/grand_bassin/images/stream_gbassinexch1.stream_2023-02-16_16-34-07/25edd9b3_f0006624.jpg,502479,9c2df43f1383bda9373365461ea53a64dc10fb88296e8a4835c57110e2e1eaab
1761,6636,data/raw/grand_bassin/images/stream_gbassinexch1.stream_2023-02-16_16-34-07/25edd9b3_f0006636.jpg,503850,9c42f6673750f926afcf2fb29fce98f17167b442a136464fd6563ab2e70cfe89
1762,6648,data/raw/grand_bassin/images/stream_gbassinexch1.stream_2023-02-16_16-34-07/25edd9b3_f0006648.jpg,504605,fdaf6bdd35141a63f9f61659ba1498ea1a007db9658f68bbe90206d27057410f
1763,6660,data/raw/grand_bassin/images/stream_gbassinexch1.stream_2023-02-16_16-34-07/25edd9b3_f0006660.jpg,504805,e8974fe7e79ef82f468947e202cf4a1829e250bc71a603ef09d56214f02f48ea
1764,6672,data/raw/grand_bassin/images/stream_gbassinexch1.stream_2023-02-16_16-34-07/25edd9b3_f0006672.jpg,505304,97d48382238c8ed522a8a224f3b41530a7854defa4e949bf1aef4da36dc86419
1765,6684,data/raw/grand_bassin/images/stream_gbassinexch1.stream_2023-02-16_16-34-07/25edd9b3_f0006684.jpg,505466,edfe6c6ad2bdfbddeed711a8c9c6173ae6da8491bb02da17a8dfa1077f898e34
1766,6696,data/raw/grand_bassin/images/stream_gbassinexch1.stream_2023-02-16_16-34-07/25edd9b3_f0006696.jpg,505747,f2265497cb3cfdd430a5294b2f7205d9bef8a7ccb496d18e27642f2d5fcbb17a
1767,6708,data/raw/grand_bassin/images/stream_gbassinexch1.stream_2023-02-16_16-34-07/25edd9b3_f0006708.jpg,506187,8a41384d12b0794e00cff4598b02020809bef419e430cadc16f3bce4447003f9
1768,6720,data/raw/grand_bassin/images/stream_gbassinexch1.stream_2023-02-16_16-34-07/25edd9b3_f0006720.jpg,506692,002a81c36ec4bfa65931a8c88c9af5c321dc40b07ab88dd13751dfa00de0f149
1769,6732,data/raw/grand_bassin/images/stream_gbassinexch1.stream_2023-02-16_16-34-07/25edd9b3_f0006732.jpg,507528,55ca8fb334499d8b0f60918125a2f94ef9b1f757b39097d28ff49a087b420ba7
1770,6744,data/raw/grand_bassin/images/stream_gbassinexch1.stream_2023-02-16_16-34-07/25edd9b3_f0006744.jpg,507926,d0ee38699ac47d5e48149436d5f6de572d39013efb3b33d49f8b49e3ddffcb20
1771,6756,data/raw/grand_bassin/images/stream_gbassinexch1.stream_2023-02-16_16-34-07/25edd9b3_f0006756.jpg,508135,8ec5f1a708dff3e3f9489b7ea59c11d9f00b219daf619130d6f82f5b970b99f7
1772,6768,data/raw/grand_bassin/images/stream_gbassinexch1.stream_2023-02-16_16-34-07/25edd9b3_f0006768.jpg,496364,ae9c205b726ee79a12ad25e2cdc07137af3c35d8e43e8f11236afd351cf49fcf
1773,6780,data/raw/grand_bassin/images/stream_gbassinexch1.stream_2023-02-16_16-34-07/25edd9b3_f0006780.jpg,498755,03c60e46c3132669963342538ce41ab6e3ea077249539595ebb178282aff817e
1774,6792,data/raw/grand_bassin/images/stream_gbassinexch1.stream_2023-02-16_16-34-07/25edd9b3_f0006792.jpg,500191,d99ed241cd1b98f6c25a11923bf956ad5c6822b5755fc6dbaeb312d417d1db35
1775,6804,data/raw/grand_bassin/images/stream_gbassinexch1.stream_2023-02-16_16-34-07/25edd9b3_f0006804.jpg,501377,68e243118ba6dfa7f3930c69d31a4af19e81f4249b4bebce517cfe395b6b02bb
1776,6816,data/raw/grand_bassin/images/stream_gbassinexch1.stream_2023-02-16_16-34-07/25edd9b3_f0006816.jpg,502420,77c57ab6372ffa368a19f6fd4743361df4d416abd68a67383616d528159193db
1777,6828,data/raw/grand_bassin/images/stream_gbassinexch1.stream_2023-02-16_16-34-07/25edd9b3_f0006828.jpg,502844,ddb22c08bb53c5ef9ffe142654da98666a5cd47fb1898c6795d9d0700b07679c
1778,6840,data/raw/grand_bassin/images/stream_gbassinexch1.stream_2023-02-16_16-34-07/25edd9b3_f0006840.jpg,503363,c8d9dff64119984d94b6a777899ef03ee296bcb47660e24c34ed9f6615873c9e
1779,6852,data/raw/grand_bassin/images/stream_gbassinexch1.stream_2023-02-16_16-34-07/25edd9b3_f0006852.jpg,503424,67570b3e695eb730a15580ab2112dbc7bfa35a7217547a096074c7e2e9c94218
1780,6864,data/raw/grand_bassin/images/stream_gbassinexch1.stream_2023-02-16_16-34-07/25edd9b3_f0006864.jpg,503730,0eba10ec798d8be5dfa9a21609356beb49a1394a060cb509238fd44b7acd72ec
1781,6876,data/raw/grand_bassin/images/stream_gbassinexch1.stream_2023-02-16_16-34-07/25edd9b3_f0006876.jpg,503986,27181e35f9fe98e02c52b082ca0b93d7d1b256baa170175dc682232343df5f73
1782,6888,data/raw/grand_bassin/images/stream_gbassinexch1.stream_2023-02-16_16-34-07/25edd9b3_f0006888.jpg,504133,9c0101710c9fce0ed39cef5fb0de96e8090aecb6f2e1a8a6771f39aec79f5be0
1783,6900,data/raw/grand_bassin/images/stream_gbassinexch1.stream_2023-02-16_16-34-07/25edd9b3_f0006900.jpg,504563,ce4c0555b8e096aad0252d09dd3ca2f3304ace6267713015c9a06f80fb480e06
1784,6912,data/raw/grand_bassin/images/stream_gbassinexch1.stream_2023-02-16_16-34-07/25edd9b3_f0006912.jpg,504979,4e3639757fb840382078fc358572287faf942087f0ddb73a4834d5196292c046
1785,6924,data/raw/grand_bassin/images/stream_gbassinexch1.stream_2023-02-16_16-34-07/25edd9b3_f0006924.jpg,505528,1d0680fa979ed3b38253aa597e2ed44fc605445f8ff70d3a8d213f7b6e257658
1786,6936,data/raw/grand_bassin/images/stream_gbassinexch1.stream_2023-02-16_16-34-07/25edd9b3_f0006936.jpg,506133,4b19e4a7e2900d9da9881f7bb66bc245add28ef5178292595b2f6e8f2b1e22b6
1787,6948,data/raw/grand_bassin/images/stream_gbassinexch1.stream_2023-02-16_16-34-07/25edd9b3_f0006948.jpg,494953,db352ced1f6c06a3b93d2c1a68f79f49bf5bcc57c0404064260ac7604ed191f0
1788,6960,data/raw/grand_bassin/images/stream_gbassinexch1.stream_2023-02-16_16-34-07/25edd9b3_f0006960.jpg,497416,6f5561cbc2e0f9bdb134d237b39d82b6e7de0471c142ebbbfef56ad8f8d8924c
1789,6972,data/raw/grand_bassin/images/stream_gbassinexch1.stream_2023-02-16_16-34-07/25edd9b3_f0006972.jpg,498943,4dbf8c5fbb5659eeba4af4923a6f70f041fc48f805c1a5e379cd5315f138782f
1790,6984,data/raw/grand_bassin/images/stream_gbassinexch1.stream_2023-02-16_16-34-07/25edd9b3_f0006984.jpg,500090,8a01c7a3260fefa102ae0df58cc99e4ecabc829eec926d41e7f4fcd21db39440
1791,6996,data/raw/grand_bassin/images/stream_gbassinexch1.stream_2023-02-16_16-34-07/25edd9b3_f0006996.jpg,501267,a334854f0cebf6d44a074482b5c11e2b284515fbf7bda049507897cb8b26b540
1792,7008,data/raw/grand_bassin/images/stream_gbassinexch1.stream_2023-02-16_16-34-07/25edd9b3_f0007008.jpg,502160,d5f96114f5ab8366e90dcf4acc7fc04181ca55cec5cf3c494841e06869f81cba
1793,7020,data/raw/grand_bassin/images/stream_gbassinexch1.stream_2023-02-16_16-34-07/25edd9b3_f0007020.jpg,502656,d08648e8c150a093dde46fb24584d3c9460ab7ec10e4e1ab85cc70ba202740dd
1794,7032,data/raw/grand_bassin/images/stream_gbassinexch1.stream_2023-02-16_16-34-07/25edd9b3_f0007032.jpg,503438,3d04150420d5c76228306cd005ad10d6cdc6ba1ed900d89c296cb5630df67a39
1795,7044,data/raw/grand_bassin/images/stream_gbassinexch1.stream_2023-02-16_16-34-07/25edd9b3_f0007044.jpg,504249,01ce25944447291a84f3cd53c9f76f1919d6085e5fb93065695a45bddd51239a
1796,7056,data/raw/grand_bassin/images/stream_gbassinexch1.stream_2023-02-16_16-34-07/25edd9b3_f0007056.jpg,504678,fa3f424e454b03394084e0063a8868345c52627d8dabf17b1174a02adb339d0a
1797,7068,data/raw/grand_bassin/images/stream_gbassinexch1.stream_2023-02-16_16-34-07/25edd9b3_f0007068.jpg,505230,d7615426c77feac581f5f661e4593ec7804cdc18069d4b6b9a3a39e5c65ede8d
1798,7080,data/raw/grand_bassin/images/stream_gbassinexch1.stream_2023-02-16_16-34-07/25edd9b3_f0007080.jpg,505804,d7b817fa3981ebbbc3c718c49f243532e11cc0a9ae5ddcc643f26b73f18c5c2f
1799,7092,data/raw/grand_bassin/images/stream_gbassinexch1.stream_2023-02-16_16-34-07/25edd9b3_f0007092.jpg,506411,2f628f892546d13ce8c3479ea5bd54b2348ecd65dbf4f45d9c21778a236e14e1
1800,7104,data/raw/grand_bassin/images/stream_gbassinexch1.stream_2023-02-16_16-34-07/25edd9b3_f0007104.jpg,507100,79a8a4c11d6265d41fec519626f28a4341e3d608c9a520ce557ff4c66b72de5f
1801,7116,data/raw/grand_bassin/images/stream_gbassinexch1.stream_2023-02-16_16-34-07/25edd9b3_f0007116.jpg,507452,3a6ec56dd88dd1d29ab50bf240cc3aa2655237bc40d8222b101cf29c0299ef0e
1802,7128,data/raw/grand_bassin/images/stream_gbassinexch1.stream_2023-02-16_16-34-07/25edd9b3_f0007128.jpg,496726,124ed21fb0a6c15050ca265593d54597b0f26786939dc45999b31e1fba1b5d07
1803,7140,data/raw/grand_bassin/images/stream_gbassinexch1.stream_2023-02-16_16-34-07/25edd9b3_f0007140.jpg,498278,02a39fd51c1e636a824e86493e61a6aebf0c94701aa69db6967e8bc2ef4502aa
1804,7152,data/raw/grand_bassin/images/stream_gbassinexch1.stream_2023-02-16_16-34-07/25edd9b3_f0007152.jpg,499343,888ee0b58bc535cc95c4dbc19fc66c6f85b1d99d0b1b3ed246c78cf0e1bef050
1805,7164,data/raw/grand_bassin/images/stream_gbassinexch1.stream_2023-02-16_16-34-07/25edd9b3_f0007164.jpg,500344,68a5b4d0aee662584149b5ab6f2662c75567d27ed1f41a95fd05116346b52eb0
1806,7176,data/raw/grand_bassin/images/stream_gbassinexch1.stream_2023-02-16_16-34-07/25edd9b3_f0007176.jpg,501056,328669aa8efeddee187633d511631d22904e9777d10bdeef5ecb76895b4e49fb
1807,7188,data/raw/grand_bassin/images/stream_gbassinexch1.stream_2023-02-16_16-34-07/25edd9b3_f0007188.jpg,501610,07d5518148cf28e60ea7e9985ccfa4ef60dd24cc7c7b9a181e63457982dd6bec
1808,7200,data/raw/grand_bassin/images/stream_gbassinexch1.stream_2023-02-16_16-34-07/25edd9b3_f0007200.jpg,502236,bab23834c586152d80f01c1d86f629326c014e00c4e51418f761ee55ca21a65a
1809,7212,data/raw/grand_bassin/images/stream_gbassinexch1.stream_2023-02-16_16-34-07/25edd9b3_f0007212.jpg,502608,a512a458c8d916bdd954bd862a01e703e11b3aa4a530124fd593100878dc3463
1810,7224,data/raw/grand_bassin/images/stream_gbassinexch1.stream_2023-02-16_16-34-07/25edd9b3_f0007224.jpg,502977,754d4f500ac3de664c5e95af72287ffd42e47865c37158587387c1db1c3188ef
1811,7236,data/raw/grand_bassin/images/stream_gbassinexch1.stream_2023-02-16_16-34-07/25edd9b3_f0007236.jpg,503341,3044eeb430bc9e35a2e5612ce1bf0afd212108bfb10a9fa17166859b14f71e7e
1812,7248,data/raw/grand_bassin/images/stream_gbassinexch1.stream_2023-02-16_16-34-07/25edd9b3_f0007248.jpg,503675,d1df27b3927fbcf311835dce559181b87989943e32219217fdb278a7b9c41d38
1813,7260,data/raw/grand_bassin/images/stream_gbassinexch1.stream_2023-02-16_16-34-07/25edd9b3_f0007260.jpg,503942,d418e55357d087017630091ff420c872051fd38b4fec87df454631bfbac14113
1814,7272,data/raw/grand_bassin/images/stream_gbassinexch1.stream_2023-02-16_16-34-07/25edd9b3_f0007272.jpg,504221,0c297de03e5458ed50d4af1380076d9d80bb53e5459c5b9a6582c877e8246171
1815,7284,data/raw/grand_bassin/images/stream_gbassinexch1.stream_2023-02-16_16-34-07/25edd9b3_f0007284.jpg,504547,d2ef4fa2d5aab38cddc198c9015a9515eef56903c92dd317f707a96e8441e304
1816,7296,data/raw/grand_bassin/images/stream_gbassinexch1.stream_2023-02-16_16-34-07/25edd9b3_f0007296.jpg,504837,a260226c0a5572638a16f4ce5f3c93634952abdae812c6d8c8c373faa1b1ae29
1817,7308,data/raw/grand_bassin/images/stream_gbassinexch1.stream_2023-02-16_16-34-07/25edd9b3_f0007308.jpg,495341,5d9880a49c8b5b5115dd1e89eda35853b179bc9ae1230d4c06d54a83ee8bcebe
1818,7320,data/raw/grand_bassin/images/stream_gbassinexch1.stream_2023-02-16_16-34-07/25edd9b3_f0007320.jpg,497317,a4abaee55799b9c25344098b525c621d1aba3a4d3bf84f3d57e5aa94647efdb2
1819,7332,data/raw/grand_bassin/images/stream_gbassinexch1.stream_2023-02-16_16-34-07/25edd9b3_f0007332.jpg,498688,26249308b6e44a179f3c01df5b11f93cda47b25f5a61271381babdb5460a7436
1820,7344,data/raw/grand_bassin/images/stream_gbassinexch1.stream_2023-02-16_16-34-07/25edd9b3_f0007344.jpg,499646,ba4e5e9a5043b9d1a99ffdba3089bdb3265112629d2dc1a2e368df64993af856
1821,7356,data/raw/grand_bassin/images/stream_gbassinexch1.stream_2023-02-16_16-34-07/25edd9b3_f0007356.jpg,500335,7c629236fc27426d7a26dabe35ee258acac627dcb07bc7536d8d75b4a370f63c
1822,7368,data/raw/grand_bassin/images/stream_gbassinexch1.stream_2023-02-16_16-34-07/25edd9b3_f0007368.jpg,500777,db92d9afca94b87db4f461d46414daa1c9b6bfbb49cd3c2696c6aded94d85d3c
1823,7380,data/raw/grand_bassin/images/stream_gbassinexch1.stream_2023-02-16_16-34-07/25edd9b3_f0007380.jpg,501623,5336b04d9c3f7881d5337fbcf65a2cf1f6fa7902660400b78fc51ad1c0bf0d56
1824,7392,data/raw/grand_bassin/images/stream_gbassinexch1.stream_2023-02-16_16-34-07/25edd9b3_f0007392.jpg,502171,eb730c597d840d894ffdb2e6c079a27a0355baa5a799879e3b8a890b46cae530
1825,7404,data/raw/grand_bassin/images/stream_gbassinexch1.stream_2023-02-16_16-34-07/25edd9b3_f0007404.jpg,502835,321b4c6a4444510843a812088ba1a29e0e7d0b6140a1ede359afbc71493b0d90
1826,7416,data/raw/grand_bassin/images/stream_gbassinexch1.stream_2023-02-16_16-34-07/25edd9b3_f0007416.jpg,503430,951e80d1ada63b3469dc40cdc123f747b851742a40764a22c0ee745c725c9782
1827,7428,data/raw/grand_bassin/images/stream_gbassinexch1.stream_2023-02-16_16-34-07/25edd9b3_f0007428.jpg,503763,d6b37b05a8b2f874971c14f84d4a3de870a60011fe2c41e23af2712294cf60af
1828,7440,data/raw/grand_bassin/images/stream_gbassinexch1.stream_2023-02-16_16-34-07/25edd9b3_f0007440.jpg,504451,d76613aea3a522d4751144d4715d4404aca31fc035f4c98a926dc6be853bf56c
1829,7452,data/raw/grand_bassin/images/stream_gbassinexch1.stream_2023-02-16_16-34-07/25edd9b3_f0007452.jpg,504761,a998a80605d8b31e332f5a0059a60c86598d06432faec2fa634fa0cb39a308ba
1830,7464,data/raw/grand_bassin/images/stream_gbassinexch1.stream_2023-02-16_16-34-07/25edd9b3_f0007464.jpg,505195,0ba6cd5b6954337e13c63a61465f6dd7cdfaf430c2e152589cfbdc504ce508ec
1831,7476,data/raw/grand_bassin/images/stream_gbassinexch1.stream_2023-02-16_16-34-07/25edd9b3_f0007476.jpg,492816,c56b5fe6b46ff24c024291d505ca459bf8b1d4a0980935bcb3ba68fa634bc94c
1832,7488,data/raw/grand_bassin/images/stream_gbassinexch1.stream_2023-02-16_16-34-07/25edd9b3_f0007488.jpg,496322,76580a7fb1955bd0cc22e88a966ae584a395d01321996bd024a4171f3c5431f7
1833,7500,data/raw/grand_bassin/images/stream_gbassinexch1.stream_2023-02-16_16-34-07/25edd9b3_f0007500.jpg,498331,a3e373e6d6f85628dba148a2e09fdce2e3f05acbf404c50a1281c1e925c0583a
1834,7512,data/raw/grand_bassin/images/stream_gbassinexch1.stream_2023-02-16_16-34-07/25edd9b3_f0007512.jpg,499511,1b1f2dc76b9258676b2e12bf356c471615fd3d6cd2452c8224c1917d8139909a
1835,7524,data/raw/grand_bassin/images/stream_gbassinexch1.stream_2023-02-16_16-34-07/25edd9b3_f0007524.jpg,500453,28145734708ea5a8da45bd47c6eec2fac44b62be0f92bf460d0f5adf5140bd8e
1836,7536,data/raw/grand_bassin/images/stream_gbassinexch1.stream_2023-02-16_16-34-07/25edd9b3_f0007536.jpg,501167,4f115a5279a3d78803b428b504d33b93690973dd283f06f7124850933301bc6e
1837,7548,data/raw/grand_bassin/images/stream_gbassinexch1.stream_2023-02-16_16-34-07/25edd9b3_f0007548.jpg,501834,8dab0648d80cf2850868d9956dbd7a5a3bbb495acbbd2e4c6c81ababca95c2a5
1838,7560,data/raw/grand_bassin/images/stream_gbassinexch1.stream_2023-02-16_16-34-07/25edd9b3_f0007560.jpg,502277,02b87ec157e7d53a759b342887924f80f6bb736682cf4450a53c67377f669082
1839,7572,data/raw/grand_bassin/images/stream_gbassinexch1.stream_2023-02-16_16-34-07/25edd9b3_f0007572.jpg,502603,3545616e6430cb096a17844f458bd394011081962743a436866f842e8c693c2b
1840,7584,data/raw/grand_bassin/images/stream_gbassinexch1.stream_2023-02-16_16-34-07/25edd9b3_f0007584.jpg,503075,b540a7ed6b61c47ce95fe0acb4f50461479c0808c6fc538284862a05afade890
1841,7596,data/raw/grand_bassin/images/stream_gbassinexch1.stream_2023-02-16_16-34-07/25edd9b3_f0007596.jpg,503593,370400b491614c8902e0f875a113b3e81dbf8d37f86edbc1bb21d664fce69db2
1842,7608,data/raw/grand_bassin/images/stream_gbassinexch1.stream_2023-02-16_16-34-07/25edd9b3_f0007608.jpg,503887,b8556db56e35e1349392662332ef48b90065f6abd7656c16380d5099281293c9
1843,7620,data/raw/grand_bassin/images/stream_gbassinexch1.stream_2023-02-16_16-34-07/25edd9b3_f0007620.jpg,504316,089f84c8ab7e28acf94a24ffb6ab30baae35ddaa0aba8f3339d14371742c7832
1844,7632,data/raw/grand_bassin/images/stream_gbassinexch1.stream_2023-02-16_16-34-07/25edd9b3_f0007632.jpg,504677,3a5db3f0dce365ea19c2aa77315ce514f60260777eb32f8ee5df1960443a9626
1845,7644,data/raw/grand_bassin/images/stream_gbassinexch1.stream_2023-02-16_16-34-07/25edd9b3_f0007644.jpg,505070,a9e98703444fe1521a12ac8fbfb45acaab7ed9be16fe554d6555dea3edbab199
1846,7656,data/raw/grand_bassin/images/stream_gbassinexch1.stream_2023-02-16_16-34-07/25edd9b3_f0007656.jpg,493855,f27900cddb361ade5dae564fe772fe75c4ea22f3d9160cd5b6abd866ba951db7
1847,7668,data/raw/grand_bassin/images/stream_gbassinexch1.stream_2023-02-16_16-34-07/25edd9b3_f0007668.jpg,496937,9af740ca22a00455b23b24da8e457c18a10c4257d10b6299d9e186ef07e4cf11
1848,7680,data/raw/grand_bassin/images/stream_gbassinexch1.stream_2023-02-16_16-34-07/25edd9b3_f0007680.jpg,498520,60e52c3eb917e075632775a5986ac78e301f1cbec360522afcc961b2e22a5a9f
1849,7692,data/raw/grand_bassin/images/stream_gbassinexch1.stream_2023-02-16_16-34-07/25edd9b3_f0007692.jpg,499763,9d1f892b101c692f439a53a08806a5cd91f823e98f8219fb26af0ec662f28fcb
1850,7704,data/raw/grand_bassin/images/stream_gbassinexch1.stream_2023-02-16_16-34-07/25edd9b3_f0007704.jpg,500942,091196d8eaeeea53e626716a4240054276bc4367f6d874d4c641d7bb2eff7ba8
1851,7716,data/raw/grand_bassin/images/stream_gbassinexch1.stream_2023-02-16_16-34-07/25edd9b3_f0007716.jpg,501844,4ebc9a34055b5e07e20af38a30093917b99025cdd403e84194b50fa6310b402c
1852,7728,data/raw/grand_bassin/images/stream_gbassinexch1.stream_2023-02-16_16-34-07/25edd9b3_f0007728.jpg,502708,48cb3d8db865267157a70bac5f6ff3fc1dfa0558ae8e22bee51141b35076fae6
1853,7740,data/raw/grand_bassin/images/stream_gbassinexch1.stream_2023-02-16_16-34-07/25edd9b3_f0007740.jpg,502962,2b2ca04d0ac2662c0d06956c2c836cebbf67645789bfcb8b56e44bfb7b142572
1854,7752,data/raw/grand_bassin/images/stream_gbassinexch1.stream_2023-02-16_16-34-07/25edd9b3_f0007752.jpg,503621,bb31ed13cb303218f1bec970cca39a3fc8e4980c0622e6613b9ddc007123166a
1855,7764,data/raw/grand_bassin/images/stream_gbassinexch1.stream_2023-02-16_16-34-07/25edd9b3_f0007764.jpg,504096,73110f94f98962d33d7ce7295fe55084f934051e514dcdd8aca559d6c2bf595f
1856,7776,data/raw/grand_bassin/images/stream_gbassinexch1.stream_2023-02-16_16-34-07/25edd9b3_f0007776.jpg,504765,68cc25e9c88a885b933ab9575d71b31593689bdfbb781ae145682976c77c8a1f
1857,7788,data/raw/grand_bassin/images/stream_gbassinexch1.stream_2023-02-16_16-34-07/25edd9b3_f0007788.jpg,505127,42510cab63b8ddbb8c181d6e1e5b836f591a52256bae1688313b95d243e72f8a
1858,7800,data/raw/grand_bassin/images/stream_gbassinexch1.stream_2023-02-16_16-34-07/25edd9b3_f0007800.jpg,505628,1c0d9a2d11b9fb4f3cd96141bffd26bc68080a915d63e12ba7fe1cc25a25b7bc
1859,7812,data/raw/grand_bassin/images/stream_gbassinexch1.stream_2023-02-16_16-34-07/25edd9b3_f0007812.jpg,505817,1ba2e602232b0601a3135d6c700f3fb88395d554bbaa31f9d2884fad20210617
1860,7824,data/raw/grand_bassin/images/stream_gbassinexch1.stream_2023-02-16_16-34-07/25edd9b3_f0007824.jpg,506115,db46b87aa536a9079ed1aae224a47736ef0b3794fdad9d25db39b317ba23c15a
1861,7836,data/raw/grand_bassin/images/stream_gbassinexch1.stream_2023-02-16_16-34-07/25edd9b3_f0007836.jpg,494344,68997a7ed4764fb6fc2e54ff3ba94fe5dc92bd80b357520d5d9069a4b19df411
1862,7848,data/raw/grand_bassin/images/stream_gbassinexch1.stream_2023-02-16_16-34-07/25edd9b3_f0007848.jpg,496633,cc7869a0ca0f8ae30c7948d0fe8ce70f873105be0f927dc874bddabda4f18544
1863,7860,data/raw/grand_bassin/images/stream_gbassinexch1.stream_2023-02-16_16-34-07/25edd9b3_f0007860.jpg,497763,79757abc3490dd2c754834a91280f09dc949d4a120f4a7972363c0f8c1c8e0b0
1864,7872,data/raw/grand_bassin/images/stream_gbassinexch1.stream_2023-02-16_16-34-07/25edd9b3_f0007872.jpg,498374,c080dcb048c224d4ba499958c9b540e153244a0474ecf4e937264d3180f594dc
1865,7884,data/raw/grand_bassin/images/stream_gbassinexch1.stream_2023-02-16_16-34-07/25edd9b3_f0007884.jpg,499555,2884c4c9c9e9ffbe54cd4f03b4ca928d05f3b1c68c02c56d9359868230cf4f1f
1866,7896,data/raw/grand_bassin/images/stream_gbassinexch1.stream_2023-02-16_16-34-07/25edd9b3_f0007896.jpg,500493,ef199acedb18da215872f45286fe4da0a8211e23981206a084e47f55023122b8
1867,7908,data/raw/grand_bassin/images/stream_gbassinexch1.stream_2023-02-16_16-34-07/25edd9b3_f0007908.jpg,501106,29e8dc370350f5eb4cae3ad3224160c0d65ee3b00ab7b3cff7cffd4af39284a3
1868,7920,data/raw/grand_bassin/images/stream_gbassinexch1.stream_2023-02-16_16-34-07/25edd9b3_f0007920.jpg,501464,5210ce14b07696623ec21affb34a90824de93f2c52a0d0420d4df3dfabad6db9
1869,7932,data/raw/grand_bassin/images/stream_gbassinexch1.stream_2023-02-16_16-34-07/25edd9b3_f0007932.jpg,502055,5f9ac28273785a37684c1e0762755e9c34f3546218c8c3a5d465a471e2e2a345
1870,7944,data/raw/grand_bassin/images/stream_gbassinexch1.stream_2023-02-16_16-34-07/25edd9b3_f0007944.jpg,502513,7299a0675601a8b4111b92e3b6e5deb63bb8e06616835e9b5a3a78c560f98392
1871,7956,data/raw/grand_bassin/images/stream_gbassinexch1.stream_2023-02-16_16-34-07/25edd9b3_f0007956.jpg,502933,7fb26435e71d7638334dee9648d5ee7e492eb048fde2fa60506debdab7bbb4bf
1872,7968,data/raw/grand_bassin/images/stream_gbassinexch1.stream_2023-02-16_16-34-07/25edd9b3_f0007968.jpg,503394,a8c032a5883bac782b1ff22ab6b007303e079add68280a103e76601c0e6aa638
1873,7980,data/raw/grand_bassin/images/stream_gbassinexch1.stream_2023-02-16_16-34-07/25edd9b3_f0007980.jpg,503805,4fc9a637c68de9c2857b5cf4bc49297993477435bba2ab142306bfe682df28da
1874,7992,data/raw/grand_bassin/images/stream_gbassinexch1.stream_2023-02-16_16-34-07/25edd9b3_f0007992.jpg,504252,09ebac20604998050ac9fd8200f2f577a150f4553e3d34d52fb61b33daa058a4
1875,8004,data/raw/grand_bassin/images/stream_gbassinexch1.stream_2023-02-16_16-34-07/25edd9b3_f0008004.jpg,504669,159ea66a9e93b7bdae618b86ae4eebf0680ed73e566ecb868cbe0b4b6cbf113a
1876,8016,data/raw/grand_bassin/images/stream_gbassinexch1.stream_2023-02-16_16-34-07/25edd9b3_f0008016.jpg,494353,2acdd9c49853c4afbc7e052f964a3cf8ff6142480ed90352a89d74d46cdf2bb3
1877,8028,data/raw/grand_bassin/images/stream_gbassinexch1.stream_2023-02-16_16-34-07/25edd9b3_f0008028.jpg,496535,102d546901473a43ba6eb7830a538f61b232afb0ece8733736f9a1446976b2cf
1878,8040,data/raw/grand_bassin/images/stream_gbassinexch1.stream_2023-02-16_16-34-07/25edd9b3_f0008040.jpg,497860,31d18299973d0920cedb3719ddad8b6c6c4922c3766cb6578aa9dbb2e982db68
1879,8052,data/raw/grand_bassin/images/stream_gbassinexch1.stream_2023-02-16_16-34-07/25edd9b3_f0008052.jpg,498764,caaa1e6ba23a265be96f60a0e4060d10d7220f593689edf627cc6bded8665704
1880,8064,data/raw/grand_bassin/images/stream_gbassinexch1.stream_2023-02-16_16-34-07/25edd9b3_f0008064.jpg,499300,4672aa18a931ed828402574d3cf5815509db47dcf31167fda248688ce859af5a
1881,8076,data/raw/grand_bassin/images/stream_gbassinexch1.stream_2023-02-16_16-34-07/25edd9b3_f0008076.jpg,499882,d3f4a458acf3b8df475089d6ad17346eb2ac2cedbc6f5fc8e55646ef83d62e21
1882,8088,data/raw/grand_bassin/images/stream_gbassinexch1.stream_2023-02-16_16-34-07/25edd9b3_f0008088.jpg,500427,cbe5ccea57bac59b85a7d761e7b37a40aedd0be04b20853757b810db58a2d6dc
1883,8100,data/raw/grand_bassin/images/stream_gbassinexch1.stream_2023-02-16_16-34-07/25edd9b3_f0008100.jpg,501007,dbb17cfd1a910c73cffe5c7ea45367130036c0a8582bbd5d01b3c6e43fde19be
1884,8112,data/raw/grand_bassin/images/stream_gbassinexch1.stream_2023-02-16_16-34-07/25edd9b3_f0008112.jpg,501379,e2f64b2bc006cd6264d3aee9fd5612e1b2f596db18fd0d1091759824eb1d0530
1885,8124,data/raw/grand_bassin/images/stream_gbassinexch1.stream_2023-02-16_16-34-07/25edd9b3_f0008124.jpg,502191,859fe19548f5533e132814f5eaf8013aed201a5a8759c004682974d98685c9a9
1886,8136,data/raw/grand_bassin/images/stream_gbassinexch1.stream_2023-02-16_16-34-07/25edd9b3_f0008136.jpg,502637,1c5337f1f6ddd72e6b371feaa81c4e3d2fbaaad81b7ef3f91bdb8c56f7f8873d
1887,8148,data/raw/grand_bassin/images/stream_gbassinexch1.stream_2023-02-16_16-34-07/25edd9b3_f0008148.jpg,503477,2be7c58eb7a0c1ee790d0f5fed6300e51c2d364362221663bef65253d8b23fdf
1888,8160,data/raw/grand_bassin/images/stream_gbassinexch1.stream_2023-02-16_16-34-07/25edd9b3_f0008160.jpg,503956,d2e7188c466445d3472fdf73492553c347ed4f2478448b58792434d6558ce3ec
1889,8172,data/raw/grand_bassin/images/stream_gbassinexch1.stream_2023-02-16_16-34-07/25edd9b3_f0008172.jpg,504247,e3be70dc6782d7e7dbb45611d0fd3e0cab2035a5a3ee2dbf88b3285432fc5c2a
1890,8184,data/raw/grand_bassin/images/stream_gbassinexch1.stream_2023-02-16_16-34-07/25edd9b3_f0008184.jpg,504670,c09fcbb451dc3e53d0ede1cfdac494a48292cd60d1fe6b6f9e8c3155d859a3e0
1891,8196,data/raw/grand_bassin/images/stream_gbassinexch1.stream_2023-02-16_16-34-07/25edd9b3_f0008196.jpg,495389,2e08ab4612d1f653fe17dbdd8f58234e794d81b9a4bce6070f8a02dbd26f9381
1892,8208,data/raw/grand_bassin/images/stream_gbassinexch1.stream_2023-02-16_16-34-07/25edd9b3_f0008208.jpg,497153,f9a782339a3929569ce0274cb1961926489f330543e0cff41fcca75bf9e2b206
1893,8220,data/raw/grand_bassin/images/stream_gbassinexch1.stream_2023-02-16_16-34-07/25edd9b3_f0008220.jpg,498263,8a5d7b1ae3040755b7ac44a6b03ca0bd86949e627512415e3d5939e96a4d0de5
1894,8232,data/raw/grand_bassin/images/stream_gbassinexch1.stream_2023-02-16_16-34-07/25edd9b3_f0008232.jpg,499641,e7efd998a03e986060871b5819b1784b66fcb806a45cfbb12e5b93e1af26542b
1895,8244,data/raw/grand_bassin/images/stream_gbassinexch1.stream_2023-02-16_16-34-07/25edd9b3_f0008244.jpg,500189,843c0f834fa20e410281da61cd45e2f2d84f3427f9850284f103a950f4f1df4b
1896,8256,data/raw/grand_bassin/images/stream_gbassinexch1.stream_2023-02-16_16-34-07/25edd9b3_f0008256.jpg,500874,d1c861c66446bd03effcb199ba0030c7d49e5f97cb0ce41930a32cfb6f962015
1897,8268,data/raw/grand_bassin/images/stream_gbassinexch1.stream_2023-02-16_16-34-07/25edd9b3_f0008268.jpg,501452,aebeed92af3444ceab533859a2291af8d84af241892f1cdd083cacbafd640617
1898,8280,data/raw/grand_bassin/images/stream_gbassinexch1.stream_2023-02-16_16-34-07/25edd9b3_f0008280.jpg,502557,ff47919bb338f5df92f891ea1cfab404ad61a92bd03b5befa83b71b622a85cf1
1899,8292,data/raw/grand_bassin/images/stream_gbassinexch1.stream_2023-02-16_16-34-07/25edd9b3_f0008292.jpg,503113,50056d6209595dac0b368a83cb5c9234340ca66cca559780fe84dbd28d5c3124
1900,8304,data/raw/grand_bassin/images/stream_gbassinexch1.stream_2023-02-16_16-34-07/25edd9b3_f0008304.jpg,503245,76b1ee9d8c8192fc878e26f186a7dfc51e97dffb723eabac7a851c5ead775f1a
1901,8316,data/raw/grand_bassin/images/stream_gbassinexch1.stream_2023-02-16_16-34-07/25edd9b3_f0008316.jpg,503845,3121106127249c53d5e7ac6bfb80b380b1af7d6a83a8cb9b410f710a597f9157
1902,8328,data/raw/grand_bassin/images/stream_gbassinexch1.stream_2023-02-16_16-34-07/25edd9b3_f0008328.jpg,504440,ad01efb0ed61627ffa3887786957d2ed1e0bbc69f3e50b395cc426360b0b7683
1903,8340,data/raw/grand_bassin/images/stream_gbassinexch1.stream_2023-02-16_16-34-07/25edd9b3_f0008340.jpg,505235,52f8f4cb5076d0bf86c370cca278d8280f40f47fbd02cb29e8b76a3b437e0afc
1904,8352,data/raw/grand_bassin/images/stream_gbassinexch1.stream_2023-02-16_16-34-07/25edd9b3_f0008352.jpg,505891,3f80d44ddecc464cdf670ec311a5557c74c7f0cf4cbdc8122bd946b349e74525
1905,8364,data/raw/grand_bassin/images/stream_gbassinexch1.stream_2023-02-16_16-34-07/25edd9b3_f0008364.jpg,506685,2fc366c4c9002f75327dc98d52e2b9e43aab7922e437d540e26e222db01595e0
1906,8376,data/raw/grand_bassin/images/stream_gbassinexch1.stream_2023-02-16_16-34-07/25edd9b3_f0008376.jpg,497172,694b9dd2e7d8318f48acc509067568f4356ad15dc3215fdfd38c546c13a3ef1d
1907,8388,data/raw/grand_bassin/images/stream_gbassinexch1.stream_2023-02-16_16-34-07/25edd9b3_f0008388.jpg,498886,33f9c1d495b02eead505526ee1d666be135fa68144234ee73513715d823615b1
1908,8400,data/raw/grand_bassin/images/stream_gbassinexch1.stream_2023-02-16_16-34-07/25edd9b3_f0008400.jpg,499988,e9f28f87c592bd612508c51e01dd3c65f9414d042e5e673077ba97015c61bc71
1909,8412,data/raw/grand_bassin/images/stream_gbassinexch1.stream_2023-02-16_16-34-07/25edd9b3_f0008412.jpg,500787,ec3f6dda8c17ddc99ae5c2b1e395de3a87b32e7ee4fa61b3f611e4f0a93ea1f0
1910,8424,data/raw/grand_bassin/images/stream_gbassinexch1.stream_2023-02-16_16-34-07/25edd9b3_f0008424.jpg,501939,982e798d843fb78a1e69a2923daaf00c7dccc2015f24b90a6a8a8f7656974fcf
1911,8436,data/raw/grand_bassin/images/stream_gbassinexch1.stream_2023-02-16_16-34-07/25edd9b3_f0008436.jpg,502953,e0d2dc1542ebefd0b2b625b978fa527603c09cc3a2e0d9d6392d1f05e271598b
1912,8448,data/raw/grand_bassin/images/stream_gbassinexch1.stream_2023-02-16_16-34-07/25edd9b3_f0008448.jpg,503461,4e27728347f0678b12f94bbe7468a5d4d795338b6c371d1b61c9ed70667ab842
1913,8460,data/raw/grand_bassin/images/stream_gbassinexch1.stream_2023-02-16_16-34-07/25edd9b3_f0008460.jpg,504169,b5db4ff8fd4187d7c35d4e249fd65514ec0f43d3b466607d3c11044708f127fa
1914,8472,data/raw/grand_bassin/images/stream_gbassinexch1.stream_2023-02-16_16-34-07/25edd9b3_f0008472.jpg,504796,6420fc463c05a68c2dba5e95058f35cc6aaf8076dbaff02677c69895b98c62b0
1915,8484,data/raw/grand_bassin/images/stream_gbassinexch1.stream_2023-02-16_16-34-07/25edd9b3_f0008484.jpg,505544,a56c70a5ea975935dc760e02729f888890b27160cbfe53c2edb277865175ffce
1916,8496,data/raw/grand_bassin/images/stream_gbassinexch1.stream_2023-02-16_16-34-07/25edd9b3_f0008496.jpg,506086,3cc70f8df9d9cb98513ee6478cfbc1049623d468ee5f4bd63aa18efc07e87d48
1917,8508,data/raw/grand_bassin/images/stream_gbassinexch1.stream_2023-02-16_16-34-07/25edd9b3_f0008508.jpg,506695,2b28b9cb8b5834deaba4c12abd809fd2327171af7d1bc00108b80518f309d0b0
1918,8520,data/raw/grand_bassin/images/stream_gbassinexch1.stream_2023-02-16_16-34-07/25edd9b3_f0008520.jpg,506870,7212bbcb4bbfd15dae60deeed2a25ec634de1a00b3284acb73d3614932e274b5
1919,8532,data/raw/grand_bassin/images/stream_gbassinexch1.stream_2023-02-16_16-34-07/25edd9b3_f0008532.jpg,507098,dddbcc17c7bbbe07beb44094ab24af22f8ff4d2e05bd401fcac88a3839a83f71
1920,8544,data/raw/grand_bassin/images/stream_gbassinexch1.stream_2023-02-16_16-34-07/25edd9b3_f0008544.jpg,492240,a8b2370ad2499004c0599008c84043bcdf52eb237bacdb07b764fadc892cdd75
1921,8556,data/raw/grand_bassin/images/stream_gbassinexch1.stream_2023-02-16_16-34-07/25edd9b3_f0008556.jpg,496522,2f3663fcbc07eb6088501879e759d714f6d2b1b4fccaa0c8d524d057eb34d0ee
1922,8568,data/raw/grand_bassin/images/stream_gbassinexch1.stream_2023-02-16_16-34-07/25edd9b3_f0008568.jpg,498367,817f5ad202bbdbd94549d812e9f192e0a6b378678428377889db89a425a0e6d4
1923,8580,data/raw/grand_bassin/images/stream_gbassinexch1.stream_2023-02-16_16-34-07/25edd9b3_f0008580.jpg,499557,c0c429dd6930bb10e7505c19cba8f6183f38b62ece9795ec83d1ecc54a266239
1924,8592,data/raw/grand_bassin/images/stream_gbassinexch1.stream_2023-02-16_16-34-07/25edd9b3_f0008592.jpg,500815,5a7535b5e4dccf7385cf909be6b6ad106022416ec07293b6137eb92f6e57da93
1925,8604,data/raw/grand_bassin/images/stream_gbassinexch1.stream_2023-02-16_16-34-07/25edd9b3_f0008604.jpg,501415,30821aca430f9ef2d6590140325cf190b2dd4ffb9a357312accbaadd2b60b720
1926,8616,data/raw/grand_bassin/images/stream_gbassinexch1.stream_2023-02-16_16-34-07/25edd9b3_f0008616.jpg,501592,5c0b38c870b8097f99f4db363b4a56c63fc75acf164f70e65ca19c62e5e53ca0
1927,8628,data/raw/grand_bassin/images/stream_gbassinexch1.stream_2023-02-16_16-34-07/25edd9b3_f0008628.jpg,501874,55eb87d152c99110eb60f3e005303752d63db760a8a28ec8c1e69a69f653817c
1928,8640,data/raw/grand_bassin/images/stream_gbassinexch1.stream_2023-02-16_16-34-07/25edd9b3_f0008640.jpg,502582,982ac2ab3ced5d1df5a840c15b0802484ebf2a8ec4531283a3514e7d8af23900
1929,8652,data/raw/grand_bassin/images/stream_gbassinexch1.stream_2023-02-16_16-34-07/25edd9b3_f0008652.jpg,503099,12a11d7937c1c60ee12221bc299e6f9d2b9eb5b1e50691e06f7fc9b7188ace47
1930,8664,data/raw/grand_bassin/images/stream_gbassinexch1.stream_2023-02-16_16-34-07/25edd9b3_f0008664.jpg,503601,cb04b240a8c37d64e8dd476d69b62e144ce7308710a93e72c572d21cecb2d606
1931,8676,data/raw/grand_bassin/images/stream_gbassinexch1.stream_2023-02-16_16-34-07/25edd9b3_f0008676.jpg,503896,a2230ac5855432613a4f22bf145484e2fe77595384a096c526249b9991e04c4d
1932,8688,data/raw/grand_bassin/images/stream_gbassinexch1.stream_2023-02-16_16-34-07/25edd9b3_f0008688.jpg,504101,7e3a6ebb2c00843e5bb4f7d42772177dea7498abb4b078714d7fc07d5c6da226
1933,8700,data/raw/grand_bassin/images/stream_gbassinexch1.stream_2023-02-16_16-34-07/25edd9b3_f0008700.jpg,503394,c9d4dc0bc60d79be8ce04ebf3c5cc1731eb7ee1ebfc084900b0641f1830e0885
1934,8712,data/raw/grand_bassin/images/stream_gbassinexch1.stream_2023-02-16_16-34-07/25edd9b3_f0008712.jpg,504020,933a5e8a6d9622c74cb1f0818b817d979172fbd4b8ab2e19594f20699817e736
1935,8724,data/raw/grand_bassin/images/stream_gbassinexch1.stream_2023-02-16_16-34-07/25edd9b3_f0008724.jpg,492297,cf1b877e542ca8c9dbe9ffd3201f62324f8f83915686aca766d749e91e8342c9
1936,8736,data/raw/grand_bassin/images/stream_gbassinexch1.stream_2023-02-16_16-34-07/25edd9b3_f0008736.jpg,496288,a87d0622c9f1d9a0414defa3878ceaae981c5a04902762246bd8563755434989
1937,8748,data/raw/grand_bassin/images/stream_gbassinexch1.stream_2023-02-16_16-34-07/25edd9b3_f0008748.jpg,498107,13bf72d23d65b9b865a6909a4abf8f97d7ee73723a8b384687bd04f08b1b9ef6
1938,8760,data/raw/grand_bassin/images/stream_gbassinexch1.stream_2023-02-16_16-34-07/25edd9b3_f0008760.jpg,499583,fd3f968808e8fcf0ed26e9526c5ab92b075ec4f68ec2a019f6a8503ee685f30d
1939,8772,data/raw/grand_bassin/images/stream_gbassinexch1.stream_2023-02-16_16-34-07/25edd9b3_f0008772.jpg,500948,c36534c68c809bef1c6f692173ac64a8fca07f7915263c2356dead6fa65869ad
1940,8784,data/raw/grand_bassin/images/stream_gbassinexch1.stream_2023-02-16_16-34-07/25edd9b3_f0008784.jpg,502110,95001de435076c7ceb0662eb0f707c179faded526e8bfb4c8207f1e6ee64ae29
1941,8796,data/raw/grand_bassin/images/stream_gbassinexch1.stream_2023-02-16_16-34-07/25edd9b3_f0008796.jpg,502688,9528313349dc1dd8de8c147dfaf470c252d564042bd174c270fd1c5d7c8a141d
1942,8808,data/raw/grand_bassin/images/stream_gbassinexch1.stream_2023-02-16_16-34-07/25edd9b3_f0008808.jpg,503038,751f09ac0ed0c38cf7b3a3910978bdf9cb85759e80e64cc8b557cf2b617817cd
1943,8820,data/raw/grand_bassin/images/stream_gbassinexch1.stream_2023-02-16_16-34-07/25edd9b3_f0008820.jpg,503534,5a9c0ead4ebb6fe4570c364935dda57ad72e92d084cd19b7201742ad609de273
1944,8832,data/raw/grand_bassin/images/stream_gbassinexch1.stream_2023-02-16_16-34-07/25edd9b3_f0008832.jpg,504267,c60ea13b32557b7eaed102aa6ef2bd5164932f9db0491428a5976bd4a90986b8
1945,8844,data/raw/grand_bassin/images/stream_gbassinexch1.stream_2023-02-16_16-34-07/25edd9b3_f0008844.jpg,505570,62c2409fc0453fd3bf85d7368246420bed28ed7f8b04feac235da1fe2941e300
1946,8856,data/raw/grand_bassin/images/stream_gbassinexch1.stream_2023-02-16_16-34-07/25edd9b3_f0008856.jpg,506923,ad32f4d26886d0d73a8a8b90d945a684b25935a63027ec6007f7d3ac78ab017c
1947,8868,data/raw/grand_bassin/images/stream_gbassinexch1.stream_2023-02-16_16-34-07/25edd9b3_f0008868.jpg,507681,1f398278e30886fb98f0301a30bed0cd093040bf523b169cb60da8ce9162e7ea
1948,8880,data/raw/grand_bassin/images/stream_gbassinexch1.stream_2023-02-16_16-34-07/25edd9b3_f0008880.jpg,508887,2a78ae7bb28b21fdbd600476be417030f0d6edf3bd89bb811b5b5851d932f040
1949,8892,data/raw/grand_bassin/images/stream_gbassinexch1.stream_2023-02-16_16-34-07/25edd9b3_f0008892.jpg,509991,a57310d33ca7ece7d67d37d1d711dca15f87f74bdbed6f85c27f06a994f47310
1950,8904,data/raw/grand_bassin/images/stream_gbassinexch1.stream_2023-02-16_16-34-07/25edd9b3_f0008904.jpg,497418,383c6aedb288ea31f0b32982f63165147ccaec70e0f3316c070e4f8286c74dbc
1951,8916,data/raw/grand_bassin/images/stream_gbassinexch1.stream_2023-02-16_16-34-07/25edd9b3_f0008916.jpg,498720,88646f27cb60cb3df583bce73a63ab29931e9672873f121b4d48a75e05b7d190
1952,8928,data/raw/grand_bassin/images/stream_gbassinexch1.stream_2023-02-16_16-34-07/25edd9b3_f0008928.jpg,499289,8bb87041b3a322b3b4c278a93644aee1b26b0c0b40f73c2403085507049f5d54
1953,8940,data/raw/grand_bassin/images/stream_gbassinexch1.stream_2023-02-16_16-34-07/25edd9b3_f0008940.jpg,499271,f8ea9311fba93be660a7d60d4caa65839f79a2e4e7f1d81bde606baa37ae54fb
1954,8952,data/raw/grand_bassin/images/stream_gbassinexch1.stream_2023-02-16_16-34-07/25edd9b3_f0008952.jpg,500213,c6755d296c0698b1013702b99ce5fd20fce6f8ec9be54534182cdb246c8d58d2
1955,8964,data/raw/grand_bassin/images/stream_gbassinexch1.stream_2023-02-16_16-34-07/25edd9b3_f0008964.jpg,500880,0b2fc35397ab7d7a194c4e469f3392788fa27f628da0eb92c4c913244c3a291d
1956,8976,data/raw/grand_bassin/images/stream_gbassinexch1.stream_2023-02-16_16-34-07/25edd9b3_f0008976.jpg,501658,c8068356f1c94d2065774ed9f91da2c82d1bd4f3d200d4e8643945944fe4e81b
1957,8988,data/raw/grand_bassin/images/stream_gbassinexch1.stream_2023-02-16_16-34-07/25edd9b3_f0008988.jpg,502532,c3016c5ecb09880d302732383c32bde1dade4e2869a254c22fdde4ecd3fce5fb
1958,9000,data/raw/grand_bassin/images/stream_gbassinexch1.stream_2023-02-16_16-34-07/25edd9b3_f0009000.jpg,503708,0e040acbca675f29753690a89ab65eb492bdb718fc45c71330738b19a2af2ea0
1959,9012,data/raw/grand_bassin/images/stream_gbassinexch1.stream_2023-02-16_16-34-07/25edd9b3_f0009012.jpg,504267,9915fe1225a8748273ac394c468d3dbbf9744f83229632e16a1230194de4c397
1960,9024,data/raw/grand_bassin/images/stream_gbassinexch1.stream_2023-02-16_16-34-07/25edd9b3_f0009024.jpg,504060,b2bed02b9384f3d90365a0c82524b8fba164925209ef381a9ca61f228c101938
1961,9036,data/raw/grand_bassin/images/stream_gbassinexch1.stream_2023-02-16_16-34-07/25edd9b3_f0009036.jpg,504172,27f5dc22a88f3fabfb49a9a01487f1210594642074d0ad954e040b7e1a9a46a2
1962,9048,data/raw/grand_bassin/images/stream_gbassinexch1.stream_2023-02-16_16-34-07/25edd9b3_f0009048.jpg,504401,eaa4b5c41886c85e1e71fc83c81f75012f24ccc055737c552a19b62144426617
1963,9060,data/raw/grand_bassin/images/stream_gbassinexch1.stream_2023-02-16_16-34-07/25edd9b3_f0009060.jpg,504884,bf99b7d3dd8568a710e83e78cf653c36168d56f4dbf94c92ec396890b25bff94
1964,9072,data/raw/grand_bassin/images/stream_gbassinexch1.stream_2023-02-16_16-34-07/25edd9b3_f0009072.jpg,505413,5cce3bbbf9ae5dc0645f2d5e940d605efe4a39455e5039ac5fb01c74ac37b268
1965,9084,data/raw/grand_bassin/images/stream_gbassinexch1.stream_2023-02-16_16-34-07/25edd9b3_f0009084.jpg,494272,c4008e2b632ff236e02a389d4918053eef671dd0e043f57589f33138b84d29b2
1966,9096,data/raw/grand_bassin/images/stream_gbassinexch1.stream_2023-02-16_16-34-07/25edd9b3_f0009096.jpg,496232,9517ec776d34d6c715b5b5fc5cfd35aec6ebbba56ec01373876a964f638ef803
1967,9108,data/raw/grand_bassin/images/stream_gbassinexch1.stream_2023-02-16_16-34-07/25edd9b3_f0009108.jpg,497317,a2983d98eeebf73416e396f75ef12ba2c49ad33c6af778fd6a3651e32b9f1800
1968,9120,data/raw/grand_bassin/images/stream_gbassinexch1.stream_2023-02-16_16-34-07/25edd9b3_f0009120.jpg,498114,ccbeaae0eea455aeb5ee00ac1f2dd7e13e214ab80d3afadd190468e337b12f81
1969,9132,data/raw/grand_bassin/images/stream_gbassinexch1.stream_2023-02-16_16-34-07/25edd9b3_f0009132.jpg,498537,4b79b784bcd572e4e12a7d8cf82125d70d277b58abd3b8ae047300025e7905bd
1970,9144,data/raw/grand_bassin/images/stream_gbassinexch1.stream_2023-02-16_16-34-07/25edd9b3_f0009144.jpg,499038,30b9c65e3d42a8864dd8bf3c70062243747c4aefcef974e7db89031f171c04b1
1971,9156,data/raw/grand_bassin/images/stream_gbassinexch1.stream_2023-02-16_16-34-07/25edd9b3_f0009156.jpg,499184,5fcaa42e403eba9f39868938a958fef03c8b718e578d6a42c2aed923af5c5abb
1972,9168,data/raw/grand_bassin/images/stream_gbassinexch1.stream_2023-02-16_16-34-07/25edd9b3_f0009168.jpg,499340,5de824b5c7e17d4098700abf848b0ffee2d9ce98772293e5005e5b16f3527489
1973,9180,data/raw/grand_bassin/images/stream_gbassinexch1.stream_2023-02-16_16-34-07/25edd9b3_f0009180.jpg,500578,75a401c156f189592548ae5d83ffc1e33b8dd796c35a301a7b653a005ff02a33
1974,9192,data/raw/grand_bassin/images/stream_gbassinexch1.stream_2023-02-16_16-34-07/25edd9b3_f0009192.jpg,501648,38c64af11bec3bc3efc1f1c8a79a58894d2fe70d279d04fae498462857f8145c
1975,9204,data/raw/grand_bassin/images/stream_gbassinexch1.stream_2023-02-16_16-34-07/25edd9b3_f0009204.jpg,502133,f03739f5a5eab90608d3bdf1e564e1adae1798093b5d0cfb9132c632111e3692
1976,9216,data/raw/grand_bassin/images/stream_gbassinexch1.stream_2023-02-16_16-34-07/25edd9b3_f0009216.jpg,502450,5770750039971ab56dd36a010fc66a3ea9b7cbda336723002567ea525119156f
1977,9228,data/raw/grand_bassin/images/stream_gbassinexch1.stream_2023-02-16_16-34-07/25edd9b3_f0009228.jpg,503513,ddb43f82e3824c3fe5acd86da05179dca1bcbf06d2c0464f74b3ae8013b89f9a
1978,9240,data/raw/grand_bassin/images/stream_gbassinexch1.stream_2023-02-16_16-34-07/25edd9b3_f0009240.jpg,504124,a2964602852ff507f50830c36b1563f23a57b94bb79e67d706e87e3490a9dbb9
1979,9252,data/raw/grand_bassin/images/stream_gbassinexch1.stream_2023-02-16_16-34-07/25edd9b3_f0009252.jpg,504293,31c723fff917862364357718bd5a618f20fb79927aea72b897a477aa9b929bbe
1980,9264,data/raw/grand_bassin/images/stream_gbassinexch1.stream_2023-02-16_16-34-07/25edd9b3_f0009264.jpg,493407,28e808e641e6bd85069b1f519348057b5e6307e95efa47d299a710a0111f3131
1981,9276,data/raw/grand_bassin/images/stream_gbassinexch1.stream_2023-02-16_16-34-07/25edd9b3_f0009276.jpg,495430,5cfd1be22252331739e725c7e1ae9c60bff82c3ea827e341c950ccff81b7d697
1982,9288,data/raw/grand_bassin/images/stream_gbassinexch1.stream_2023-02-16_16-34-07/25edd9b3_f0009288.jpg,496868,d37d96ded724357d015d082a214de93792eb9973398e900eab17149a388dffb7
1983,9300,data/raw/grand_bassin/images/stream_gbassinexch1.stream_2023-02-16_16-34-07/25edd9b3_f0009300.jpg,498754,9f03abe0a47c4ab3494b6c22fd7263f5ae850bea28fb190e5843cd5619655860
1984,9312,data/raw/grand_bassin/images/stream_gbassinexch1.stream_2023-02-16_16-34-07/25edd9b3_f0009312.jpg,500204,d0671a079552cc5dca81ec46e0e711cc8a43611a1113920a29a10c285f070b4f
1985,9324,data/raw/grand_bassin/images/stream_gbassinexch1.stream_2023-02-16_16-34-07/25edd9b3_f0009324.jpg,501602,75fb2ee9ca96b5307b521e4ba9ea777ce185e61ff6d7bfb20f1589a3515b5c8d
1986,9336,data/raw/grand_bassin/images/stream_gbassinexch1.stream_2023-02-16_16-34-07/25edd9b3_f0009336.jpg,503142,f56bac4b3bb476ad1e39276e5453f085c6d364f9b71df244493ec7c950c02796
1987,9348,data/raw/grand_bassin/images/stream_gbassinexch1.stream_2023-02-16_16-34-07/25edd9b3_f0009348.jpg,504080,d8df5d504bb0ad828f73f24bd0b967f9ccfc78e13b9886b7785c41810bf55e6a
1988,9360,data/raw/grand_bassin/images/stream_gbassinexch1.stream_2023-02-16_16-34-07/25edd9b3_f0009360.jpg,504606,18f0062ebb858d70ca2bf5329a913245a82cf08a423098664b7e7b9a59e69bf8
1989,9372,data/raw/grand_bassin/images/stream_gbassinexch1.stream_2023-02-16_16-34-07/25edd9b3_f0009372.jpg,504123,5d9094ed5e6ae958f25f5c8e41f1c52c0c7a34d0688ea159891fb1e74ebc67db
1990,9384,data/raw/grand_bassin/images/stream_gbassinexch1.stream_2023-02-16_16-34-07/25edd9b3_f0009384.jpg,503543,03c97e57cf5610ee03830f7228d9dc0d4abbd8b9c8901f042e001b7efcba925f
1991,9396,data/raw/grand_bassin/images/stream_gbassinexch1.stream_2023-02-16_16-34-07/25edd9b3_f0009396.jpg,502842,810834b0364343dbe7e3201a3a750ec0470537765f93d3f9ff7c2ba624997456
1992,9408,data/raw/grand_bassin/images/stream_gbassinexch1.stream_2023-02-16_16-34-07/25edd9b3_f0009408.jpg,502964,13f45d24b1a783e89a813ca4c7ac95c335346173ee0f7c39e1cd08b352a84fab
1993,9420,data/raw/grand_bassin/images/stream_gbassinexch1.stream_2023-02-16_16-34-07/25edd9b3_f0009420.jpg,503394,7a74b0bcded792e1db290b9922f259e8d1f031ca409e4b3d4f54c9e74e69c1c1
1994,9432,data/raw/grand_bassin/images/stream_gbassinexch1.stream_2023-02-16_16-34-07/25edd9b3_f0009432.jpg,503899,a1edf4a6250179f4dbb3e627cc7c480202b33b3a0ef52f8da9e038613e55d9bb
1995,9444,data/raw/grand_bassin/images/stream_gbassinexch1.stream_2023-02-16_16-34-07/25edd9b3_f0009444.jpg,494022,49ce0ceda866e45b3fb899ee6bbe58775a8fd51ea4c55b2089f47ec95fda9afe
1996,9456,data/raw/grand_bassin/images/stream_gbassinexch1.stream_2023-02-16_16-34-07/25edd9b3_f0009456.jpg,495369,dc79d753d192c59198f643086f22342be96ce71de0722754312bd1807451a535
1997,9468,data/raw/grand_bassin/images/stream_gbassinexch1.stream_2023-02-16_16-34-07/25edd9b3_f0009468.jpg,496632,ed43f0e255c947f589dfc69ada1f29233f0857fe2a417904297e2d800b879361
1998,9480,data/raw/grand_bassin/images/stream_gbassinexch1.stream_2023-02-16_16-34-07/25edd9b3_f0009480.jpg,497458,62c20c30e812c5015b7528a5d956acadf27a2cce225c59308c496f0b6950f0e5
1999,9492,data/raw/grand_bassin/images/stream_gbassinexch1.stream_2023-02-16_16-34-07/25edd9b3_f0009492.jpg,498435,fa5cf3f9cf8d627c5915061a9745edafc21254b588def9c46f906805af463d45
2000,9504,data/raw/grand_bassin/images/stream_gbassinexch1.stream_2023-02-16_16-34-07/25edd9b3_f0009504.jpg,499236,ea1fc94306d1b742a6ab9fab6a90c7d43ad99625031c291cfedfa46952d4bbaf
