video_id,frame_index,timestamp_s,slot_id,state
gopro1,92,,slot_00,0
gopro1,92,,slot_01,0
gopro1,92,,slot_02,1
gopro1,92,,slot_03,1
gopro1,92,,slot_04,0
gopro1,92,,slot_05,0
gopro1,92,,slot_06,1
gopro1,92,,slot_07,0
gopro1,92,,slot_08,0
gopro1,92,,slot_09,0
gopro1,92,,slot_10,1
gopro1,92,,slot_11,0
gopro1,92,,slot_12,0
gopro1,92,,slot_13,0
gopro1,92,,slot_14,0
gopro1,92,,slot_15,0
gopro1,92,,slot_16,0
gopro1,92,,slot_17,0
gopro1,92,,slot_18,0
gopro1,92,,slot_19,1
gopro1,92,,slot_20,1
gopro1,93,,slot_00,0
gopro1,93,,slot_01,0
gopro1,93,,slot_02,1
gopro1,93,,slot_03,1
gopro1,93,,slot_04,0
gopro1,93,,slot_05,0
gopro1,93,,slot_06,0
gopro1,93,,slot_07,0
gopro1,93,,slot_08,0
gopro1,93,,slot_09,0
gopro1,93,,slot_10,1
gopro1,93,,slot_11,0
gopro1,93,,slot_12,0
gopro1,93,,slot_13,0
gopro1,93,,slot_14,0
gopro1,93,,slot_15,0
gopro1,93,,slot_16,0
gopro1,93,,slot_17,0
gopro1,93,,slot_18,0
gopro1,93,,slot_19,1
gopro1,93,,slot_20,1
gopro1,94,,slot_00,0
gopro1,94,,slot_01,0
gopro1,94,,slot_02,0
gopro1,94,,slot_03,1
gopro1,94,,slot_04,0
gopro1,94,,slot_05,0
gopro1,94,,slot_06,0
gopro1,94,,slot_07,0
gopro1,94,,slot_08,0
gopro1,94,,slot_09,0
gopro1,94,,slot_10,1
gopro1,94,,slot_11,0
gopro1,94,,slot_12,0
gopro1,94,,slot_13,0
gopro1,94,,slot_14,0
gopro1,94,,slot_15,0
gopro1,94,,slot_16,0
gopro1,94,,slot_17,0
gopro1,94,,slot_18,0
gopro1,94,,slot_19,1
gopro1,94,,slot_20,1
gopro1,95,,slot_00,0
gopro1,95,,slot_01,0
gopro1,95,,slot_02,0
gopro1,95,,slot_03,0
gopro1,95,,slot_04,0
gopro1,95,,slot_05,0
gopro1,95,,slot_06,0
gopro1,95,,slot_07,0
gopro1,95,,slot_08,0
gopro1,95,,slot_09,0
gopro1,95,,slot_10,0
gopro1,95,,slot_11,0
gopro1,95,,slot_12,0
gopro1,95,,slot_13,0
gopro1,95,,slot_14,0
gopro1,95,,slot_15,0
gopro1,95,,slot_16,0
gopro1,95,,slot_17,0
gopro1,95,,slot_18,0
gopro1,95,,slot_19,1
gopro1,95,,slot_20,1
gopro1,96,,slot_00,0
gopro1,96,,slot_01,0
gopro1,96,,slot_02,0
gopro1,96,,slot_03,0
gopro1,96,,slot_04,0
gopro1,96,,slot_05,0
gopro1,96,,slot_06,0
gopro1,96,,slot_07,0
gopro1,96,,slot_08,0
gopro1,96,,slot_09,0
gopro1,96,,slot_10,0
gopro1,96,,slot_11,0
gopro1,96,,slot_12,0
gopro1,96,,slot_13,0
gopro1,96,,slot_14,0
gopro1,96,,slot_15,0
gopro1,96,,slot_16,0
gopro1,96,,slot_17,0
gopro1,96,,slot_18,0
gopro1,96,,slot_19,1
gopro1,96,,slot_20,1
gopro1,97,,slot_00,0
gopro1,97,,slot_01,0
gopro1,97,,slot_02,0
gopro1,97,,slot_03,0
gopro1,97,,slot_04,0
gopro1,97,,slot_05,0
gopro1,97,,slot_06,0
gopro1,97,,slot_07,0
gopro1,97,,slot_08,0
gopro1,97,,slot_09,0
gopro1,97,,slot_10,0
gopro1,97,,slot_11,0
gopro1,97,,slot_12,0
gopro1,97,,slot_13,0
gopro1,97,,slot_14,0
gopro1,97,,slot_15,0
gopro1,97,,slot_16,0
gopro1,97,,slot_17,0
gopro1,97,,slot_18,0
gopro1,97,,slot_19,1
gopro1,97,,slot_20,1
gopro1,98,,slot_00,0
gopro1,98,,slot_01,0
gopro1,98,,slot_02,0
gopro1,98,,slot_03,0
gopro1,98,,slot_04,0
gopro1,98,,slot_05,0
gopro1,98,,slot_06,0
gopro1,98,,slot_07,0
gopro1,98,,slot_08,0
gopro1,98,,slot_09,0
gopro1,98,,slot_10,0
gopro1,98,,slot_11,0
gopro1,98,,slot_12,0
gopro1,98,,slot_13,0
gopro1,98,,slot_14,0
gopro1,98,,slot_15,0
gopro1,98,,slot_16,0
gopro1,98,,slot_17,0
gopro1,98,,slot_18,0
gopro1,98,,slot_19,1
gopro1,98,,slot_20,1
gopro1,99,,slot_00,0
gopro1,99,,slot_01,0
gopro1,99,,slot_02,0
gopro1,99,,slot_03,0
gopro1,99,,slot_04,0
gopro1,99,,slot_05,0
gopro1,99,,slot_06,0
gopro1,99,,slot_07,0
gopro1,99,,slot_08,0
gopro1,99,,slot_09,0
gopro1,99,,slot_10,0
gopro1,99,,slot_11,0
gopro1,99,,slot_12,0
gopro1,99,,slot_13,0
gopro1,99,,slot_14,0
gopro1,99,,slot_15,0
gopro1,99,,slot_16,0
gopro1,99,,slot_17,0
gopro1,99,,slot_18,0
gopro1,99,,slot_19,1
gopro1,99,,slot_20,1
gopro1,100,,slot_00,0
gopro1,100,,slot_01,0
gopro1,100,,slot_02,0
gopro1,100,,slot_03,0
gopro1,100,,slot_04,0
gopro1,100,,slot_05,0
gopro1,100,,slot_06,0
gopro1,100,,slot_07,0
gopro1,100,,slot_08,0
gopro1,100,,slot_09,0
gopro1,100,,slot_10,0
gopro1,100,,slot_11,0
gopro1,100,,slot_12,0
gopro1,100,,slot_13,0
gopro1,100,,slot_14,0
gopro1,100,,slot_15,0
gopro1,100,,slot_16,0
gopro1,100,,slot_17,0
gopro1,100,,slot_18,0
gopro1,100,,slot_19,1
gopro1,100,,slot_20,1
gopro1,101,,slot_00,0
gopro1,101,,slot_01,0
gopro1,101,,slot_02,0
gopro1,101,,slot_03,0
gopro1,101,,slot_04,0
gopro1,101,,slot_05,0
gopro1,101,,slot_06,0
gopro1,101,,slot_07,0
gopro1,101,,slot_08,0
gopro1,101,,slot_09,0
gopro1,101,,slot_10,0
gopro1,101,,slot_11,0
gopro1,101,,slot_12,0
gopro1,101,,slot_13,0
gopro1,101,,slot_14,0
gopro1,101,,slot_15,0
gopro1,101,,slot_16,0
gopro1,101,,slot_17,0
gopro1,101,,slot_18,0
gopro1,101,,slot_19,1
gopro1,101,,slot_20,1
gopro1,102,,slot_00,0
gopro1,102,,slot_01,0
gopro1,102,,slot_02,0
gopro1,102,,slot_03,0
gopro1,102,,slot_04,0
gopro1,102,,slot_05,0
gopro1,102,,slot_06,0
gopro1,102,,slot_07,0
gopro1,102,,slot_08,0
gopro1,102,,slot_09,0
gopro1,102,,slot_10,0
gopro1,102,,slot_11,0
gopro1,102,,slot_12,0
gopro1,102,,slot_13,0
gopro1,102,,slot_14,0
gopro1,102,,slot_15,0
gopro1,102,,slot_16,0
gopro1,102,,slot_17,0
gopro1,102,,slot_18,0
gopro1,102,,slot_19,1
gopro1,102,,slot_20,1
gopro1,103,,slot_00,0
gopro1,103,,slot_01,0
gopro1,103,,slot_02,0
gopro1,103,,slot_03,0
gopro1,103,,slot_04,0
gopro1,103,,slot_05,0
gopro1,103,,slot_06,0
gopro1,103,,slot_07,0
gopro1,103,,slot_08,0
gopro1,103,,slot_09,0
gopro1,103,,slot_10,0
gopro1,103,,slot_11,0
gopro1,103,,slot_12,0
gopro1,103,,slot_13,0
gopro1,103,,slot_14,0
gopro1,103,,slot_15,0
gopro1,103,,slot_16,0
gopro1,103,,slot_17,0
gopro1,103,,slot_18,0
gopro1,103,,slot_19,1
gopro1,103,,slot_20,1
gopro1,104,,slot_00,0
gopro1,104,,slot_01,0
gopro1,104,,slot_02,0
gopro1,104,,slot_03,0
gopro1,104,,slot_04,0
gopro1,104,,slot_05,0
gopro1,104,,slot_06,0
gopro1,104,,slot_07,0
gopro1,104,,slot_08,0
gopro1,104,,slot_09,0
gopro1,104,,slot_10,0
gopro1,104,,slot_11,0
gopro1,104,,slot_12,0
gopro1,104,,slot_13,0
gopro1,104,,slot_14,0
gopro1,104,,slot_15,0
gopro1,104,,slot_16,0
gopro1,104,,slot_17,0
gopro1,104,,slot_18,0
gopro1,104,,slot_19,1
gopro1,104,,slot_20,1
gopro1,105,,slot_00,0
gopro1,105,,slot_01,0
gopro1,105,,slot_02,0
gopro1,105,,slot_03,0
gopro1,105,,slot_04,0
gopro1,105,,slot_05,0
gopro1,105,,slot_06,0
gopro1,105,,slot_07,0
gopro1,105,,slot_08,0
gopro1,105,,slot_09,0
gopro1,105,,slot_10,0
gopro1,105,,slot_11,0
gopro1,105,,slot_12,0
gopro1,105,,slot_13,0
gopro1,105,,slot_14,0
gopro1,105,,slot_15,0
gopro1,105,,slot_16,0
gopro1,105,,slot_17,0
gopro1,105,,slot_18,0
gopro1,105,,slot_19,1
gopro1,105,,slot_20,1
gopro1,106,,slot_00,0
gopro1,106,,slot_01,0
gopro1,106,,slot_02,0
gopro1,106,,slot_03,0
gopro1,106,,slot_04,0
gopro1,106,,slot_05,0
gopro1,106,,slot_06,0
gopro1,106,,slot_07,0
gopro1,106,,slot_08,0
gopro1,106,,slot_09,0
gopro1,106,,slot_10,0
gopro1,106,,slot_11,0
gopro1,106,,slot_12,0
gopro1,106,,slot_13,0
gopro1,106,,slot_14,0
gopro1,106,,slot_15,0
gopro1,106,,slot_16,0
gopro1,106,,slot_17,0
gopro1,106,,slot_18,0
gopro1,106,,slot_19,1
gopro1,106,,slot_20,1
gopro1,107,,slot_00,0
gopro1,107,,slot_01,0
gopro1,107,,slot_02,0
gopro1,107,,slot_03,0
gopro1,107,,slot_04,0
gopro1,107,,slot_05,0
gopro1,107,,slot_06,0
gopro1,107,,slot_07,0
gopro1,107,,slot_08,0
gopro1,107,,slot_09,0
gopro1,107,,slot_10,0
gopro1,107,,slot_11,0
gopro1,107,,slot_12,0
gopro1,107,,slot_13,0
gopro1,107,,slot_14,0
gopro1,107,,slot_15,0
gopro1,107,,slot_16,0
gopro1,107,,slot_17,0
gopro1,107,,slot_18,0
gopro1,107,,slot_19,1
gopro1,107,,slot_20,1
gopro1,108,,slot_00,0
gopro1,108,,slot_01,0
gopro1,108,,slot_02,0
gopro1,108,,slot_03,0
gopro1,108,,slot_04,0
gopro1,108,,slot_05,0
gopro1,108,,slot_06,0
gopro1,108,,slot_07,0
gopro1,108,,slot_08,0
gopro1,108,,slot_09,0
gopro1,108,,slot_10,0
gopro1,108,,slot_11,0
gopro1,108,,slot_12,0
gopro1,108,,slot_13,0
gopro1,108,,slot_14,0
gopro1,108,,slot_15,0
gopro1,108,,slot_16,0
gopro1,108,,slot_17,0
gopro1,108,,slot_18,0
gopro1,108,,slot_19,0
gopro1,108,,slot_20,0
gopro1,109,,slot_00,0
gopro1,109,,slot_01,0
gopro1,109,,slot_02,0
gopro1,109,,slot_03,0
gopro1,109,,slot_04,0
gopro1,109,,slot_05,0
gopro1,109,,slot_06,0
gopro1,109,,slot_07,0
gopro1,109,,slot_08,0
gopro1,109,,slot_09,0
gopro1,109,,slot_10,0
gopro1,109,,slot_11,0
gopro1,109,,slot_12,0
gopro1,109,,slot_13,0
gopro1,109,,slot_14,0
gopro1,109,,slot_15,0
gopro1,109,,slot_16,0
gopro1,109,,slot_17,0
gopro1,109,,slot_18,0
gopro1,109,,slot_19,0
gopro1,109,,slot_20,0
gopro1,110,,slot_00,0
gopro1,110,,slot_01,0
gopro1,110,,slot_02,0
gopro1,110,,slot_03,0
gopro1,110,,slot_04,0
gopro1,110,,slot_05,0
gopro1,110,,slot_06,0
gopro1,110,,slot_07,0
gopro1,110,,slot_08,0
gopro1,110,,slot_09,0
gopro1,110,,slot_10,0
gopro1,110,,slot_11,0
gopro1,110,,slot_12,0
gopro1,110,,slot_13,0
gopro1,110,,slot_14,0
gopro1,110,,slot_15,0
gopro1,110,,slot_16,0
gopro1,110,,slot_17,0
gopro1,110,,slot_18,0
gopro1,110,,slot_19,0
gopro1,110,,slot_20,0
gopro1,111,,slot_00,0
gopro1,111,,slot_01,0
gopro1,111,,slot_02,0
gopro1,111,,slot_03,0
gopro1,111,,slot_04,0
gopro1,111,,slot_05,0
gopro1,111,,slot_06,0
gopro1,111,,slot_07,0
gopro1,111,,slot_08,0
gopro1,111,,slot_09,0
gopro1,111,,slot_10,0
gopro1,111,,slot_11,0
gopro1,111,,slot_12,0
gopro1,111,,slot_13,0
gopro1,111,,slot_14,0
gopro1,111,,slot_15,0
gopro1,111,,slot_16,0
gopro1,111,,slot_17,0
gopro1,111,,slot_18,0
gopro1,111,,slot_19,0
gopro1,111,,slot_20,0
gopro1,112,,slot_00,0
gopro1,112,,slot_01,0
gopro1,112,,slot_02,0
gopro1,112,,slot_03,0
gopro1,112,,slot_04,0
gopro1,112,,slot_05,0
gopro1,112,,slot_06,0
gopro1,112,,slot_07,0
gopro1,112,,slot_08,0
gopro1,112,,slot_09,0
gopro1,112,,slot_10,0
gopro1,112,,slot_11,0
gopro1,112,,slot_12,0
gopro1,112,,slot_13,0
gopro1,112,,slot_14,0
gopro1,112,,slot_15,0
gopro1,112,,slot_16,0
gopro1,112,,slot_17,0
gopro1,112,,slot_18,0
gopro1,112,,slot_19,0
gopro1,112,,slot_20,0
gopro1,113,,slot_00,0
gopro1,113,,slot_01,0
gopro1,113,,slot_02,0
gopro1,113,,slot_03,0
gopro1,113,,slot_04,0
gopro1,113,,slot_05,0
gopro1,113,,slot_06,0
gopro1,113,,slot_07,0
gopro1,113,,slot_08,0
gopro1,113,,slot_09,0
gopro1,113,,slot_10,0
gopro1,113,,slot_11,0
gopro1,113,,slot_12,0
gopro1,113,,slot_13,0
gopro1,113,,slot_14,0
gopro1,113,,slot_15,0
gopro1,113,,slot_16,0
gopro1,113,,slot_17,0
gopro1,113,,slot_18,0
gopro1,113,,slot_19,0
gopro1,113,,slot_20,0
gopro1,114,,slot_00,0
gopro1,114,,slot_01,0
gopro1,114,,slot_02,0
gopro1,114,,slot_03,0
gopro1,114,,slot_04,0
gopro1,114,,slot_05,0
gopro1,114,,slot_06,0
gopro1,114,,slot_07,0
gopro1,114,,slot_08,0
gopro1,114,,slot_09,0
gopro1,114,,slot_10,0
gopro1,114,,slot_11,0
gopro1,114,,slot_12,0
gopro1,114,,slot_13,0
gopro1,114,,slot_14,0
gopro1,114,,slot_15,0
gopro1,114,,slot_16,0
gopro1,114,,slot_17,0
gopro1,114,,slot_18,0
gopro1,114,,slot_19,0
gopro1,114,,slot_20,0
gopro1,115,,slot_00,0
gopro1,115,,slot_01,0
gopro1,115,,slot_02,0
gopro1,115,,slot_03,0
gopro1,115,,slot_04,0
gopro1,115,,slot_05,0
gopro1,115,,slot_06,0
gopro1,115,,slot_07,0
gopro1,115,,slot_08,0
gopro1,115,,slot_09,0
gopro1,115,,slot_10,0
gopro1,115,,slot_11,0
gopro1,115,,slot_12,0
gopro1,115,,slot_13,0
gopro1,115,,slot_14,0
gopro1,115,,slot_15,0
gopro1,115,,slot_16,0
gopro1,115,,slot_17,0
gopro1,115,,slot_18,0
gopro1,115,,slot_19,0
gopro1,115,,slot_20,0
gopro1,116,,slot_00,0
gopro1,116,,slot_01,0
gopro1,116,,slot_02,0
gopro1,116,,slot_03,0
gopro1,116,,slot_04,0
gopro1,116,,slot_05,0
gopro1,116,,slot_06,0
gopro1,116,,slot_07,0
gopro1,116,,slot_08,0
gopro1,116,,slot_09,0
gopro1,116,,slot_10,0
gopro1,116,,slot_11,0
gopro1,116,,slot_12,0
gopro1,116,,slot_13,0
gopro1,116,,slot_14,0
gopro1,116,,slot_15,0
gopro1,116,,slot_16,0
gopro1,116,,slot_17,0
gopro1,116,,slot_18,0
gopro1,116,,slot_19,0
gopro1,116,,slot_20,0
gopro4,95,,slot_00,0
gopro4,95,,slot_01,0
gopro4,95,,slot_02,0
gopro4,95,,slot_03,0
gopro4,95,,slot_04,0
gopro4,95,,slot_05,1
gopro4,95,,slot_06,0
gopro4,95,,slot_07,0
gopro4,95,,slot_08,1
gopro4,95,,slot_09,0
gopro4,95,,slot_10,0
gopro4,95,,slot_11,0
gopro4,95,,slot_12,1
gopro4,95,,slot_13,0
gopro4,95,,slot_14,0
gopro4,95,,slot_15,0
gopro4,95,,slot_16,0
gopro4,95,,slot_17,0
gopro4,95,,slot_18,0
gopro4,95,,slot_19,0
gopro4,95,,slot_20,0
gopro4,96,,slot_00,0
gopro4,96,,slot_01,0
gopro4,96,,slot_02,0
gopro4,96,,slot_03,0
gopro4,96,,slot_04,0
gopro4,96,,slot_05,1
gopro4,96,,slot_06,0
gopro4,96,,slot_07,0
gopro4,96,,slot_08,0
gopro4,96,,slot_09,0
gopro4,96,,slot_10,0
gopro4,96,,slot_11,0
gopro4,96,,slot_12,1
gopro4,96,,slot_13,0
gopro4,96,,slot_14,0
gopro4,96,,slot_15,0
gopro4,96,,slot_16,0
gopro4,96,,slot_17,0
gopro4,96,,slot_18,0
gopro4,96,,slot_19,0
gopro4,96,,slot_20,0
gopro4,97,,slot_00,0
gopro4,97,,slot_01,0
gopro4,97,,slot_02,0
gopro4,97,,slot_03,0
gopro4,97,,slot_04,0
gopro4,97,,slot_05,1
gopro4,97,,slot_06,0
gopro4,97,,slot_07,0
gopro4,97,,slot_08,0
gopro4,97,,slot_09,0
gopro4,97,,slot_10,0
gopro4,97,,slot_11,0
gopro4,97,,slot_12,1
gopro4,97,,slot_13,0
gopro4,97,,slot_14,0
gopro4,97,,slot_15,0
gopro4,97,,slot_16,0
gopro4,97,,slot_17,0
gopro4,97,,slot_18,0
gopro4,97,,slot_19,0
gopro4,97,,slot_20,0
gopro4,98,,slot_00,0
gopro4,98,,slot_01,0
gopro4,98,,slot_02,0
gopro4,98,,slot_03,0
gopro4,98,,slot_04,0
gopro4,98,,slot_05,1
gopro4,98,,slot_06,0
gopro4,98,,slot_07,0
gopro4,98,,slot_08,0
gopro4,98,,slot_09,0
gopro4,98,,slot_10,0
gopro4,98,,slot_11,0
gopro4,98,,slot_12,1
gopro4,98,,slot_13,0
gopro4,98,,slot_14,0
gopro4,98,,slot_15,0
gopro4,98,,slot_16,0
gopro4,98,,slot_17,0
gopro4,98,,slot_18,0
gopro4,98,,slot_19,0
gopro4,98,,slot_20,0
gopro4,99,,slot_00,0
gopro4,99,,slot_01,0
gopro4,99,,slot_02,0
gopro4,99,,slot_03,0
gopro4,99,,slot_04,0
gopro4,99,,slot_05,1
gopro4,99,,slot_06,0
gopro4,99,,slot_07,0
gopro4,99,,slot_08,0
gopro4,99,,slot_09,0
gopro4,99,,slot_10,0
gopro4,99,,slot_11,0
gopro4,99,,slot_12,1
gopro4,99,,slot_13,0
gopro4,99,,slot_14,0
gopro4,99,,slot_15,0
gopro4,99,,slot_16,0
gopro4,99,,slot_17,0
gopro4,99,,slot_18,0
gopro4,99,,slot_19,0
gopro4,99,,slot_20,0
gopro4,100,,slot_00,0
gopro4,100,,slot_01,0
gopro4,100,,slot_02,0
gopro4,100,,slot_03,0
gopro4,100,,slot_04,0
gopro4,100,,slot_05,1
gopro4,100,,slot_06,0
gopro4,100,,slot_07,0
gopro4,100,,slot_08,0
gopro4,100,,slot_09,0
gopro4,100,,slot_10,0
gopro4,100,,slot_11,0
gopro4,100,,slot_12,1
gopro4,100,,slot_13,0
gopro4,100,,slot_14,0
gopro4,100,,slot_15,0
gopro4,100,,slot_16,0
gopro4,100,,slot_17,0
gopro4,100,,slot_18,0
gopro4,100,,slot_19,0
gopro4,100,,slot_20,0
gopro4,101,,slot_00,0
gopro4,101,,slot_01,0
gopro4,101,,slot_02,0
gopro4,101,,slot_03,0
gopro4,101,,slot_04,0
gopro4,101,,slot_05,1
gopro4,101,,slot_06,0
gopro4,101,,slot_07,0
gopro4,101,,slot_08,0
gopro4,101,,slot_09,0
gopro4,101,,slot_10,0
gopro4,101,,slot_11,0
gopro4,101,,slot_12,1
gopro4,101,,slot_13,0
gopro4,101,,slot_14,0
gopro4,101,,slot_15,0
gopro4,101,,slot_16,0
gopro4,101,,slot_17,0
gopro4,101,,slot_18,0
gopro4,101,,slot_19,0
gopro4,101,,slot_20,0
gopro4,102,,slot_00,0
gopro4,102,,slot_01,0
gopro4,102,,slot_02,0
gopro4,102,,slot_03,0
gopro4,102,,slot_04,0
gopro4,102,,slot_05,1
gopro4,102,,slot_06,0
gopro4,102,,slot_07,0
gopro4,102,,slot_08,0
gopro4,102,,slot_09,0
gopro4,102,,slot_10,0
gopro4,102,,slot_11,0
gopro4,102,,slot_12,1
gopro4,102,,slot_13,0
gopro4,102,,slot_14,0
gopro4,102,,slot_15,0
gopro4,102,,slot_16,0
gopro4,102,,slot_17,0
gopro4,102,,slot_18,0
gopro4,102,,slot_19,0
gopro4,102,,slot_20,0
gopro4,103,,slot_00,0
gopro4,103,,slot_01,0
gopro4,103,,slot_02,0
gopro4,103,,slot_03,0
gopro4,103,,slot_04,0
gopro4,103,,slot_05,1
gopro4,103,,slot_06,0
gopro4,103,,slot_07,0
gopro4,103,,slot_08,0
gopro4,103,,slot_09,0
gopro4,103,,slot_10,0
gopro4,103,,slot_11,0
gopro4,103,,slot_12,1
gopro4,103,,slot_13,0
gopro4,103,,slot_14,0
gopro4,103,,slot_15,0
gopro4,103,,slot_16,0
gopro4,103,,slot_17,0
gopro4,103,,slot_18,0
gopro4,103,,slot_19,0
gopro4,103,,slot_20,0
gopro4,104,,slot_00,0
gopro4,104,,slot_01,0
gopro4,104,,slot_02,0
gopro4,104,,slot_03,0
gopro4,104,,slot_04,0
gopro4,104,,slot_05,1
gopro4,104,,slot_06,0
gopro4,104,,slot_07,0
gopro4,104,,slot_08,0
gopro4,104,,slot_09,0
gopro4,104,,slot_10,0
gopro4,104,,slot_11,0
gopro4,104,,slot_12,1
gopro4,104,,slot_13,0
gopro4,104,,slot_14,0
gopro4,104,,slot_15,0
gopro4,104,,slot_16,0
gopro4,104,,slot_17,0
gopro4,104,,slot_18,0
gopro4,104,,slot_19,0
gopro4,104,,slot_20,0
gopro4,105,,slot_00,0
gopro4,105,,slot_01,0
gopro4,105,,slot_02,0
gopro4,105,,slot_03,0
gopro4,105,,slot_04,0
gopro4,105,,slot_05,1
gopro4,105,,slot_06,0
gopro4,105,,slot_07,0
gopro4,105,,slot_08,0
gopro4,105,,slot_09,0
gopro4,105,,slot_10,0
gopro4,105,,slot_11,0
gopro4,105,,slot_12,1
gopro4,105,,slot_13,0
gopro4,105,,slot_14,0
gopro4,105,,slot_15,0
gopro4,105,,slot_16,0
gopro4,105,,slot_17,0
gopro4,105,,slot_18,0
gopro4,105,,slot_19,0
gopro4,105,,slot_20,0
gopro4,106,,slot_00,0
gopro4,106,,slot_01,0
gopro4,106,,slot_02,0
gopro4,106,,slot_03,0
gopro4,106,,slot_04,0
gopro4,106,,slot_05,1
gopro4,106,,slot_06,0
gopro4,106,,slot_07,0
gopro4,106,,slot_08,0
gopro4,106,,slot_09,0
gopro4,106,,slot_10,0
gopro4,106,,slot_11,0
gopro4,106,,slot_12,1
gopro4,106,,slot_13,0
gopro4,106,,slot_14,0
gopro4,106,,slot_15,0
gopro4,106,,slot_16,0
gopro4,106,,slot_17,0
gopro4,106,,slot_18,0
gopro4,106,,slot_19,0
gopro4,106,,slot_20,0
gopro4,107,,slot_00,0
gopro4,107,,slot_01,0
gopro4,107,,slot_02,0
gopro4,107,,slot_03,0
gopro4,107,,slot_04,0
gopro4,107,,slot_05,1
gopro4,107,,slot_06,0
gopro4,107,,slot_07,0
gopro4,107,,slot_08,0
gopro4,107,,slot_09,0
gopro4,107,,slot_10,0
gopro4,107,,slot_11,0
gopro4,107,,slot_12,1
gopro4,107,,slot_13,0
gopro4,107,,slot_14,0
gopro4,107,,slot_15,0
gopro4,107,,slot_16,0
gopro4,107,,slot_17,0
gopro4,107,,slot_18,0
gopro4,107,,slot_19,0
gopro4,107,,slot_20,0
gopro4,108,,slot_00,0
gopro4,108,,slot_01,0
gopro4,108,,slot_02,0
gopro4,108,,slot_03,0
gopro4,108,,slot_04,0
gopro4,108,,slot_05,1
gopro4,108,,slot_06,0
gopro4,108,,slot_07,0
gopro4,108,,slot_08,0
gopro4,108,,slot_09,0
gopro4,108,,slot_10,0
gopro4,108,,slot_11,0
gopro4,108,,slot_12,1
gopro4,108,,slot_13,0
gopro4,108,,slot_14,0
gopro4,108,,slot_15,0
gopro4,108,,slot_16,0
gopro4,108,,slot_17,0
gopro4,108,,slot_18,0
gopro4,108,,slot_19,0
gopro4,108,,slot_20,0
gopro4,109,,slot_00,0
gopro4,109,,slot_01,0
gopro4,109,,slot_02,0
gopro4,109,,slot_03,0
gopro4,109,,slot_04,0
gopro4,109,,slot_05,1
gopro4,109,,slot_06,0
gopro4,109,,slot_07,0
gopro4,109,,slot_08,0
gopro4,109,,slot_09,0
gopro4,109,,slot_10,0
gopro4,109,,slot_11,0
gopro4,109,,slot_12,1
gopro4,109,,slot_13,0
gopro4,109,,slot_14,0
gopro4,109,,slot_15,0
gopro4,109,,slot_16,0
gopro4,109,,slot_17,0
gopro4,109,,slot_18,0
gopro4,109,,slot_19,0
gopro4,109,,slot_20,0
gopro4,110,,slot_00,0
gopro4,110,,slot_01,0
gopro4,110,,slot_02,0
gopro4,110,,slot_03,0
gopro4,110,,slot_04,0
gopro4,110,,slot_05,1
gopro4,110,,slot_06,0
gopro4,110,,slot_07,0
gopro4,110,,slot_08,0
gopro4,110,,slot_09,0
gopro4,110,,slot_10,0
gopro4,110,,slot_11,0
gopro4,110,,slot_12,0
gopro4,110,,slot_13,0
gopro4,110,,slot_14,0
gopro4,110,,slot_15,0
gopro4,110,,slot_16,0
gopro4,110,,slot_17,0
gopro4,110,,slot_18,0
gopro4,110,,slot_19,0
gopro4,110,,slot_20,0
gopro4,111,,slot_00,0
gopro4,111,,slot_01,0
gopro4,111,,slot_02,0
gopro4,111,,slot_03,0
gopro4,111,,slot_04,0
gopro4,111,,slot_05,0
gopro4,111,,slot_06,0
gopro4,111,,slot_07,0
gopro4,111,,slot_08,0
gopro4,111,,slot_09,0
gopro4,111,,slot_10,0
gopro4,111,,slot_11,0
gopro4,111,,slot_12,0
gopro4,111,,slot_13,0
gopro4,111,,slot_14,0
gopro4,111,,slot_15,0
gopro4,111,,slot_16,0
gopro4,111,,slot_17,0
gopro4,111,,slot_18,0
gopro4,111,,slot_19,0
gopro4,111,,slot_20,0
gopro4,112,,slot_00,0
gopro4,112,,slot_01,0
gopro4,112,,slot_02,0
gopro4,112,,slot_03,0
gopro4,112,,slot_04,0
gopro4,112,,slot_05,0
gopro4,112,,slot_06,0
gopro4,112,,slot_07,0
gopro4,112,,slot_08,0
gopro4,112,,slot_09,0
gopro4,112,,slot_10,0
gopro4,112,,slot_11,0
gopro4,112,,slot_12,0
gopro4,112,,slot_13,0
gopro4,112,,slot_14,0
gopro4,112,,slot_15,0
gopro4,112,,slot_16,0
gopro4,112,,slot_17,0
gopro4,112,,slot_18,0
gopro4,112,,slot_19,0
gopro4,112,,slot_20,0
gopro4,113,,slot_00,0
gopro4,113,,slot_01,0
gopro4,113,,slot_02,0
gopro4,113,,slot_03,0
gopro4,113,,slot_04,0
gopro4,113,,slot_05,0
gopro4,113,,slot_06,0
gopro4,113,,slot_07,0
gopro4,113,,slot_08,0
gopro4,113,,slot_09,0
gopro4,113,,slot_10,0
gopro4,113,,slot_11,0
gopro4,113,,slot_12,0
gopro4,113,,slot_13,0
gopro4,113,,slot_14,0
gopro4,113,,slot_15,0
gopro4,113,,slot_16,0
gopro4,113,,slot_17,0
gopro4,113,,slot_18,0
gopro4,113,,slot_19,0
gopro4,113,,slot_20,0
gopro4,114,,slot_00,0
gopro4,114,,slot_01,0
gopro4,114,,slot_02,0
gopro4,114,,slot_03,0
gopro4,114,,slot_04,0
gopro4,114,,slot_05,0
gopro4,114,,slot_06,0
gopro4,114,,slot_07,0
gopro4,114,,slot_08,0
gopro4,114,,slot_09,0
gopro4,114,,slot_10,0
gopro4,114,,slot_11,0
gopro4,114,,slot_12,0
gopro4,114,,slot_13,0
gopro4,114,,slot_14,0
gopro4,114,,slot_15,0
gopro4,114,,slot_16,0
gopro4,114,,slot_17,0
gopro4,114,,slot_18,0
gopro4,114,,slot_19,0
gopro4,114,,slot_20,0
gopro4,115,,slot_00,0
gopro4,115,,slot_01,0
gopro4,115,,slot_02,0
gopro4,115,,slot_03,0
gopro4,115,,slot_04,0
gopro4,115,,slot_05,0
gopro4,115,,slot_06,0
gopro4,115,,slot_07,0
gopro4,115,,slot_08,0
gopro4,115,,slot_09,0
gopro4,115,,slot_10,0
gopro4,115,,slot_11,0
gopro4,115,,slot_12,0
gopro4,115,,slot_13,0
gopro4,115,,slot_14,0
gopro4,115,,slot_15,0
gopro4,115,,slot_16,0
gopro4,115,,slot_17,0
gopro4,115,,slot_18,0
gopro4,115,,slot_19,0
gopro4,115,,slot_20,0
gopro4,116,,slot_00,0
gopro4,116,,slot_01,0
gopro4,116,,slot_02,0
gopro4,116,,slot_03,0
gopro4,116,,slot_04,0
gopro4,116,,slot_05,0
gopro4,116,,slot_06,0
gopro4,116,,slot_07,0
gopro4,116,,slot_08,0
gopro4,116,,slot_09,0
gopro4,116,,slot_10,0
gopro4,116,,slot_11,0
gopro4,116,,slot_12,0
gopro4,116,,slot_13,0
gopro4,116,,slot_14,0
gopro4,116,,slot_15,0
gopro4,116,,slot_16,0
gopro4,116,,slot_17,0
gopro4,116,,slot_18,0
gopro4,116,,slot_19,0
gopro4,116,,slot_20,0
gopro4,117,,slot_00,0
gopro4,117,,slot_01,0
gopro4,117,,slot_02,0
gopro4,117,,slot_03,0
gopro4,117,,slot_04,0
gopro4,117,,slot_05,0
gopro4,117,,slot_06,0
gopro4,117,,slot_07,0
gopro4,117,,slot_08,0
gopro4,117,,slot_09,0
gopro4,117,,slot_10,0
gopro4,117,,slot_11,0
gopro4,117,,slot_12,0
gopro4,117,,slot_13,0
gopro4,117,,slot_14,0
gopro4,117,,slot_15,0
gopro4,117,,slot_16,0
gopro4,117,,slot_17,0
gopro4,117,,slot_18,0
gopro4,117,,slot_19,0
gopro4,117,,slot_20,0
gopro4,118,,slot_00,0
gopro4,118,,slot_01,0
gopro4,118,,slot_02,0
gopro4,118,,slot_03,0
gopro4,118,,slot_04,0
gopro4,118,,slot_05,0
gopro4,118,,slot_06,0
gopro4,118,,slot_07,0
gopro4,118,,slot_08,0
gopro4,118,,slot_09,0
gopro4,118,,slot_10,0
gopro4,118,,slot_11,0
gopro4,118,,slot_12,0
gopro4,118,,slot_13,0
gopro4,118,,slot_14,0
gopro4,118,,slot_15,0
gopro4,118,,slot_16,0
gopro4,118,,slot_17,0
gopro4,118,,slot_18,0
gopro4,118,,slot_19,0
gopro4,118,,slot_20,0
gopro4,119,,slot_00,0
gopro4,119,,slot_01,0
gopro4,119,,slot_02,0
gopro4,119,,slot_03,0
gopro4,119,,slot_04,0
gopro4,119,,slot_05,0
gopro4,119,,slot_06,0
gopro4,119,,slot_07,0
gopro4,119,,slot_08,0
gopro4,119,,slot_09,0
gopro4,119,,slot_10,0
gopro4,119,,slot_11,0
gopro4,119,,slot_12,0
gopro4,119,,slot_13,0
gopro4,119,,slot_14,0
gopro4,119,,slot_15,0
gopro4,119,,slot_16,0
gopro4,119,,slot_17,0
gopro4,119,,slot_18,0
gopro4,119,,slot_19,0
gopro4,119,,slot_20,0
gopro4,120,,slot_00,0
gopro4,120,,slot_01,0
gopro4,120,,slot_02,0
gopro4,120,,slot_03,0
gopro4,120,,slot_04,0
gopro4,120,,slot_05,0
gopro4,120,,slot_06,0
gopro4,120,,slot_07,0
gopro4,120,,slot_08,0
gopro4,120,,slot_09,0
gopro4,120,,slot_10,0
gopro4,120,,slot_11,0
gopro4,120,,slot_12,0
gopro4,120,,slot_13,0
gopro4,120,,slot_14,0
gopro4,120,,slot_15,0
gopro4,120,,slot_16,0
gopro4,120,,slot_17,0
gopro4,120,,slot_18,0
gopro4,120,,slot_19,0
gopro4,120,,slot_20,0
gopro4,121,,slot_00,0
gopro4,121,,slot_01,0
gopro4,121,,slot_02,0
gopro4,121,,slot_03,0
gopro4,121,,slot_04,0
gopro4,121,,slot_05,0
gopro4,121,,slot_06,0
gopro4,121,,slot_07,0
gopro4,121,,slot_08,0
gopro4,121,,slot_09,0
gopro4,121,,slot_10,0
gopro4,121,,slot_11,0
gopro4,121,,slot_12,0
gopro4,121,,slot_13,0
gopro4,121,,slot_14,0
gopro4,121,,slot_15,0
gopro4,121,,slot_16,0
gopro4,121,,slot_17,0
gopro4,121,,slot_18,0
gopro4,121,,slot_19,0
gopro4,121,,slot_20,0
gopro4,122,,slot_00,0
gopro4,122,,slot_01,0
gopro4,122,,slot_02,0
gopro4,122,,slot_03,0
gopro4,122,,slot_04,0
gopro4,122,,slot_05,0
gopro4,122,,slot_06,0
gopro4,122,,slot_07,0
gopro4,122,,slot_08,0
gopro4,122,,slot_09,0
gopro4,122,,slot_10,0
gopro4,122,,slot_11,0
gopro4,122,,slot_12,0
gopro4,122,,slot_13,0
gopro4,122,,slot_14,0
gopro4,122,,slot_15,0
gopro4,122,,slot_16,0
gopro4,122,,slot_17,0
gopro4,122,,slot_18,0
gopro4,122,,slot_19,0
gopro4,122,,slot_20,0
gopro4,123,,slot_00,0
gopro4,123,,slot_01,0
gopro4,123,,slot_02,0
gopro4,123,,slot_03,0
gopro4,123,,slot_04,0
gopro4,123,,slot_05,0
gopro4,123,,slot_06,0
gopro4,123,,slot_07,0
gopro4,123,,slot_08,0
gopro4,123,,slot_09,0
gopro4,123,,slot_10,0
gopro4,123,,slot_11,0
gopro4,123,,slot_12,0
gopro4,123,,slot_13,0
gopro4,123,,slot_14,0
gopro4,123,,slot_15,0
gopro4,123,,slot_16,0
gopro4,123,,slot_17,0
gopro4,123,,slot_18,0
gopro4,123,,slot_19,0
gopro4,123,,slot_20,0
gopro5,0,,slot_00,0
gopro5,0,,slot_01,0
gopro5,0,,slot_02,0
gopro5,0,,slot_03,0
gopro5,0,,slot_04,0
gopro5,0,,slot_05,0
gopro5,0,,slot_06,0
gopro5,0,,slot_07,0
gopro5,0,,slot_08,0
gopro5,0,,slot_09,0
gopro5,0,,slot_10,0
gopro5,0,,slot_11,0
gopro5,0,,slot_12,0
gopro5,0,,slot_13,0
gopro5,0,,slot_14,0
gopro5,0,,slot_15,0
gopro5,0,,slot_16,0
gopro5,0,,slot_17,0
gopro5,0,,slot_18,0
gopro5,0,,slot_19,0
gopro5,0,,slot_20,0
gopro5,1,,slot_00,0
gopro5,1,,slot_01,0
gopro5,1,,slot_02,0
gopro5,1,,slot_03,0
gopro5,1,,slot_04,0
gopro5,1,,slot_05,0
gopro5,1,,slot_06,0
gopro5,1,,slot_07,0
gopro5,1,,slot_08,0
gopro5,1,,slot_09,0
gopro5,1,,slot_10,0
gopro5,1,,slot_11,0
gopro5,1,,slot_12,0
gopro5,1,,slot_13,0
gopro5,1,,slot_14,0
gopro5,1,,slot_15,0
gopro5,1,,slot_16,0
gopro5,1,,slot_17,0
gopro5,1,,slot_18,0
gopro5,1,,slot_19,0
gopro5,1,,slot_20,0
gopro5,2,,slot_00,0
gopro5,2,,slot_01,0
gopro5,2,,slot_02,0
gopro5,2,,slot_03,0
gopro5,2,,slot_04,0
gopro5,2,,slot_05,0
gopro5,2,,slot_06,0
gopro5,2,,slot_07,0
gopro5,2,,slot_08,0
gopro5,2,,slot_09,0
gopro5,2,,slot_10,0
gopro5,2,,slot_11,0
gopro5,2,,slot_12,0
gopro5,2,,slot_13,0
gopro5,2,,slot_14,0
gopro5,2,,slot_15,0
gopro5,2,,slot_16,0
gopro5,2,,slot_17,0
gopro5,2,,slot_18,0
gopro5,2,,slot_19,0
gopro5,2,,slot_20,0
gopro5,3,,slot_00,0
gopro5,3,,slot_01,0
gopro5,3,,slot_02,0
gopro5,3,,slot_03,0
gopro5,3,,slot_04,0
gopro5,3,,slot_05,0
gopro5,3,,slot_06,0
gopro5,3,,slot_07,0
gopro5,3,,slot_08,0
gopro5,3,,slot_09,0
gopro5,3,,slot_10,0
gopro5,3,,slot_11,0
gopro5,3,,slot_12,0
gopro5,3,,slot_13,0
gopro5,3,,slot_14,0
gopro5,3,,slot_15,0
gopro5,3,,slot_16,0
gopro5,3,,slot_17,0
gopro5,3,,slot_18,0
gopro5,3,,slot_19,0
gopro5,3,,slot_20,0
gopro5,4,,slot_00,0
gopro5,4,,slot_01,0
gopro5,4,,slot_02,0
gopro5,4,,slot_03,0
gopro5,4,,slot_04,0
gopro5,4,,slot_05,0
gopro5,4,,slot_06,0
gopro5,4,,slot_07,0
gopro5,4,,slot_08,0
gopro5,4,,slot_09,0
gopro5,4,,slot_10,0
gopro5,4,,slot_11,0
gopro5,4,,slot_12,0
gopro5,4,,slot_13,0
gopro5,4,,slot_14,0
gopro5,4,,slot_15,0
gopro5,4,,slot_16,0
gopro5,4,,slot_17,0
gopro5,4,,slot_18,0
gopro5,4,,slot_19,0
gopro5,4,,slot_20,0
gopro5,5,,slot_00,0
gopro5,5,,slot_01,0
gopro5,5,,slot_02,0
gopro5,5,,slot_03,0
gopro5,5,,slot_04,0
gopro5,5,,slot_05,0
gopro5,5,,slot_06,0
gopro5,5,,slot_07,0
gopro5,5,,slot_08,0
gopro5,5,,slot_09,0
gopro5,5,,slot_10,0
gopro5,5,,slot_11,0
gopro5,5,,slot_12,0
gopro5,5,,slot_13,0
gopro5,5,,slot_14,0
gopro5,5,,slot_15,0
gopro5,5,,slot_16,0
gopro5,5,,slot_17,0
gopro5,5,,slot_18,0
gopro5,5,,slot_19,0
gopro5,5,,slot_20,0
gopro5,6,,slot_00,0
gopro5,6,,slot_01,0
gopro5,6,,slot_02,0
gopro5,6,,slot_03,0
gopro5,6,,slot_04,0
gopro5,6,,slot_05,0
gopro5,6,,slot_06,0
gopro5,6,,slot_07,0
gopro5,6,,slot_08,0
gopro5,6,,slot_09,0
gopro5,6,,slot_10,0
gopro5,6,,slot_11,0
gopro5,6,,slot_12,0
gopro5,6,,slot_13,0
gopro5,6,,slot_14,0
gopro5,6,,slot_15,0
gopro5,6,,slot_16,0
gopro5,6,,slot_17,0
gopro5,6,,slot_18,0
gopro5,6,,slot_19,0
gopro5,6,,slot_20,0
gopro5,7,,slot_00,0
gopro5,7,,slot_01,0
gopro5,7,,slot_02,0
gopro5,7,,slot_03,0
gopro5,7,,slot_04,0
gopro5,7,,slot_05,0
gopro5,7,,slot_06,0
gopro5,7,,slot_07,0
gopro5,7,,slot_08,0
gopro5,7,,slot_09,0
gopro5,7,,slot_10,0
gopro5,7,,slot_11,0
gopro5,7,,slot_12,0
gopro5,7,,slot_13,0
gopro5,7,,slot_14,0
gopro5,7,,slot_15,0
gopro5,7,,slot_16,0
gopro5,7,,slot_17,0
gopro5,7,,slot_18,0
gopro5,7,,slot_19,0
gopro5,7,,slot_20,0
gopro5,48,,slot_00,0
gopro5,48,,slot_01,0
gopro5,48,,slot_02,0
gopro5,48,,slot_03,0
gopro5,48,,slot_04,0
gopro5,48,,slot_05,1
gopro5,48,,slot_06,0
gopro5,48,,slot_07,0
gopro5,48,,slot_08,0
gopro5,48,,slot_09,0
gopro5,48,,slot_10,0
gopro5,48,,slot_11,0
gopro5,48,,slot_12,1
gopro5,48,,slot_13,1
gopro5,48,,slot_14,0
gopro5,48,,slot_15,1
gopro5,48,,slot_16,1
gopro5,48,,slot_17,0
gopro5,48,,slot_18,0
gopro5,48,,slot_19,0
gopro5,48,,slot_20,0
gopro5,49,,slot_00,0
gopro5,49,,slot_01,0
gopro5,49,,slot_02,0
gopro5,49,,slot_03,0
gopro5,49,,slot_04,0
gopro5,49,,slot_05,1
gopro5,49,,slot_06,0
gopro5,49,,slot_07,0
gopro5,49,,slot_08,0
gopro5,49,,slot_09,0
gopro5,49,,slot_10,0
gopro5,49,,slot_11,0
gopro5,49,,slot_12,1
gopro5,49,,slot_13,1
gopro5,49,,slot_14,0
gopro5,49,,slot_15,1
gopro5,49,,slot_16,1
gopro5,49,,slot_17,0
gopro5,49,,slot_18,0
gopro5,49,,slot_19,0
gopro5,49,,slot_20,0
gopro5,50,,slot_00,0
gopro5,50,,slot_01,0
gopro5,50,,slot_02,0
gopro5,50,,slot_03,0
gopro5,50,,slot_04,0
gopro5,50,,slot_05,1
gopro5,50,,slot_06,0
gopro5,50,,slot_07,0
gopro5,50,,slot_08,0
gopro5,50,,slot_09,0
gopro5,50,,slot_10,0
gopro5,50,,slot_11,0
gopro5,50,,slot_12,1
gopro5,50,,slot_13,1
gopro5,50,,slot_14,0
gopro5,50,,slot_15,1
gopro5,50,,slot_16,1
gopro5,50,,slot_17,0
gopro5,50,,slot_18,0
gopro5,50,,slot_19,0
gopro5,50,,slot_20,0
gopro5,51,,slot_00,0
gopro5,51,,slot_01,0
gopro5,51,,slot_02,0
gopro5,51,,slot_03,0
gopro5,51,,slot_04,0
gopro5,51,,slot_05,1
gopro5,51,,slot_06,0
gopro5,51,,slot_07,0
gopro5,51,,slot_08,0
gopro5,51,,slot_09,0
gopro5,51,,slot_10,0
gopro5,51,,slot_11,0
gopro5,51,,slot_12,1
gopro5,51,,slot_13,1
gopro5,51,,slot_14,0
gopro5,51,,slot_15,1
gopro5,51,,slot_16,1
gopro5,51,,slot_17,0
gopro5,51,,slot_18,0
gopro5,51,,slot_19,0
gopro5,51,,slot_20,0
gopro5,52,,slot_00,0
gopro5,52,,slot_01,0
gopro5,52,,slot_02,0
gopro5,52,,slot_03,0
gopro5,52,,slot_04,0
gopro5,52,,slot_05,1
gopro5,52,,slot_06,0
gopro5,52,,slot_07,0
gopro5,52,,slot_08,0
gopro5,52,,slot_09,0
gopro5,52,,slot_10,0
gopro5,52,,slot_11,0
gopro5,52,,slot_12,1
gopro5,52,,slot_13,1
gopro5,52,,slot_14,0
gopro5,52,,slot_15,1
gopro5,52,,slot_16,1
gopro5,52,,slot_17,0
gopro5,52,,slot_18,0
gopro5,52,,slot_19,0
gopro5,52,,slot_20,0
gopro5,53,,slot_00,0
gopro5,53,,slot_01,0
gopro5,53,,slot_02,0
gopro5,53,,slot_03,0
gopro5,53,,slot_04,0
gopro5,53,,slot_05,1
gopro5,53,,slot_06,0
gopro5,53,,slot_07,0
gopro5,53,,slot_08,0
gopro5,53,,slot_09,0
gopro5,53,,slot_10,0
gopro5,53,,slot_11,0
gopro5,53,,slot_12,1
gopro5,53,,slot_13,1
gopro5,53,,slot_14,0
gopro5,53,,slot_15,1
gopro5,53,,slot_16,1
gopro5,53,,slot_17,0
gopro5,53,,slot_18,0
gopro5,53,,slot_19,0
gopro5,53,,slot_20,0
gopro5,54,,slot_00,0
gopro5,54,,slot_01,0
gopro5,54,,slot_02,0
gopro5,54,,slot_03,0
gopro5,54,,slot_04,0
gopro5,54,,slot_05,1
gopro5,54,,slot_06,0
gopro5,54,,slot_07,0
gopro5,54,,slot_08,0
gopro5,54,,slot_09,0
gopro5,54,,slot_10,0
gopro5,54,,slot_11,0
gopro5,54,,slot_12,1
gopro5,54,,slot_13,1
gopro5,54,,slot_14,0
gopro5,54,,slot_15,1
gopro5,54,,slot_16,1
gopro5,54,,slot_17,0
gopro5,54,,slot_18,0
gopro5,54,,slot_19,0
gopro5,54,,slot_20,0
gopro5,55,,slot_00,0
gopro5,55,,slot_01,0
gopro5,55,,slot_02,0
gopro5,55,,slot_03,0
gopro5,55,,slot_04,0
gopro5,55,,slot_05,1
gopro5,55,,slot_06,0
gopro5,55,,slot_07,0
gopro5,55,,slot_08,0
gopro5,55,,slot_09,0
gopro5,55,,slot_10,0
gopro5,55,,slot_11,0
gopro5,55,,slot_12,1
gopro5,55,,slot_13,1
gopro5,55,,slot_14,0
gopro5,55,,slot_15,1
gopro5,55,,slot_16,1
gopro5,55,,slot_17,0
gopro5,55,,slot_18,0
gopro5,55,,slot_19,0
gopro5,55,,slot_20,0
gopro5,56,,slot_00,0
gopro5,56,,slot_01,0
gopro5,56,,slot_02,0
gopro5,56,,slot_03,0
gopro5,56,,slot_04,0
gopro5,56,,slot_05,1
gopro5,56,,slot_06,0
gopro5,56,,slot_07,0
gopro5,56,,slot_08,0
gopro5,56,,slot_09,0
gopro5,56,,slot_10,0
gopro5,56,,slot_11,0
gopro5,56,,slot_12,1
gopro5,56,,slot_13,1
gopro5,56,,slot_14,0
gopro5,56,,slot_15,1
gopro5,56,,slot_16,1
gopro5,56,,slot_17,0
gopro5,56,,slot_18,0
gopro5,56,,slot_19,0
gopro5,56,,slot_20,0
gopro5,57,,slot_00,0
gopro5,57,,slot_01,0
gopro5,57,,slot_02,0
gopro5,57,,slot_03,0
gopro5,57,,slot_04,0
gopro5,57,,slot_05,0
gopro5,57,,slot_06,0
gopro5,57,,slot_07,0
gopro5,57,,slot_08,0
gopro5,57,,slot_09,0
gopro5,57,,slot_10,0
gopro5,57,,slot_11,0
gopro5,57,,slot_12,1
gopro5,57,,slot_13,1
gopro5,57,,slot_14,0
gopro5,57,,slot_15,1
gopro5,57,,slot_16,1
gopro5,57,,slot_17,0
gopro5,57,,slot_18,0
gopro5,57,,slot_19,0
gopro5,57,,slot_20,0
gopro5,58,,slot_00,0
gopro5,58,,slot_01,0
gopro5,58,,slot_02,0
gopro5,58,,slot_03,0
gopro5,58,,slot_04,0
gopro5,58,,slot_05,0
gopro5,58,,slot_06,0
gopro5,58,,slot_07,0
gopro5,58,,slot_08,0
gopro5,58,,slot_09,0
gopro5,58,,slot_10,0
gopro5,58,,slot_11,0
gopro5,58,,slot_12,1
gopro5,58,,slot_13,1
gopro5,58,,slot_14,0
gopro5,58,,slot_15,1
gopro5,58,,slot_16,1
gopro5,58,,slot_17,0
gopro5,58,,slot_18,0
gopro5,58,,slot_19,0
gopro5,58,,slot_20,0
gopro5,59,,slot_00,0
gopro5,59,,slot_01,0
gopro5,59,,slot_02,0
gopro5,59,,slot_03,0
gopro5,59,,slot_04,0
gopro5,59,,slot_05,0
gopro5,59,,slot_06,0
gopro5,59,,slot_07,0
gopro5,59,,slot_08,0
gopro5,59,,slot_09,0
gopro5,59,,slot_10,0
gopro5,59,,slot_11,0
gopro5,59,,slot_12,1
gopro5,59,,slot_13,1
gopro5,59,,slot_14,0
gopro5,59,,slot_15,0
gopro5,59,,slot_16,0
gopro5,59,,slot_17,0
gopro5,59,,slot_18,0
gopro5,59,,slot_19,0
gopro5,59,,slot_20,0
gopro5,60,,slot_00,0
gopro5,60,,slot_01,0
gopro5,60,,slot_02,0
gopro5,60,,slot_03,0
gopro5,60,,slot_04,0
gopro5,60,,slot_05,0
gopro5,60,,slot_06,0
gopro5,60,,slot_07,0
gopro5,60,,slot_08,0
gopro5,60,,slot_09,0
gopro5,60,,slot_10,0
gopro5,60,,slot_11,0
gopro5,60,,slot_12,1
gopro5,60,,slot_13,1
gopro5,60,,slot_14,0
gopro5,60,,slot_15,0
gopro5,60,,slot_16,0
gopro5,60,,slot_17,0
gopro5,60,,slot_18,0
gopro5,60,,slot_19,0
gopro5,60,,slot_20,0
gopro5,61,,slot_00,0
gopro5,61,,slot_01,0
gopro5,61,,slot_02,0
gopro5,61,,slot_03,0
gopro5,61,,slot_04,0
gopro5,61,,slot_05,0
gopro5,61,,slot_06,0
gopro5,61,,slot_07,0
gopro5,61,,slot_08,0
gopro5,61,,slot_09,0
gopro5,61,,slot_10,0
gopro5,61,,slot_11,0
gopro5,61,,slot_12,1
gopro5,61,,slot_13,1
gopro5,61,,slot_14,0
gopro5,61,,slot_15,0
gopro5,61,,slot_16,0
gopro5,61,,slot_17,0
gopro5,61,,slot_18,0
gopro5,61,,slot_19,0
gopro5,61,,slot_20,0
gopro5,62,,slot_00,0
gopro5,62,,slot_01,0
gopro5,62,,slot_02,0
gopro5,62,,slot_03,0
gopro5,62,,slot_04,0
gopro5,62,,slot_05,0
gopro5,62,,slot_06,0
gopro5,62,,slot_07,0
gopro5,62,,slot_08,0
gopro5,62,,slot_09,0
gopro5,62,,slot_10,0
gopro5,62,,slot_11,0
gopro5,62,,slot_12,1
gopro5,62,,slot_13,1
gopro5,62,,slot_14,0
gopro5,62,,slot_15,0
gopro5,62,,slot_16,0
gopro5,62,,slot_17,0
gopro5,62,,slot_18,0
gopro5,62,,slot_19,0
gopro5,62,,slot_20,0
gopro5,63,,slot_00,0
gopro5,63,,slot_01,0
gopro5,63,,slot_02,0
gopro5,63,,slot_03,0
gopro5,63,,slot_04,0
gopro5,63,,slot_05,0
gopro5,63,,slot_06,0
gopro5,63,,slot_07,0
gopro5,63,,slot_08,0
gopro5,63,,slot_09,0
gopro5,63,,slot_10,0
gopro5,63,,slot_11,0
gopro5,63,,slot_12,0
gopro5,63,,slot_13,0
gopro5,63,,slot_14,0
gopro5,63,,slot_15,0
gopro5,63,,slot_16,0
gopro5,63,,slot_17,0
gopro5,63,,slot_18,0
gopro5,63,,slot_19,0
gopro5,63,,slot_20,0
gopro5,64,,slot_00,0
gopro5,64,,slot_01,0
gopro5,64,,slot_02,0
gopro5,64,,slot_03,0
gopro5,64,,slot_04,0
gopro5,64,,slot_05,0
gopro5,64,,slot_06,0
gopro5,64,,slot_07,0
gopro5,64,,slot_08,0
gopro5,64,,slot_09,0
gopro5,64,,slot_10,0
gopro5,64,,slot_11,0
gopro5,64,,slot_12,0
gopro5,64,,slot_13,0
gopro5,64,,slot_14,0
gopro5,64,,slot_15,0
gopro5,64,,slot_16,0
gopro5,64,,slot_17,0
gopro5,64,,slot_18,0
gopro5,64,,slot_19,0
gopro5,64,,slot_20,0
gopro5,65,,slot_00,0
gopro5,65,,slot_01,0
gopro5,65,,slot_02,0
gopro5,65,,slot_03,0
gopro5,65,,slot_04,0
gopro5,65,,slot_05,0
gopro5,65,,slot_06,0
gopro5,65,,slot_07,0
gopro5,65,,slot_08,0
gopro5,65,,slot_09,0
gopro5,65,,slot_10,0
gopro5,65,,slot_11,0
gopro5,65,,slot_12,0
gopro5,65,,slot_13,0
gopro5,65,,slot_14,0
gopro5,65,,slot_15,0
gopro5,65,,slot_16,0
gopro5,65,,slot_17,0
gopro5,65,,slot_18,0
gopro5,65,,slot_19,0
gopro5,65,,slot_20,0
gopro5,66,,slot_00,0
gopro5,66,,slot_01,0
gopro5,66,,slot_02,0
gopro5,66,,slot_03,0
gopro5,66,,slot_04,0
gopro5,66,,slot_05,0
gopro5,66,,slot_06,0
gopro5,66,,slot_07,0
gopro5,66,,slot_08,0
gopro5,66,,slot_09,0
gopro5,66,,slot_10,0
gopro5,66,,slot_11,0
gopro5,66,,slot_12,0
gopro5,66,,slot_13,0
gopro5,66,,slot_14,0
gopro5,66,,slot_15,0
gopro5,66,,slot_16,0
gopro5,66,,slot_17,0
gopro5,66,,slot_18,0
gopro5,66,,slot_19,0
gopro5,66,,slot_20,0
gopro5,67,,slot_00,0
gopro5,67,,slot_01,0
gopro5,67,,slot_02,0
gopro5,67,,slot_03,0
gopro5,67,,slot_04,0
gopro5,67,,slot_05,0
gopro5,67,,slot_06,0
gopro5,67,,slot_07,0
gopro5,67,,slot_08,0
gopro5,67,,slot_09,0
gopro5,67,,slot_10,0
gopro5,67,,slot_11,0
gopro5,67,,slot_12,0
gopro5,67,,slot_13,0
gopro5,67,,slot_14,0
gopro5,67,,slot_15,0
gopro5,67,,slot_16,0
gopro5,67,,slot_17,0
gopro5,67,,slot_18,0
gopro5,67,,slot_19,0
gopro5,67,,slot_20,0
gopro5,68,,slot_00,0
gopro5,68,,slot_01,0
gopro5,68,,slot_02,0
gopro5,68,,slot_03,0
gopro5,68,,slot_04,0
gopro5,68,,slot_05,0
gopro5,68,,slot_06,0
gopro5,68,,slot_07,0
gopro5,68,,slot_08,0
gopro5,68,,slot_09,0
gopro5,68,,slot_10,0
gopro5,68,,slot_11,0
gopro5,68,,slot_12,0
gopro5,68,,slot_13,0
gopro5,68,,slot_14,0
gopro5,68,,slot_15,0
gopro5,68,,slot_16,0
gopro5,68,,slot_17,0
gopro5,68,,slot_18,0
gopro5,68,,slot_19,0
gopro5,68,,slot_20,0
gopro5,69,,slot_00,0
gopro5,69,,slot_01,0
gopro5,69,,slot_02,0
gopro5,69,,slot_03,0
gopro5,69,,slot_04,0
gopro5,69,,slot_05,0
gopro5,69,,slot_06,0
gopro5,69,,slot_07,0
gopro5,69,,slot_08,0
gopro5,69,,slot_09,0
gopro5,69,,slot_10,0
gopro5,69,,slot_11,0
gopro5,69,,slot_12,0
gopro5,69,,slot_13,0
gopro5,69,,slot_14,0
gopro5,69,,slot_15,0
gopro5,69,,slot_16,0
gopro5,69,,slot_17,0
gopro5,69,,slot_18,0
gopro5,69,,slot_19,0
gopro5,69,,slot_20,0
gopro5,70,,slot_00,0
gopro5,70,,slot_01,0
gopro5,70,,slot_02,0
gopro5,70,,slot_03,0
gopro5,70,,slot_04,0
gopro5,70,,slot_05,0
gopro5,70,,slot_06,0
gopro5,70,,slot_07,0
gopro5,70,,slot_08,0
gopro5,70,,slot_09,0
gopro5,70,,slot_10,0
gopro5,70,,slot_11,0
gopro5,70,,slot_12,0
gopro5,70,,slot_13,0
gopro5,70,,slot_14,0
gopro5,70,,slot_15,0
gopro5,70,,slot_16,0
gopro5,70,,slot_17,0
gopro5,70,,slot_18,0
gopro5,70,,slot_19,0
gopro5,70,,slot_20,0
gopro5,71,,slot_00,0
gopro5,71,,slot_01,0
gopro5,71,,slot_02,0
gopro5,71,,slot_03,0
gopro5,71,,slot_04,0
gopro5,71,,slot_05,0
gopro5,71,,slot_06,0
gopro5,71,,slot_07,0
gopro5,71,,slot_08,0
gopro5,71,,slot_09,0
gopro5,71,,slot_10,0
gopro5,71,,slot_11,0
gopro5,71,,slot_12,0
gopro5,71,,slot_13,0
gopro5,71,,slot_14,0
gopro5,71,,slot_15,0
gopro5,71,,slot_16,0
gopro5,71,,slot_17,0
gopro5,71,,slot_18,0
gopro5,71,,slot_19,0
gopro5,71,,slot_20,0
gopro5,72,,slot_00,0
gopro5,72,,slot_01,0
gopro5,72,,slot_02,0
gopro5,72,,slot_03,0
gopro5,72,,slot_04,0
gopro5,72,,slot_05,0
gopro5,72,,slot_06,0
gopro5,72,,slot_07,0
gopro5,72,,slot_08,0
gopro5,72,,slot_09,0
gopro5,72,,slot_10,0
gopro5,72,,slot_11,0
gopro5,72,,slot_12,0
gopro5,72,,slot_13,0
gopro5,72,,slot_14,0
gopro5,72,,slot_15,0
gopro5,72,,slot_16,0
gopro5,72,,slot_17,0
gopro5,72,,slot_18,0
gopro5,72,,slot_19,0
gopro5,72,,slot_20,0
gopro8,0,,slot_00,0
gopro8,0,,slot_01,0
gopro8,0,,slot_02,0
gopro8,0,,slot_03,0
gopro8,0,,slot_04,0
gopro8,0,,slot_05,0
gopro8,0,,slot_06,0
gopro8,0,,slot_07,0
gopro8,0,,slot_08,0
gopro8,0,,slot_09,0
gopro8,0,,slot_10,0
gopro8,0,,slot_11,0
gopro8,0,,slot_12,0
gopro8,0,,slot_13,0
gopro8,0,,slot_14,0
gopro8,0,,slot_15,0
gopro8,0,,slot_16,0
gopro8,0,,slot_17,0
gopro8,0,,slot_18,0
gopro8,0,,slot_19,0
gopro8,0,,slot_20,0
gopro8,1,,slot_00,0
gopro8,1,,slot_01,0
gopro8,1,,slot_02,0
gopro8,1,,slot_03,0
gopro8,1,,slot_04,0
gopro8,1,,slot_05,0
gopro8,1,,slot_06,0
gopro8,1,,slot_07,0
gopro8,1,,slot_08,0
gopro8,1,,slot_09,0
gopro8,1,,slot_10,0
gopro8,1,,slot_11,0
gopro8,1,,slot_12,0
gopro8,1,,slot_13,0
gopro8,1,,slot_14,0
gopro8,1,,slot_15,0
gopro8,1,,slot_16,0
gopro8,1,,slot_17,0
gopro8,1,,slot_18,0
gopro8,1,,slot_19,0
gopro8,1,,slot_20,0
gopro8,2,,slot_00,0
gopro8,2,,slot_01,0
gopro8,2,,slot_02,0
gopro8,2,,slot_03,0
gopro8,2,,slot_04,0
gopro8,2,,slot_05,0
gopro8,2,,slot_06,0
gopro8,2,,slot_07,0
gopro8,2,,slot_08,0
gopro8,2,,slot_09,0
gopro8,2,,slot_10,0
gopro8,2,,slot_11,0
gopro8,2,,slot_12,0
gopro8,2,,slot_13,0
gopro8,2,,slot_14,0
gopro8,2,,slot_15,0
gopro8,2,,slot_16,0
gopro8,2,,slot_17,0
gopro8,2,,slot_18,0
gopro8,2,,slot_19,0
gopro8,2,,slot_20,0
gopro8,3,,slot_00,0
gopro8,3,,slot_01,0
gopro8,3,,slot_02,0
gopro8,3,,slot_03,0
gopro8,3,,slot_04,0
gopro8,3,,slot_05,0
gopro8,3,,slot_06,0
gopro8,3,,slot_07,0
gopro8,3,,slot_08,0
gopro8,3,,slot_09,0
gopro8,3,,slot_10,0
gopro8,3,,slot_11,0
gopro8,3,,slot_12,0
gopro8,3,,slot_13,0
gopro8,3,,slot_14,0
gopro8,3,,slot_15,0
gopro8,3,,slot_16,0
gopro8,3,,slot_17,0
gopro8,3,,slot_18,0
gopro8,3,,slot_19,0
gopro8,3,,slot_20,0
gopro8,71,,slot_00,0
gopro8,71,,slot_01,1
gopro8,71,,slot_02,0
gopro8,71,,slot_03,0
gopro8,71,,slot_04,0
gopro8,71,,slot_05,1
gopro8,71,,slot_06,0
gopro8,71,,slot_07,0
gopro8,71,,slot_08,0
gopro8,71,,slot_09,0
gopro8,71,,slot_10,0
gopro8,71,,slot_11,0
gopro8,71,,slot_12,0
gopro8,71,,slot_13,1
gopro8,71,,slot_14,1
gopro8,71,,slot_15,0
gopro8,71,,slot_16,0
gopro8,71,,slot_17,0
gopro8,71,,slot_18,0
gopro8,71,,slot_19,0
gopro8,71,,slot_20,0
gopro8,72,,slot_00,0
gopro8,72,,slot_01,1
gopro8,72,,slot_02,0
gopro8,72,,slot_03,0
gopro8,72,,slot_04,0
gopro8,72,,slot_05,1
gopro8,72,,slot_06,0
gopro8,72,,slot_07,0
gopro8,72,,slot_08,0
gopro8,72,,slot_09,0
gopro8,72,,slot_10,0
gopro8,72,,slot_11,0
gopro8,72,,slot_12,0
gopro8,72,,slot_13,1
gopro8,72,,slot_14,1
gopro8,72,,slot_15,0
gopro8,72,,slot_16,0
gopro8,72,,slot_17,0
gopro8,72,,slot_18,0
gopro8,72,,slot_19,0
gopro8,72,,slot_20,0
gopro8,73,,slot_00,0
gopro8,73,,slot_01,1
gopro8,73,,slot_02,0
gopro8,73,,slot_03,0
gopro8,73,,slot_04,0
gopro8,73,,slot_05,1
gopro8,73,,slot_06,0
gopro8,73,,slot_07,0
gopro8,73,,slot_08,0
gopro8,73,,slot_09,0
gopro8,73,,slot_10,0
gopro8,73,,slot_11,0
gopro8,73,,slot_12,0
gopro8,73,,slot_13,1
gopro8,73,,slot_14,1
gopro8,73,,slot_15,0
gopro8,73,,slot_16,0
gopro8,73,,slot_17,0
gopro8,73,,slot_18,0
gopro8,73,,slot_19,0
gopro8,73,,slot_20,0
gopro8,74,,slot_00,0
gopro8,74,,slot_01,1
gopro8,74,,slot_02,0
gopro8,74,,slot_03,0
gopro8,74,,slot_04,0
gopro8,74,,slot_05,1
gopro8,74,,slot_06,0
gopro8,74,,slot_07,0
gopro8,74,,slot_08,0
gopro8,74,,slot_09,0
gopro8,74,,slot_10,0
gopro8,74,,slot_11,0
gopro8,74,,slot_12,0
gopro8,74,,slot_13,1
gopro8,74,,slot_14,1
gopro8,74,,slot_15,0
gopro8,74,,slot_16,0
gopro8,74,,slot_17,0
gopro8,74,,slot_18,0
gopro8,74,,slot_19,0
gopro8,74,,slot_20,0
gopro8,75,,slot_00,0
gopro8,75,,slot_01,0
gopro8,75,,slot_02,0
gopro8,75,,slot_03,0
gopro8,75,,slot_04,0
gopro8,75,,slot_05,1
gopro8,75,,slot_06,0
gopro8,75,,slot_07,0
gopro8,75,,slot_08,0
gopro8,75,,slot_09,0
gopro8,75,,slot_10,0
gopro8,75,,slot_11,0
gopro8,75,,slot_12,0
gopro8,75,,slot_13,1
gopro8,75,,slot_14,1
gopro8,75,,slot_15,0
gopro8,75,,slot_16,0
gopro8,75,,slot_17,0
gopro8,75,,slot_18,0
gopro8,75,,slot_19,0
gopro8,75,,slot_20,0
gopro8,76,,slot_00,0
gopro8,76,,slot_01,0
gopro8,76,,slot_02,0
gopro8,76,,slot_03,0
gopro8,76,,slot_04,0
gopro8,76,,slot_05,1
gopro8,76,,slot_06,0
gopro8,76,,slot_07,0
gopro8,76,,slot_08,0
gopro8,76,,slot_09,0
gopro8,76,,slot_10,0
gopro8,76,,slot_11,0
gopro8,76,,slot_12,0
gopro8,76,,slot_13,1
gopro8,76,,slot_14,1
gopro8,76,,slot_15,0
gopro8,76,,slot_16,0
gopro8,76,,slot_17,0
gopro8,76,,slot_18,0
gopro8,76,,slot_19,0
gopro8,76,,slot_20,0
gopro8,77,,slot_00,0
gopro8,77,,slot_01,0
gopro8,77,,slot_02,0
gopro8,77,,slot_03,0
gopro8,77,,slot_04,0
gopro8,77,,slot_05,1
gopro8,77,,slot_06,0
gopro8,77,,slot_07,0
gopro8,77,,slot_08,0
gopro8,77,,slot_09,0
gopro8,77,,slot_10,0
gopro8,77,,slot_11,0
gopro8,77,,slot_12,0
gopro8,77,,slot_13,1
gopro8,77,,slot_14,1
gopro8,77,,slot_15,0
gopro8,77,,slot_16,0
gopro8,77,,slot_17,0
gopro8,77,,slot_18,0
gopro8,77,,slot_19,0
gopro8,77,,slot_20,0
gopro8,78,,slot_00,0
gopro8,78,,slot_01,0
gopro8,78,,slot_02,0
gopro8,78,,slot_03,0
gopro8,78,,slot_04,0
gopro8,78,,slot_05,1
gopro8,78,,slot_06,0
gopro8,78,,slot_07,0
gopro8,78,,slot_08,0
gopro8,78,,slot_09,0
gopro8,78,,slot_10,0
gopro8,78,,slot_11,0
gopro8,78,,slot_12,0
gopro8,78,,slot_13,1
gopro8,78,,slot_14,1
gopro8,78,,slot_15,0
gopro8,78,,slot_16,0
gopro8,78,,slot_17,0
gopro8,78,,slot_18,0
gopro8,78,,slot_19,0
gopro8,78,,slot_20,0
gopro8,79,,slot_00,0
gopro8,79,,slot_01,0
gopro8,79,,slot_02,0
gopro8,79,,slot_03,0
gopro8,79,,slot_04,0
gopro8,79,,slot_05,1
gopro8,79,,slot_06,0
gopro8,79,,slot_07,0
gopro8,79,,slot_08,0
gopro8,79,,slot_09,0
gopro8,79,,slot_10,0
gopro8,79,,slot_11,0
gopro8,79,,slot_12,0
gopro8,79,,slot_13,1
gopro8,79,,slot_14,1
gopro8,79,,slot_15,0
gopro8,79,,slot_16,0
gopro8,79,,slot_17,0
gopro8,79,,slot_18,0
gopro8,79,,slot_19,0
gopro8,79,,slot_20,0
gopro8,80,,slot_00,0
gopro8,80,,slot_01,0
gopro8,80,,slot_02,0
gopro8,80,,slot_03,0
gopro8,80,,slot_04,0
gopro8,80,,slot_05,1
gopro8,80,,slot_06,0
gopro8,80,,slot_07,0
gopro8,80,,slot_08,0
gopro8,80,,slot_09,0
gopro8,80,,slot_10,0
gopro8,80,,slot_11,0
gopro8,80,,slot_12,0
gopro8,80,,slot_13,1
gopro8,80,,slot_14,1
gopro8,80,,slot_15,0
gopro8,80,,slot_16,0
gopro8,80,,slot_17,0
gopro8,80,,slot_18,0
gopro8,80,,slot_19,0
gopro8,80,,slot_20,0
gopro8,81,,slot_00,0
gopro8,81,,slot_01,0
gopro8,81,,slot_02,0
gopro8,81,,slot_03,0
gopro8,81,,slot_04,0
gopro8,81,,slot_05,1
gopro8,81,,slot_06,0
gopro8,81,,slot_07,0
gopro8,81,,slot_08,0
gopro8,81,,slot_09,0
gopro8,81,,slot_10,0
gopro8,81,,slot_11,0
gopro8,81,,slot_12,0
gopro8,81,,slot_13,1
gopro8,81,,slot_14,1
gopro8,81,,slot_15,0
gopro8,81,,slot_16,0
gopro8,81,,slot_17,0
gopro8,81,,slot_18,0
gopro8,81,,slot_19,0
gopro8,81,,slot_20,0
gopro8,82,,slot_00,0
gopro8,82,,slot_01,0
gopro8,82,,slot_02,0
gopro8,82,,slot_03,0
gopro8,82,,slot_04,0
gopro8,82,,slot_05,1
gopro8,82,,slot_06,0
gopro8,82,,slot_07,0
gopro8,82,,slot_08,0
gopro8,82,,slot_09,0
gopro8,82,,slot_10,0
gopro8,82,,slot_11,0
gopro8,82,,slot_12,0
gopro8,82,,slot_13,1
gopro8,82,,slot_14,1
gopro8,82,,slot_15,0
gopro8,82,,slot_16,0
gopro8,82,,slot_17,0
gopro8,82,,slot_18,0
gopro8,82,,slot_19,0
gopro8,82,,slot_20,0
gopro8,83,,slot_00,0
gopro8,83,,slot_01,0
gopro8,83,,slot_02,0
gopro8,83,,slot_03,0
gopro8,83,,slot_04,0
gopro8,83,,slot_05,1
gopro8,83,,slot_06,0
gopro8,83,,slot_07,0
gopro8,83,,slot_08,0
gopro8,83,,slot_09,0
gopro8,83,,slot_10,0
gopro8,83,,slot_11,0
gopro8,83,,slot_12,0
gopro8,83,,slot_13,1
gopro8,83,,slot_14,1
gopro8,83,,slot_15,0
gopro8,83,,slot_16,0
gopro8,83,,slot_17,0
gopro8,83,,slot_18,0
gopro8,83,,slot_19,0
gopro8,83,,slot_20,0
gopro8,84,,slot_00,0
gopro8,84,,slot_01,0
gopro8,84,,slot_02,0
gopro8,84,,slot_03,0
gopro8,84,,slot_04,0
gopro8,84,,slot_05,1
gopro8,84,,slot_06,0
gopro8,84,,slot_07,0
gopro8,84,,slot_08,0
gopro8,84,,slot_09,0
gopro8,84,,slot_10,0
gopro8,84,,slot_11,0
gopro8,84,,slot_12,0
gopro8,84,,slot_13,1
gopro8,84,,slot_14,1
gopro8,84,,slot_15,0
gopro8,84,,slot_16,0
gopro8,84,,slot_17,0
gopro8,84,,slot_18,0
gopro8,84,,slot_19,0
gopro8,84,,slot_20,0
gopro8,85,,slot_00,0
gopro8,85,,slot_01,0
gopro8,85,,slot_02,0
gopro8,85,,slot_03,0
gopro8,85,,slot_04,0
gopro8,85,,slot_05,1
gopro8,85,,slot_06,0
gopro8,85,,slot_07,0
gopro8,85,,slot_08,0
gopro8,85,,slot_09,0
gopro8,85,,slot_10,0
gopro8,85,,slot_11,0
gopro8,85,,slot_12,0
gopro8,85,,slot_13,0
gopro8,85,,slot_14,0
gopro8,85,,slot_15,0
gopro8,85,,slot_16,0
gopro8,85,,slot_17,0
gopro8,85,,slot_18,0
gopro8,85,,slot_19,0
gopro8,85,,slot_20,0
gopro8,86,,slot_00,0
gopro8,86,,slot_01,0
gopro8,86,,slot_02,0
gopro8,86,,slot_03,0
gopro8,86,,slot_04,0
gopro8,86,,slot_05,1
gopro8,86,,slot_06,0
gopro8,86,,slot_07,0
gopro8,86,,slot_08,0
gopro8,86,,slot_09,0
gopro8,86,,slot_10,0
gopro8,86,,slot_11,0
gopro8,86,,slot_12,0
gopro8,86,,slot_13,0
gopro8,86,,slot_14,0
gopro8,86,,slot_15,0
gopro8,86,,slot_16,0
gopro8,86,,slot_17,0
gopro8,86,,slot_18,0
gopro8,86,,slot_19,0
gopro8,86,,slot_20,0
gopro9,0,,slot_00,0
gopro9,0,,slot_01,0
gopro9,0,,slot_02,0
gopro9,0,,slot_03,0
gopro9,0,,slot_04,0
gopro9,0,,slot_05,0
gopro9,0,,slot_06,0
gopro9,0,,slot_07,0
gopro9,0,,slot_08,0
gopro9,0,,slot_09,0
gopro9,0,,slot_10,0
gopro9,0,,slot_11,0
gopro9,0,,slot_12,0
gopro9,0,,slot_13,0
gopro9,0,,slot_14,0
gopro9,0,,slot_15,0
gopro9,0,,slot_16,0
gopro9,0,,slot_17,0
gopro9,0,,slot_18,0
gopro9,0,,slot_19,0
gopro9,0,,slot_20,0
gopro9,1,,slot_00,0
gopro9,1,,slot_01,0
gopro9,1,,slot_02,0
gopro9,1,,slot_03,0
gopro9,1,,slot_04,0
gopro9,1,,slot_05,0
gopro9,1,,slot_06,0
gopro9,1,,slot_07,0
gopro9,1,,slot_08,0
gopro9,1,,slot_09,0
gopro9,1,,slot_10,0
gopro9,1,,slot_11,0
gopro9,1,,slot_12,0
gopro9,1,,slot_13,0
gopro9,1,,slot_14,0
gopro9,1,,slot_15,0
gopro9,1,,slot_16,0
gopro9,1,,slot_17,0
gopro9,1,,slot_18,0
gopro9,1,,slot_19,0
gopro9,1,,slot_20,0
gopro9,2,,slot_00,0
gopro9,2,,slot_01,0
gopro9,2,,slot_02,0
gopro9,2,,slot_03,0
gopro9,2,,slot_04,0
gopro9,2,,slot_05,0
gopro9,2,,slot_06,0
gopro9,2,,slot_07,0
gopro9,2,,slot_08,0
gopro9,2,,slot_09,0
gopro9,2,,slot_10,0
gopro9,2,,slot_11,0
gopro9,2,,slot_12,0
gopro9,2,,slot_13,0
gopro9,2,,slot_14,0
gopro9,2,,slot_15,0
gopro9,2,,slot_16,0
gopro9,2,,slot_17,0
gopro9,2,,slot_18,0
gopro9,2,,slot_19,0
gopro9,2,,slot_20,0
gopro9,3,,slot_00,0
gopro9,3,,slot_01,0
gopro9,3,,slot_02,0
gopro9,3,,slot_03,0
gopro9,3,,slot_04,0
gopro9,3,,slot_05,0
gopro9,3,,slot_06,0
gopro9,3,,slot_07,0
gopro9,3,,slot_08,0
gopro9,3,,slot_09,0
gopro9,3,,slot_10,0
gopro9,3,,slot_11,0
gopro9,3,,slot_12,0
gopro9,3,,slot_13,0
gopro9,3,,slot_14,0
gopro9,3,,slot_15,0
gopro9,3,,slot_16,0
gopro9,3,,slot_17,0
gopro9,3,,slot_18,0
gopro9,3,,slot_19,0
gopro9,3,,slot_20,0
gopro9,85,,slot_00,1
gopro9,85,,slot_01,1
gopro9,85,,slot_02,0
gopro9,85,,slot_03,1
gopro9,85,,slot_04,1
gopro9,85,,slot_05,0
gopro9,85,,slot_06,1
gopro9,85,,slot_07,0
gopro9,85,,slot_08,0
gopro9,85,,slot_09,0
gopro9,85,,slot_10,0
gopro9,85,,slot_11,1
gopro9,85,,slot_12,0
gopro9,85,,slot_13,0
gopro9,85,,slot_14,0
gopro9,85,,slot_15,0
gopro9,85,,slot_16,0
gopro9,85,,slot_17,0
gopro9,85,,slot_18,0
gopro9,85,,slot_19,0
gopro9,85,,slot_20,0
gopro9,86,,slot_00,1
gopro9,86,,slot_01,1
gopro9,86,,slot_02,0
gopro9,86,,slot_03,1
gopro9,86,,slot_04,1
gopro9,86,,slot_05,0
gopro9,86,,slot_06,1
gopro9,86,,slot_07,0
gopro9,86,,slot_08,0
gopro9,86,,slot_09,0
gopro9,86,,slot_10,0
gopro9,86,,slot_11,1
gopro9,86,,slot_12,0
gopro9,86,,slot_13,0
gopro9,86,,slot_14,0
gopro9,86,,slot_15,0
gopro9,86,,slot_16,0
gopro9,86,,slot_17,0
gopro9,86,,slot_18,0
gopro9,86,,slot_19,0
gopro9,86,,slot_20,0
gopro9,87,,slot_00,0
gopro9,87,,slot_01,1
gopro9,87,,slot_02,0
gopro9,87,,slot_03,1
gopro9,87,,slot_04,1
gopro9,87,,slot_05,0
gopro9,87,,slot_06,1
gopro9,87,,slot_07,0
gopro9,87,,slot_08,0
gopro9,87,,slot_09,0
gopro9,87,,slot_10,0
gopro9,87,,slot_11,1
gopro9,87,,slot_12,0
gopro9,87,,slot_13,0
gopro9,87,,slot_14,0
gopro9,87,,slot_15,0
gopro9,87,,slot_16,0
gopro9,87,,slot_17,0
gopro9,87,,slot_18,0
gopro9,87,,slot_19,0
gopro9,87,,slot_20,0
gopro9,88,,slot_00,0
gopro9,88,,slot_01,1
gopro9,88,,slot_02,0
gopro9,88,,slot_03,1
gopro9,88,,slot_04,1
gopro9,88,,slot_05,0
gopro9,88,,slot_06,1
gopro9,88,,slot_07,0
gopro9,88,,slot_08,0
gopro9,88,,slot_09,0
gopro9,88,,slot_10,0
gopro9,88,,slot_11,1
gopro9,88,,slot_12,0
gopro9,88,,slot_13,0
gopro9,88,,slot_14,0
gopro9,88,,slot_15,0
gopro9,88,,slot_16,0
gopro9,88,,slot_17,0
gopro9,88,,slot_18,0
gopro9,88,,slot_19,0
gopro9,88,,slot_20,0
gopro9,89,,slot_00,0
gopro9,89,,slot_01,1
gopro9,89,,slot_02,0
gopro9,89,,slot_03,1
gopro9,89,,slot_04,1
gopro9,89,,slot_05,0
gopro9,89,,slot_06,1
gopro9,89,,slot_07,0
gopro9,89,,slot_08,0
gopro9,89,,slot_09,0
gopro9,89,,slot_10,0
gopro9,89,,slot_11,1
gopro9,89,,slot_12,0
gopro9,89,,slot_13,0
gopro9,89,,slot_14,0
gopro9,89,,slot_15,0
gopro9,89,,slot_16,0
gopro9,89,,slot_17,0
gopro9,89,,slot_18,0
gopro9,89,,slot_19,0
gopro9,89,,slot_20,0
gopro9,90,,slot_00,0
gopro9,90,,slot_01,1
gopro9,90,,slot_02,0
gopro9,90,,slot_03,1
gopro9,90,,slot_04,1
gopro9,90,,slot_05,0
gopro9,90,,slot_06,1
gopro9,90,,slot_07,0
gopro9,90,,slot_08,0
gopro9,90,,slot_09,0
gopro9,90,,slot_10,0
gopro9,90,,slot_11,1
gopro9,90,,slot_12,0
gopro9,90,,slot_13,0
gopro9,90,,slot_14,0
gopro9,90,,slot_15,0
gopro9,90,,slot_16,0
gopro9,90,,slot_17,0
gopro9,90,,slot_18,0
gopro9,90,,slot_19,0
gopro9,90,,slot_20,0
gopro9,91,,slot_00,0
gopro9,91,,slot_01,1
gopro9,91,,slot_02,0
gopro9,91,,slot_03,1
gopro9,91,,slot_04,1
gopro9,91,,slot_05,0
gopro9,91,,slot_06,1
gopro9,91,,slot_07,0
gopro9,91,,slot_08,0
gopro9,91,,slot_09,0
gopro9,91,,slot_10,0
gopro9,91,,slot_11,1
gopro9,91,,slot_12,0
gopro9,91,,slot_13,0
gopro9,91,,slot_14,0
gopro9,91,,slot_15,0
gopro9,91,,slot_16,0
gopro9,91,,slot_17,0
gopro9,91,,slot_18,0
gopro9,91,,slot_19,0
gopro9,91,,slot_20,0
gopro9,92,,slot_00,0
gopro9,92,,slot_01,1
gopro9,92,,slot_02,0
gopro9,92,,slot_03,1
gopro9,92,,slot_04,1
gopro9,92,,slot_05,0
gopro9,92,,slot_06,1
gopro9,92,,slot_07,0
gopro9,92,,slot_08,0
gopro9,92,,slot_09,0
gopro9,92,,slot_10,0
gopro9,92,,slot_11,1
gopro9,92,,slot_12,0
gopro9,92,,slot_13,0
gopro9,92,,slot_14,0
gopro9,92,,slot_15,0
gopro9,92,,slot_16,0
gopro9,92,,slot_17,0
gopro9,92,,slot_18,0
gopro9,92,,slot_19,0
gopro9,92,,slot_20,0
gopro9,93,,slot_00,0
gopro9,93,,slot_01,1
gopro9,93,,slot_02,0
gopro9,93,,slot_03,1
gopro9,93,,slot_04,1
gopro9,93,,slot_05,0
gopro9,93,,slot_06,1
gopro9,93,,slot_07,0
gopro9,93,,slot_08,0
gopro9,93,,slot_09,0
gopro9,93,,slot_10,0
gopro9,93,,slot_11,1
gopro9,93,,slot_12,0
gopro9,93,,slot_13,0
gopro9,93,,slot_14,0
gopro9,93,,slot_15,0
gopro9,93,,slot_16,0
gopro9,93,,slot_17,0
gopro9,93,,slot_18,0
gopro9,93,,slot_19,0
gopro9,93,,slot_20,0
gopro9,94,,slot_00,0
gopro9,94,,slot_01,0
gopro9,94,,slot_02,0
gopro9,94,,slot_03,1
gopro9,94,,slot_04,1
gopro9,94,,slot_05,0
gopro9,94,,slot_06,1
gopro9,94,,slot_07,0
gopro9,94,,slot_08,0
gopro9,94,,slot_09,0
gopro9,94,,slot_10,0
gopro9,94,,slot_11,0
gopro9,94,,slot_12,0
gopro9,94,,slot_13,0
gopro9,94,,slot_14,0
gopro9,94,,slot_15,0
gopro9,94,,slot_16,0
gopro9,94,,slot_17,0
gopro9,94,,slot_18,0
gopro9,94,,slot_19,0
gopro9,94,,slot_20,0
gopro9,95,,slot_00,0
gopro9,95,,slot_01,0
gopro9,95,,slot_02,0
gopro9,95,,slot_03,0
gopro9,95,,slot_04,1
gopro9,95,,slot_05,0
gopro9,95,,slot_06,1
gopro9,95,,slot_07,0
gopro9,95,,slot_08,0
gopro9,95,,slot_09,0
gopro9,95,,slot_10,0
gopro9,95,,slot_11,0
gopro9,95,,slot_12,0
gopro9,95,,slot_13,0
gopro9,95,,slot_14,0
gopro9,95,,slot_15,0
gopro9,95,,slot_16,0
gopro9,95,,slot_17,0
gopro9,95,,slot_18,0
gopro9,95,,slot_19,0
gopro9,95,,slot_20,0
gopro9,96,,slot_00,0
gopro9,96,,slot_01,0
gopro9,96,,slot_02,0
gopro9,96,,slot_03,0
gopro9,96,,slot_04,1
gopro9,96,,slot_05,0
gopro9,96,,slot_06,1
gopro9,96,,slot_07,0
gopro9,96,,slot_08,0
gopro9,96,,slot_09,0
gopro9,96,,slot_10,0
gopro9,96,,slot_11,0
gopro9,96,,slot_12,0
gopro9,96,,slot_13,0
gopro9,96,,slot_14,0
gopro9,96,,slot_15,0
gopro9,96,,slot_16,0
gopro9,96,,slot_17,0
gopro9,96,,slot_18,0
gopro9,96,,slot_19,0
gopro9,96,,slot_20,0
gopro9,97,,slot_00,0
gopro9,97,,slot_01,0
gopro9,97,,slot_02,0
gopro9,97,,slot_03,0
gopro9,97,,slot_04,1
gopro9,97,,slot_05,0
gopro9,97,,slot_06,1
gopro9,97,,slot_07,0
gopro9,97,,slot_08,0
gopro9,97,,slot_09,0
gopro9,97,,slot_10,0
gopro9,97,,slot_11,0
gopro9,97,,slot_12,0
gopro9,97,,slot_13,0
gopro9,97,,slot_14,0
gopro9,97,,slot_15,0
gopro9,97,,slot_16,0
gopro9,97,,slot_17,0
gopro9,97,,slot_18,0
gopro9,97,,slot_19,0
gopro9,97,,slot_20,0
gopro9,98,,slot_00,0
gopro9,98,,slot_01,0
gopro9,98,,slot_02,0
gopro9,98,,slot_03,0
gopro9,98,,slot_04,1
gopro9,98,,slot_05,0
gopro9,98,,slot_06,1
gopro9,98,,slot_07,0
gopro9,98,,slot_08,0
gopro9,98,,slot_09,0
gopro9,98,,slot_10,0
gopro9,98,,slot_11,0
gopro9,98,,slot_12,0
gopro9,98,,slot_13,0
gopro9,98,,slot_14,0
gopro9,98,,slot_15,0
gopro9,98,,slot_16,0
gopro9,98,,slot_17,0
gopro9,98,,slot_18,0
gopro9,98,,slot_19,0
gopro9,98,,slot_20,0
gopro9,99,,slot_00,0
gopro9,99,,slot_01,0
gopro9,99,,slot_02,0
gopro9,99,,slot_03,0
gopro9,99,,slot_04,0
gopro9,99,,slot_05,0
gopro9,99,,slot_06,1
gopro9,99,,slot_07,0
gopro9,99,,slot_08,0
gopro9,99,,slot_09,0
gopro9,99,,slot_10,0
gopro9,99,,slot_11,0
gopro9,99,,slot_12,0
gopro9,99,,slot_13,0
gopro9,99,,slot_14,0
gopro9,99,,slot_15,0
gopro9,99,,slot_16,0
gopro9,99,,slot_17,0
gopro9,99,,slot_18,0
gopro9,99,,slot_19,0
gopro9,99,,slot_20,0
gopro9,100,,slot_00,0
gopro9,100,,slot_01,0
gopro9,100,,slot_02,0
gopro9,100,,slot_03,0
gopro9,100,,slot_04,0
gopro9,100,,slot_05,0
gopro9,100,,slot_06,1
gopro9,100,,slot_07,0
gopro9,100,,slot_08,0
gopro9,100,,slot_09,0
gopro9,100,,slot_10,0
gopro9,100,,slot_11,0
gopro9,100,,slot_12,0
gopro9,100,,slot_13,0
gopro9,100,,slot_14,0
gopro9,100,,slot_15,0
gopro9,100,,slot_16,0
gopro9,100,,slot_17,0
gopro9,100,,slot_18,0
gopro9,100,,slot_19,0
gopro9,100,,slot_20,0
gopro9,101,,slot_00,0
gopro9,101,,slot_01,0
gopro9,101,,slot_02,0
gopro9,101,,slot_03,0
gopro9,101,,slot_04,0
gopro9,101,,slot_05,0
gopro9,101,,slot_06,1
gopro9,101,,slot_07,0
gopro9,101,,slot_08,0
gopro9,101,,slot_09,0
gopro9,101,,slot_10,0
gopro9,101,,slot_11,0
gopro9,101,,slot_12,0
gopro9,101,,slot_13,0
gopro9,101,,slot_14,0
gopro9,101,,slot_15,0
gopro9,101,,slot_16,0
gopro9,101,,slot_17,0
gopro9,101,,slot_18,0
gopro9,101,,slot_19,0
gopro9,101,,slot_20,0
gopro9,102,,slot_00,0
gopro9,102,,slot_01,0
gopro9,102,,slot_02,0
gopro9,102,,slot_03,0
gopro9,102,,slot_04,0
gopro9,102,,slot_05,0
gopro9,102,,slot_06,0
gopro9,102,,slot_07,0
gopro9,102,,slot_08,0
gopro9,102,,slot_09,0
gopro9,102,,slot_10,0
gopro9,102,,slot_11,0
gopro9,102,,slot_12,0
gopro9,102,,slot_13,0
gopro9,102,,slot_14,0
gopro9,102,,slot_15,0
gopro9,102,,slot_16,0
gopro9,102,,slot_17,0
gopro9,102,,slot_18,0
gopro9,102,,slot_19,0
gopro9,102,,slot_20,0
gopro9,103,,slot_00,0
gopro9,103,,slot_01,0
gopro9,103,,slot_02,0
gopro9,103,,slot_03,0
gopro9,103,,slot_04,0
gopro9,103,,slot_05,0
gopro9,103,,slot_06,0
gopro9,103,,slot_07,0
gopro9,103,,slot_08,0
gopro9,103,,slot_09,0
gopro9,103,,slot_10,0
gopro9,103,,slot_11,0
gopro9,103,,slot_12,0
gopro9,103,,slot_13,0
gopro9,103,,slot_14,0
gopro9,103,,slot_15,0
gopro9,103,,slot_16,0
gopro9,103,,slot_17,0
gopro9,103,,slot_18,0
gopro9,103,,slot_19,0
gopro9,103,,slot_20,0
gopro9,104,,slot_00,0
gopro9,104,,slot_01,0
gopro9,104,,slot_02,0
gopro9,104,,slot_03,0
gopro9,104,,slot_04,0
gopro9,104,,slot_05,0
gopro9,104,,slot_06,0
gopro9,104,,slot_07,0
gopro9,104,,slot_08,0
gopro9,104,,slot_09,0
gopro9,104,,slot_10,0
gopro9,104,,slot_11,0
gopro9,104,,slot_12,0
gopro9,104,,slot_13,0
gopro9,104,,slot_14,0
gopro9,104,,slot_15,0
gopro9,104,,slot_16,0
gopro9,104,,slot_17,0
gopro9,104,,slot_18,0
gopro9,104,,slot_19,0
gopro9,104,,slot_20,0
gopro9,105,,slot_00,0
gopro9,105,,slot_01,0
gopro9,105,,slot_02,0
gopro9,105,,slot_03,0
gopro9,105,,slot_04,0
gopro9,105,,slot_05,0
gopro9,105,,slot_06,0
gopro9,105,,slot_07,0
gopro9,105,,slot_08,0
gopro9,105,,slot_09,0
gopro9,105,,slot_10,0
gopro9,105,,slot_11,0
gopro9,105,,slot_12,0
gopro9,105,,slot_13,0
gopro9,105,,slot_14,0
gopro9,105,,slot_15,0
gopro9,105,,slot_16,0
gopro9,105,,slot_17,0
gopro9,105,,slot_18,0
gopro9,105,,slot_19,0
gopro9,105,,slot_20,0
gopro9,106,,slot_00,0
gopro9,106,,slot_01,0
gopro9,106,,slot_02,0
gopro9,106,,slot_03,0
gopro9,106,,slot_04,0
gopro9,106,,slot_05,0
gopro9,106,,slot_06,0
gopro9,106,,slot_07,0
gopro9,106,,slot_08,0
gopro9,106,,slot_09,0
gopro9,106,,slot_10,0
gopro9,106,,slot_11,0
gopro9,106,,slot_12,0
gopro9,106,,slot_13,0
gopro9,106,,slot_14,0
gopro9,106,,slot_15,0
gopro9,106,,slot_16,0
gopro9,106,,slot_17,0
gopro9,106,,slot_18,0
gopro9,106,,slot_19,0
gopro9,106,,slot_20,0
gopro9,107,,slot_00,0
gopro9,107,,slot_01,0
gopro9,107,,slot_02,0
gopro9,107,,slot_03,0
gopro9,107,,slot_04,0
gopro9,107,,slot_05,0
gopro9,107,,slot_06,0
gopro9,107,,slot_07,0
gopro9,107,,slot_08,0
gopro9,107,,slot_09,0
gopro9,107,,slot_10,0
gopro9,107,,slot_11,0
gopro9,107,,slot_12,0
gopro9,107,,slot_13,0
gopro9,107,,slot_14,0
gopro9,107,,slot_15,0
gopro9,107,,slot_16,0
gopro9,107,,slot_17,0
gopro9,107,,slot_18,0
gopro9,107,,slot_19,0
gopro9,107,,slot_20,0
gopro9,108,,slot_00,0
gopro9,108,,slot_01,0
gopro9,108,,slot_02,0
gopro9,108,,slot_03,0
gopro9,108,,slot_04,0
gopro9,108,,slot_05,0
gopro9,108,,slot_06,0
gopro9,108,,slot_07,0
gopro9,108,,slot_08,0
gopro9,108,,slot_09,0
gopro9,108,,slot_10,0
gopro9,108,,slot_11,0
gopro9,108,,slot_12,0
gopro9,108,,slot_13,0
gopro9,108,,slot_14,0
gopro9,108,,slot_15,0
gopro9,108,,slot_16,0
gopro9,108,,slot_17,0
gopro9,108,,slot_18,0
gopro9,108,,slot_19,0
gopro9,108,,slot_20,0
gopro9,109,,slot_00,0
gopro9,109,,slot_01,0
gopro9,109,,slot_02,0
gopro9,109,,slot_03,0
gopro9,109,,slot_04,0
gopro9,109,,slot_05,0
gopro9,109,,slot_06,0
gopro9,109,,slot_07,0
gopro9,109,,slot_08,0
gopro9,109,,slot_09,0
gopro9,109,,slot_10,0
gopro9,109,,slot_11,0
gopro9,109,,slot_12,0
gopro9,109,,slot_13,0
gopro9,109,,slot_14,0
gopro9,109,,slot_15,0
gopro9,109,,slot_16,0
gopro9,109,,slot_17,0
gopro9,109,,slot_18,0
gopro9,109,,slot_19,0
gopro9,109,,slot_20,0
gopro9,110,,slot_00,0
gopro9,110,,slot_01,0
gopro9,110,,slot_02,0
gopro9,110,,slot_03,0
gopro9,110,,slot_04,0
gopro9,110,,slot_05,0
gopro9,110,,slot_06,0
gopro9,110,,slot_07,0
gopro9,110,,slot_08,0
gopro9,110,,slot_09,0
gopro9,110,,slot_10,0
gopro9,110,,slot_11,0
gopro9,110,,slot_12,0
gopro9,110,,slot_13,0
gopro9,110,,slot_14,0
gopro9,110,,slot_15,0
gopro9,110,,slot_16,0
gopro9,110,,slot_17,0
gopro9,110,,slot_18,0
gopro9,110,,slot_19,0
gopro9,110,,slot_20,0
gopro9,111,,slot_00,0
gopro9,111,,slot_01,0
gopro9,111,,slot_02,0
gopro9,111,,slot_03,0
gopro9,111,,slot_04,0
gopro9,111,,slot_05,0
gopro9,111,,slot_06,0
gopro9,111,,slot_07,0
gopro9,111,,slot_08,0
gopro9,111,,slot_09,0
gopro9,111,,slot_10,0
gopro9,111,,slot_11,0
gopro9,111,,slot_12,0
gopro9,111,,slot_13,0
gopro9,111,,slot_14,0
gopro9,111,,slot_15,0
gopro9,111,,slot_16,0
gopro9,111,,slot_17,0
gopro9,111,,slot_18,0
gopro9,111,,slot_19,0
gopro9,111,,slot_20,0
gopro9,112,,slot_00,0
gopro9,112,,slot_01,0
gopro9,112,,slot_02,0
gopro9,112,,slot_03,0
gopro9,112,,slot_04,0
gopro9,112,,slot_05,0
gopro9,112,,slot_06,0
gopro9,112,,slot_07,0
gopro9,112,,slot_08,0
gopro9,112,,slot_09,0
gopro9,112,,slot_10,0
gopro9,112,,slot_11,0
gopro9,112,,slot_12,0
gopro9,112,,slot_13,0
gopro9,112,,slot_14,0
gopro9,112,,slot_15,0
gopro9,112,,slot_16,0
gopro9,112,,slot_17,0
gopro9,112,,slot_18,0
gopro9,112,,slot_19,0
gopro9,112,,slot_20,0
gopro9,113,,slot_00,0
gopro9,113,,slot_01,0
gopro9,113,,slot_02,0
gopro9,113,,slot_03,0
gopro9,113,,slot_04,0
gopro9,113,,slot_05,0
gopro9,113,,slot_06,0
gopro9,113,,slot_07,0
gopro9,113,,slot_08,0
gopro9,113,,slot_09,0
gopro9,113,,slot_10,0
gopro9,113,,slot_11,0
gopro9,113,,slot_12,0
gopro9,113,,slot_13,0
gopro9,113,,slot_14,0
gopro9,113,,slot_15,0
gopro9,113,,slot_16,0
gopro9,113,,slot_17,0
gopro9,113,,slot_18,0
gopro9,113,,slot_19,0
gopro9,113,,slot_20,0
gopro11,110,,slot_00,0
gopro11,110,,slot_01,0
gopro11,110,,slot_02,1
gopro11,110,,slot_03,1
gopro11,110,,slot_04,0
gopro11,110,,slot_05,0
gopro11,110,,slot_06,0
gopro11,110,,slot_07,1
gopro11,110,,slot_08,0
gopro11,110,,slot_09,0
gopro11,110,,slot_10,0
gopro11,110,,slot_11,0
gopro11,110,,slot_12,1
gopro11,110,,slot_13,0
gopro11,110,,slot_14,0
gopro11,110,,slot_15,0
gopro11,110,,slot_16,1
gopro11,110,,slot_17,1
gopro11,110,,slot_18,0
gopro11,110,,slot_19,0
gopro11,110,,slot_20,0
gopro11,111,,slot_00,0
gopro11,111,,slot_01,0
gopro11,111,,slot_02,1
gopro11,111,,slot_03,1
gopro11,111,,slot_04,0
gopro11,111,,slot_05,0
gopro11,111,,slot_06,0
gopro11,111,,slot_07,1
gopro11,111,,slot_08,0
gopro11,111,,slot_09,0
gopro11,111,,slot_10,0
gopro11,111,,slot_11,0
gopro11,111,,slot_12,1
gopro11,111,,slot_13,0
gopro11,111,,slot_14,0
gopro11,111,,slot_15,0
gopro11,111,,slot_16,1
gopro11,111,,slot_17,1
gopro11,111,,slot_18,0
gopro11,111,,slot_19,0
gopro11,111,,slot_20,0
gopro11,112,,slot_00,0
gopro11,112,,slot_01,0
gopro11,112,,slot_02,1
gopro11,112,,slot_03,1
gopro11,112,,slot_04,0
gopro11,112,,slot_05,0
gopro11,112,,slot_06,0
gopro11,112,,slot_07,1
gopro11,112,,slot_08,0
gopro11,112,,slot_09,0
gopro11,112,,slot_10,0
gopro11,112,,slot_11,0
gopro11,112,,slot_12,1
gopro11,112,,slot_13,0
gopro11,112,,slot_14,0
gopro11,112,,slot_15,0
gopro11,112,,slot_16,1
gopro11,112,,slot_17,1
gopro11,112,,slot_18,0
gopro11,112,,slot_19,0
gopro11,112,,slot_20,0
gopro11,113,,slot_00,0
gopro11,113,,slot_01,0
gopro11,113,,slot_02,1
gopro11,113,,slot_03,1
gopro11,113,,slot_04,0
gopro11,113,,slot_05,0
gopro11,113,,slot_06,0
gopro11,113,,slot_07,1
gopro11,113,,slot_08,0
gopro11,113,,slot_09,0
gopro11,113,,slot_10,0
gopro11,113,,slot_11,0
gopro11,113,,slot_12,1
gopro11,113,,slot_13,0
gopro11,113,,slot_14,0
gopro11,113,,slot_15,0
gopro11,113,,slot_16,0
gopro11,113,,slot_17,0
gopro11,113,,slot_18,0
gopro11,113,,slot_19,0
gopro11,113,,slot_20,0
gopro11,114,,slot_00,0
gopro11,114,,slot_01,0
gopro11,114,,slot_02,1
gopro11,114,,slot_03,1
gopro11,114,,slot_04,0
gopro11,114,,slot_05,0
gopro11,114,,slot_06,0
gopro11,114,,slot_07,1
gopro11,114,,slot_08,0
gopro11,114,,slot_09,0
gopro11,114,,slot_10,0
gopro11,114,,slot_11,0
gopro11,114,,slot_12,1
gopro11,114,,slot_13,0
gopro11,114,,slot_14,0
gopro11,114,,slot_15,0
gopro11,114,,slot_16,0
gopro11,114,,slot_17,0
gopro11,114,,slot_18,0
gopro11,114,,slot_19,0
gopro11,114,,slot_20,0
gopro11,115,,slot_00,0
gopro11,115,,slot_01,0
gopro11,115,,slot_02,1
gopro11,115,,slot_03,1
gopro11,115,,slot_04,0
gopro11,115,,slot_05,0
gopro11,115,,slot_06,0
gopro11,115,,slot_07,1
gopro11,115,,slot_08,0
gopro11,115,,slot_09,0
gopro11,115,,slot_10,0
gopro11,115,,slot_11,0
gopro11,115,,slot_12,1
gopro11,115,,slot_13,0
gopro11,115,,slot_14,0
gopro11,115,,slot_15,0
gopro11,115,,slot_16,0
gopro11,115,,slot_17,0
gopro11,115,,slot_18,0
gopro11,115,,slot_19,0
gopro11,115,,slot_20,0
gopro11,116,,slot_00,0
gopro11,116,,slot_01,0
gopro11,116,,slot_02,1
gopro11,116,,slot_03,1
gopro11,116,,slot_04,0
gopro11,116,,slot_05,0
gopro11,116,,slot_06,0
gopro11,116,,slot_07,1
gopro11,116,,slot_08,0
gopro11,116,,slot_09,0
gopro11,116,,slot_10,0
gopro11,116,,slot_11,0
gopro11,116,,slot_12,1
gopro11,116,,slot_13,0
gopro11,116,,slot_14,0
gopro11,116,,slot_15,0
gopro11,116,,slot_16,0
gopro11,116,,slot_17,0
gopro11,116,,slot_18,0
gopro11,116,,slot_19,0
gopro11,116,,slot_20,0
gopro11,117,,slot_00,0
gopro11,117,,slot_01,0
gopro11,117,,slot_02,1
gopro11,117,,slot_03,1
gopro11,117,,slot_04,0
gopro11,117,,slot_05,0
gopro11,117,,slot_06,0
gopro11,117,,slot_07,1
gopro11,117,,slot_08,0
gopro11,117,,slot_09,0
gopro11,117,,slot_10,0
gopro11,117,,slot_11,0
gopro11,117,,slot_12,1
gopro11,117,,slot_13,0
gopro11,117,,slot_14,0
gopro11,117,,slot_15,0
gopro11,117,,slot_16,0
gopro11,117,,slot_17,0
gopro11,117,,slot_18,0
gopro11,117,,slot_19,0
gopro11,117,,slot_20,0
gopro11,118,,slot_00,0
gopro11,118,,slot_01,0
gopro11,118,,slot_02,1
gopro11,118,,slot_03,1
gopro11,118,,slot_04,0
gopro11,118,,slot_05,0
gopro11,118,,slot_06,0
gopro11,118,,slot_07,0
gopro11,118,,slot_08,0
gopro11,118,,slot_09,0
gopro11,118,,slot_10,0
gopro11,118,,slot_11,0
gopro11,118,,slot_12,1
gopro11,118,,slot_13,0
gopro11,118,,slot_14,0
gopro11,118,,slot_15,0
gopro11,118,,slot_16,0
gopro11,118,,slot_17,0
gopro11,118,,slot_18,0
gopro11,118,,slot_19,0
gopro11,118,,slot_20,0
gopro11,119,,slot_00,0
gopro11,119,,slot_01,0
gopro11,119,,slot_02,1
gopro11,119,,slot_03,1
gopro11,119,,slot_04,0
gopro11,119,,slot_05,0
gopro11,119,,slot_06,0
gopro11,119,,slot_07,0
gopro11,119,,slot_08,0
gopro11,119,,slot_09,0
gopro11,119,,slot_10,0
gopro11,119,,slot_11,0
gopro11,119,,slot_12,1
gopro11,119,,slot_13,0
gopro11,119,,slot_14,0
gopro11,119,,slot_15,0
gopro11,119,,slot_16,0
gopro11,119,,slot_17,0
gopro11,119,,slot_18,0
gopro11,119,,slot_19,0
gopro11,119,,slot_20,0
gopro11,120,,slot_00,0
gopro11,120,,slot_01,0
gopro11,120,,slot_02,1
gopro11,120,,slot_03,1
gopro11,120,,slot_04,0
gopro11,120,,slot_05,0
gopro11,120,,slot_06,0
gopro11,120,,slot_07,0
gopro11,120,,slot_08,0
gopro11,120,,slot_09,0
gopro11,120,,slot_10,0
gopro11,120,,slot_11,0
gopro11,120,,slot_12,1
gopro11,120,,slot_13,0
gopro11,120,,slot_14,0
gopro11,120,,slot_15,0
gopro11,120,,slot_16,0
gopro11,120,,slot_17,0
gopro11,120,,slot_18,0
gopro11,120,,slot_19,0
gopro11,120,,slot_20,0
gopro11,121,,slot_00,0
gopro11,121,,slot_01,0
gopro11,121,,slot_02,1
gopro11,121,,slot_03,1
gopro11,121,,slot_04,0
gopro11,121,,slot_05,0
gopro11,121,,slot_06,0
gopro11,121,,slot_07,0
gopro11,121,,slot_08,0
gopro11,121,,slot_09,0
gopro11,121,,slot_10,0
gopro11,121,,slot_11,0
gopro11,121,,slot_12,1
gopro11,121,,slot_13,0
gopro11,121,,slot_14,0
gopro11,121,,slot_15,0
gopro11,121,,slot_16,0
gopro11,121,,slot_17,0
gopro11,121,,slot_18,0
gopro11,121,,slot_19,0
gopro11,121,,slot_20,0
gopro11,122,,slot_00,0
gopro11,122,,slot_01,0
gopro11,122,,slot_02,1
gopro11,122,,slot_03,1
gopro11,122,,slot_04,0
gopro11,122,,slot_05,0
gopro11,122,,slot_06,0
gopro11,122,,slot_07,0
gopro11,122,,slot_08,0
gopro11,122,,slot_09,0
gopro11,122,,slot_10,0
gopro11,122,,slot_11,0
gopro11,122,,slot_12,1
gopro11,122,,slot_13,0
gopro11,122,,slot_14,0
gopro11,122,,slot_15,0
gopro11,122,,slot_16,0
gopro11,122,,slot_17,0
gopro11,122,,slot_18,0
gopro11,122,,slot_19,0
gopro11,122,,slot_20,0
gopro11,123,,slot_00,0
gopro11,123,,slot_01,0
gopro11,123,,slot_02,1
gopro11,123,,slot_03,1
gopro11,123,,slot_04,0
gopro11,123,,slot_05,0
gopro11,123,,slot_06,0
gopro11,123,,slot_07,0
gopro11,123,,slot_08,0
gopro11,123,,slot_09,0
gopro11,123,,slot_10,0
gopro11,123,,slot_11,0
gopro11,123,,slot_12,1
gopro11,123,,slot_13,0
gopro11,123,,slot_14,0
gopro11,123,,slot_15,0
gopro11,123,,slot_16,0
gopro11,123,,slot_17,0
gopro11,123,,slot_18,0
gopro11,123,,slot_19,0
gopro11,123,,slot_20,0
gopro11,124,,slot_00,0
gopro11,124,,slot_01,0
gopro11,124,,slot_02,1
gopro11,124,,slot_03,1
gopro11,124,,slot_04,0
gopro11,124,,slot_05,0
gopro11,124,,slot_06,0
gopro11,124,,slot_07,0
gopro11,124,,slot_08,0
gopro11,124,,slot_09,0
gopro11,124,,slot_10,0
gopro11,124,,slot_11,0
gopro11,124,,slot_12,0
gopro11,124,,slot_13,0
gopro11,124,,slot_14,0
gopro11,124,,slot_15,0
gopro11,124,,slot_16,0
gopro11,124,,slot_17,0
gopro11,124,,slot_18,0
gopro11,124,,slot_19,0
gopro11,124,,slot_20,0
gopro11,125,,slot_00,0
gopro11,125,,slot_01,0
gopro11,125,,slot_02,1
gopro11,125,,slot_03,1
gopro11,125,,slot_04,0
gopro11,125,,slot_05,0
gopro11,125,,slot_06,0
gopro11,125,,slot_07,0
gopro11,125,,slot_08,0
gopro11,125,,slot_09,0
gopro11,125,,slot_10,0
gopro11,125,,slot_11,0
gopro11,125,,slot_12,0
gopro11,125,,slot_13,0
gopro11,125,,slot_14,0
gopro11,125,,slot_15,0
gopro11,125,,slot_16,0
gopro11,125,,slot_17,0
gopro11,125,,slot_18,0
gopro11,125,,slot_19,0
gopro11,125,,slot_20,0
gopro11,126,,slot_00,0
gopro11,126,,slot_01,0
gopro11,126,,slot_02,1
gopro11,126,,slot_03,1
gopro11,126,,slot_04,0
gopro11,126,,slot_05,0
gopro11,126,,slot_06,0
gopro11,126,,slot_07,0
gopro11,126,,slot_08,0
gopro11,126,,slot_09,0
gopro11,126,,slot_10,0
gopro11,126,,slot_11,0
gopro11,126,,slot_12,0
gopro11,126,,slot_13,0
gopro11,126,,slot_14,0
gopro11,126,,slot_15,0
gopro11,126,,slot_16,0
gopro11,126,,slot_17,0
gopro11,126,,slot_18,0
gopro11,126,,slot_19,0
gopro11,126,,slot_20,0
gopro11,127,,slot_00,0
gopro11,127,,slot_01,0
gopro11,127,,slot_02,1
gopro11,127,,slot_03,1
gopro11,127,,slot_04,0
gopro11,127,,slot_05,0
gopro11,127,,slot_06,0
gopro11,127,,slot_07,0
gopro11,127,,slot_08,0
gopro11,127,,slot_09,0
gopro11,127,,slot_10,0
gopro11,127,,slot_11,0
gopro11,127,,slot_12,0
gopro11,127,,slot_13,0
gopro11,127,,slot_14,0
gopro11,127,,slot_15,0
gopro11,127,,slot_16,0
gopro11,127,,slot_17,0
gopro11,127,,slot_18,0
gopro11,127,,slot_19,0
gopro11,127,,slot_20,0
gopro11,128,,slot_00,0
gopro11,128,,slot_01,0
gopro11,128,,slot_02,1
gopro11,128,,slot_03,0
gopro11,128,,slot_04,0
gopro11,128,,slot_05,0
gopro11,128,,slot_06,0
gopro11,128,,slot_07,0
gopro11,128,,slot_08,0
gopro11,128,,slot_09,0
gopro11,128,,slot_10,0
gopro11,128,,slot_11,0
gopro11,128,,slot_12,0
gopro11,128,,slot_13,0
gopro11,128,,slot_14,0
gopro11,128,,slot_15,0
gopro11,128,,slot_16,0
gopro11,128,,slot_17,0
gopro11,128,,slot_18,0
gopro11,128,,slot_19,0
gopro11,128,,slot_20,0
gopro11,129,,slot_00,0
gopro11,129,,slot_01,0
gopro11,129,,slot_02,1
gopro11,129,,slot_03,0
gopro11,129,,slot_04,0
gopro11,129,,slot_05,0
gopro11,129,,slot_06,0
gopro11,129,,slot_07,0
gopro11,129,,slot_08,0
gopro11,129,,slot_09,0
gopro11,129,,slot_10,0
gopro11,129,,slot_11,0
gopro11,129,,slot_12,0
gopro11,129,,slot_13,0
gopro11,129,,slot_14,0
gopro11,129,,slot_15,0
gopro11,129,,slot_16,0
gopro11,129,,slot_17,0
gopro11,129,,slot_18,0
gopro11,129,,slot_19,0
gopro11,129,,slot_20,0
gopro11,130,,slot_00,0
gopro11,130,,slot_01,0
gopro11,130,,slot_02,1
gopro11,130,,slot_03,0
gopro11,130,,slot_04,0
gopro11,130,,slot_05,0
gopro11,130,,slot_06,0
gopro11,130,,slot_07,0
gopro11,130,,slot_08,0
gopro11,130,,slot_09,0
gopro11,130,,slot_10,0
gopro11,130,,slot_11,0
gopro11,130,,slot_12,0
gopro11,130,,slot_13,0
gopro11,130,,slot_14,0
gopro11,130,,slot_15,0
gopro11,130,,slot_16,0
gopro11,130,,slot_17,0
gopro11,130,,slot_18,0
gopro11,130,,slot_19,0
gopro11,130,,slot_20,0
gopro11,131,,slot_00,0
gopro11,131,,slot_01,0
gopro11,131,,slot_02,1
gopro11,131,,slot_03,0
gopro11,131,,slot_04,0
gopro11,131,,slot_05,0
gopro11,131,,slot_06,0
gopro11,131,,slot_07,0
gopro11,131,,slot_08,0
gopro11,131,,slot_09,0
gopro11,131,,slot_10,0
gopro11,131,,slot_11,0
gopro11,131,,slot_12,0
gopro11,131,,slot_13,0
gopro11,131,,slot_14,0
gopro11,131,,slot_15,0
gopro11,131,,slot_16,0
gopro11,131,,slot_17,0
gopro11,131,,slot_18,0
gopro11,131,,slot_19,0
gopro11,131,,slot_20,0
gopro11,132,,slot_00,0
gopro11,132,,slot_01,0
gopro11,132,,slot_02,1
gopro11,132,,slot_03,0
gopro11,132,,slot_04,0
gopro11,132,,slot_05,0
gopro11,132,,slot_06,0
gopro11,132,,slot_07,0
gopro11,132,,slot_08,0
gopro11,132,,slot_09,0
gopro11,132,,slot_10,0
gopro11,132,,slot_11,0
gopro11,132,,slot_12,0
gopro11,132,,slot_13,0
gopro11,132,,slot_14,0
gopro11,132,,slot_15,0
gopro11,132,,slot_16,0
gopro11,132,,slot_17,0
gopro11,132,,slot_18,0
gopro11,132,,slot_19,0
gopro11,132,,slot_20,0
gopro11,133,,slot_00,0
gopro11,133,,slot_01,0
gopro11,133,,slot_02,1
gopro11,133,,slot_03,0
gopro11,133,,slot_04,0
gopro11,133,,slot_05,0
gopro11,133,,slot_06,0
gopro11,133,,slot_07,0
gopro11,133,,slot_08,0
gopro11,133,,slot_09,0
gopro11,133,,slot_10,0
gopro11,133,,slot_11,0
gopro11,133,,slot_12,0
gopro11,133,,slot_13,0
gopro11,133,,slot_14,0
gopro11,133,,slot_15,0
gopro11,133,,slot_16,0
gopro11,133,,slot_17,0
gopro11,133,,slot_18,0
gopro11,133,,slot_19,0
gopro11,133,,slot_20,0
gopro11,134,,slot_00,0
gopro11,134,,slot_01,0
gopro11,134,,slot_02,0
gopro11,134,,slot_03,0
gopro11,134,,slot_04,0
gopro11,134,,slot_05,0
gopro11,134,,slot_06,0
gopro11,134,,slot_07,0
gopro11,134,,slot_08,0
gopro11,134,,slot_09,0
gopro11,134,,slot_10,0
gopro11,134,,slot_11,0
gopro11,134,,slot_12,0
gopro11,134,,slot_13,0
gopro11,134,,slot_14,0
gopro11,134,,slot_15,0
gopro11,134,,slot_16,0
gopro11,134,,slot_17,0
gopro11,134,,slot_18,0
gopro11,134,,slot_19,0
gopro11,134,,slot_20,0
gopro12,1,,slot_00,0
gopro12,1,,slot_01,0
gopro12,1,,slot_02,0
gopro12,1,,slot_03,0
gopro12,1,,slot_04,0
gopro12,1,,slot_05,0
gopro12,1,,slot_06,0
gopro12,1,,slot_07,0
gopro12,1,,slot_08,0
gopro12,1,,slot_09,0
gopro12,1,,slot_10,0
gopro12,1,,slot_11,0
gopro12,1,,slot_12,0
gopro12,1,,slot_13,0
gopro12,1,,slot_14,0
gopro12,1,,slot_15,0
gopro12,1,,slot_16,0
gopro12,1,,slot_17,0
gopro12,1,,slot_18,0
gopro12,1,,slot_19,0
gopro12,1,,slot_20,0
gopro12,98,,slot_00,0
gopro12,98,,slot_01,0
gopro12,98,,slot_02,1
gopro12,98,,slot_03,0
gopro12,98,,slot_04,0
gopro12,98,,slot_05,0
gopro12,98,,slot_06,0
gopro12,98,,slot_07,0
gopro12,98,,slot_08,0
gopro12,98,,slot_09,0
gopro12,98,,slot_10,0
gopro12,98,,slot_11,0
gopro12,98,,slot_12,1
gopro12,98,,slot_13,0
gopro12,98,,slot_14,0
gopro12,98,,slot_15,0
gopro12,98,,slot_16,1
gopro12,98,,slot_17,1
gopro12,98,,slot_18,0
gopro12,98,,slot_19,1
gopro12,98,,slot_20,0
gopro12,99,,slot_00,0
gopro12,99,,slot_01,0
gopro12,99,,slot_02,1
gopro12,99,,slot_03,0
gopro12,99,,slot_04,0
gopro12,99,,slot_05,0
gopro12,99,,slot_06,0
gopro12,99,,slot_07,0
gopro12,99,,slot_08,0
gopro12,99,,slot_09,0
gopro12,99,,slot_10,0
gopro12,99,,slot_11,0
gopro12,99,,slot_12,0
gopro12,99,,slot_13,0
gopro12,99,,slot_14,0
gopro12,99,,slot_15,0
gopro12,99,,slot_16,1
gopro12,99,,slot_17,1
gopro12,99,,slot_18,0
gopro12,99,,slot_19,1
gopro12,99,,slot_20,0
gopro12,100,,slot_00,0
gopro12,100,,slot_01,0
gopro12,100,,slot_02,1
gopro12,100,,slot_03,0
gopro12,100,,slot_04,0
gopro12,100,,slot_05,0
gopro12,100,,slot_06,0
gopro12,100,,slot_07,0
gopro12,100,,slot_08,0
gopro12,100,,slot_09,0
gopro12,100,,slot_10,0
gopro12,100,,slot_11,0
gopro12,100,,slot_12,0
gopro12,100,,slot_13,0
gopro12,100,,slot_14,0
gopro12,100,,slot_15,0
gopro12,100,,slot_16,1
gopro12,100,,slot_17,1
gopro12,100,,slot_18,0
gopro12,100,,slot_19,1
gopro12,100,,slot_20,0
gopro12,101,,slot_00,0
gopro12,101,,slot_01,0
gopro12,101,,slot_02,1
gopro12,101,,slot_03,0
gopro12,101,,slot_04,0
gopro12,101,,slot_05,0
gopro12,101,,slot_06,0
gopro12,101,,slot_07,0
gopro12,101,,slot_08,0
gopro12,101,,slot_09,0
gopro12,101,,slot_10,0
gopro12,101,,slot_11,0
gopro12,101,,slot_12,0
gopro12,101,,slot_13,0
gopro12,101,,slot_14,0
gopro12,101,,slot_15,0
gopro12,101,,slot_16,1
gopro12,101,,slot_17,1
gopro12,101,,slot_18,0
gopro12,101,,slot_19,1
gopro12,101,,slot_20,0
gopro12,102,,slot_00,0
gopro12,102,,slot_01,0
gopro12,102,,slot_02,1
gopro12,102,,slot_03,0
gopro12,102,,slot_04,0
gopro12,102,,slot_05,0
gopro12,102,,slot_06,0
gopro12,102,,slot_07,0
gopro12,102,,slot_08,0
gopro12,102,,slot_09,0
gopro12,102,,slot_10,0
gopro12,102,,slot_11,0
gopro12,102,,slot_12,0
gopro12,102,,slot_13,0
gopro12,102,,slot_14,0
gopro12,102,,slot_15,0
gopro12,102,,slot_16,1
gopro12,102,,slot_17,1
gopro12,102,,slot_18,0
gopro12,102,,slot_19,1
gopro12,102,,slot_20,0
gopro12,103,,slot_00,0
gopro12,103,,slot_01,0
gopro12,103,,slot_02,1
gopro12,103,,slot_03,0
gopro12,103,,slot_04,0
gopro12,103,,slot_05,0
gopro12,103,,slot_06,0
gopro12,103,,slot_07,0
gopro12,103,,slot_08,0
gopro12,103,,slot_09,0
gopro12,103,,slot_10,0
gopro12,103,,slot_11,0
gopro12,103,,slot_12,0
gopro12,103,,slot_13,0
gopro12,103,,slot_14,0
gopro12,103,,slot_15,0
gopro12,103,,slot_16,1
gopro12,103,,slot_17,1
gopro12,103,,slot_18,0
gopro12,103,,slot_19,1
gopro12,103,,slot_20,0
gopro12,104,,slot_00,0
gopro12,104,,slot_01,0
gopro12,104,,slot_02,1
gopro12,104,,slot_03,0
gopro12,104,,slot_04,0
gopro12,104,,slot_05,0
gopro12,104,,slot_06,0
gopro12,104,,slot_07,0
gopro12,104,,slot_08,0
gopro12,104,,slot_09,0
gopro12,104,,slot_10,0
gopro12,104,,slot_11,0
gopro12,104,,slot_12,0
gopro12,104,,slot_13,0
gopro12,104,,slot_14,0
gopro12,104,,slot_15,0
gopro12,104,,slot_16,1
gopro12,104,,slot_17,1
gopro12,104,,slot_18,0
gopro12,104,,slot_19,1
gopro12,104,,slot_20,0
gopro12,105,,slot_00,0
gopro12,105,,slot_01,0
gopro12,105,,slot_02,1
gopro12,105,,slot_03,0
gopro12,105,,slot_04,0
gopro12,105,,slot_05,0
gopro12,105,,slot_06,0
gopro12,105,,slot_07,0
gopro12,105,,slot_08,0
gopro12,105,,slot_09,0
gopro12,105,,slot_10,0
gopro12,105,,slot_11,0
gopro12,105,,slot_12,0
gopro12,105,,slot_13,0
gopro12,105,,slot_14,0
gopro12,105,,slot_15,0
gopro12,105,,slot_16,0
gopro12,105,,slot_17,0
gopro12,105,,slot_18,0
gopro12,105,,slot_19,1
gopro12,105,,slot_20,0
gopro12,106,,slot_00,0
gopro12,106,,slot_01,0
gopro12,106,,slot_02,1
gopro12,106,,slot_03,0
gopro12,106,,slot_04,0
gopro12,106,,slot_05,0
gopro12,106,,slot_06,0
gopro12,106,,slot_07,0
gopro12,106,,slot_08,0
gopro12,106,,slot_09,0
gopro12,106,,slot_10,0
gopro12,106,,slot_11,0
gopro12,106,,slot_12,0
gopro12,106,,slot_13,0
gopro12,106,,slot_14,0
gopro12,106,,slot_15,0
gopro12,106,,slot_16,0
gopro12,106,,slot_17,0
gopro12,106,,slot_18,0
gopro12,106,,slot_19,1
gopro12,106,,slot_20,0
gopro12,107,,slot_00,0
gopro12,107,,slot_01,0
gopro12,107,,slot_02,1
gopro12,107,,slot_03,0
gopro12,107,,slot_04,0
gopro12,107,,slot_05,0
gopro12,107,,slot_06,0
gopro12,107,,slot_07,0
gopro12,107,,slot_08,0
gopro12,107,,slot_09,0
gopro12,107,,slot_10,0
gopro12,107,,slot_11,0
gopro12,107,,slot_12,0
gopro12,107,,slot_13,0
gopro12,107,,slot_14,0
gopro12,107,,slot_15,0
gopro12,107,,slot_16,0
gopro12,107,,slot_17,0
gopro12,107,,slot_18,0
gopro12,107,,slot_19,1
gopro12,107,,slot_20,0
gopro12,108,,slot_00,0
gopro12,108,,slot_01,0
gopro12,108,,slot_02,1
gopro12,108,,slot_03,0
gopro12,108,,slot_04,0
gopro12,108,,slot_05,0
gopro12,108,,slot_06,0
gopro12,108,,slot_07,0
gopro12,108,,slot_08,0
gopro12,108,,slot_09,0
gopro12,108,,slot_10,0
gopro12,108,,slot_11,0
gopro12,108,,slot_12,0
gopro12,108,,slot_13,0
gopro12,108,,slot_14,0
gopro12,108,,slot_15,0
gopro12,108,,slot_16,0
gopro12,108,,slot_17,0
gopro12,108,,slot_18,0
gopro12,108,,slot_19,1
gopro12,108,,slot_20,0
gopro12,109,,slot_00,0
gopro12,109,,slot_01,0
gopro12,109,,slot_02,1
gopro12,109,,slot_03,0
gopro12,109,,slot_04,0
gopro12,109,,slot_05,0
gopro12,109,,slot_06,0
gopro12,109,,slot_07,0
gopro12,109,,slot_08,0
gopro12,109,,slot_09,0
gopro12,109,,slot_10,0
gopro12,109,,slot_11,0
gopro12,109,,slot_12,0
gopro12,109,,slot_13,0
gopro12,109,,slot_14,0
gopro12,109,,slot_15,0
gopro12,109,,slot_16,0
gopro12,109,,slot_17,0
gopro12,109,,slot_18,0
gopro12,109,,slot_19,0
gopro12,109,,slot_20,0
gopro12,110,,slot_00,0
gopro12,110,,slot_01,0
gopro12,110,,slot_02,1
gopro12,110,,slot_03,0
gopro12,110,,slot_04,0
gopro12,110,,slot_05,0
gopro12,110,,slot_06,0
gopro12,110,,slot_07,0
gopro12,110,,slot_08,0
gopro12,110,,slot_09,0
gopro12,110,,slot_10,0
gopro12,110,,slot_11,0
gopro12,110,,slot_12,0
gopro12,110,,slot_13,0
gopro12,110,,slot_14,0
gopro12,110,,slot_15,0
gopro12,110,,slot_16,0
gopro12,110,,slot_17,0
gopro12,110,,slot_18,0
gopro12,110,,slot_19,0
gopro12,110,,slot_20,0
gopro12,111,,slot_00,0
gopro12,111,,slot_01,0
gopro12,111,,slot_02,1
gopro12,111,,slot_03,0
gopro12,111,,slot_04,0
gopro12,111,,slot_05,0
gopro12,111,,slot_06,0
gopro12,111,,slot_07,0
gopro12,111,,slot_08,0
gopro12,111,,slot_09,0
gopro12,111,,slot_10,0
gopro12,111,,slot_11,0
gopro12,111,,slot_12,0
gopro12,111,,slot_13,0
gopro12,111,,slot_14,0
gopro12,111,,slot_15,0
gopro12,111,,slot_16,0
gopro12,111,,slot_17,0
gopro12,111,,slot_18,0
gopro12,111,,slot_19,0
gopro12,111,,slot_20,0
gopro12,112,,slot_00,0
gopro12,112,,slot_01,0
gopro12,112,,slot_02,1
gopro12,112,,slot_03,0
gopro12,112,,slot_04,0
gopro12,112,,slot_05,0
gopro12,112,,slot_06,0
gopro12,112,,slot_07,0
gopro12,112,,slot_08,0
gopro12,112,,slot_09,0
gopro12,112,,slot_10,0
gopro12,112,,slot_11,0
gopro12,112,,slot_12,0
gopro12,112,,slot_13,0
gopro12,112,,slot_14,0
gopro12,112,,slot_15,0
gopro12,112,,slot_16,0
gopro12,112,,slot_17,0
gopro12,112,,slot_18,0
gopro12,112,,slot_19,0
gopro12,112,,slot_20,0
gopro12,113,,slot_00,0
gopro12,113,,slot_01,0
gopro12,113,,slot_02,1
gopro12,113,,slot_03,0
gopro12,113,,slot_04,0
gopro12,113,,slot_05,0
gopro12,113,,slot_06,0
gopro12,113,,slot_07,0
gopro12,113,,slot_08,0
gopro12,113,,slot_09,0
gopro12,113,,slot_10,0
gopro12,113,,slot_11,0
gopro12,113,,slot_12,0
gopro12,113,,slot_13,0
gopro12,113,,slot_14,0
gopro12,113,,slot_15,0
gopro12,113,,slot_16,0
gopro12,113,,slot_17,0
gopro12,113,,slot_18,0
gopro12,113,,slot_19,0
gopro12,113,,slot_20,0
gopro12,114,,slot_00,0
gopro12,114,,slot_01,0
gopro12,114,,slot_02,1
gopro12,114,,slot_03,0
gopro12,114,,slot_04,0
gopro12,114,,slot_05,0
gopro12,114,,slot_06,0
gopro12,114,,slot_07,0
gopro12,114,,slot_08,0
gopro12,114,,slot_09,0
gopro12,114,,slot_10,0
gopro12,114,,slot_11,0
gopro12,114,,slot_12,0
gopro12,114,,slot_13,0
gopro12,114,,slot_14,0
gopro12,114,,slot_15,0
gopro12,114,,slot_16,0
gopro12,114,,slot_17,0
gopro12,114,,slot_18,0
gopro12,114,,slot_19,0
gopro12,114,,slot_20,0
gopro12,115,,slot_00,0
gopro12,115,,slot_01,0
gopro12,115,,slot_02,1
gopro12,115,,slot_03,0
gopro12,115,,slot_04,0
gopro12,115,,slot_05,0
gopro12,115,,slot_06,0
gopro12,115,,slot_07,0
gopro12,115,,slot_08,0
gopro12,115,,slot_09,0
gopro12,115,,slot_10,0
gopro12,115,,slot_11,0
gopro12,115,,slot_12,0
gopro12,115,,slot_13,0
gopro12,115,,slot_14,0
gopro12,115,,slot_15,0
gopro12,115,,slot_16,0
gopro12,115,,slot_17,0
gopro12,115,,slot_18,0
gopro12,115,,slot_19,0
gopro12,115,,slot_20,0
gopro12,116,,slot_00,0
gopro12,116,,slot_01,0
gopro12,116,,slot_02,1
gopro12,116,,slot_03,0
gopro12,116,,slot_04,0
gopro12,116,,slot_05,0
gopro12,116,,slot_06,0
gopro12,116,,slot_07,0
gopro12,116,,slot_08,0
gopro12,116,,slot_09,0
gopro12,116,,slot_10,0
gopro12,116,,slot_11,0
gopro12,116,,slot_12,0
gopro12,116,,slot_13,0
gopro12,116,,slot_14,0
gopro12,116,,slot_15,0
gopro12,116,,slot_16,0
gopro12,116,,slot_17,0
gopro12,116,,slot_18,0
gopro12,116,,slot_19,0
gopro12,116,,slot_20,0
gopro12,117,,slot_00,0
gopro12,117,,slot_01,0
gopro12,117,,slot_02,1
gopro12,117,,slot_03,0
gopro12,117,,slot_04,0
gopro12,117,,slot_05,0
gopro12,117,,slot_06,0
gopro12,117,,slot_07,0
gopro12,117,,slot_08,0
gopro12,117,,slot_09,0
gopro12,117,,slot_10,0
gopro12,117,,slot_11,0
gopro12,117,,slot_12,0
gopro12,117,,slot_13,0
gopro12,117,,slot_14,0
gopro12,117,,slot_15,0
gopro12,117,,slot_16,0
gopro12,117,,slot_17,0
gopro12,117,,slot_18,0
gopro12,117,,slot_19,0
gopro12,117,,slot_20,0
gopro12,118,,slot_00,0
gopro12,118,,slot_01,0
gopro12,118,,slot_02,1
gopro12,118,,slot_03,0
gopro12,118,,slot_04,0
gopro12,118,,slot_05,0
gopro12,118,,slot_06,0
gopro12,118,,slot_07,0
gopro12,118,,slot_08,0
gopro12,118,,slot_09,0
gopro12,118,,slot_10,0
gopro12,118,,slot_11,0
gopro12,118,,slot_12,0
gopro12,118,,slot_13,0
gopro12,118,,slot_14,0
gopro12,118,,slot_15,0
gopro12,118,,slot_16,0
gopro12,118,,slot_17,0
gopro12,118,,slot_18,0
gopro12,118,,slot_19,0
gopro12,118,,slot_20,0
gopro12,119,,slot_00,0
gopro12,119,,slot_01,0
gopro12,119,,slot_02,1
gopro12,119,,slot_03,0
gopro12,119,,slot_04,0
gopro12,119,,slot_05,0
gopro12,119,,slot_06,0
gopro12,119,,slot_07,0
gopro12,119,,slot_08,0
gopro12,119,,slot_09,0
gopro12,119,,slot_10,0
gopro12,119,,slot_11,0
gopro12,119,,slot_12,0
gopro12,119,,slot_13,0
gopro12,119,,slot_14,0
gopro12,119,,slot_15,0
gopro12,119,,slot_16,0
gopro12,119,,slot_17,0
gopro12,119,,slot_18,0
gopro12,119,,slot_19,0
gopro12,119,,slot_20,0
gopro12,120,,slot_00,0
gopro12,120,,slot_01,0
gopro12,120,,slot_02,1
gopro12,120,,slot_03,0
gopro12,120,,slot_04,0
gopro12,120,,slot_05,0
gopro12,120,,slot_06,0
gopro12,120,,slot_07,0
gopro12,120,,slot_08,0
gopro12,120,,slot_09,0
gopro12,120,,slot_10,0
gopro12,120,,slot_11,0
gopro12,120,,slot_12,0
gopro12,120,,slot_13,0
gopro12,120,,slot_14,0
gopro12,120,,slot_15,0
gopro12,120,,slot_16,0
gopro12,120,,slot_17,0
gopro12,120,,slot_18,0
gopro12,120,,slot_19,0
gopro12,120,,slot_20,0
gopro12,121,,slot_00,0
gopro12,121,,slot_01,0
gopro12,121,,slot_02,1
gopro12,121,,slot_03,0
gopro12,121,,slot_04,0
gopro12,121,,slot_05,0
gopro12,121,,slot_06,0
gopro12,121,,slot_07,0
gopro12,121,,slot_08,0
gopro12,121,,slot_09,0
gopro12,121,,slot_10,0
gopro12,121,,slot_11,0
gopro12,121,,slot_12,0
gopro12,121,,slot_13,0
gopro12,121,,slot_14,0
gopro12,121,,slot_15,0
gopro12,121,,slot_16,0
gopro12,121,,slot_17,0
gopro12,121,,slot_18,0
gopro12,121,,slot_19,0
gopro12,121,,slot_20,0
gopro12,122,,slot_00,0
gopro12,122,,slot_01,0
gopro12,122,,slot_02,1
gopro12,122,,slot_03,0
gopro12,122,,slot_04,0
gopro12,122,,slot_05,0
gopro12,122,,slot_06,0
gopro12,122,,slot_07,0
gopro12,122,,slot_08,0
gopro12,122,,slot_09,0
gopro12,122,,slot_10,0
gopro12,122,,slot_11,0
gopro12,122,,slot_12,0
gopro12,122,,slot_13,0
gopro12,122,,slot_14,0
gopro12,122,,slot_15,0
gopro12,122,,slot_16,0
gopro12,122,,slot_17,0
gopro12,122,,slot_18,0
gopro12,122,,slot_19,0
gopro12,122,,slot_20,0
gopro12,123,,slot_00,0
gopro12,123,,slot_01,0
gopro12,123,,slot_02,1
gopro12,123,,slot_03,0
gopro12,123,,slot_04,0
gopro12,123,,slot_05,0
gopro12,123,,slot_06,0
gopro12,123,,slot_07,0
gopro12,123,,slot_08,0
gopro12,123,,slot_09,0
gopro12,123,,slot_10,0
gopro12,123,,slot_11,0
gopro12,123,,slot_12,0
gopro12,123,,slot_13,0
gopro12,123,,slot_14,0
gopro12,123,,slot_15,0
gopro12,123,,slot_16,0
gopro12,123,,slot_17,0
gopro12,123,,slot_18,0
gopro12,123,,slot_19,0
gopro12,123,,slot_20,0
gopro19,0,,slot_00,0
gopro19,0,,slot_01,0
gopro19,0,,slot_02,0
gopro19,0,,slot_03,0
gopro19,0,,slot_04,0
gopro19,0,,slot_05,0
gopro19,0,,slot_06,0
gopro19,0,,slot_07,0
gopro19,0,,slot_08,0
gopro19,0,,slot_09,0
gopro19,0,,slot_10,0
gopro19,0,,slot_11,0
gopro19,0,,slot_12,0
gopro19,0,,slot_13,0
gopro19,0,,slot_14,0
gopro19,0,,slot_15,0
gopro19,0,,slot_16,1
gopro19,0,,slot_17,1
gopro19,0,,slot_18,0
gopro19,0,,slot_19,0
gopro19,0,,slot_20,0
gopro19,1,,slot_00,0
gopro19,1,,slot_01,0
gopro19,1,,slot_02,0
gopro19,1,,slot_03,0
gopro19,1,,slot_04,0
gopro19,1,,slot_05,0
gopro19,1,,slot_06,0
gopro19,1,,slot_07,0
gopro19,1,,slot_08,0
gopro19,1,,slot_09,0
gopro19,1,,slot_10,0
gopro19,1,,slot_11,0
gopro19,1,,slot_12,0
gopro19,1,,slot_13,0
gopro19,1,,slot_14,0
gopro19,1,,slot_15,0
gopro19,1,,slot_16,1
gopro19,1,,slot_17,1
gopro19,1,,slot_18,0
gopro19,1,,slot_19,0
gopro19,1,,slot_20,0
gopro23,100,,slot_00,0
gopro23,100,,slot_01,0
gopro23,100,,slot_02,0
gopro23,100,,slot_03,1
gopro23,100,,slot_04,1
gopro23,100,,slot_05,0
gopro23,100,,slot_06,1
gopro23,100,,slot_07,0
gopro23,100,,slot_08,0
gopro23,100,,slot_09,0
gopro23,100,,slot_10,1
gopro23,100,,slot_11,1
gopro23,100,,slot_12,1
gopro23,100,,slot_13,0
gopro23,100,,slot_14,0
gopro23,100,,slot_15,0
gopro23,100,,slot_16,0
gopro23,100,,slot_17,0
gopro23,100,,slot_18,1
gopro23,100,,slot_19,0
gopro23,100,,slot_20,0
gopro23,101,,slot_00,0
gopro23,101,,slot_01,0
gopro23,101,,slot_02,0
gopro23,101,,slot_03,1
gopro23,101,,slot_04,1
gopro23,101,,slot_05,0
gopro23,101,,slot_06,1
gopro23,101,,slot_07,0
gopro23,101,,slot_08,0
gopro23,101,,slot_09,0
gopro23,101,,slot_10,1
gopro23,101,,slot_11,1
gopro23,101,,slot_12,1
gopro23,101,,slot_13,0
gopro23,101,,slot_14,0
gopro23,101,,slot_15,0
gopro23,101,,slot_16,0
gopro23,101,,slot_17,0
gopro23,101,,slot_18,1
gopro23,101,,slot_19,0
gopro23,101,,slot_20,0
gopro23,102,,slot_00,0
gopro23,102,,slot_01,0
gopro23,102,,slot_02,0
gopro23,102,,slot_03,1
gopro23,102,,slot_04,1
gopro23,102,,slot_05,0
gopro23,102,,slot_06,1
gopro23,102,,slot_07,0
gopro23,102,,slot_08,0
gopro23,102,,slot_09,0
gopro23,102,,slot_10,1
gopro23,102,,slot_11,1
gopro23,102,,slot_12,0
gopro23,102,,slot_13,0
gopro23,102,,slot_14,0
gopro23,102,,slot_15,0
gopro23,102,,slot_16,0
gopro23,102,,slot_17,0
gopro23,102,,slot_18,1
gopro23,102,,slot_19,0
gopro23,102,,slot_20,0
gopro23,103,,slot_00,0
gopro23,103,,slot_01,0
gopro23,103,,slot_02,0
gopro23,103,,slot_03,1
gopro23,103,,slot_04,1
gopro23,103,,slot_05,0
gopro23,103,,slot_06,1
gopro23,103,,slot_07,0
gopro23,103,,slot_08,0
gopro23,103,,slot_09,0
gopro23,103,,slot_10,1
gopro23,103,,slot_11,1
gopro23,103,,slot_12,0
gopro23,103,,slot_13,0
gopro23,103,,slot_14,0
gopro23,103,,slot_15,0
gopro23,103,,slot_16,0
gopro23,103,,slot_17,0
gopro23,103,,slot_18,1
gopro23,103,,slot_19,0
gopro23,103,,slot_20,0
gopro23,104,,slot_00,0
gopro23,104,,slot_01,0
gopro23,104,,slot_02,0
gopro23,104,,slot_03,1
gopro23,104,,slot_04,1
gopro23,104,,slot_05,0
gopro23,104,,slot_06,1
gopro23,104,,slot_07,0
gopro23,104,,slot_08,0
gopro23,104,,slot_09,0
gopro23,104,,slot_10,1
gopro23,104,,slot_11,1
gopro23,104,,slot_12,0
gopro23,104,,slot_13,0
gopro23,104,,slot_14,0
gopro23,104,,slot_15,0
gopro23,104,,slot_16,0
gopro23,104,,slot_17,0
gopro23,104,,slot_18,1
gopro23,104,,slot_19,0
gopro23,104,,slot_20,0
gopro23,105,,slot_00,0
gopro23,105,,slot_01,0
gopro23,105,,slot_02,0
gopro23,105,,slot_03,1
gopro23,105,,slot_04,1
gopro23,105,,slot_05,0
gopro23,105,,slot_06,1
gopro23,105,,slot_07,0
gopro23,105,,slot_08,0
gopro23,105,,slot_09,0
gopro23,105,,slot_10,1
gopro23,105,,slot_11,1
gopro23,105,,slot_12,0
gopro23,105,,slot_13,0
gopro23,105,,slot_14,0
gopro23,105,,slot_15,0
gopro23,105,,slot_16,0
gopro23,105,,slot_17,0
gopro23,105,,slot_18,1
gopro23,105,,slot_19,0
gopro23,105,,slot_20,0
gopro23,106,,slot_00,0
gopro23,106,,slot_01,0
gopro23,106,,slot_02,0
gopro23,106,,slot_03,1
gopro23,106,,slot_04,1
gopro23,106,,slot_05,0
gopro23,106,,slot_06,1
gopro23,106,,slot_07,0
gopro23,106,,slot_08,0
gopro23,106,,slot_09,0
gopro23,106,,slot_10,1
gopro23,106,,slot_11,1
gopro23,106,,slot_12,0
gopro23,106,,slot_13,0
gopro23,106,,slot_14,0
gopro23,106,,slot_15,0
gopro23,106,,slot_16,0
gopro23,106,,slot_17,0
gopro23,106,,slot_18,1
gopro23,106,,slot_19,0
gopro23,106,,slot_20,0
gopro23,107,,slot_00,0
gopro23,107,,slot_01,0
gopro23,107,,slot_02,0
gopro23,107,,slot_03,1
gopro23,107,,slot_04,1
gopro23,107,,slot_05,0
gopro23,107,,slot_06,1
gopro23,107,,slot_07,0
gopro23,107,,slot_08,0
gopro23,107,,slot_09,0
gopro23,107,,slot_10,1
gopro23,107,,slot_11,1
gopro23,107,,slot_12,0
gopro23,107,,slot_13,0
gopro23,107,,slot_14,0
gopro23,107,,slot_15,0
gopro23,107,,slot_16,0
gopro23,107,,slot_17,0
gopro23,107,,slot_18,1
gopro23,107,,slot_19,0
gopro23,107,,slot_20,0
gopro23,108,,slot_00,0
gopro23,108,,slot_01,0
gopro23,108,,slot_02,0
gopro23,108,,slot_03,1
gopro23,108,,slot_04,1
gopro23,108,,slot_05,0
gopro23,108,,slot_06,1
gopro23,108,,slot_07,0
gopro23,108,,slot_08,0
gopro23,108,,slot_09,0
gopro23,108,,slot_10,1
gopro23,108,,slot_11,1
gopro23,108,,slot_12,0
gopro23,108,,slot_13,0
gopro23,108,,slot_14,0
gopro23,108,,slot_15,0
gopro23,108,,slot_16,0
gopro23,108,,slot_17,0
gopro23,108,,slot_18,1
gopro23,108,,slot_19,0
gopro23,108,,slot_20,0
gopro23,109,,slot_00,0
gopro23,109,,slot_01,0
gopro23,109,,slot_02,0
gopro23,109,,slot_03,1
gopro23,109,,slot_04,1
gopro23,109,,slot_05,0
gopro23,109,,slot_06,1
gopro23,109,,slot_07,0
gopro23,109,,slot_08,0
gopro23,109,,slot_09,0
gopro23,109,,slot_10,1
gopro23,109,,slot_11,0
gopro23,109,,slot_12,0
gopro23,109,,slot_13,0
gopro23,109,,slot_14,0
gopro23,109,,slot_15,0
gopro23,109,,slot_16,0
gopro23,109,,slot_17,0
gopro23,109,,slot_18,1
gopro23,109,,slot_19,0
gopro23,109,,slot_20,0
gopro23,110,,slot_00,0
gopro23,110,,slot_01,0
gopro23,110,,slot_02,0
gopro23,110,,slot_03,1
gopro23,110,,slot_04,1
gopro23,110,,slot_05,0
gopro23,110,,slot_06,1
gopro23,110,,slot_07,0
gopro23,110,,slot_08,0
gopro23,110,,slot_09,0
gopro23,110,,slot_10,1
gopro23,110,,slot_11,0
gopro23,110,,slot_12,0
gopro23,110,,slot_13,0
gopro23,110,,slot_14,0
gopro23,110,,slot_15,0
gopro23,110,,slot_16,0
gopro23,110,,slot_17,0
gopro23,110,,slot_18,1
gopro23,110,,slot_19,0
gopro23,110,,slot_20,0
gopro23,111,,slot_00,0
gopro23,111,,slot_01,0
gopro23,111,,slot_02,0
gopro23,111,,slot_03,1
gopro23,111,,slot_04,1
gopro23,111,,slot_05,0
gopro23,111,,slot_06,1
gopro23,111,,slot_07,0
gopro23,111,,slot_08,0
gopro23,111,,slot_09,0
gopro23,111,,slot_10,1
gopro23,111,,slot_11,0
gopro23,111,,slot_12,0
gopro23,111,,slot_13,0
gopro23,111,,slot_14,0
gopro23,111,,slot_15,0
gopro23,111,,slot_16,0
gopro23,111,,slot_17,0
gopro23,111,,slot_18,1
gopro23,111,,slot_19,0
gopro23,111,,slot_20,0
gopro23,112,,slot_00,0
gopro23,112,,slot_01,0
gopro23,112,,slot_02,0
gopro23,112,,slot_03,1
gopro23,112,,slot_04,1
gopro23,112,,slot_05,0
gopro23,112,,slot_06,1
gopro23,112,,slot_07,0
gopro23,112,,slot_08,0
gopro23,112,,slot_09,0
gopro23,112,,slot_10,1
gopro23,112,,slot_11,0
gopro23,112,,slot_12,0
gopro23,112,,slot_13,0
gopro23,112,,slot_14,0
gopro23,112,,slot_15,0
gopro23,112,,slot_16,0
gopro23,112,,slot_17,0
gopro23,112,,slot_18,1
gopro23,112,,slot_19,0
gopro23,112,,slot_20,0
gopro23,113,,slot_00,0
gopro23,113,,slot_01,0
gopro23,113,,slot_02,0
gopro23,113,,slot_03,1
gopro23,113,,slot_04,1
gopro23,113,,slot_05,0
gopro23,113,,slot_06,1
gopro23,113,,slot_07,0
gopro23,113,,slot_08,0
gopro23,113,,slot_09,0
gopro23,113,,slot_10,1
gopro23,113,,slot_11,0
gopro23,113,,slot_12,0
gopro23,113,,slot_13,0
gopro23,113,,slot_14,0
gopro23,113,,slot_15,0
gopro23,113,,slot_16,0
gopro23,113,,slot_17,0
gopro23,113,,slot_18,1
gopro23,113,,slot_19,0
gopro23,113,,slot_20,0
gopro23,114,,slot_00,0
gopro23,114,,slot_01,0
gopro23,114,,slot_02,0
gopro23,114,,slot_03,0
gopro23,114,,slot_04,0
gopro23,114,,slot_05,0
gopro23,114,,slot_06,0
gopro23,114,,slot_07,0
gopro23,114,,slot_08,0
gopro23,114,,slot_09,0
gopro23,114,,slot_10,1
gopro23,114,,slot_11,0
gopro23,114,,slot_12,0
gopro23,114,,slot_13,0
gopro23,114,,slot_14,0
gopro23,114,,slot_15,0
gopro23,114,,slot_16,0
gopro23,114,,slot_17,0
gopro23,114,,slot_18,1
gopro23,114,,slot_19,0
gopro23,114,,slot_20,0
gopro23,115,,slot_00,0
gopro23,115,,slot_01,0
gopro23,115,,slot_02,0
gopro23,115,,slot_03,0
gopro23,115,,slot_04,0
gopro23,115,,slot_05,0
gopro23,115,,slot_06,0
gopro23,115,,slot_07,0
gopro23,115,,slot_08,0
gopro23,115,,slot_09,0
gopro23,115,,slot_10,1
gopro23,115,,slot_11,0
gopro23,115,,slot_12,0
gopro23,115,,slot_13,0
gopro23,115,,slot_14,0
gopro23,115,,slot_15,0
gopro23,115,,slot_16,0
gopro23,115,,slot_17,0
gopro23,115,,slot_18,1
gopro23,115,,slot_19,0
gopro23,115,,slot_20,0
gopro23,116,,slot_00,0
gopro23,116,,slot_01,0
gopro23,116,,slot_02,0
gopro23,116,,slot_03,0
gopro23,116,,slot_04,0
gopro23,116,,slot_05,0
gopro23,116,,slot_06,0
gopro23,116,,slot_07,0
gopro23,116,,slot_08,0
gopro23,116,,slot_09,0
gopro23,116,,slot_10,1
gopro23,116,,slot_11,0
gopro23,116,,slot_12,0
gopro23,116,,slot_13,0
gopro23,116,,slot_14,0
gopro23,116,,slot_15,0
gopro23,116,,slot_16,0
gopro23,116,,slot_17,0
gopro23,116,,slot_18,1
gopro23,116,,slot_19,0
gopro23,116,,slot_20,0
gopro23,117,,slot_00,0
gopro23,117,,slot_01,0
gopro23,117,,slot_02,0
gopro23,117,,slot_03,0
gopro23,117,,slot_04,0
gopro23,117,,slot_05,0
gopro23,117,,slot_06,0
gopro23,117,,slot_07,0
gopro23,117,,slot_08,0
gopro23,117,,slot_09,0
gopro23,117,,slot_10,0
gopro23,117,,slot_11,0
gopro23,117,,slot_12,0
gopro23,117,,slot_13,0
gopro23,117,,slot_14,0
gopro23,117,,slot_15,0
gopro23,117,,slot_16,0
gopro23,117,,slot_17,0
gopro23,117,,slot_18,0
gopro23,117,,slot_19,0
gopro23,117,,slot_20,0
gopro23,118,,slot_00,0
gopro23,118,,slot_01,0
gopro23,118,,slot_02,0
gopro23,118,,slot_03,0
gopro23,118,,slot_04,0
gopro23,118,,slot_05,0
gopro23,118,,slot_06,0
gopro23,118,,slot_07,0
gopro23,118,,slot_08,0
gopro23,118,,slot_09,0
gopro23,118,,slot_10,0
gopro23,118,,slot_11,0
gopro23,118,,slot_12,0
gopro23,118,,slot_13,0
gopro23,118,,slot_14,0
gopro23,118,,slot_15,0
gopro23,118,,slot_16,0
gopro23,118,,slot_17,0
gopro23,118,,slot_18,0
gopro23,118,,slot_19,0
gopro23,118,,slot_20,0
gopro23,119,,slot_00,0
gopro23,119,,slot_01,0
gopro23,119,,slot_02,0
gopro23,119,,slot_03,0
gopro23,119,,slot_04,0
gopro23,119,,slot_05,0
gopro23,119,,slot_06,0
gopro23,119,,slot_07,0
gopro23,119,,slot_08,0
gopro23,119,,slot_09,0
gopro23,119,,slot_10,0
gopro23,119,,slot_11,0
gopro23,119,,slot_12,0
gopro23,119,,slot_13,0
gopro23,119,,slot_14,0
gopro23,119,,slot_15,0
gopro23,119,,slot_16,0
gopro23,119,,slot_17,0
gopro23,119,,slot_18,0
gopro23,119,,slot_19,0
gopro23,119,,slot_20,0
gopro23,120,,slot_00,0
gopro23,120,,slot_01,0
gopro23,120,,slot_02,0
gopro23,120,,slot_03,0
gopro23,120,,slot_04,0
gopro23,120,,slot_05,0
gopro23,120,,slot_06,0
gopro23,120,,slot_07,0
gopro23,120,,slot_08,0
gopro23,120,,slot_09,0
gopro23,120,,slot_10,0
gopro23,120,,slot_11,0
gopro23,120,,slot_12,0
gopro23,120,,slot_13,0
gopro23,120,,slot_14,0
gopro23,120,,slot_15,0
gopro23,120,,slot_16,0
gopro23,120,,slot_17,0
gopro23,120,,slot_18,0
gopro23,120,,slot_19,0
gopro23,120,,slot_20,0
gopro23,121,,slot_00,0
gopro23,121,,slot_01,0
gopro23,121,,slot_02,0
gopro23,121,,slot_03,0
gopro23,121,,slot_04,0
gopro23,121,,slot_05,0
gopro23,121,,slot_06,0
gopro23,121,,slot_07,0
gopro23,121,,slot_08,0
gopro23,121,,slot_09,0
gopro23,121,,slot_10,0
gopro23,121,,slot_11,0
gopro23,121,,slot_12,0
gopro23,121,,slot_13,0
gopro23,121,,slot_14,0
gopro23,121,,slot_15,0
gopro23,121,,slot_16,0
gopro23,121,,slot_17,0
gopro23,121,,slot_18,0
gopro23,121,,slot_19,0
gopro23,121,,slot_20,0
gopro23,122,,slot_00,0
gopro23,122,,slot_01,0
gopro23,122,,slot_02,0
gopro23,122,,slot_03,0
gopro23,122,,slot_04,0
gopro23,122,,slot_05,0
gopro23,122,,slot_06,0
gopro23,122,,slot_07,0
gopro23,122,,slot_08,0
gopro23,122,,slot_09,0
gopro23,122,,slot_10,0
gopro23,122,,slot_11,0
gopro23,122,,slot_12,0
gopro23,122,,slot_13,0
gopro23,122,,slot_14,0
gopro23,122,,slot_15,0
gopro23,122,,slot_16,0
gopro23,122,,slot_17,0
gopro23,122,,slot_18,0
gopro23,122,,slot_19,0
gopro23,122,,slot_20,0
gopro23,123,,slot_00,0
gopro23,123,,slot_01,0
gopro23,123,,slot_02,0
gopro23,123,,slot_03,0
gopro23,123,,slot_04,0
gopro23,123,,slot_05,0
gopro23,123,,slot_06,0
gopro23,123,,slot_07,0
gopro23,123,,slot_08,0
gopro23,123,,slot_09,0
gopro23,123,,slot_10,0
gopro23,123,,slot_11,0
gopro23,123,,slot_12,0
gopro23,123,,slot_13,0
gopro23,123,,slot_14,0
gopro23,123,,slot_15,0
gopro23,123,,slot_16,0
gopro23,123,,slot_17,0
gopro23,123,,slot_18,0
gopro23,123,,slot_19,0
gopro23,123,,slot_20,0
gopro23,124,,slot_00,0
gopro23,124,,slot_01,0
gopro23,124,,slot_02,0
gopro23,124,,slot_03,0
gopro23,124,,slot_04,0
gopro23,124,,slot_05,0
gopro23,124,,slot_06,0
gopro23,124,,slot_07,0
gopro23,124,,slot_08,0
gopro23,124,,slot_09,0
gopro23,124,,slot_10,0
gopro23,124,,slot_11,0
gopro23,124,,slot_12,0
gopro23,124,,slot_13,0
gopro23,124,,slot_14,0
gopro23,124,,slot_15,0
gopro23,124,,slot_16,0
gopro23,124,,slot_17,0
gopro23,124,,slot_18,0
gopro23,124,,slot_19,0
gopro23,124,,slot_20,0
gopro23,125,,slot_00,0
gopro23,125,,slot_01,0
gopro23,125,,slot_02,0
gopro23,125,,slot_03,0
gopro23,125,,slot_04,0
gopro23,125,,slot_05,0
gopro23,125,,slot_06,0
gopro23,125,,slot_07,0
gopro23,125,,slot_08,0
gopro23,125,,slot_09,0
gopro23,125,,slot_10,0
gopro23,125,,slot_11,0
gopro23,125,,slot_12,0
gopro23,125,,slot_13,0
gopro23,125,,slot_14,0
gopro23,125,,slot_15,0
gopro23,125,,slot_16,0
gopro23,125,,slot_17,0
gopro23,125,,slot_18,0
gopro23,125,,slot_19,0
gopro23,125,,slot_20,0
gopro23,126,,slot_00,0
gopro23,126,,slot_01,0
gopro23,126,,slot_02,0
gopro23,126,,slot_03,0
gopro23,126,,slot_04,0
gopro23,126,,slot_05,0
gopro23,126,,slot_06,0
gopro23,126,,slot_07,0
gopro23,126,,slot_08,0
gopro23,126,,slot_09,0
gopro23,126,,slot_10,0
gopro23,126,,slot_11,0
gopro23,126,,slot_12,0
gopro23,126,,slot_13,0
gopro23,126,,slot_14,0
gopro23,126,,slot_15,0
gopro23,126,,slot_16,0
gopro23,126,,slot_17,0
gopro23,126,,slot_18,0
gopro23,126,,slot_19,0
gopro23,126,,slot_20,0
gopro23,127,,slot_00,0
gopro23,127,,slot_01,0
gopro23,127,,slot_02,0
gopro23,127,,slot_03,0
gopro23,127,,slot_04,0
gopro23,127,,slot_05,0
gopro23,127,,slot_06,0
gopro23,127,,slot_07,0
gopro23,127,,slot_08,0
gopro23,127,,slot_09,0
gopro23,127,,slot_10,0
gopro23,127,,slot_11,0
gopro23,127,,slot_12,0
gopro23,127,,slot_13,0
gopro23,127,,slot_14,0
gopro23,127,,slot_15,0
gopro23,127,,slot_16,0
gopro23,127,,slot_17,0
gopro23,127,,slot_18,0
gopro23,127,,slot_19,0
gopro23,127,,slot_20,0
gopro23,145,,slot_00,0
gopro23,145,,slot_01,0
gopro23,145,,slot_02,0
gopro23,145,,slot_03,0
gopro23,145,,slot_04,1
gopro23,145,,slot_05,0
gopro23,145,,slot_06,0
gopro23,145,,slot_07,0
gopro23,145,,slot_08,0
gopro23,145,,slot_09,0
gopro23,145,,slot_10,0
gopro23,145,,slot_11,1
gopro23,145,,slot_12,0
gopro23,145,,slot_13,1
gopro23,145,,slot_14,1
gopro23,145,,slot_15,1
gopro23,145,,slot_16,0
gopro23,145,,slot_17,0
gopro23,145,,slot_18,0
gopro23,145,,slot_19,0
gopro23,145,,slot_20,0
gopro23,146,,slot_00,0
gopro23,146,,slot_01,0
gopro23,146,,slot_02,0
gopro23,146,,slot_03,0
gopro23,146,,slot_04,1
gopro23,146,,slot_05,0
gopro23,146,,slot_06,0
gopro23,146,,slot_07,0
gopro23,146,,slot_08,0
gopro23,146,,slot_09,0
gopro23,146,,slot_10,0
gopro23,146,,slot_11,1
gopro23,146,,slot_12,0
gopro23,146,,slot_13,1
gopro23,146,,slot_14,1
gopro23,146,,slot_15,1
gopro23,146,,slot_16,0
gopro23,146,,slot_17,0
gopro23,146,,slot_18,0
gopro23,146,,slot_19,0
gopro23,146,,slot_20,0
gopro23,147,,slot_00,0
gopro23,147,,slot_01,0
gopro23,147,,slot_02,0
gopro23,147,,slot_03,0
gopro23,147,,slot_04,1
gopro23,147,,slot_05,0
gopro23,147,,slot_06,0
gopro23,147,,slot_07,0
gopro23,147,,slot_08,0
gopro23,147,,slot_09,0
gopro23,147,,slot_10,0
gopro23,147,,slot_11,1
gopro23,147,,slot_12,0
gopro23,147,,slot_13,1
gopro23,147,,slot_14,1
gopro23,147,,slot_15,1
gopro23,147,,slot_16,0
gopro23,147,,slot_17,0
gopro23,147,,slot_18,0
gopro23,147,,slot_19,0
gopro23,147,,slot_20,0
gopro23,148,,slot_00,0
gopro23,148,,slot_01,0
gopro23,148,,slot_02,0
gopro23,148,,slot_03,0
gopro23,148,,slot_04,1
gopro23,148,,slot_05,0
gopro23,148,,slot_06,0
gopro23,148,,slot_07,0
gopro23,148,,slot_08,0
gopro23,148,,slot_09,0
gopro23,148,,slot_10,0
gopro23,148,,slot_11,1
gopro23,148,,slot_12,0
gopro23,148,,slot_13,1
gopro23,148,,slot_14,1
gopro23,148,,slot_15,1
gopro23,148,,slot_16,0
gopro23,148,,slot_17,0
gopro23,148,,slot_18,0
gopro23,148,,slot_19,0
gopro23,148,,slot_20,0
gopro23,149,,slot_00,0
gopro23,149,,slot_01,0
gopro23,149,,slot_02,0
gopro23,149,,slot_03,0
gopro23,149,,slot_04,1
gopro23,149,,slot_05,0
gopro23,149,,slot_06,0
gopro23,149,,slot_07,0
gopro23,149,,slot_08,0
gopro23,149,,slot_09,0
gopro23,149,,slot_10,0
gopro23,149,,slot_11,1
gopro23,149,,slot_12,0
gopro23,149,,slot_13,1
gopro23,149,,slot_14,1
gopro23,149,,slot_15,1
gopro23,149,,slot_16,0
gopro23,149,,slot_17,0
gopro23,149,,slot_18,0
gopro23,149,,slot_19,0
gopro23,149,,slot_20,0
gopro23,150,,slot_00,0
gopro23,150,,slot_01,0
gopro23,150,,slot_02,0
gopro23,150,,slot_03,0
gopro23,150,,slot_04,1
gopro23,150,,slot_05,0
gopro23,150,,slot_06,0
gopro23,150,,slot_07,0
gopro23,150,,slot_08,0
gopro23,150,,slot_09,0
gopro23,150,,slot_10,0
gopro23,150,,slot_11,1
gopro23,150,,slot_12,0
gopro23,150,,slot_13,1
gopro23,150,,slot_14,1
gopro23,150,,slot_15,1
gopro23,150,,slot_16,0
gopro23,150,,slot_17,0
gopro23,150,,slot_18,0
gopro23,150,,slot_19,0
gopro23,150,,slot_20,0
gopro23,151,,slot_00,0
gopro23,151,,slot_01,0
gopro23,151,,slot_02,0
gopro23,151,,slot_03,0
gopro23,151,,slot_04,1
gopro23,151,,slot_05,0
gopro23,151,,slot_06,0
gopro23,151,,slot_07,0
gopro23,151,,slot_08,0
gopro23,151,,slot_09,0
gopro23,151,,slot_10,0
gopro23,151,,slot_11,1
gopro23,151,,slot_12,0
gopro23,151,,slot_13,1
gopro23,151,,slot_14,1
gopro23,151,,slot_15,1
gopro23,151,,slot_16,0
gopro23,151,,slot_17,0
gopro23,151,,slot_18,0
gopro23,151,,slot_19,0
gopro23,151,,slot_20,0
gopro23,152,,slot_00,0
gopro23,152,,slot_01,0
gopro23,152,,slot_02,0
gopro23,152,,slot_03,0
gopro23,152,,slot_04,1
gopro23,152,,slot_05,0
gopro23,152,,slot_06,0
gopro23,152,,slot_07,0
gopro23,152,,slot_08,0
gopro23,152,,slot_09,0
gopro23,152,,slot_10,0
gopro23,152,,slot_11,1
gopro23,152,,slot_12,0
gopro23,152,,slot_13,1
gopro23,152,,slot_14,1
gopro23,152,,slot_15,1
gopro23,152,,slot_16,0
gopro23,152,,slot_17,0
gopro23,152,,slot_18,0
gopro23,152,,slot_19,0
gopro23,152,,slot_20,0
gopro23,153,,slot_00,0
gopro23,153,,slot_01,0
gopro23,153,,slot_02,0
gopro23,153,,slot_03,0
gopro23,153,,slot_04,1
gopro23,153,,slot_05,0
gopro23,153,,slot_06,0
gopro23,153,,slot_07,0
gopro23,153,,slot_08,0
gopro23,153,,slot_09,0
gopro23,153,,slot_10,0
gopro23,153,,slot_11,1
gopro23,153,,slot_12,0
gopro23,153,,slot_13,1
gopro23,153,,slot_14,1
gopro23,153,,slot_15,1
gopro23,153,,slot_16,0
gopro23,153,,slot_17,0
gopro23,153,,slot_18,0
gopro23,153,,slot_19,0
gopro23,153,,slot_20,0
gopro23,154,,slot_00,0
gopro23,154,,slot_01,0
gopro23,154,,slot_02,0
gopro23,154,,slot_03,0
gopro23,154,,slot_04,1
gopro23,154,,slot_05,0
gopro23,154,,slot_06,0
gopro23,154,,slot_07,0
gopro23,154,,slot_08,0
gopro23,154,,slot_09,0
gopro23,154,,slot_10,0
gopro23,154,,slot_11,1
gopro23,154,,slot_12,0
gopro23,154,,slot_13,1
gopro23,154,,slot_14,0
gopro23,154,,slot_15,0
gopro23,154,,slot_16,0
gopro23,154,,slot_17,0
gopro23,154,,slot_18,0
gopro23,154,,slot_19,0
gopro23,154,,slot_20,0
gopro23,155,,slot_00,0
gopro23,155,,slot_01,0
gopro23,155,,slot_02,0
gopro23,155,,slot_03,0
gopro23,155,,slot_04,1
gopro23,155,,slot_05,0
gopro23,155,,slot_06,0
gopro23,155,,slot_07,0
gopro23,155,,slot_08,0
gopro23,155,,slot_09,0
gopro23,155,,slot_10,0
gopro23,155,,slot_11,1
gopro23,155,,slot_12,0
gopro23,155,,slot_13,1
gopro23,155,,slot_14,0
gopro23,155,,slot_15,0
gopro23,155,,slot_16,0
gopro23,155,,slot_17,0
gopro23,155,,slot_18,0
gopro23,155,,slot_19,0
gopro23,155,,slot_20,0
gopro23,156,,slot_00,0
gopro23,156,,slot_01,0
gopro23,156,,slot_02,0
gopro23,156,,slot_03,0
gopro23,156,,slot_04,1
gopro23,156,,slot_05,0
gopro23,156,,slot_06,0
gopro23,156,,slot_07,0
gopro23,156,,slot_08,0
gopro23,156,,slot_09,0
gopro23,156,,slot_10,0
gopro23,156,,slot_11,1
gopro23,156,,slot_12,0
gopro23,156,,slot_13,1
gopro23,156,,slot_14,0
gopro23,156,,slot_15,0
gopro23,156,,slot_16,0
gopro23,156,,slot_17,0
gopro23,156,,slot_18,0
gopro23,156,,slot_19,0
gopro23,156,,slot_20,0
gopro23,157,,slot_00,0
gopro23,157,,slot_01,0
gopro23,157,,slot_02,0
gopro23,157,,slot_03,0
gopro23,157,,slot_04,1
gopro23,157,,slot_05,0
gopro23,157,,slot_06,0
gopro23,157,,slot_07,0
gopro23,157,,slot_08,0
gopro23,157,,slot_09,0
gopro23,157,,slot_10,0
gopro23,157,,slot_11,1
gopro23,157,,slot_12,0
gopro23,157,,slot_13,1
gopro23,157,,slot_14,0
gopro23,157,,slot_15,0
gopro23,157,,slot_16,0
gopro23,157,,slot_17,0
gopro23,157,,slot_18,0
gopro23,157,,slot_19,0
gopro23,157,,slot_20,0
gopro23,158,,slot_00,0
gopro23,158,,slot_01,0
gopro23,158,,slot_02,0
gopro23,158,,slot_03,0
gopro23,158,,slot_04,1
gopro23,158,,slot_05,0
gopro23,158,,slot_06,0
gopro23,158,,slot_07,0
gopro23,158,,slot_08,0
gopro23,158,,slot_09,0
gopro23,158,,slot_10,0
gopro23,158,,slot_11,1
gopro23,158,,slot_12,0
gopro23,158,,slot_13,0
gopro23,158,,slot_14,0
gopro23,158,,slot_15,0
gopro23,158,,slot_16,0
gopro23,158,,slot_17,0
gopro23,158,,slot_18,0
gopro23,158,,slot_19,0
gopro23,158,,slot_20,0
gopro23,159,,slot_00,0
gopro23,159,,slot_01,0
gopro23,159,,slot_02,0
gopro23,159,,slot_03,0
gopro23,159,,slot_04,1
gopro23,159,,slot_05,0
gopro23,159,,slot_06,0
gopro23,159,,slot_07,0
gopro23,159,,slot_08,0
gopro23,159,,slot_09,0
gopro23,159,,slot_10,0
gopro23,159,,slot_11,1
gopro23,159,,slot_12,0
gopro23,159,,slot_13,0
gopro23,159,,slot_14,0
gopro23,159,,slot_15,0
gopro23,159,,slot_16,0
gopro23,159,,slot_17,0
gopro23,159,,slot_18,0
gopro23,159,,slot_19,0
gopro23,159,,slot_20,0
gopro23,160,,slot_00,0
gopro23,160,,slot_01,0
gopro23,160,,slot_02,0
gopro23,160,,slot_03,0
gopro23,160,,slot_04,1
gopro23,160,,slot_05,0
gopro23,160,,slot_06,0
gopro23,160,,slot_07,0
gopro23,160,,slot_08,0
gopro23,160,,slot_09,0
gopro23,160,,slot_10,0
gopro23,160,,slot_11,0
gopro23,160,,slot_12,0
gopro23,160,,slot_13,0
gopro23,160,,slot_14,0
gopro23,160,,slot_15,0
gopro23,160,,slot_16,0
gopro23,160,,slot_17,0
gopro23,160,,slot_18,0
gopro23,160,,slot_19,0
gopro23,160,,slot_20,0
gopro23,161,,slot_00,0
gopro23,161,,slot_01,0
gopro23,161,,slot_02,0
gopro23,161,,slot_03,0
gopro23,161,,slot_04,1
gopro23,161,,slot_05,0
gopro23,161,,slot_06,0
gopro23,161,,slot_07,0
gopro23,161,,slot_08,0
gopro23,161,,slot_09,0
gopro23,161,,slot_10,0
gopro23,161,,slot_11,0
gopro23,161,,slot_12,0
gopro23,161,,slot_13,0
gopro23,161,,slot_14,0
gopro23,161,,slot_15,0
gopro23,161,,slot_16,0
gopro23,161,,slot_17,0
gopro23,161,,slot_18,0
gopro23,161,,slot_19,0
gopro23,161,,slot_20,0
gopro24,55,,slot_00,0
gopro24,55,,slot_01,0
gopro24,55,,slot_02,1
gopro24,55,,slot_03,0
gopro24,55,,slot_04,0
gopro24,55,,slot_05,0
gopro24,55,,slot_06,0
gopro24,55,,slot_07,1
gopro24,55,,slot_08,0
gopro24,55,,slot_09,0
gopro24,55,,slot_10,0
gopro24,55,,slot_11,1
gopro24,55,,slot_12,0
gopro24,55,,slot_13,1
gopro24,55,,slot_14,0
gopro24,55,,slot_15,0
gopro24,55,,slot_16,1
gopro24,55,,slot_17,0
gopro24,55,,slot_18,0
gopro24,55,,slot_19,0
gopro24,55,,slot_20,0
gopro24,56,,slot_00,0
gopro24,56,,slot_01,0
gopro24,56,,slot_02,1
gopro24,56,,slot_03,0
gopro24,56,,slot_04,0
gopro24,56,,slot_05,0
gopro24,56,,slot_06,0
gopro24,56,,slot_07,1
gopro24,56,,slot_08,0
gopro24,56,,slot_09,0
gopro24,56,,slot_10,0
gopro24,56,,slot_11,1
gopro24,56,,slot_12,0
gopro24,56,,slot_13,1
gopro24,56,,slot_14,0
gopro24,56,,slot_15,0
gopro24,56,,slot_16,1
gopro24,56,,slot_17,0
gopro24,56,,slot_18,0
gopro24,56,,slot_19,0
gopro24,56,,slot_20,0
gopro24,58,,slot_00,0
gopro24,58,,slot_01,0
gopro24,58,,slot_02,0
gopro24,58,,slot_03,0
gopro24,58,,slot_04,0
gopro24,58,,slot_05,0
gopro24,58,,slot_06,0
gopro24,58,,slot_07,1
gopro24,58,,slot_08,0
gopro24,58,,slot_09,0
gopro24,58,,slot_10,0
gopro24,58,,slot_11,1
gopro24,58,,slot_12,0
gopro24,58,,slot_13,1
gopro24,58,,slot_14,0
gopro24,58,,slot_15,0
gopro24,58,,slot_16,1
gopro24,58,,slot_17,0
gopro24,58,,slot_18,0
gopro24,58,,slot_19,0
gopro24,58,,slot_20,0
gopro24,59,,slot_00,0
gopro24,59,,slot_01,0
gopro24,59,,slot_02,0
gopro24,59,,slot_03,0
gopro24,59,,slot_04,0
gopro24,59,,slot_05,0
gopro24,59,,slot_06,0
gopro24,59,,slot_07,1
gopro24,59,,slot_08,0
gopro24,59,,slot_09,0
gopro24,59,,slot_10,0
gopro24,59,,slot_11,1
gopro24,59,,slot_12,0
gopro24,59,,slot_13,1
gopro24,59,,slot_14,0
gopro24,59,,slot_15,0
gopro24,59,,slot_16,1
gopro24,59,,slot_17,0
gopro24,59,,slot_18,0
gopro24,59,,slot_19,0
gopro24,59,,slot_20,0
gopro24,60,,slot_00,0
gopro24,60,,slot_01,0
gopro24,60,,slot_02,0
gopro24,60,,slot_03,0
gopro24,60,,slot_04,0
gopro24,60,,slot_05,0
gopro24,60,,slot_06,0
gopro24,60,,slot_07,1
gopro24,60,,slot_08,0
gopro24,60,,slot_09,0
gopro24,60,,slot_10,0
gopro24,60,,slot_11,1
gopro24,60,,slot_12,0
gopro24,60,,slot_13,1
gopro24,60,,slot_14,0
gopro24,60,,slot_15,0
gopro24,60,,slot_16,1
gopro24,60,,slot_17,0
gopro24,60,,slot_18,0
gopro24,60,,slot_19,0
gopro24,60,,slot_20,0
gopro24,61,,slot_00,0
gopro24,61,,slot_01,0
gopro24,61,,slot_02,0
gopro24,61,,slot_03,0
gopro24,61,,slot_04,0
gopro24,61,,slot_05,0
gopro24,61,,slot_06,0
gopro24,61,,slot_07,1
gopro24,61,,slot_08,0
gopro24,61,,slot_09,0
gopro24,61,,slot_10,0
gopro24,61,,slot_11,1
gopro24,61,,slot_12,0
gopro24,61,,slot_13,1
gopro24,61,,slot_14,0
gopro24,61,,slot_15,0
gopro24,61,,slot_16,1
gopro24,61,,slot_17,0
gopro24,61,,slot_18,0
gopro24,61,,slot_19,0
gopro24,61,,slot_20,0
gopro24,62,,slot_00,0
gopro24,62,,slot_01,0
gopro24,62,,slot_02,0
gopro24,62,,slot_03,0
gopro24,62,,slot_04,0
gopro24,62,,slot_05,0
gopro24,62,,slot_06,0
gopro24,62,,slot_07,1
gopro24,62,,slot_08,0
gopro24,62,,slot_09,0
gopro24,62,,slot_10,0
gopro24,62,,slot_11,1
gopro24,62,,slot_12,0
gopro24,62,,slot_13,1
gopro24,62,,slot_14,0
gopro24,62,,slot_15,0
gopro24,62,,slot_16,1
gopro24,62,,slot_17,0
gopro24,62,,slot_18,0
gopro24,62,,slot_19,0
gopro24,62,,slot_20,0
gopro24,63,,slot_00,0
gopro24,63,,slot_01,0
gopro24,63,,slot_02,0
gopro24,63,,slot_03,0
gopro24,63,,slot_04,0
gopro24,63,,slot_05,0
gopro24,63,,slot_06,0
gopro24,63,,slot_07,1
gopro24,63,,slot_08,0
gopro24,63,,slot_09,0
gopro24,63,,slot_10,0
gopro24,63,,slot_11,1
gopro24,63,,slot_12,0
gopro24,63,,slot_13,1
gopro24,63,,slot_14,0
gopro24,63,,slot_15,0
gopro24,63,,slot_16,1
gopro24,63,,slot_17,0
gopro24,63,,slot_18,0
gopro24,63,,slot_19,0
gopro24,63,,slot_20,0
gopro24,64,,slot_00,0
gopro24,64,,slot_01,0
gopro24,64,,slot_02,0
gopro24,64,,slot_03,0
gopro24,64,,slot_04,0
gopro24,64,,slot_05,0
gopro24,64,,slot_06,0
gopro24,64,,slot_07,1
gopro24,64,,slot_08,0
gopro24,64,,slot_09,0
gopro24,64,,slot_10,0
gopro24,64,,slot_11,1
gopro24,64,,slot_12,0
gopro24,64,,slot_13,1
gopro24,64,,slot_14,0
gopro24,64,,slot_15,0
gopro24,64,,slot_16,1
gopro24,64,,slot_17,0
gopro24,64,,slot_18,0
gopro24,64,,slot_19,0
gopro24,64,,slot_20,0
gopro24,65,,slot_00,0
gopro24,65,,slot_01,0
gopro24,65,,slot_02,0
gopro24,65,,slot_03,0
gopro24,65,,slot_04,0
gopro24,65,,slot_05,0
gopro24,65,,slot_06,0
gopro24,65,,slot_07,0
gopro24,65,,slot_08,0
gopro24,65,,slot_09,0
gopro24,65,,slot_10,0
gopro24,65,,slot_11,1
gopro24,65,,slot_12,0
gopro24,65,,slot_13,1
gopro24,65,,slot_14,0
gopro24,65,,slot_15,0
gopro24,65,,slot_16,1
gopro24,65,,slot_17,0
gopro24,65,,slot_18,0
gopro24,65,,slot_19,0
gopro24,65,,slot_20,0
gopro24,66,,slot_00,0
gopro24,66,,slot_01,0
gopro24,66,,slot_02,0
gopro24,66,,slot_03,0
gopro24,66,,slot_04,0
gopro24,66,,slot_05,0
gopro24,66,,slot_06,0
gopro24,66,,slot_07,0
gopro24,66,,slot_08,0
gopro24,66,,slot_09,0
gopro24,66,,slot_10,0
gopro24,66,,slot_11,1
gopro24,66,,slot_12,0
gopro24,66,,slot_13,1
gopro24,66,,slot_14,0
gopro24,66,,slot_15,0
gopro24,66,,slot_16,1
gopro24,66,,slot_17,0
gopro24,66,,slot_18,0
gopro24,66,,slot_19,0
gopro24,66,,slot_20,0
gopro24,67,,slot_00,0
gopro24,67,,slot_01,0
gopro24,67,,slot_02,0
gopro24,67,,slot_03,0
gopro24,67,,slot_04,0
gopro24,67,,slot_05,0
gopro24,67,,slot_06,0
gopro24,67,,slot_07,0
gopro24,67,,slot_08,0
gopro24,67,,slot_09,0
gopro24,67,,slot_10,0
gopro24,67,,slot_11,1
gopro24,67,,slot_12,0
gopro24,67,,slot_13,1
gopro24,67,,slot_14,0
gopro24,67,,slot_15,0
gopro24,67,,slot_16,1
gopro24,67,,slot_17,0
gopro24,67,,slot_18,0
gopro24,67,,slot_19,0
gopro24,67,,slot_20,0
gopro24,68,,slot_00,0
gopro24,68,,slot_01,0
gopro24,68,,slot_02,0
gopro24,68,,slot_03,0
gopro24,68,,slot_04,0
gopro24,68,,slot_05,0
gopro24,68,,slot_06,0
gopro24,68,,slot_07,0
gopro24,68,,slot_08,0
gopro24,68,,slot_09,0
gopro24,68,,slot_10,0
gopro24,68,,slot_11,1
gopro24,68,,slot_12,0
gopro24,68,,slot_13,1
gopro24,68,,slot_14,0
gopro24,68,,slot_15,0
gopro24,68,,slot_16,1
gopro24,68,,slot_17,0
gopro24,68,,slot_18,0
gopro24,68,,slot_19,0
gopro24,68,,slot_20,0
gopro24,69,,slot_00,0
gopro24,69,,slot_01,0
gopro24,69,,slot_02,0
gopro24,69,,slot_03,0
gopro24,69,,slot_04,0
gopro24,69,,slot_05,0
gopro24,69,,slot_06,0
gopro24,69,,slot_07,0
gopro24,69,,slot_08,0
gopro24,69,,slot_09,0
gopro24,69,,slot_10,0
gopro24,69,,slot_11,1
gopro24,69,,slot_12,0
gopro24,69,,slot_13,1
gopro24,69,,slot_14,0
gopro24,69,,slot_15,0
gopro24,69,,slot_16,1
gopro24,69,,slot_17,0
gopro24,69,,slot_18,0
gopro24,69,,slot_19,0
gopro24,69,,slot_20,0
gopro24,70,,slot_00,0
gopro24,70,,slot_01,0
gopro24,70,,slot_02,0
gopro24,70,,slot_03,0
gopro24,70,,slot_04,0
gopro24,70,,slot_05,0
gopro24,70,,slot_06,0
gopro24,70,,slot_07,0
gopro24,70,,slot_08,0
gopro24,70,,slot_09,0
gopro24,70,,slot_10,0
gopro24,70,,slot_11,1
gopro24,70,,slot_12,0
gopro24,70,,slot_13,1
gopro24,70,,slot_14,0
gopro24,70,,slot_15,0
gopro24,70,,slot_16,1
gopro24,70,,slot_17,0
gopro24,70,,slot_18,0
gopro24,70,,slot_19,0
gopro24,70,,slot_20,0
gopro24,71,,slot_00,0
gopro24,71,,slot_01,0
gopro24,71,,slot_02,0
gopro24,71,,slot_03,0
gopro24,71,,slot_04,0
gopro24,71,,slot_05,0
gopro24,71,,slot_06,0
gopro24,71,,slot_07,0
gopro24,71,,slot_08,0
gopro24,71,,slot_09,0
gopro24,71,,slot_10,0
gopro24,71,,slot_11,1
gopro24,71,,slot_12,0
gopro24,71,,slot_13,1
gopro24,71,,slot_14,0
gopro24,71,,slot_15,0
gopro24,71,,slot_16,1
gopro24,71,,slot_17,0
gopro24,71,,slot_18,0
gopro24,71,,slot_19,0
gopro24,71,,slot_20,0
gopro24,72,,slot_00,0
gopro24,72,,slot_01,0
gopro24,72,,slot_02,0
gopro24,72,,slot_03,0
gopro24,72,,slot_04,0
gopro24,72,,slot_05,0
gopro24,72,,slot_06,0
gopro24,72,,slot_07,0
gopro24,72,,slot_08,0
gopro24,72,,slot_09,0
gopro24,72,,slot_10,0
gopro24,72,,slot_11,1
gopro24,72,,slot_12,0
gopro24,72,,slot_13,1
gopro24,72,,slot_14,0
gopro24,72,,slot_15,0
gopro24,72,,slot_16,1
gopro24,72,,slot_17,0
gopro24,72,,slot_18,0
gopro24,72,,slot_19,0
gopro24,72,,slot_20,0
gopro24,73,,slot_00,0
gopro24,73,,slot_01,0
gopro24,73,,slot_02,0
gopro24,73,,slot_03,0
gopro24,73,,slot_04,0
gopro24,73,,slot_05,0
gopro24,73,,slot_06,0
gopro24,73,,slot_07,0
gopro24,73,,slot_08,0
gopro24,73,,slot_09,0
gopro24,73,,slot_10,0
gopro24,73,,slot_11,1
gopro24,73,,slot_12,0
gopro24,73,,slot_13,1
gopro24,73,,slot_14,0
gopro24,73,,slot_15,0
gopro24,73,,slot_16,1
gopro24,73,,slot_17,0
gopro24,73,,slot_18,0
gopro24,73,,slot_19,0
gopro24,73,,slot_20,0
gopro24,74,,slot_00,0
gopro24,74,,slot_01,0
gopro24,74,,slot_02,0
gopro24,74,,slot_03,0
gopro24,74,,slot_04,0
gopro24,74,,slot_05,0
gopro24,74,,slot_06,0
gopro24,74,,slot_07,0
gopro24,74,,slot_08,0
gopro24,74,,slot_09,0
gopro24,74,,slot_10,0
gopro24,74,,slot_11,1
gopro24,74,,slot_12,0
gopro24,74,,slot_13,1
gopro24,74,,slot_14,0
gopro24,74,,slot_15,0
gopro24,74,,slot_16,1
gopro24,74,,slot_17,0
gopro24,74,,slot_18,0
gopro24,74,,slot_19,0
gopro24,74,,slot_20,0
gopro24,75,,slot_00,0
gopro24,75,,slot_01,0
gopro24,75,,slot_02,0
gopro24,75,,slot_03,0
gopro24,75,,slot_04,0
gopro24,75,,slot_05,0
gopro24,75,,slot_06,0
gopro24,75,,slot_07,0
gopro24,75,,slot_08,0
gopro24,75,,slot_09,0
gopro24,75,,slot_10,0
gopro24,75,,slot_11,1
gopro24,75,,slot_12,0
gopro24,75,,slot_13,1
gopro24,75,,slot_14,0
gopro24,75,,slot_15,0
gopro24,75,,slot_16,1
gopro24,75,,slot_17,0
gopro24,75,,slot_18,0
gopro24,75,,slot_19,0
gopro24,75,,slot_20,0
gopro24,76,,slot_00,0
gopro24,76,,slot_01,0
gopro24,76,,slot_02,0
gopro24,76,,slot_03,0
gopro24,76,,slot_04,0
gopro24,76,,slot_05,0
gopro24,76,,slot_06,0
gopro24,76,,slot_07,0
gopro24,76,,slot_08,0
gopro24,76,,slot_09,0
gopro24,76,,slot_10,0
gopro24,76,,slot_11,1
gopro24,76,,slot_12,0
gopro24,76,,slot_13,1
gopro24,76,,slot_14,0
gopro24,76,,slot_15,0
gopro24,76,,slot_16,1
gopro24,76,,slot_17,0
gopro24,76,,slot_18,0
gopro24,76,,slot_19,0
gopro24,76,,slot_20,0
gopro24,77,,slot_00,0
gopro24,77,,slot_01,0
gopro24,77,,slot_02,0
gopro24,77,,slot_03,0
gopro24,77,,slot_04,0
gopro24,77,,slot_05,0
gopro24,77,,slot_06,0
gopro24,77,,slot_07,0
gopro24,77,,slot_08,0
gopro24,77,,slot_09,0
gopro24,77,,slot_10,0
gopro24,77,,slot_11,1
gopro24,77,,slot_12,0
gopro24,77,,slot_13,1
gopro24,77,,slot_14,0
gopro24,77,,slot_15,0
gopro24,77,,slot_16,1
gopro24,77,,slot_17,0
gopro24,77,,slot_18,0
gopro24,77,,slot_19,0
gopro24,77,,slot_20,0
gopro24,78,,slot_00,0
gopro24,78,,slot_01,0
gopro24,78,,slot_02,0
gopro24,78,,slot_03,0
gopro24,78,,slot_04,0
gopro24,78,,slot_05,0
gopro24,78,,slot_06,0
gopro24,78,,slot_07,0
gopro24,78,,slot_08,0
gopro24,78,,slot_09,0
gopro24,78,,slot_10,0
gopro24,78,,slot_11,1
gopro24,78,,slot_12,0
gopro24,78,,slot_13,1
gopro24,78,,slot_14,0
gopro24,78,,slot_15,0
gopro24,78,,slot_16,1
gopro24,78,,slot_17,0
gopro24,78,,slot_18,0
gopro24,78,,slot_19,0
gopro24,78,,slot_20,0
gopro24,79,,slot_00,0
gopro24,79,,slot_01,0
gopro24,79,,slot_02,0
gopro24,79,,slot_03,0
gopro24,79,,slot_04,0
gopro24,79,,slot_05,0
gopro24,79,,slot_06,0
gopro24,79,,slot_07,0
gopro24,79,,slot_08,0
gopro24,79,,slot_09,0
gopro24,79,,slot_10,0
gopro24,79,,slot_11,1
gopro24,79,,slot_12,0
gopro24,79,,slot_13,1
gopro24,79,,slot_14,0
gopro24,79,,slot_15,0
gopro24,79,,slot_16,1
gopro24,79,,slot_17,0
gopro24,79,,slot_18,0
gopro24,79,,slot_19,0
gopro24,79,,slot_20,0
gopro24,80,,slot_00,0
gopro24,80,,slot_01,0
gopro24,80,,slot_02,0
gopro24,80,,slot_03,0
gopro24,80,,slot_04,0
gopro24,80,,slot_05,0
gopro24,80,,slot_06,0
gopro24,80,,slot_07,0
gopro24,80,,slot_08,0
gopro24,80,,slot_09,0
gopro24,80,,slot_10,0
gopro24,80,,slot_11,1
gopro24,80,,slot_12,0
gopro24,80,,slot_13,1
gopro24,80,,slot_14,0
gopro24,80,,slot_15,0
gopro24,80,,slot_16,1
gopro24,80,,slot_17,0
gopro24,80,,slot_18,0
gopro24,80,,slot_19,0
gopro24,80,,slot_20,0
gopro24,81,,slot_00,0
gopro24,81,,slot_01,0
gopro24,81,,slot_02,0
gopro24,81,,slot_03,0
gopro24,81,,slot_04,0
gopro24,81,,slot_05,0
gopro24,81,,slot_06,0
gopro24,81,,slot_07,0
gopro24,81,,slot_08,0
gopro24,81,,slot_09,0
gopro24,81,,slot_10,0
gopro24,81,,slot_11,1
gopro24,81,,slot_12,0
gopro24,81,,slot_13,1
gopro24,81,,slot_14,0
gopro24,81,,slot_15,0
gopro24,81,,slot_16,1
gopro24,81,,slot_17,0
gopro24,81,,slot_18,0
gopro24,81,,slot_19,0
gopro24,81,,slot_20,0
gopro24,82,,slot_00,0
gopro24,82,,slot_01,0
gopro24,82,,slot_02,0
gopro24,82,,slot_03,0
gopro24,82,,slot_04,0
gopro24,82,,slot_05,0
gopro24,82,,slot_06,0
gopro24,82,,slot_07,0
gopro24,82,,slot_08,0
gopro24,82,,slot_09,0
gopro24,82,,slot_10,0
gopro24,82,,slot_11,1
gopro24,82,,slot_12,0
gopro24,82,,slot_13,1
gopro24,82,,slot_14,0
gopro24,82,,slot_15,0
gopro24,82,,slot_16,1
gopro24,82,,slot_17,0
gopro24,82,,slot_18,0
gopro24,82,,slot_19,0
gopro24,82,,slot_20,0
gopro24,83,,slot_00,0
gopro24,83,,slot_01,0
gopro24,83,,slot_02,0
gopro24,83,,slot_03,0
gopro24,83,,slot_04,0
gopro24,83,,slot_05,0
gopro24,83,,slot_06,0
gopro24,83,,slot_07,0
gopro24,83,,slot_08,0
gopro24,83,,slot_09,0
gopro24,83,,slot_10,0
gopro24,83,,slot_11,1
gopro24,83,,slot_12,0
gopro24,83,,slot_13,1
gopro24,83,,slot_14,0
gopro24,83,,slot_15,0
gopro24,83,,slot_16,1
gopro24,83,,slot_17,0
gopro24,83,,slot_18,0
gopro24,83,,slot_19,0
gopro24,83,,slot_20,0
gopro24,84,,slot_00,0
gopro24,84,,slot_01,0
gopro24,84,,slot_02,0
gopro24,84,,slot_03,0
gopro24,84,,slot_04,0
gopro24,84,,slot_05,0
gopro24,84,,slot_06,0
gopro24,84,,slot_07,0
gopro24,84,,slot_08,0
gopro24,84,,slot_09,0
gopro24,84,,slot_10,0
gopro24,84,,slot_11,1
gopro24,84,,slot_12,0
gopro24,84,,slot_13,1
gopro24,84,,slot_14,0
gopro24,84,,slot_15,0
gopro24,84,,slot_16,1
gopro24,84,,slot_17,0
gopro24,84,,slot_18,0
gopro24,84,,slot_19,0
gopro24,84,,slot_20,0
gopro24,85,,slot_00,0
gopro24,85,,slot_01,0
gopro24,85,,slot_02,0
gopro24,85,,slot_03,0
gopro24,85,,slot_04,0
gopro24,85,,slot_05,0
gopro24,85,,slot_06,0
gopro24,85,,slot_07,0
gopro24,85,,slot_08,0
gopro24,85,,slot_09,0
gopro24,85,,slot_10,0
gopro24,85,,slot_11,1
gopro24,85,,slot_12,0
gopro24,85,,slot_13,1
gopro24,85,,slot_14,0
gopro24,85,,slot_15,0
gopro24,85,,slot_16,1
gopro24,85,,slot_17,0
gopro24,85,,slot_18,0
gopro24,85,,slot_19,0
gopro24,85,,slot_20,0
gopro25,39,,slot_00,0
gopro25,39,,slot_01,0
gopro25,39,,slot_02,0
gopro25,39,,slot_03,1
gopro25,39,,slot_04,1
gopro25,39,,slot_05,1
gopro25,39,,slot_06,0
gopro25,39,,slot_07,0
gopro25,39,,slot_08,1
gopro25,39,,slot_09,0
gopro25,39,,slot_10,0
gopro25,39,,slot_11,1
gopro25,39,,slot_12,0
gopro25,39,,slot_13,0
gopro25,39,,slot_14,0
gopro25,39,,slot_15,0
gopro25,39,,slot_16,1
gopro25,39,,slot_17,0
gopro25,39,,slot_18,0
gopro25,39,,slot_19,0
gopro25,39,,slot_20,1
gopro25,40,,slot_00,0
gopro25,40,,slot_01,0
gopro25,40,,slot_02,0
gopro25,40,,slot_03,1
gopro25,40,,slot_04,1
gopro25,40,,slot_05,1
gopro25,40,,slot_06,0
gopro25,40,,slot_07,0
gopro25,40,,slot_08,0
gopro25,40,,slot_09,0
gopro25,40,,slot_10,0
gopro25,40,,slot_11,1
gopro25,40,,slot_12,0
gopro25,40,,slot_13,0
gopro25,40,,slot_14,0
gopro25,40,,slot_15,0
gopro25,40,,slot_16,1
gopro25,40,,slot_17,0
gopro25,40,,slot_18,0
gopro25,40,,slot_19,0
gopro25,40,,slot_20,1
gopro25,41,,slot_00,0
gopro25,41,,slot_01,0
gopro25,41,,slot_02,0
gopro25,41,,slot_03,1
gopro25,41,,slot_04,1
gopro25,41,,slot_05,1
gopro25,41,,slot_06,0
gopro25,41,,slot_07,0
gopro25,41,,slot_08,0
gopro25,41,,slot_09,0
gopro25,41,,slot_10,0
gopro25,41,,slot_11,1
gopro25,41,,slot_12,0
gopro25,41,,slot_13,0
gopro25,41,,slot_14,0
gopro25,41,,slot_15,0
gopro25,41,,slot_16,1
gopro25,41,,slot_17,0
gopro25,41,,slot_18,0
gopro25,41,,slot_19,0
gopro25,41,,slot_20,1
gopro26,109,,slot_00,1
gopro26,109,,slot_01,0
gopro26,109,,slot_02,0
gopro26,109,,slot_03,1
gopro26,109,,slot_04,0
gopro26,109,,slot_05,0
gopro26,109,,slot_06,0
gopro26,109,,slot_07,0
gopro26,109,,slot_08,0
gopro26,109,,slot_09,0
gopro26,109,,slot_10,0
gopro26,109,,slot_11,0
gopro26,109,,slot_12,0
gopro26,109,,slot_13,0
gopro26,109,,slot_14,0
gopro26,109,,slot_15,1
gopro26,109,,slot_16,1
gopro26,109,,slot_17,0
gopro26,109,,slot_18,0
gopro26,109,,slot_19,0
gopro26,109,,slot_20,0
gopro26,110,,slot_00,1
gopro26,110,,slot_01,0
gopro26,110,,slot_02,0
gopro26,110,,slot_03,1
gopro26,110,,slot_04,0
gopro26,110,,slot_05,0
gopro26,110,,slot_06,0
gopro26,110,,slot_07,0
gopro26,110,,slot_08,0
gopro26,110,,slot_09,0
gopro26,110,,slot_10,0
gopro26,110,,slot_11,0
gopro26,110,,slot_12,0
gopro26,110,,slot_13,0
gopro26,110,,slot_14,0
gopro26,110,,slot_15,1
gopro26,110,,slot_16,1
gopro26,110,,slot_17,0
gopro26,110,,slot_18,0
gopro26,110,,slot_19,0
gopro26,110,,slot_20,0
gopro26,111,,slot_00,0
gopro26,111,,slot_01,0
gopro26,111,,slot_02,0
gopro26,111,,slot_03,1
gopro26,111,,slot_04,0
gopro26,111,,slot_05,0
gopro26,111,,slot_06,0
gopro26,111,,slot_07,0
gopro26,111,,slot_08,0
gopro26,111,,slot_09,0
gopro26,111,,slot_10,0
gopro26,111,,slot_11,0
gopro26,111,,slot_12,0
gopro26,111,,slot_13,0
gopro26,111,,slot_14,0
gopro26,111,,slot_15,1
gopro26,111,,slot_16,1
gopro26,111,,slot_17,0
gopro26,111,,slot_18,0
gopro26,111,,slot_19,0
gopro26,111,,slot_20,0
gopro26,112,,slot_00,0
gopro26,112,,slot_01,0
gopro26,112,,slot_02,0
gopro26,112,,slot_03,1
gopro26,112,,slot_04,0
gopro26,112,,slot_05,0
gopro26,112,,slot_06,0
gopro26,112,,slot_07,0
gopro26,112,,slot_08,0
gopro26,112,,slot_09,0
gopro26,112,,slot_10,0
gopro26,112,,slot_11,0
gopro26,112,,slot_12,0
gopro26,112,,slot_13,0
gopro26,112,,slot_14,0
gopro26,112,,slot_15,1
gopro26,112,,slot_16,1
gopro26,112,,slot_17,0
gopro26,112,,slot_18,0
gopro26,112,,slot_19,0
gopro26,112,,slot_20,0
gopro26,113,,slot_00,0
gopro26,113,,slot_01,0
gopro26,113,,slot_02,0
gopro26,113,,slot_03,0
gopro26,113,,slot_04,0
gopro26,113,,slot_05,0
gopro26,113,,slot_06,0
gopro26,113,,slot_07,0
gopro26,113,,slot_08,0
gopro26,113,,slot_09,0
gopro26,113,,slot_10,0
gopro26,113,,slot_11,0
gopro26,113,,slot_12,0
gopro26,113,,slot_13,0
gopro26,113,,slot_14,0
gopro26,113,,slot_15,1
gopro26,113,,slot_16,1
gopro26,113,,slot_17,0
gopro26,113,,slot_18,0
gopro26,113,,slot_19,0
gopro26,113,,slot_20,0
gopro26,114,,slot_00,0
gopro26,114,,slot_01,0
gopro26,114,,slot_02,0
gopro26,114,,slot_03,0
gopro26,114,,slot_04,0
gopro26,114,,slot_05,0
gopro26,114,,slot_06,0
gopro26,114,,slot_07,0
gopro26,114,,slot_08,0
gopro26,114,,slot_09,0
gopro26,114,,slot_10,0
gopro26,114,,slot_11,0
gopro26,114,,slot_12,0
gopro26,114,,slot_13,0
gopro26,114,,slot_14,0
gopro26,114,,slot_15,1
gopro26,114,,slot_16,1
gopro26,114,,slot_17,0
gopro26,114,,slot_18,0
gopro26,114,,slot_19,0
gopro26,114,,slot_20,0
gopro26,115,,slot_00,0
gopro26,115,,slot_01,0
gopro26,115,,slot_02,0
gopro26,115,,slot_03,0
gopro26,115,,slot_04,0
gopro26,115,,slot_05,0
gopro26,115,,slot_06,0
gopro26,115,,slot_07,0
gopro26,115,,slot_08,0
gopro26,115,,slot_09,0
gopro26,115,,slot_10,0
gopro26,115,,slot_11,0
gopro26,115,,slot_12,0
gopro26,115,,slot_13,0
gopro26,115,,slot_14,0
gopro26,115,,slot_15,1
gopro26,115,,slot_16,1
gopro26,115,,slot_17,0
gopro26,115,,slot_18,0
gopro26,115,,slot_19,0
gopro26,115,,slot_20,0
gopro26,116,,slot_00,0
gopro26,116,,slot_01,0
gopro26,116,,slot_02,0
gopro26,116,,slot_03,0
gopro26,116,,slot_04,0
gopro26,116,,slot_05,0
gopro26,116,,slot_06,0
gopro26,116,,slot_07,0
gopro26,116,,slot_08,0
gopro26,116,,slot_09,0
gopro26,116,,slot_10,0
gopro26,116,,slot_11,0
gopro26,116,,slot_12,0
gopro26,116,,slot_13,0
gopro26,116,,slot_14,0
gopro26,116,,slot_15,1
gopro26,116,,slot_16,1
gopro26,116,,slot_17,0
gopro26,116,,slot_18,0
gopro26,116,,slot_19,0
gopro26,116,,slot_20,0
gopro26,117,,slot_00,0
gopro26,117,,slot_01,0
gopro26,117,,slot_02,0
gopro26,117,,slot_03,0
gopro26,117,,slot_04,0
gopro26,117,,slot_05,0
gopro26,117,,slot_06,0
gopro26,117,,slot_07,0
gopro26,117,,slot_08,0
gopro26,117,,slot_09,0
gopro26,117,,slot_10,0
gopro26,117,,slot_11,0
gopro26,117,,slot_12,0
gopro26,117,,slot_13,0
gopro26,117,,slot_14,0
gopro26,117,,slot_15,1
gopro26,117,,slot_16,1
gopro26,117,,slot_17,0
gopro26,117,,slot_18,0
gopro26,117,,slot_19,0
gopro26,117,,slot_20,0
gopro26,118,,slot_00,0
gopro26,118,,slot_01,0
gopro26,118,,slot_02,0
gopro26,118,,slot_03,0
gopro26,118,,slot_04,0
gopro26,118,,slot_05,0
gopro26,118,,slot_06,0
gopro26,118,,slot_07,0
gopro26,118,,slot_08,0
gopro26,118,,slot_09,0
gopro26,118,,slot_10,0
gopro26,118,,slot_11,0
gopro26,118,,slot_12,0
gopro26,118,,slot_13,0
gopro26,118,,slot_14,0
gopro26,118,,slot_15,1
gopro26,118,,slot_16,1
gopro26,118,,slot_17,0
gopro26,118,,slot_18,0
gopro26,118,,slot_19,0
gopro26,118,,slot_20,0
gopro26,119,,slot_00,0
gopro26,119,,slot_01,0
gopro26,119,,slot_02,0
gopro26,119,,slot_03,0
gopro26,119,,slot_04,0
gopro26,119,,slot_05,0
gopro26,119,,slot_06,0
gopro26,119,,slot_07,0
gopro26,119,,slot_08,0
gopro26,119,,slot_09,0
gopro26,119,,slot_10,0
gopro26,119,,slot_11,0
gopro26,119,,slot_12,0
gopro26,119,,slot_13,0
gopro26,119,,slot_14,0
gopro26,119,,slot_15,1
gopro26,119,,slot_16,1
gopro26,119,,slot_17,0
gopro26,119,,slot_18,0
gopro26,119,,slot_19,0
gopro26,119,,slot_20,0
gopro26,120,,slot_00,0
gopro26,120,,slot_01,0
gopro26,120,,slot_02,0
gopro26,120,,slot_03,0
gopro26,120,,slot_04,0
gopro26,120,,slot_05,0
gopro26,120,,slot_06,0
gopro26,120,,slot_07,0
gopro26,120,,slot_08,0
gopro26,120,,slot_09,0
gopro26,120,,slot_10,0
gopro26,120,,slot_11,0
gopro26,120,,slot_12,0
gopro26,120,,slot_13,0
gopro26,120,,slot_14,0
gopro26,120,,slot_15,1
gopro26,120,,slot_16,1
gopro26,120,,slot_17,0
gopro26,120,,slot_18,0
gopro26,120,,slot_19,0
gopro26,120,,slot_20,0
gopro26,121,,slot_00,0
gopro26,121,,slot_01,0
gopro26,121,,slot_02,0
gopro26,121,,slot_03,0
gopro26,121,,slot_04,0
gopro26,121,,slot_05,0
gopro26,121,,slot_06,0
gopro26,121,,slot_07,0
gopro26,121,,slot_08,0
gopro26,121,,slot_09,0
gopro26,121,,slot_10,0
gopro26,121,,slot_11,0
gopro26,121,,slot_12,0
gopro26,121,,slot_13,0
gopro26,121,,slot_14,0
gopro26,121,,slot_15,1
gopro26,121,,slot_16,1
gopro26,121,,slot_17,0
gopro26,121,,slot_18,0
gopro26,121,,slot_19,0
gopro26,121,,slot_20,0
gopro26,122,,slot_00,0
gopro26,122,,slot_01,0
gopro26,122,,slot_02,0
gopro26,122,,slot_03,0
gopro26,122,,slot_04,0
gopro26,122,,slot_05,0
gopro26,122,,slot_06,0
gopro26,122,,slot_07,0
gopro26,122,,slot_08,0
gopro26,122,,slot_09,0
gopro26,122,,slot_10,0
gopro26,122,,slot_11,0
gopro26,122,,slot_12,0
gopro26,122,,slot_13,0
gopro26,122,,slot_14,0
gopro26,122,,slot_15,1
gopro26,122,,slot_16,1
gopro26,122,,slot_17,0
gopro26,122,,slot_18,0
gopro26,122,,slot_19,0
gopro26,122,,slot_20,0
gopro26,123,,slot_00,0
gopro26,123,,slot_01,0
gopro26,123,,slot_02,0
gopro26,123,,slot_03,0
gopro26,123,,slot_04,0
gopro26,123,,slot_05,0
gopro26,123,,slot_06,0
gopro26,123,,slot_07,0
gopro26,123,,slot_08,0
gopro26,123,,slot_09,0
gopro26,123,,slot_10,0
gopro26,123,,slot_11,0
gopro26,123,,slot_12,0
gopro26,123,,slot_13,0
gopro26,123,,slot_14,0
gopro26,123,,slot_15,1
gopro26,123,,slot_16,1
gopro26,123,,slot_17,0
gopro26,123,,slot_18,0
gopro26,123,,slot_19,0
gopro26,123,,slot_20,0
gopro26,124,,slot_00,0
gopro26,124,,slot_01,0
gopro26,124,,slot_02,0
gopro26,124,,slot_03,0
gopro26,124,,slot_04,0
gopro26,124,,slot_05,0
gopro26,124,,slot_06,0
gopro26,124,,slot_07,0
gopro26,124,,slot_08,0
gopro26,124,,slot_09,0
gopro26,124,,slot_10,0
gopro26,124,,slot_11,0
gopro26,124,,slot_12,0
gopro26,124,,slot_13,0
gopro26,124,,slot_14,0
gopro26,124,,slot_15,1
gopro26,124,,slot_16,1
gopro26,124,,slot_17,0
gopro26,124,,slot_18,0
gopro26,124,,slot_19,0
gopro26,124,,slot_20,0
gopro26,125,,slot_00,0
gopro26,125,,slot_01,0
gopro26,125,,slot_02,0
gopro26,125,,slot_03,0
gopro26,125,,slot_04,0
gopro26,125,,slot_05,0
gopro26,125,,slot_06,0
gopro26,125,,slot_07,0
gopro26,125,,slot_08,0
gopro26,125,,slot_09,0
gopro26,125,,slot_10,0
gopro26,125,,slot_11,0
gopro26,125,,slot_12,0
gopro26,125,,slot_13,0
gopro26,125,,slot_14,0
gopro26,125,,slot_15,1
gopro26,125,,slot_16,1
gopro26,125,,slot_17,0
gopro26,125,,slot_18,0
gopro26,125,,slot_19,0
gopro26,125,,slot_20,0
gopro26,126,,slot_00,0
gopro26,126,,slot_01,0
gopro26,126,,slot_02,0
gopro26,126,,slot_03,0
gopro26,126,,slot_04,0
gopro26,126,,slot_05,0
gopro26,126,,slot_06,0
gopro26,126,,slot_07,0
gopro26,126,,slot_08,0
gopro26,126,,slot_09,0
gopro26,126,,slot_10,0
gopro26,126,,slot_11,0
gopro26,126,,slot_12,0
gopro26,126,,slot_13,0
gopro26,126,,slot_14,0
gopro26,126,,slot_15,0
gopro26,126,,slot_16,0
gopro26,126,,slot_17,0
gopro26,126,,slot_18,0
gopro26,126,,slot_19,0
gopro26,126,,slot_20,0
gopro26,127,,slot_00,0
gopro26,127,,slot_01,0
gopro26,127,,slot_02,0
gopro26,127,,slot_03,0
gopro26,127,,slot_04,0
gopro26,127,,slot_05,0
gopro26,127,,slot_06,0
gopro26,127,,slot_07,0
gopro26,127,,slot_08,0
gopro26,127,,slot_09,0
gopro26,127,,slot_10,0
gopro26,127,,slot_11,0
gopro26,127,,slot_12,0
gopro26,127,,slot_13,0
gopro26,127,,slot_14,0
gopro26,127,,slot_15,0
gopro26,127,,slot_16,0
gopro26,127,,slot_17,0
gopro26,127,,slot_18,0
gopro26,127,,slot_19,0
gopro26,127,,slot_20,0
gopro26,128,,slot_00,0
gopro26,128,,slot_01,0
gopro26,128,,slot_02,0
gopro26,128,,slot_03,0
gopro26,128,,slot_04,0
gopro26,128,,slot_05,0
gopro26,128,,slot_06,0
gopro26,128,,slot_07,0
gopro26,128,,slot_08,0
gopro26,128,,slot_09,0
gopro26,128,,slot_10,0
gopro26,128,,slot_11,0
gopro26,128,,slot_12,0
gopro26,128,,slot_13,0
gopro26,128,,slot_14,0
gopro26,128,,slot_15,0
gopro26,128,,slot_16,0
gopro26,128,,slot_17,0
gopro26,128,,slot_18,0
gopro26,128,,slot_19,0
gopro26,128,,slot_20,0
gopro26,129,,slot_00,0
gopro26,129,,slot_01,0
gopro26,129,,slot_02,0
gopro26,129,,slot_03,0
gopro26,129,,slot_04,0
gopro26,129,,slot_05,0
gopro26,129,,slot_06,0
gopro26,129,,slot_07,0
gopro26,129,,slot_08,0
gopro26,129,,slot_09,0
gopro26,129,,slot_10,0
gopro26,129,,slot_11,0
gopro26,129,,slot_12,0
gopro26,129,,slot_13,0
gopro26,129,,slot_14,0
gopro26,129,,slot_15,0
gopro26,129,,slot_16,0
gopro26,129,,slot_17,0
gopro26,129,,slot_18,0
gopro26,129,,slot_19,0
gopro26,129,,slot_20,0
gopro26,130,,slot_00,0
gopro26,130,,slot_01,0
gopro26,130,,slot_02,0
gopro26,130,,slot_03,0
gopro26,130,,slot_04,0
gopro26,130,,slot_05,0
gopro26,130,,slot_06,0
gopro26,130,,slot_07,0
gopro26,130,,slot_08,0
gopro26,130,,slot_09,0
gopro26,130,,slot_10,0
gopro26,130,,slot_11,0
gopro26,130,,slot_12,0
gopro26,130,,slot_13,0
gopro26,130,,slot_14,0
gopro26,130,,slot_15,0
gopro26,130,,slot_16,0
gopro26,130,,slot_17,0
gopro26,130,,slot_18,0
gopro26,130,,slot_19,0
gopro26,130,,slot_20,0
gopro26,131,,slot_00,0
gopro26,131,,slot_01,0
gopro26,131,,slot_02,0
gopro26,131,,slot_03,0
gopro26,131,,slot_04,0
gopro26,131,,slot_05,0
gopro26,131,,slot_06,0
gopro26,131,,slot_07,0
gopro26,131,,slot_08,0
gopro26,131,,slot_09,0
gopro26,131,,slot_10,0
gopro26,131,,slot_11,0
gopro26,131,,slot_12,0
gopro26,131,,slot_13,0
gopro26,131,,slot_14,0
gopro26,131,,slot_15,0
gopro26,131,,slot_16,0
gopro26,131,,slot_17,0
gopro26,131,,slot_18,0
gopro26,131,,slot_19,0
gopro26,131,,slot_20,0
gopro26,132,,slot_00,0
gopro26,132,,slot_01,0
gopro26,132,,slot_02,0
gopro26,132,,slot_03,0
gopro26,132,,slot_04,0
gopro26,132,,slot_05,0
gopro26,132,,slot_06,0
gopro26,132,,slot_07,0
gopro26,132,,slot_08,0
gopro26,132,,slot_09,0
gopro26,132,,slot_10,0
gopro26,132,,slot_11,0
gopro26,132,,slot_12,0
gopro26,132,,slot_13,0
gopro26,132,,slot_14,0
gopro26,132,,slot_15,0
gopro26,132,,slot_16,0
gopro26,132,,slot_17,0
gopro26,132,,slot_18,0
gopro26,132,,slot_19,0
gopro26,132,,slot_20,0
gopro26,133,,slot_00,0
gopro26,133,,slot_01,0
gopro26,133,,slot_02,0
gopro26,133,,slot_03,0
gopro26,133,,slot_04,0
gopro26,133,,slot_05,0
gopro26,133,,slot_06,0
gopro26,133,,slot_07,0
gopro26,133,,slot_08,0
gopro26,133,,slot_09,0
gopro26,133,,slot_10,0
gopro26,133,,slot_11,0
gopro26,133,,slot_12,0
gopro26,133,,slot_13,0
gopro26,133,,slot_14,0
gopro26,133,,slot_15,0
gopro26,133,,slot_16,0
gopro26,133,,slot_17,0
gopro26,133,,slot_18,0
gopro26,133,,slot_19,0
gopro26,133,,slot_20,0
gopro26,134,,slot_00,0
gopro26,134,,slot_01,0
gopro26,134,,slot_02,0
gopro26,134,,slot_03,0
gopro26,134,,slot_04,0
gopro26,134,,slot_05,0
gopro26,134,,slot_06,0
gopro26,134,,slot_07,0
gopro26,134,,slot_08,0
gopro26,134,,slot_09,0
gopro26,134,,slot_10,0
gopro26,134,,slot_11,0
gopro26,134,,slot_12,0
gopro26,134,,slot_13,0
gopro26,134,,slot_14,0
gopro26,134,,slot_15,0
gopro26,134,,slot_16,0
gopro26,134,,slot_17,0
gopro26,134,,slot_18,0
gopro26,134,,slot_19,0
gopro26,134,,slot_20,0
gopro26,135,,slot_00,0
gopro26,135,,slot_01,0
gopro26,135,,slot_02,0
gopro26,135,,slot_03,0
gopro26,135,,slot_04,0
gopro26,135,,slot_05,0
gopro26,135,,slot_06,0
gopro26,135,,slot_07,0
gopro26,135,,slot_08,0
gopro26,135,,slot_09,0
gopro26,135,,slot_10,0
gopro26,135,,slot_11,0
gopro26,135,,slot_12,0
gopro26,135,,slot_13,0
gopro26,135,,slot_14,0
gopro26,135,,slot_15,0
gopro26,135,,slot_16,0
gopro26,135,,slot_17,0
gopro26,135,,slot_18,0
gopro26,135,,slot_19,0
gopro26,135,,slot_20,0
gopro26,136,,slot_00,0
gopro26,136,,slot_01,0
gopro26,136,,slot_02,0
gopro26,136,,slot_03,0
gopro26,136,,slot_04,0
gopro26,136,,slot_05,0
gopro26,136,,slot_06,0
gopro26,136,,slot_07,0
gopro26,136,,slot_08,0
gopro26,136,,slot_09,0
gopro26,136,,slot_10,0
gopro26,136,,slot_11,0
gopro26,136,,slot_12,0
gopro26,136,,slot_13,0
gopro26,136,,slot_14,0
gopro26,136,,slot_15,0
gopro26,136,,slot_16,0
gopro26,136,,slot_17,0
gopro26,136,,slot_18,0
gopro26,136,,slot_19,0
gopro26,136,,slot_20,0
gopro30,131,,slot_00,0
gopro30,131,,slot_01,0
gopro30,131,,slot_02,0
gopro30,131,,slot_03,0
gopro30,131,,slot_04,0
gopro30,131,,slot_05,0
gopro30,131,,slot_06,0
gopro30,131,,slot_07,0
gopro30,131,,slot_08,0
gopro30,131,,slot_09,0
gopro30,131,,slot_10,0
gopro30,131,,slot_11,0
gopro30,131,,slot_12,0
gopro30,131,,slot_13,0
gopro30,131,,slot_14,0
gopro30,131,,slot_15,0
gopro30,131,,slot_16,0
gopro30,131,,slot_17,0
gopro30,131,,slot_18,1
gopro30,131,,slot_19,1
gopro30,131,,slot_20,0
gopro30,132,,slot_00,0
gopro30,132,,slot_01,0
gopro30,132,,slot_02,0
gopro30,132,,slot_03,0
gopro30,132,,slot_04,0
gopro30,132,,slot_05,0
gopro30,132,,slot_06,0
gopro30,132,,slot_07,0
gopro30,132,,slot_08,0
gopro30,132,,slot_09,0
gopro30,132,,slot_10,0
gopro30,132,,slot_11,0
gopro30,132,,slot_12,0
gopro30,132,,slot_13,0
gopro30,132,,slot_14,0
gopro30,132,,slot_15,0
gopro30,132,,slot_16,0
gopro30,132,,slot_17,0
gopro30,132,,slot_18,0
gopro30,132,,slot_19,0
gopro30,132,,slot_20,0
gopro33,43,,slot_00,0
gopro33,43,,slot_01,0
gopro33,43,,slot_02,0
gopro33,43,,slot_03,0
gopro33,43,,slot_04,0
gopro33,43,,slot_05,0
gopro33,43,,slot_06,0
gopro33,43,,slot_07,0
gopro33,43,,slot_08,0
gopro33,43,,slot_09,0
gopro33,43,,slot_10,0
gopro33,43,,slot_11,0
gopro33,43,,slot_12,0
gopro33,43,,slot_13,0
gopro33,43,,slot_14,0
gopro33,43,,slot_15,0
gopro33,43,,slot_16,0
gopro33,43,,slot_17,0
gopro33,43,,slot_18,1
gopro33,43,,slot_19,1
gopro33,43,,slot_20,0
gopro33,44,,slot_00,0
gopro33,44,,slot_01,0
gopro33,44,,slot_02,0
gopro33,44,,slot_03,0
gopro33,44,,slot_04,0
gopro33,44,,slot_05,0
gopro33,44,,slot_06,0
gopro33,44,,slot_07,0
gopro33,44,,slot_08,0
gopro33,44,,slot_09,0
gopro33,44,,slot_10,0
gopro33,44,,slot_11,0
gopro33,44,,slot_12,0
gopro33,44,,slot_13,0
gopro33,44,,slot_14,0
gopro33,44,,slot_15,0
gopro33,44,,slot_16,0
gopro33,44,,slot_17,0
gopro33,44,,slot_18,1
gopro33,44,,slot_19,1
gopro33,44,,slot_20,0
gopro33,45,,slot_00,0
gopro33,45,,slot_01,0
gopro33,45,,slot_02,0
gopro33,45,,slot_03,0
gopro33,45,,slot_04,0
gopro33,45,,slot_05,0
gopro33,45,,slot_06,0
gopro33,45,,slot_07,0
gopro33,45,,slot_08,0
gopro33,45,,slot_09,0
gopro33,45,,slot_10,0
gopro33,45,,slot_11,0
gopro33,45,,slot_12,0
gopro33,45,,slot_13,0
gopro33,45,,slot_14,0
gopro33,45,,slot_15,0
gopro33,45,,slot_16,0
gopro33,45,,slot_17,0
gopro33,45,,slot_18,1
gopro33,45,,slot_19,1
gopro33,45,,slot_20,0
gopro33,46,,slot_00,0
gopro33,46,,slot_01,0
gopro33,46,,slot_02,0
gopro33,46,,slot_03,0
gopro33,46,,slot_04,0
gopro33,46,,slot_05,0
gopro33,46,,slot_06,0
gopro33,46,,slot_07,0
gopro33,46,,slot_08,0
gopro33,46,,slot_09,0
gopro33,46,,slot_10,0
gopro33,46,,slot_11,0
gopro33,46,,slot_12,0
gopro33,46,,slot_13,0
gopro33,46,,slot_14,0
gopro33,46,,slot_15,0
gopro33,46,,slot_16,0
gopro33,46,,slot_17,0
gopro33,46,,slot_18,1
gopro33,46,,slot_19,1
gopro33,46,,slot_20,0
gopro33,47,,slot_00,0
gopro33,47,,slot_01,0
gopro33,47,,slot_02,0
gopro33,47,,slot_03,0
gopro33,47,,slot_04,0
gopro33,47,,slot_05,0
gopro33,47,,slot_06,0
gopro33,47,,slot_07,0
gopro33,47,,slot_08,0
gopro33,47,,slot_09,0
gopro33,47,,slot_10,0
gopro33,47,,slot_11,0
gopro33,47,,slot_12,0
gopro33,47,,slot_13,0
gopro33,47,,slot_14,0
gopro33,47,,slot_15,0
gopro33,47,,slot_16,0
gopro33,47,,slot_17,0
gopro33,47,,slot_18,1
gopro33,47,,slot_19,1
gopro33,47,,slot_20,0
gopro33,48,,slot_00,0
gopro33,48,,slot_01,0
gopro33,48,,slot_02,0
gopro33,48,,slot_03,0
gopro33,48,,slot_04,0
gopro33,48,,slot_05,0
gopro33,48,,slot_06,0
gopro33,48,,slot_07,0
gopro33,48,,slot_08,0
gopro33,48,,slot_09,0
gopro33,48,,slot_10,0
gopro33,48,,slot_11,0
gopro33,48,,slot_12,0
gopro33,48,,slot_13,0
gopro33,48,,slot_14,0
gopro33,48,,slot_15,0
gopro33,48,,slot_16,0
gopro33,48,,slot_17,0
gopro33,48,,slot_18,1
gopro33,48,,slot_19,1
gopro33,48,,slot_20,0
gopro33,49,,slot_00,0
gopro33,49,,slot_01,0
gopro33,49,,slot_02,0
gopro33,49,,slot_03,0
gopro33,49,,slot_04,0
gopro33,49,,slot_05,0
gopro33,49,,slot_06,0
gopro33,49,,slot_07,0
gopro33,49,,slot_08,0
gopro33,49,,slot_09,0
gopro33,49,,slot_10,0
gopro33,49,,slot_11,0
gopro33,49,,slot_12,0
gopro33,49,,slot_13,0
gopro33,49,,slot_14,0
gopro33,49,,slot_15,0
gopro33,49,,slot_16,0
gopro33,49,,slot_17,0
gopro33,49,,slot_18,1
gopro33,49,,slot_19,1
gopro33,49,,slot_20,0
gopro33,50,,slot_00,0
gopro33,50,,slot_01,0
gopro33,50,,slot_02,0
gopro33,50,,slot_03,0
gopro33,50,,slot_04,0
gopro33,50,,slot_05,0
gopro33,50,,slot_06,0
gopro33,50,,slot_07,0
gopro33,50,,slot_08,0
gopro33,50,,slot_09,0
gopro33,50,,slot_10,0
gopro33,50,,slot_11,0
gopro33,50,,slot_12,0
gopro33,50,,slot_13,0
gopro33,50,,slot_14,0
gopro33,50,,slot_15,0
gopro33,50,,slot_16,0
gopro33,50,,slot_17,0
gopro33,50,,slot_18,1
gopro33,50,,slot_19,1
gopro33,50,,slot_20,0
gopro33,51,,slot_00,0
gopro33,51,,slot_01,0
gopro33,51,,slot_02,0
gopro33,51,,slot_03,0
gopro33,51,,slot_04,0
gopro33,51,,slot_05,0
gopro33,51,,slot_06,0
gopro33,51,,slot_07,0
gopro33,51,,slot_08,0
gopro33,51,,slot_09,0
gopro33,51,,slot_10,0
gopro33,51,,slot_11,0
gopro33,51,,slot_12,0
gopro33,51,,slot_13,0
gopro33,51,,slot_14,0
gopro33,51,,slot_15,0
gopro33,51,,slot_16,0
gopro33,51,,slot_17,0
gopro33,51,,slot_18,1
gopro33,51,,slot_19,1
gopro33,51,,slot_20,0
gopro33,52,,slot_00,0
gopro33,52,,slot_01,0
gopro33,52,,slot_02,0
gopro33,52,,slot_03,0
gopro33,52,,slot_04,0
gopro33,52,,slot_05,0
gopro33,52,,slot_06,0
gopro33,52,,slot_07,0
gopro33,52,,slot_08,0
gopro33,52,,slot_09,0
gopro33,52,,slot_10,0
gopro33,52,,slot_11,0
gopro33,52,,slot_12,0
gopro33,52,,slot_13,0
gopro33,52,,slot_14,0
gopro33,52,,slot_15,0
gopro33,52,,slot_16,0
gopro33,52,,slot_17,0
gopro33,52,,slot_18,1
gopro33,52,,slot_19,1
gopro33,52,,slot_20,0
gopro33,53,,slot_00,0
gopro33,53,,slot_01,0
gopro33,53,,slot_02,0
gopro33,53,,slot_03,0
gopro33,53,,slot_04,0
gopro33,53,,slot_05,0
gopro33,53,,slot_06,0
gopro33,53,,slot_07,0
gopro33,53,,slot_08,0
gopro33,53,,slot_09,0
gopro33,53,,slot_10,0
gopro33,53,,slot_11,0
gopro33,53,,slot_12,0
gopro33,53,,slot_13,0
gopro33,53,,slot_14,0
gopro33,53,,slot_15,0
gopro33,53,,slot_16,0
gopro33,53,,slot_17,0
gopro33,53,,slot_18,1
gopro33,53,,slot_19,1
gopro33,53,,slot_20,0
gopro33,54,,slot_00,0
gopro33,54,,slot_01,0
gopro33,54,,slot_02,0
gopro33,54,,slot_03,0
gopro33,54,,slot_04,0
gopro33,54,,slot_05,0
gopro33,54,,slot_06,0
gopro33,54,,slot_07,0
gopro33,54,,slot_08,0
gopro33,54,,slot_09,0
gopro33,54,,slot_10,0
gopro33,54,,slot_11,0
gopro33,54,,slot_12,0
gopro33,54,,slot_13,0
gopro33,54,,slot_14,0
gopro33,54,,slot_15,0
gopro33,54,,slot_16,0
gopro33,54,,slot_17,0
gopro33,54,,slot_18,1
gopro33,54,,slot_19,1
gopro33,54,,slot_20,0
gopro33,55,,slot_00,0
gopro33,55,,slot_01,0
gopro33,55,,slot_02,0
gopro33,55,,slot_03,0
gopro33,55,,slot_04,0
gopro33,55,,slot_05,0
gopro33,55,,slot_06,0
gopro33,55,,slot_07,0
gopro33,55,,slot_08,0
gopro33,55,,slot_09,0
gopro33,55,,slot_10,0
gopro33,55,,slot_11,0
gopro33,55,,slot_12,0
gopro33,55,,slot_13,0
gopro33,55,,slot_14,0
gopro33,55,,slot_15,0
gopro33,55,,slot_16,0
gopro33,55,,slot_17,0
gopro33,55,,slot_18,1
gopro33,55,,slot_19,1
gopro33,55,,slot_20,0
gopro33,56,,slot_00,0
gopro33,56,,slot_01,0
gopro33,56,,slot_02,0
gopro33,56,,slot_03,0
gopro33,56,,slot_04,0
gopro33,56,,slot_05,0
gopro33,56,,slot_06,0
gopro33,56,,slot_07,0
gopro33,56,,slot_08,0
gopro33,56,,slot_09,0
gopro33,56,,slot_10,0
gopro33,56,,slot_11,0
gopro33,56,,slot_12,0
gopro33,56,,slot_13,0
gopro33,56,,slot_14,0
gopro33,56,,slot_15,0
gopro33,56,,slot_16,0
gopro33,56,,slot_17,0
gopro33,56,,slot_18,1
gopro33,56,,slot_19,1
gopro33,56,,slot_20,0
gopro33,57,,slot_00,0
gopro33,57,,slot_01,0
gopro33,57,,slot_02,0
gopro33,57,,slot_03,0
gopro33,57,,slot_04,0
gopro33,57,,slot_05,0
gopro33,57,,slot_06,0
gopro33,57,,slot_07,0
gopro33,57,,slot_08,0
gopro33,57,,slot_09,0
gopro33,57,,slot_10,0
gopro33,57,,slot_11,0
gopro33,57,,slot_12,0
gopro33,57,,slot_13,0
gopro33,57,,slot_14,0
gopro33,57,,slot_15,0
gopro33,57,,slot_16,0
gopro33,57,,slot_17,0
gopro33,57,,slot_18,1
gopro33,57,,slot_19,1
gopro33,57,,slot_20,0
gopro33,58,,slot_00,0
gopro33,58,,slot_01,0
gopro33,58,,slot_02,0
gopro33,58,,slot_03,0
gopro33,58,,slot_04,0
gopro33,58,,slot_05,0
gopro33,58,,slot_06,0
gopro33,58,,slot_07,0
gopro33,58,,slot_08,0
gopro33,58,,slot_09,0
gopro33,58,,slot_10,0
gopro33,58,,slot_11,0
gopro33,58,,slot_12,0
gopro33,58,,slot_13,0
gopro33,58,,slot_14,0
gopro33,58,,slot_15,0
gopro33,58,,slot_16,0
gopro33,58,,slot_17,0
gopro33,58,,slot_18,1
gopro33,58,,slot_19,1
gopro33,58,,slot_20,0
gopro34,0,,slot_00,0
gopro34,0,,slot_01,0
gopro34,0,,slot_02,0
gopro34,0,,slot_03,0
gopro34,0,,slot_04,0
gopro34,0,,slot_05,0
gopro34,0,,slot_06,0
gopro34,0,,slot_07,0
gopro34,0,,slot_08,0
gopro34,0,,slot_09,0
gopro34,0,,slot_10,0
gopro34,0,,slot_11,0
gopro34,0,,slot_12,0
gopro34,0,,slot_13,0
gopro34,0,,slot_14,0
gopro34,0,,slot_15,0
gopro34,0,,slot_16,0
gopro34,0,,slot_17,0
gopro34,0,,slot_18,0
gopro34,0,,slot_19,1
gopro34,0,,slot_20,0
gopro34,1,,slot_00,0
gopro34,1,,slot_01,0
gopro34,1,,slot_02,0
gopro34,1,,slot_03,0
gopro34,1,,slot_04,0
gopro34,1,,slot_05,0
gopro34,1,,slot_06,0
gopro34,1,,slot_07,0
gopro34,1,,slot_08,0
gopro34,1,,slot_09,0
gopro34,1,,slot_10,0
gopro34,1,,slot_11,0
gopro34,1,,slot_12,0
gopro34,1,,slot_13,0
gopro34,1,,slot_14,0
gopro34,1,,slot_15,0
gopro34,1,,slot_16,0
gopro34,1,,slot_17,0
gopro34,1,,slot_18,0
gopro34,1,,slot_19,1
gopro34,1,,slot_20,0
gopro34,2,,slot_00,0
gopro34,2,,slot_01,0
gopro34,2,,slot_02,0
gopro34,2,,slot_03,0
gopro34,2,,slot_04,0
gopro34,2,,slot_05,0
gopro34,2,,slot_06,0
gopro34,2,,slot_07,0
gopro34,2,,slot_08,0
gopro34,2,,slot_09,0
gopro34,2,,slot_10,0
gopro34,2,,slot_11,0
gopro34,2,,slot_12,0
gopro34,2,,slot_13,0
gopro34,2,,slot_14,0
gopro34,2,,slot_15,0
gopro34,2,,slot_16,0
gopro34,2,,slot_17,0
gopro34,2,,slot_18,0
gopro34,2,,slot_19,1
gopro34,2,,slot_20,0
gopro34,3,,slot_00,0
gopro34,3,,slot_01,0
gopro34,3,,slot_02,0
gopro34,3,,slot_03,0
gopro34,3,,slot_04,0
gopro34,3,,slot_05,0
gopro34,3,,slot_06,0
gopro34,3,,slot_07,0
gopro34,3,,slot_08,0
gopro34,3,,slot_09,0
gopro34,3,,slot_10,0
gopro34,3,,slot_11,0
gopro34,3,,slot_12,0
gopro34,3,,slot_13,0
gopro34,3,,slot_14,0
gopro34,3,,slot_15,0
gopro34,3,,slot_16,0
gopro34,3,,slot_17,0
gopro34,3,,slot_18,0
gopro34,3,,slot_19,1
gopro34,3,,slot_20,0
gopro34,4,,slot_00,0
gopro34,4,,slot_01,0
gopro34,4,,slot_02,0
gopro34,4,,slot_03,0
gopro34,4,,slot_04,0
gopro34,4,,slot_05,0
gopro34,4,,slot_06,0
gopro34,4,,slot_07,0
gopro34,4,,slot_08,0
gopro34,4,,slot_09,0
gopro34,4,,slot_10,0
gopro34,4,,slot_11,0
gopro34,4,,slot_12,0
gopro34,4,,slot_13,0
gopro34,4,,slot_14,0
gopro34,4,,slot_15,0
gopro34,4,,slot_16,0
gopro34,4,,slot_17,0
gopro34,4,,slot_18,0
gopro34,4,,slot_19,1
gopro34,4,,slot_20,0
gopro34,5,,slot_00,0
gopro34,5,,slot_01,0
gopro34,5,,slot_02,0
gopro34,5,,slot_03,0
gopro34,5,,slot_04,0
gopro34,5,,slot_05,0
gopro34,5,,slot_06,0
gopro34,5,,slot_07,0
gopro34,5,,slot_08,0
gopro34,5,,slot_09,0
gopro34,5,,slot_10,0
gopro34,5,,slot_11,0
gopro34,5,,slot_12,0
gopro34,5,,slot_13,0
gopro34,5,,slot_14,0
gopro34,5,,slot_15,0
gopro34,5,,slot_16,0
gopro34,5,,slot_17,0
gopro34,5,,slot_18,0
gopro34,5,,slot_19,1
gopro34,5,,slot_20,0
gopro34,6,,slot_00,0
gopro34,6,,slot_01,0
gopro34,6,,slot_02,0
gopro34,6,,slot_03,0
gopro34,6,,slot_04,0
gopro34,6,,slot_05,0
gopro34,6,,slot_06,0
gopro34,6,,slot_07,0
gopro34,6,,slot_08,0
gopro34,6,,slot_09,0
gopro34,6,,slot_10,0
gopro34,6,,slot_11,0
gopro34,6,,slot_12,0
gopro34,6,,slot_13,0
gopro34,6,,slot_14,0
gopro34,6,,slot_15,0
gopro34,6,,slot_16,0
gopro34,6,,slot_17,0
gopro34,6,,slot_18,0
gopro34,6,,slot_19,1
gopro34,6,,slot_20,0
gopro34,7,,slot_00,0
gopro34,7,,slot_01,0
gopro34,7,,slot_02,0
gopro34,7,,slot_03,0
gopro34,7,,slot_04,0
gopro34,7,,slot_05,0
gopro34,7,,slot_06,0
gopro34,7,,slot_07,0
gopro34,7,,slot_08,0
gopro34,7,,slot_09,0
gopro34,7,,slot_10,0
gopro34,7,,slot_11,0
gopro34,7,,slot_12,0
gopro34,7,,slot_13,0
gopro34,7,,slot_14,0
gopro34,7,,slot_15,0
gopro34,7,,slot_16,0
gopro34,7,,slot_17,0
gopro34,7,,slot_18,0
gopro34,7,,slot_19,1
gopro34,7,,slot_20,0
gopro34,8,,slot_00,0
gopro34,8,,slot_01,0
gopro34,8,,slot_02,0
gopro34,8,,slot_03,0
gopro34,8,,slot_04,0
gopro34,8,,slot_05,0
gopro34,8,,slot_06,0
gopro34,8,,slot_07,0
gopro34,8,,slot_08,0
gopro34,8,,slot_09,0
gopro34,8,,slot_10,0
gopro34,8,,slot_11,0
gopro34,8,,slot_12,0
gopro34,8,,slot_13,0
gopro34,8,,slot_14,0
gopro34,8,,slot_15,0
gopro34,8,,slot_16,0
gopro34,8,,slot_17,0
gopro34,8,,slot_18,0
gopro34,8,,slot_19,1
gopro34,8,,slot_20,0
gopro34,141,,slot_00,0
gopro34,141,,slot_01,0
gopro34,141,,slot_02,0
gopro34,141,,slot_03,0
gopro34,141,,slot_04,0
gopro34,141,,slot_05,0
gopro34,141,,slot_06,0
gopro34,141,,slot_07,0
gopro34,141,,slot_08,0
gopro34,141,,slot_09,0
gopro34,141,,slot_10,0
gopro34,141,,slot_11,0
gopro34,141,,slot_12,0
gopro34,141,,slot_13,0
gopro34,141,,slot_14,0
gopro34,141,,slot_15,1
gopro34,141,,slot_16,1
gopro34,141,,slot_17,1
gopro34,141,,slot_18,0
gopro34,141,,slot_19,0
gopro34,141,,slot_20,0
gopro34,142,,slot_00,0
gopro34,142,,slot_01,0
gopro34,142,,slot_02,0
gopro34,142,,slot_03,0
gopro34,142,,slot_04,0
gopro34,142,,slot_05,0
gopro34,142,,slot_06,0
gopro34,142,,slot_07,0
gopro34,142,,slot_08,0
gopro34,142,,slot_09,0
gopro34,142,,slot_10,0
gopro34,142,,slot_11,0
gopro34,142,,slot_12,0
gopro34,142,,slot_13,0
gopro34,142,,slot_14,0
gopro34,142,,slot_15,1
gopro34,142,,slot_16,1
gopro34,142,,slot_17,1
gopro34,142,,slot_18,0
gopro34,142,,slot_19,0
gopro34,142,,slot_20,0
gopro34,143,,slot_00,0
gopro34,143,,slot_01,0
gopro34,143,,slot_02,0
gopro34,143,,slot_03,0
gopro34,143,,slot_04,0
gopro34,143,,slot_05,0
gopro34,143,,slot_06,0
gopro34,143,,slot_07,0
gopro34,143,,slot_08,0
gopro34,143,,slot_09,0
gopro34,143,,slot_10,0
gopro34,143,,slot_11,0
gopro34,143,,slot_12,0
gopro34,143,,slot_13,0
gopro34,143,,slot_14,0
gopro34,143,,slot_15,1
gopro34,143,,slot_16,1
gopro34,143,,slot_17,1
gopro34,143,,slot_18,0
gopro34,143,,slot_19,0
gopro34,143,,slot_20,0
gopro34,144,,slot_00,0
gopro34,144,,slot_01,0
gopro34,144,,slot_02,0
gopro34,144,,slot_03,0
gopro34,144,,slot_04,0
gopro34,144,,slot_05,0
gopro34,144,,slot_06,0
gopro34,144,,slot_07,0
gopro34,144,,slot_08,0
gopro34,144,,slot_09,0
gopro34,144,,slot_10,0
gopro34,144,,slot_11,0
gopro34,144,,slot_12,0
gopro34,144,,slot_13,0
gopro34,144,,slot_14,0
gopro34,144,,slot_15,1
gopro34,144,,slot_16,1
gopro34,144,,slot_17,1
gopro34,144,,slot_18,0
gopro34,144,,slot_19,0
gopro34,144,,slot_20,0
gopro34,145,,slot_00,0
gopro34,145,,slot_01,0
gopro34,145,,slot_02,0
gopro34,145,,slot_03,0
gopro34,145,,slot_04,0
gopro34,145,,slot_05,0
gopro34,145,,slot_06,0
gopro34,145,,slot_07,0
gopro34,145,,slot_08,0
gopro34,145,,slot_09,0
gopro34,145,,slot_10,0
gopro34,145,,slot_11,0
gopro34,145,,slot_12,0
gopro34,145,,slot_13,0
gopro34,145,,slot_14,0
gopro34,145,,slot_15,1
gopro34,145,,slot_16,1
gopro34,145,,slot_17,1
gopro34,145,,slot_18,0
gopro34,145,,slot_19,0
gopro34,145,,slot_20,0
gopro34,146,,slot_00,0
gopro34,146,,slot_01,0
gopro34,146,,slot_02,0
gopro34,146,,slot_03,0
gopro34,146,,slot_04,0
gopro34,146,,slot_05,0
gopro34,146,,slot_06,0
gopro34,146,,slot_07,0
gopro34,146,,slot_08,0
gopro34,146,,slot_09,0
gopro34,146,,slot_10,0
gopro34,146,,slot_11,0
gopro34,146,,slot_12,0
gopro34,146,,slot_13,0
gopro34,146,,slot_14,0
gopro34,146,,slot_15,1
gopro34,146,,slot_16,1
gopro34,146,,slot_17,1
gopro34,146,,slot_18,0
gopro34,146,,slot_19,0
gopro34,146,,slot_20,0
gopro34,147,,slot_00,0
gopro34,147,,slot_01,0
gopro34,147,,slot_02,0
gopro34,147,,slot_03,0
gopro34,147,,slot_04,0
gopro34,147,,slot_05,0
gopro34,147,,slot_06,0
gopro34,147,,slot_07,0
gopro34,147,,slot_08,0
gopro34,147,,slot_09,0
gopro34,147,,slot_10,0
gopro34,147,,slot_11,0
gopro34,147,,slot_12,0
gopro34,147,,slot_13,0
gopro34,147,,slot_14,0
gopro34,147,,slot_15,1
gopro34,147,,slot_16,1
gopro34,147,,slot_17,1
gopro34,147,,slot_18,0
gopro34,147,,slot_19,0
gopro34,147,,slot_20,0
gopro34,148,,slot_00,0
gopro34,148,,slot_01,0
gopro34,148,,slot_02,0
gopro34,148,,slot_03,0
gopro34,148,,slot_04,0
gopro34,148,,slot_05,0
gopro34,148,,slot_06,0
gopro34,148,,slot_07,0
gopro34,148,,slot_08,0
gopro34,148,,slot_09,0
gopro34,148,,slot_10,0
gopro34,148,,slot_11,0
gopro34,148,,slot_12,0
gopro34,148,,slot_13,0
gopro34,148,,slot_14,0
gopro34,148,,slot_15,0
gopro34,148,,slot_16,1
gopro34,148,,slot_17,1
gopro34,148,,slot_18,0
gopro34,148,,slot_19,0
gopro34,148,,slot_20,0
gopro34,149,,slot_00,0
gopro34,149,,slot_01,0
gopro34,149,,slot_02,0
gopro34,149,,slot_03,0
gopro34,149,,slot_04,0
gopro34,149,,slot_05,0
gopro34,149,,slot_06,0
gopro34,149,,slot_07,0
gopro34,149,,slot_08,0
gopro34,149,,slot_09,0
gopro34,149,,slot_10,0
gopro34,149,,slot_11,0
gopro34,149,,slot_12,0
gopro34,149,,slot_13,0
gopro34,149,,slot_14,0
gopro34,149,,slot_15,0
gopro34,149,,slot_16,1
gopro34,149,,slot_17,1
gopro34,149,,slot_18,0
gopro34,149,,slot_19,0
gopro34,149,,slot_20,0
gopro34,150,,slot_00,0
gopro34,150,,slot_01,0
gopro34,150,,slot_02,0
gopro34,150,,slot_03,0
gopro34,150,,slot_04,0
gopro34,150,,slot_05,0
gopro34,150,,slot_06,0
gopro34,150,,slot_07,0
gopro34,150,,slot_08,0
gopro34,150,,slot_09,0
gopro34,150,,slot_10,0
gopro34,150,,slot_11,0
gopro34,150,,slot_12,0
gopro34,150,,slot_13,0
gopro34,150,,slot_14,0
gopro34,150,,slot_15,0
gopro34,150,,slot_16,1
gopro34,150,,slot_17,1
gopro34,150,,slot_18,0
gopro34,150,,slot_19,0
gopro34,150,,slot_20,0
gopro34,151,,slot_00,0
gopro34,151,,slot_01,0
gopro34,151,,slot_02,0
gopro34,151,,slot_03,0
gopro34,151,,slot_04,0
gopro34,151,,slot_05,0
gopro34,151,,slot_06,0
gopro34,151,,slot_07,0
gopro34,151,,slot_08,0
gopro34,151,,slot_09,0
gopro34,151,,slot_10,0
gopro34,151,,slot_11,0
gopro34,151,,slot_12,0
gopro34,151,,slot_13,0
gopro34,151,,slot_14,0
gopro34,151,,slot_15,0
gopro34,151,,slot_16,1
gopro34,151,,slot_17,1
gopro34,151,,slot_18,0
gopro34,151,,slot_19,0
gopro34,151,,slot_20,0
gopro34,152,,slot_00,0
gopro34,152,,slot_01,0
gopro34,152,,slot_02,0
gopro34,152,,slot_03,0
gopro34,152,,slot_04,0
gopro34,152,,slot_05,0
gopro34,152,,slot_06,0
gopro34,152,,slot_07,0
gopro34,152,,slot_08,0
gopro34,152,,slot_09,0
gopro34,152,,slot_10,0
gopro34,152,,slot_11,0
gopro34,152,,slot_12,0
gopro34,152,,slot_13,0
gopro34,152,,slot_14,0
gopro34,152,,slot_15,0
gopro34,152,,slot_16,1
gopro34,152,,slot_17,1
gopro34,152,,slot_18,0
gopro34,152,,slot_19,0
gopro34,152,,slot_20,0
gopro34,153,,slot_00,0
gopro34,153,,slot_01,0
gopro34,153,,slot_02,0
gopro34,153,,slot_03,0
gopro34,153,,slot_04,0
gopro34,153,,slot_05,0
gopro34,153,,slot_06,0
gopro34,153,,slot_07,0
gopro34,153,,slot_08,0
gopro34,153,,slot_09,0
gopro34,153,,slot_10,0
gopro34,153,,slot_11,0
gopro34,153,,slot_12,0
gopro34,153,,slot_13,0
gopro34,153,,slot_14,0
gopro34,153,,slot_15,0
gopro34,153,,slot_16,1
gopro34,153,,slot_17,1
gopro34,153,,slot_18,0
gopro34,153,,slot_19,0
gopro34,153,,slot_20,0
gopro34,154,,slot_00,0
gopro34,154,,slot_01,0
gopro34,154,,slot_02,0
gopro34,154,,slot_03,0
gopro34,154,,slot_04,0
gopro34,154,,slot_05,0
gopro34,154,,slot_06,0
gopro34,154,,slot_07,0
gopro34,154,,slot_08,0
gopro34,154,,slot_09,0
gopro34,154,,slot_10,0
gopro34,154,,slot_11,0
gopro34,154,,slot_12,0
gopro34,154,,slot_13,0
gopro34,154,,slot_14,0
gopro34,154,,slot_15,0
gopro34,154,,slot_16,1
gopro34,154,,slot_17,1
gopro34,154,,slot_18,0
gopro34,154,,slot_19,0
gopro34,154,,slot_20,0
gopro34,155,,slot_00,0
gopro34,155,,slot_01,0
gopro34,155,,slot_02,0
gopro34,155,,slot_03,0
gopro34,155,,slot_04,0
gopro34,155,,slot_05,0
gopro34,155,,slot_06,0
gopro34,155,,slot_07,0
gopro34,155,,slot_08,0
gopro34,155,,slot_09,0
gopro34,155,,slot_10,0
gopro34,155,,slot_11,0
gopro34,155,,slot_12,0
gopro34,155,,slot_13,0
gopro34,155,,slot_14,0
gopro34,155,,slot_15,0
gopro34,155,,slot_16,0
gopro34,155,,slot_17,0
gopro34,155,,slot_18,0
gopro34,155,,slot_19,0
gopro34,155,,slot_20,0
gopro34,156,,slot_00,0
gopro34,156,,slot_01,0
gopro34,156,,slot_02,0
gopro34,156,,slot_03,0
gopro34,156,,slot_04,0
gopro34,156,,slot_05,0
gopro34,156,,slot_06,0
gopro34,156,,slot_07,0
gopro34,156,,slot_08,0
gopro34,156,,slot_09,0
gopro34,156,,slot_10,0
gopro34,156,,slot_11,0
gopro34,156,,slot_12,0
gopro34,156,,slot_13,0
gopro34,156,,slot_14,0
gopro34,156,,slot_15,0
gopro34,156,,slot_16,0
gopro34,156,,slot_17,0
gopro34,156,,slot_18,0
gopro34,156,,slot_19,0
gopro34,156,,slot_20,0
gopro34,157,,slot_00,0
gopro34,157,,slot_01,0
gopro34,157,,slot_02,0
gopro34,157,,slot_03,0
gopro34,157,,slot_04,0
gopro34,157,,slot_05,0
gopro34,157,,slot_06,0
gopro34,157,,slot_07,0
gopro34,157,,slot_08,0
gopro34,157,,slot_09,0
gopro34,157,,slot_10,0
gopro34,157,,slot_11,0
gopro34,157,,slot_12,0
gopro34,157,,slot_13,0
gopro34,157,,slot_14,0
gopro34,157,,slot_15,0
gopro34,157,,slot_16,0
gopro34,157,,slot_17,0
gopro34,157,,slot_18,0
gopro34,157,,slot_19,0
gopro34,157,,slot_20,0
gopro36,138,,slot_00,0
gopro36,138,,slot_01,0
gopro36,138,,slot_02,0
gopro36,138,,slot_03,0
gopro36,138,,slot_04,0
gopro36,138,,slot_05,0
gopro36,138,,slot_06,0
gopro36,138,,slot_07,0
gopro36,138,,slot_08,0
gopro36,138,,slot_09,1
gopro36,138,,slot_10,0
gopro36,138,,slot_11,1
gopro36,138,,slot_12,0
gopro36,138,,slot_13,0
gopro36,138,,slot_14,0
gopro36,138,,slot_15,0
gopro36,138,,slot_16,0
gopro36,138,,slot_17,0
gopro36,138,,slot_18,0
gopro36,138,,slot_19,0
gopro36,138,,slot_20,0
gopro36,139,,slot_00,0
gopro36,139,,slot_01,0
gopro36,139,,slot_02,0
gopro36,139,,slot_03,0
gopro36,139,,slot_04,0
gopro36,139,,slot_05,0
gopro36,139,,slot_06,0
gopro36,139,,slot_07,0
gopro36,139,,slot_08,0
gopro36,139,,slot_09,1
gopro36,139,,slot_10,0
gopro36,139,,slot_11,0
gopro36,139,,slot_12,0
gopro36,139,,slot_13,0
gopro36,139,,slot_14,0
gopro36,139,,slot_15,0
gopro36,139,,slot_16,0
gopro36,139,,slot_17,0
gopro36,139,,slot_18,0
gopro36,139,,slot_19,0
gopro36,139,,slot_20,0
gopro46,0,,slot_00,0
gopro46,0,,slot_01,0
gopro46,0,,slot_02,0
gopro46,0,,slot_03,0
gopro46,0,,slot_04,0
gopro46,0,,slot_05,0
gopro46,0,,slot_06,1
gopro46,0,,slot_07,0
gopro46,0,,slot_08,0
gopro46,0,,slot_09,0
gopro46,0,,slot_10,0
gopro46,0,,slot_11,0
gopro46,0,,slot_12,0
gopro46,0,,slot_13,0
gopro46,0,,slot_14,0
gopro46,0,,slot_15,0
gopro46,0,,slot_16,0
gopro46,0,,slot_17,0
gopro46,0,,slot_18,0
gopro46,0,,slot_19,0
gopro46,0,,slot_20,0
gopro46,1,,slot_00,0
gopro46,1,,slot_01,0
gopro46,1,,slot_02,0
gopro46,1,,slot_03,0
gopro46,1,,slot_04,0
gopro46,1,,slot_05,0
gopro46,1,,slot_06,1
gopro46,1,,slot_07,0
gopro46,1,,slot_08,0
gopro46,1,,slot_09,0
gopro46,1,,slot_10,0
gopro46,1,,slot_11,0
gopro46,1,,slot_12,0
gopro46,1,,slot_13,0
gopro46,1,,slot_14,0
gopro46,1,,slot_15,0
gopro46,1,,slot_16,0
gopro46,1,,slot_17,0
gopro46,1,,slot_18,0
gopro46,1,,slot_19,0
gopro46,1,,slot_20,0
gopro46,2,,slot_00,0
gopro46,2,,slot_01,0
gopro46,2,,slot_02,0
gopro46,2,,slot_03,0
gopro46,2,,slot_04,0
gopro46,2,,slot_05,0
gopro46,2,,slot_06,1
gopro46,2,,slot_07,0
gopro46,2,,slot_08,0
gopro46,2,,slot_09,0
gopro46,2,,slot_10,0
gopro46,2,,slot_11,0
gopro46,2,,slot_12,0
gopro46,2,,slot_13,0
gopro46,2,,slot_14,0
gopro46,2,,slot_15,0
gopro46,2,,slot_16,0
gopro46,2,,slot_17,0
gopro46,2,,slot_18,0
gopro46,2,,slot_19,0
gopro46,2,,slot_20,0
gopro46,3,,slot_00,0
gopro46,3,,slot_01,0
gopro46,3,,slot_02,0
gopro46,3,,slot_03,0
gopro46,3,,slot_04,0
gopro46,3,,slot_05,0
gopro46,3,,slot_06,1
gopro46,3,,slot_07,0
gopro46,3,,slot_08,0
gopro46,3,,slot_09,0
gopro46,3,,slot_10,0
gopro46,3,,slot_11,0
gopro46,3,,slot_12,0
gopro46,3,,slot_13,0
gopro46,3,,slot_14,0
gopro46,3,,slot_15,0
gopro46,3,,slot_16,0
gopro46,3,,slot_17,0
gopro46,3,,slot_18,0
gopro46,3,,slot_19,0
gopro46,3,,slot_20,0
gopro46,4,,slot_00,0
gopro46,4,,slot_01,0
gopro46,4,,slot_02,0
gopro46,4,,slot_03,0
gopro46,4,,slot_04,0
gopro46,4,,slot_05,0
gopro46,4,,slot_06,1
gopro46,4,,slot_07,0
gopro46,4,,slot_08,0
gopro46,4,,slot_09,0
gopro46,4,,slot_10,0
gopro46,4,,slot_11,0
gopro46,4,,slot_12,0
gopro46,4,,slot_13,0
gopro46,4,,slot_14,0
gopro46,4,,slot_15,0
gopro46,4,,slot_16,0
gopro46,4,,slot_17,0
gopro46,4,,slot_18,0
gopro46,4,,slot_19,0
gopro46,4,,slot_20,0
gopro46,5,,slot_00,0
gopro46,5,,slot_01,0
gopro46,5,,slot_02,0
gopro46,5,,slot_03,0
gopro46,5,,slot_04,0
gopro46,5,,slot_05,0
gopro46,5,,slot_06,1
gopro46,5,,slot_07,0
gopro46,5,,slot_08,0
gopro46,5,,slot_09,0
gopro46,5,,slot_10,0
gopro46,5,,slot_11,0
gopro46,5,,slot_12,0
gopro46,5,,slot_13,0
gopro46,5,,slot_14,0
gopro46,5,,slot_15,0
gopro46,5,,slot_16,0
gopro46,5,,slot_17,0
gopro46,5,,slot_18,0
gopro46,5,,slot_19,0
gopro46,5,,slot_20,0
gopro46,6,,slot_00,0
gopro46,6,,slot_01,0
gopro46,6,,slot_02,0
gopro46,6,,slot_03,0
gopro46,6,,slot_04,0
gopro46,6,,slot_05,0
gopro46,6,,slot_06,1
gopro46,6,,slot_07,0
gopro46,6,,slot_08,0
gopro46,6,,slot_09,0
gopro46,6,,slot_10,0
gopro46,6,,slot_11,0
gopro46,6,,slot_12,0
gopro46,6,,slot_13,0
gopro46,6,,slot_14,0
gopro46,6,,slot_15,0
gopro46,6,,slot_16,0
gopro46,6,,slot_17,0
gopro46,6,,slot_18,0
gopro46,6,,slot_19,0
gopro46,6,,slot_20,0
gopro46,7,,slot_00,0
gopro46,7,,slot_01,0
gopro46,7,,slot_02,0
gopro46,7,,slot_03,0
gopro46,7,,slot_04,0
gopro46,7,,slot_05,0
gopro46,7,,slot_06,1
gopro46,7,,slot_07,0
gopro46,7,,slot_08,0
gopro46,7,,slot_09,0
gopro46,7,,slot_10,0
gopro46,7,,slot_11,0
gopro46,7,,slot_12,0
gopro46,7,,slot_13,0
gopro46,7,,slot_14,0
gopro46,7,,slot_15,0
gopro46,7,,slot_16,0
gopro46,7,,slot_17,0
gopro46,7,,slot_18,0
gopro46,7,,slot_19,0
gopro46,7,,slot_20,0
gopro46,143,,slot_00,0
gopro46,143,,slot_01,0
gopro46,143,,slot_02,0
gopro46,143,,slot_03,0
gopro46,143,,slot_04,0
gopro46,143,,slot_05,0
gopro46,143,,slot_06,1
gopro46,143,,slot_07,0
gopro46,143,,slot_08,0
gopro46,143,,slot_09,0
gopro46,143,,slot_10,0
gopro46,143,,slot_11,0
gopro46,143,,slot_12,0
gopro46,143,,slot_13,0
gopro46,143,,slot_14,0
gopro46,143,,slot_15,1
gopro46,143,,slot_16,1
gopro46,143,,slot_17,0
gopro46,143,,slot_18,0
gopro46,143,,slot_19,0
gopro46,143,,slot_20,0
gopro46,144,,slot_00,0
gopro46,144,,slot_01,0
gopro46,144,,slot_02,0
gopro46,144,,slot_03,0
gopro46,144,,slot_04,0
gopro46,144,,slot_05,0
gopro46,144,,slot_06,1
gopro46,144,,slot_07,0
gopro46,144,,slot_08,0
gopro46,144,,slot_09,0
gopro46,144,,slot_10,0
gopro46,144,,slot_11,0
gopro46,144,,slot_12,0
gopro46,144,,slot_13,0
gopro46,144,,slot_14,0
gopro46,144,,slot_15,1
gopro46,144,,slot_16,1
gopro46,144,,slot_17,0
gopro46,144,,slot_18,0
gopro46,144,,slot_19,0
gopro46,144,,slot_20,0
gopro46,145,,slot_00,0
gopro46,145,,slot_01,0
gopro46,145,,slot_02,0
gopro46,145,,slot_03,0
gopro46,145,,slot_04,0
gopro46,145,,slot_05,0
gopro46,145,,slot_06,1
gopro46,145,,slot_07,0
gopro46,145,,slot_08,0
gopro46,145,,slot_09,0
gopro46,145,,slot_10,0
gopro46,145,,slot_11,0
gopro46,145,,slot_12,0
gopro46,145,,slot_13,0
gopro46,145,,slot_14,0
gopro46,145,,slot_15,1
gopro46,145,,slot_16,1
gopro46,145,,slot_17,0
gopro46,145,,slot_18,0
gopro46,145,,slot_19,0
gopro46,145,,slot_20,0
gopro46,146,,slot_00,0
gopro46,146,,slot_01,0
gopro46,146,,slot_02,0
gopro46,146,,slot_03,0
gopro46,146,,slot_04,0
gopro46,146,,slot_05,0
gopro46,146,,slot_06,1
gopro46,146,,slot_07,0
gopro46,146,,slot_08,0
gopro46,146,,slot_09,0
gopro46,146,,slot_10,0
gopro46,146,,slot_11,0
gopro46,146,,slot_12,0
gopro46,146,,slot_13,0
gopro46,146,,slot_14,0
gopro46,146,,slot_15,1
gopro46,146,,slot_16,1
gopro46,146,,slot_17,0
gopro46,146,,slot_18,0
gopro46,146,,slot_19,0
gopro46,146,,slot_20,0
gopro46,147,,slot_00,0
gopro46,147,,slot_01,0
gopro46,147,,slot_02,0
gopro46,147,,slot_03,0
gopro46,147,,slot_04,0
gopro46,147,,slot_05,0
gopro46,147,,slot_06,1
gopro46,147,,slot_07,0
gopro46,147,,slot_08,0
gopro46,147,,slot_09,0
gopro46,147,,slot_10,0
gopro46,147,,slot_11,0
gopro46,147,,slot_12,0
gopro46,147,,slot_13,0
gopro46,147,,slot_14,0
gopro46,147,,slot_15,0
gopro46,147,,slot_16,0
gopro46,147,,slot_17,0
gopro46,147,,slot_18,0
gopro46,147,,slot_19,0
gopro46,147,,slot_20,0
gopro46,148,,slot_00,0
gopro46,148,,slot_01,0
gopro46,148,,slot_02,0
gopro46,148,,slot_03,0
gopro46,148,,slot_04,0
gopro46,148,,slot_05,0
gopro46,148,,slot_06,1
gopro46,148,,slot_07,0
gopro46,148,,slot_08,0
gopro46,148,,slot_09,0
gopro46,148,,slot_10,0
gopro46,148,,slot_11,0
gopro46,148,,slot_12,0
gopro46,148,,slot_13,0
gopro46,148,,slot_14,0
gopro46,148,,slot_15,0
gopro46,148,,slot_16,0
gopro46,148,,slot_17,0
gopro46,148,,slot_18,0
gopro46,148,,slot_19,0
gopro46,148,,slot_20,0
gopro46,149,,slot_00,0
gopro46,149,,slot_01,0
gopro46,149,,slot_02,0
gopro46,149,,slot_03,0
gopro46,149,,slot_04,0
gopro46,149,,slot_05,0
gopro46,149,,slot_06,1
gopro46,149,,slot_07,0
gopro46,149,,slot_08,0
gopro46,149,,slot_09,0
gopro46,149,,slot_10,0
gopro46,149,,slot_11,0
gopro46,149,,slot_12,0
gopro46,149,,slot_13,0
gopro46,149,,slot_14,0
gopro46,149,,slot_15,0
gopro46,149,,slot_16,0
gopro46,149,,slot_17,0
gopro46,149,,slot_18,0
gopro46,149,,slot_19,0
gopro46,149,,slot_20,0
gopro46,150,,slot_00,0
gopro46,150,,slot_01,0
gopro46,150,,slot_02,0
gopro46,150,,slot_03,0
gopro46,150,,slot_04,0
gopro46,150,,slot_05,0
gopro46,150,,slot_06,1
gopro46,150,,slot_07,0
gopro46,150,,slot_08,0
gopro46,150,,slot_09,0
gopro46,150,,slot_10,0
gopro46,150,,slot_11,0
gopro46,150,,slot_12,0
gopro46,150,,slot_13,0
gopro46,150,,slot_14,0
gopro46,150,,slot_15,0
gopro46,150,,slot_16,0
gopro46,150,,slot_17,0
gopro46,150,,slot_18,0
gopro46,150,,slot_19,0
gopro46,150,,slot_20,0
gopro46,151,,slot_00,0
gopro46,151,,slot_01,0
gopro46,151,,slot_02,0
gopro46,151,,slot_03,0
gopro46,151,,slot_04,0
gopro46,151,,slot_05,0
gopro46,151,,slot_06,1
gopro46,151,,slot_07,0
gopro46,151,,slot_08,0
gopro46,151,,slot_09,0
gopro46,151,,slot_10,0
gopro46,151,,slot_11,0
gopro46,151,,slot_12,0
gopro46,151,,slot_13,0
gopro46,151,,slot_14,0
gopro46,151,,slot_15,0
gopro46,151,,slot_16,0
gopro46,151,,slot_17,0
gopro46,151,,slot_18,0
gopro46,151,,slot_19,0
gopro46,151,,slot_20,0
gopro46,236,,slot_00,0
gopro46,236,,slot_01,0
gopro46,236,,slot_02,0
gopro46,236,,slot_03,0
gopro46,236,,slot_04,0
gopro46,236,,slot_05,0
gopro46,236,,slot_06,1
gopro46,236,,slot_07,0
gopro46,236,,slot_08,0
gopro46,236,,slot_09,0
gopro46,236,,slot_10,0
gopro46,236,,slot_11,0
gopro46,236,,slot_12,0
gopro46,236,,slot_13,0
gopro46,236,,slot_14,0
gopro46,236,,slot_15,0
gopro46,236,,slot_16,0
gopro46,236,,slot_17,0
gopro46,236,,slot_18,0
gopro46,236,,slot_19,0
gopro46,236,,slot_20,0
gopro46,237,,slot_00,0
gopro46,237,,slot_01,0
gopro46,237,,slot_02,0
gopro46,237,,slot_03,0
gopro46,237,,slot_04,0
gopro46,237,,slot_05,0
gopro46,237,,slot_06,1
gopro46,237,,slot_07,0
gopro46,237,,slot_08,0
gopro46,237,,slot_09,0
gopro46,237,,slot_10,0
gopro46,237,,slot_11,0
gopro46,237,,slot_12,0
gopro46,237,,slot_13,0
gopro46,237,,slot_14,0
gopro46,237,,slot_15,0
gopro46,237,,slot_16,0
gopro46,237,,slot_17,0
gopro46,237,,slot_18,0
gopro46,237,,slot_19,0
gopro46,237,,slot_20,0
gopro46,238,,slot_00,0
gopro46,238,,slot_01,0
gopro46,238,,slot_02,0
gopro46,238,,slot_03,0
gopro46,238,,slot_04,0
gopro46,238,,slot_05,0
gopro46,238,,slot_06,1
gopro46,238,,slot_07,0
gopro46,238,,slot_08,0
gopro46,238,,slot_09,0
gopro46,238,,slot_10,0
gopro46,238,,slot_11,0
gopro46,238,,slot_12,0
gopro46,238,,slot_13,0
gopro46,238,,slot_14,0
gopro46,238,,slot_15,0
gopro46,238,,slot_16,0
gopro46,238,,slot_17,0
gopro46,238,,slot_18,0
gopro46,238,,slot_19,0
gopro46,238,,slot_20,0
gopro46,239,,slot_00,0
gopro46,239,,slot_01,0
gopro46,239,,slot_02,0
gopro46,239,,slot_03,0
gopro46,239,,slot_04,0
gopro46,239,,slot_05,0
gopro46,239,,slot_06,1
gopro46,239,,slot_07,0
gopro46,239,,slot_08,0
gopro46,239,,slot_09,0
gopro46,239,,slot_10,0
gopro46,239,,slot_11,0
gopro46,239,,slot_12,0
gopro46,239,,slot_13,0
gopro46,239,,slot_14,0
gopro46,239,,slot_15,0
gopro46,239,,slot_16,0
gopro46,239,,slot_17,0
gopro46,239,,slot_18,0
gopro46,239,,slot_19,0
gopro46,239,,slot_20,0
gopro46,240,,slot_00,0
gopro46,240,,slot_01,0
gopro46,240,,slot_02,0
gopro46,240,,slot_03,0
gopro46,240,,slot_04,0
gopro46,240,,slot_05,0
gopro46,240,,slot_06,1
gopro46,240,,slot_07,0
gopro46,240,,slot_08,0
gopro46,240,,slot_09,0
gopro46,240,,slot_10,0
gopro46,240,,slot_11,0
gopro46,240,,slot_12,0
gopro46,240,,slot_13,0
gopro46,240,,slot_14,0
gopro46,240,,slot_15,0
gopro46,240,,slot_16,0
gopro46,240,,slot_17,0
gopro46,240,,slot_18,0
gopro46,240,,slot_19,0
gopro46,240,,slot_20,0
gopro46,241,,slot_00,0
gopro46,241,,slot_01,0
gopro46,241,,slot_02,0
gopro46,241,,slot_03,0
gopro46,241,,slot_04,0
gopro46,241,,slot_05,0
gopro46,241,,slot_06,1
gopro46,241,,slot_07,0
gopro46,241,,slot_08,0
gopro46,241,,slot_09,0
gopro46,241,,slot_10,0
gopro46,241,,slot_11,0
gopro46,241,,slot_12,0
gopro46,241,,slot_13,0
gopro46,241,,slot_14,0
gopro46,241,,slot_15,0
gopro46,241,,slot_16,0
gopro46,241,,slot_17,0
gopro46,241,,slot_18,0
gopro46,241,,slot_19,0
gopro46,241,,slot_20,0
gopro46,242,,slot_00,0
gopro46,242,,slot_01,0
gopro46,242,,slot_02,0
gopro46,242,,slot_03,0
gopro46,242,,slot_04,0
gopro46,242,,slot_05,0
gopro46,242,,slot_06,1
gopro46,242,,slot_07,0
gopro46,242,,slot_08,0
gopro46,242,,slot_09,0
gopro46,242,,slot_10,0
gopro46,242,,slot_11,0
gopro46,242,,slot_12,0
gopro46,242,,slot_13,0
gopro46,242,,slot_14,0
gopro46,242,,slot_15,0
gopro46,242,,slot_16,0
gopro46,242,,slot_17,0
gopro46,242,,slot_18,0
gopro46,242,,slot_19,0
gopro46,242,,slot_20,0
gopro46,243,,slot_00,0
gopro46,243,,slot_01,0
gopro46,243,,slot_02,0
gopro46,243,,slot_03,0
gopro46,243,,slot_04,0
gopro46,243,,slot_05,0
gopro46,243,,slot_06,1
gopro46,243,,slot_07,0
gopro46,243,,slot_08,0
gopro46,243,,slot_09,0
gopro46,243,,slot_10,0
gopro46,243,,slot_11,0
gopro46,243,,slot_12,0
gopro46,243,,slot_13,0
gopro46,243,,slot_14,0
gopro46,243,,slot_15,0
gopro46,243,,slot_16,0
gopro46,243,,slot_17,0
gopro46,243,,slot_18,0
gopro46,243,,slot_19,0
gopro46,243,,slot_20,0
gopro46,244,,slot_00,0
gopro46,244,,slot_01,0
gopro46,244,,slot_02,0
gopro46,244,,slot_03,0
gopro46,244,,slot_04,0
gopro46,244,,slot_05,0
gopro46,244,,slot_06,1
gopro46,244,,slot_07,0
gopro46,244,,slot_08,0
gopro46,244,,slot_09,0
gopro46,244,,slot_10,0
gopro46,244,,slot_11,0
gopro46,244,,slot_12,0
gopro46,244,,slot_13,0
gopro46,244,,slot_14,0
gopro46,244,,slot_15,0
gopro46,244,,slot_16,0
gopro46,244,,slot_17,0
gopro46,244,,slot_18,0
gopro46,244,,slot_19,0
gopro46,244,,slot_20,0
gopro46,245,,slot_00,0
gopro46,245,,slot_01,0
gopro46,245,,slot_02,0
gopro46,245,,slot_03,0
gopro46,245,,slot_04,0
gopro46,245,,slot_05,0
gopro46,245,,slot_06,1
gopro46,245,,slot_07,0
gopro46,245,,slot_08,0
gopro46,245,,slot_09,0
gopro46,245,,slot_10,0
gopro46,245,,slot_11,0
gopro46,245,,slot_12,0
gopro46,245,,slot_13,0
gopro46,245,,slot_14,0
gopro46,245,,slot_15,0
gopro46,245,,slot_16,0
gopro46,245,,slot_17,0
gopro46,245,,slot_18,0
gopro46,245,,slot_19,0
gopro46,245,,slot_20,0
gopro46,246,,slot_00,0
gopro46,246,,slot_01,0
gopro46,246,,slot_02,0
gopro46,246,,slot_03,0
gopro46,246,,slot_04,0
gopro46,246,,slot_05,0
gopro46,246,,slot_06,1
gopro46,246,,slot_07,0
gopro46,246,,slot_08,0
gopro46,246,,slot_09,0
gopro46,246,,slot_10,0
gopro46,246,,slot_11,0
gopro46,246,,slot_12,0
gopro46,246,,slot_13,0
gopro46,246,,slot_14,0
gopro46,246,,slot_15,0
gopro46,246,,slot_16,0
gopro46,246,,slot_17,0
gopro46,246,,slot_18,0
gopro46,246,,slot_19,0
gopro46,246,,slot_20,0
gopro46,247,,slot_00,0
gopro46,247,,slot_01,0
gopro46,247,,slot_02,0
gopro46,247,,slot_03,0
gopro46,247,,slot_04,0
gopro46,247,,slot_05,0
gopro46,247,,slot_06,1
gopro46,247,,slot_07,0
gopro46,247,,slot_08,0
gopro46,247,,slot_09,0
gopro46,247,,slot_10,0
gopro46,247,,slot_11,0
gopro46,247,,slot_12,0
gopro46,247,,slot_13,0
gopro46,247,,slot_14,0
gopro46,247,,slot_15,0
gopro46,247,,slot_16,0
gopro46,247,,slot_17,0
gopro46,247,,slot_18,0
gopro46,247,,slot_19,0
gopro46,247,,slot_20,0
gopro46,248,,slot_00,0
gopro46,248,,slot_01,0
gopro46,248,,slot_02,0
gopro46,248,,slot_03,0
gopro46,248,,slot_04,0
gopro46,248,,slot_05,0
gopro46,248,,slot_06,1
gopro46,248,,slot_07,0
gopro46,248,,slot_08,0
gopro46,248,,slot_09,0
gopro46,248,,slot_10,0
gopro46,248,,slot_11,0
gopro46,248,,slot_12,0
gopro46,248,,slot_13,0
gopro46,248,,slot_14,0
gopro46,248,,slot_15,0
gopro46,248,,slot_16,0
gopro46,248,,slot_17,0
gopro46,248,,slot_18,0
gopro46,248,,slot_19,0
gopro46,248,,slot_20,0
