video_id,frame_index,timestamp_s,slot_id,state
VIRAT_S_050202_10_002159_002233,0,0.000000000,0502-departing-01,1
VIRAT_S_050202_10_002159_002233,1,0.033366667,0502-departing-01,1
VIRAT_S_050202_10_002159_002233,2,0.066733333,0502-departing-01,1
VIRAT_S_050202_10_002159_002233,3,0.100100000,0502-departing-01,1
VIRAT_S_050202_10_002159_002233,4,0.133466667,0502-departing-01,1
VIRAT_S_050202_10_002159_002233,5,0.166833333,0502-departing-01,1
VIRAT_S_050202_10_002159_002233,6,0.200200000,0502-departing-01,1
VIRAT_S_050202_10_002159_002233,7,0.233566667,0502-departing-01,1
VIRAT_S_050202_10_002159_002233,8,0.266933333,0502-departing-01,1
VIRAT_S_050202_10_002159_002233,9,0.300300000,0502-departing-01,1
VIRAT_S_050202_10_002159_002233,10,0.333666667,0502-departing-01,1
VIRAT_S_050202_10_002159_002233,11,0.367033333,0502-departing-01,1
VIRAT_S_050202_10_002159_002233,12,0.400400000,0502-departing-01,1
VIRAT_S_050202_10_002159_002233,13,0.433766667,0502-departing-01,1
VIRAT_S_050202_10_002159_002233,14,0.467133333,0502-departing-01,1
VIRAT_S_050202_10_002159_002233,15,0.500500000,0502-departing-01,1
VIRAT_S_050202_10_002159_002233,16,0.533866667,0502-departing-01,1
VIRAT_S_050202_10_002159_002233,17,0.567233333,0502-departing-01,1
VIRAT_S_050202_10_002159_002233,18,0.600600000,0502-departing-01,1
VIRAT_S_050202_10_002159_002233,19,0.633966667,0502-departing-01,1
VIRAT_S_050202_10_002159_002233,20,0.667333333,0502-departing-01,1
VIRAT_S_050202_10_002159_002233,21,0.700700000,0502-departing-01,1
VIRAT_S_050202_10_002159_002233,22,0.734066667,0502-departing-01,1
VIRAT_S_050202_10_002159_002233,23,0.767433333,0502-departing-01,1
VIRAT_S_050202_10_002159_002233,24,0.800800000,0502-departing-01,1
VIRAT_S_050202_10_002159_002233,25,0.834166667,0502-departing-01,1
VIRAT_S_050202_10_002159_002233,26,0.867533333,0502-departing-01,1
VIRAT_S_050202_10_002159_002233,27,0.900900000,0502-departing-01,1
VIRAT_S_050202_10_002159_002233,28,0.934266667,0502-departing-01,1
VIRAT_S_050202_10_002159_002233,29,0.967633333,0502-departing-01,1
VIRAT_S_050202_10_002159_002233,30,1.001000000,0502-departing-01,1
VIRAT_S_050202_10_002159_002233,31,1.034366667,0502-departing-01,1
VIRAT_S_050202_10_002159_002233,32,1.067733333,0502-departing-01,1
VIRAT_S_050202_10_002159_002233,33,1.101100000,0502-departing-01,1
VIRAT_S_050202_10_002159_002233,34,1.134466667,0502-departing-01,1
VIRAT_S_050202_10_002159_002233,35,1.167833333,0502-departing-01,1
VIRAT_S_050202_10_002159_002233,36,1.201200000,0502-departing-01,1
VIRAT_S_050202_10_002159_002233,37,1.234566667,0502-departing-01,1
VIRAT_S_050202_10_002159_002233,38,1.267933333,0502-departing-01,1
VIRAT_S_050202_10_002159_002233,39,1.301300000,0502-departing-01,1
VIRAT_S_050202_10_002159_002233,40,1.334666667,0502-departing-01,1
VIRAT_S_050202_10_002159_002233,41,1.368033333,0502-departing-01,1
VIRAT_S_050202_10_002159_002233,42,1.401400000,0502-departing-01,1
VIRAT_S_050202_10_002159_002233,43,1.434766667,0502-departing-01,1
VIRAT_S_050202_10_002159_002233,44,1.468133333,0502-departing-01,1
VIRAT_S_050202_10_002159_002233,45,1.501500000,0502-departing-01,1
VIRAT_S_050202_10_002159_002233,46,1.534866667,0502-departing-01,1
VIRAT_S_050202_10_002159_002233,47,1.568233333,0502-departing-01,1
VIRAT_S_050202_10_002159_002233,48,1.601600000,0502-departing-01,1
VIRAT_S_050202_10_002159_002233,49,1.634966667,0502-departing-01,1
VIRAT_S_050202_10_002159_002233,50,1.668333333,0502-departing-01,1
VIRAT_S_050202_10_002159_002233,51,1.701700000,0502-departing-01,1
VIRAT_S_050202_10_002159_002233,52,1.735066667,0502-departing-01,1
VIRAT_S_050202_10_002159_002233,53,1.768433333,0502-departing-01,1
VIRAT_S_050202_10_002159_002233,54,1.801800000,0502-departing-01,1
VIRAT_S_050202_10_002159_002233,55,1.835166667,0502-departing-01,1
VIRAT_S_050202_10_002159_002233,56,1.868533333,0502-departing-01,1
VIRAT_S_050202_10_002159_002233,57,1.901900000,0502-departing-01,1
VIRAT_S_050202_10_002159_002233,58,1.935266667,0502-departing-01,1
VIRAT_S_050202_10_002159_002233,59,1.968633333,0502-departing-01,1
VIRAT_S_050202_10_002159_002233,60,2.002000000,0502-departing-01,1
VIRAT_S_050202_10_002159_002233,61,2.035366667,0502-departing-01,1
VIRAT_S_050202_10_002159_002233,62,2.068733333,0502-departing-01,1
VIRAT_S_050202_10_002159_002233,63,2.102100000,0502-departing-01,1
VIRAT_S_050202_10_002159_002233,64,2.135466667,0502-departing-01,1
VIRAT_S_050202_10_002159_002233,65,2.168833333,0502-departing-01,1
VIRAT_S_050202_10_002159_002233,66,2.202200000,0502-departing-01,1
VIRAT_S_050202_10_002159_002233,67,2.235566667,0502-departing-01,1
VIRAT_S_050202_10_002159_002233,68,2.268933333,0502-departing-01,1
VIRAT_S_050202_10_002159_002233,69,2.302300000,0502-departing-01,1
VIRAT_S_050202_10_002159_002233,70,2.335666667,0502-departing-01,1
VIRAT_S_050202_10_002159_002233,71,2.369033333,0502-departing-01,1
VIRAT_S_050202_10_002159_002233,72,2.402400000,0502-departing-01,1
VIRAT_S_050202_10_002159_002233,73,2.435766667,0502-departing-01,1
VIRAT_S_050202_10_002159_002233,74,2.469133333,0502-departing-01,1
VIRAT_S_050202_10_002159_002233,75,2.502500000,0502-departing-01,1
VIRAT_S_050202_10_002159_002233,76,2.535866667,0502-departing-01,1
VIRAT_S_050202_10_002159_002233,77,2.569233333,0502-departing-01,1
VIRAT_S_050202_10_002159_002233,78,2.602600000,0502-departing-01,1
VIRAT_S_050202_10_002159_002233,79,2.635966667,0502-departing-01,1
VIRAT_S_050202_10_002159_002233,80,2.669333333,0502-departing-01,1
VIRAT_S_050202_10_002159_002233,81,2.702700000,0502-departing-01,1
VIRAT_S_050202_10_002159_002233,82,2.736066667,0502-departing-01,1
VIRAT_S_050202_10_002159_002233,83,2.769433333,0502-departing-01,1
VIRAT_S_050202_10_002159_002233,84,2.802800000,0502-departing-01,1
VIRAT_S_050202_10_002159_002233,85,2.836166667,0502-departing-01,1
VIRAT_S_050202_10_002159_002233,86,2.869533333,0502-departing-01,1
VIRAT_S_050202_10_002159_002233,87,2.902900000,0502-departing-01,1
VIRAT_S_050202_10_002159_002233,88,2.936266667,0502-departing-01,1
VIRAT_S_050202_10_002159_002233,89,2.969633333,0502-departing-01,1
VIRAT_S_050202_10_002159_002233,90,3.003000000,0502-departing-01,1
VIRAT_S_050202_10_002159_002233,91,3.036366667,0502-departing-01,1
VIRAT_S_050202_10_002159_002233,92,3.069733333,0502-departing-01,1
VIRAT_S_050202_10_002159_002233,93,3.103100000,0502-departing-01,1
VIRAT_S_050202_10_002159_002233,94,3.136466667,0502-departing-01,1
VIRAT_S_050202_10_002159_002233,95,3.169833333,0502-departing-01,1
VIRAT_S_050202_10_002159_002233,96,3.203200000,0502-departing-01,1
VIRAT_S_050202_10_002159_002233,97,3.236566667,0502-departing-01,1
VIRAT_S_050202_10_002159_002233,98,3.269933333,0502-departing-01,1
VIRAT_S_050202_10_002159_002233,99,3.303300000,0502-departing-01,1
VIRAT_S_050202_10_002159_002233,100,3.336666667,0502-departing-01,1
VIRAT_S_050202_10_002159_002233,101,3.370033333,0502-departing-01,1
VIRAT_S_050202_10_002159_002233,102,3.403400000,0502-departing-01,1
VIRAT_S_050202_10_002159_002233,103,3.436766667,0502-departing-01,1
VIRAT_S_050202_10_002159_002233,104,3.470133333,0502-departing-01,1
VIRAT_S_050202_10_002159_002233,105,3.503500000,0502-departing-01,1
VIRAT_S_050202_10_002159_002233,106,3.536866667,0502-departing-01,1
VIRAT_S_050202_10_002159_002233,107,3.570233333,0502-departing-01,1
VIRAT_S_050202_10_002159_002233,108,3.603600000,0502-departing-01,1
VIRAT_S_050202_10_002159_002233,109,3.636966667,0502-departing-01,1
VIRAT_S_050202_10_002159_002233,110,3.670333333,0502-departing-01,1
VIRAT_S_050202_10_002159_002233,111,3.703700000,0502-departing-01,1
VIRAT_S_050202_10_002159_002233,112,3.737066667,0502-departing-01,1
VIRAT_S_050202_10_002159_002233,113,3.770433333,0502-departing-01,1
VIRAT_S_050202_10_002159_002233,114,3.803800000,0502-departing-01,1
VIRAT_S_050202_10_002159_002233,115,3.837166667,0502-departing-01,1
VIRAT_S_050202_10_002159_002233,116,3.870533333,0502-departing-01,1
VIRAT_S_050202_10_002159_002233,117,3.903900000,0502-departing-01,1
VIRAT_S_050202_10_002159_002233,118,3.937266667,0502-departing-01,1
VIRAT_S_050202_10_002159_002233,119,3.970633333,0502-departing-01,1
VIRAT_S_050202_10_002159_002233,120,4.004000000,0502-departing-01,1
VIRAT_S_050202_10_002159_002233,121,4.037366667,0502-departing-01,1
VIRAT_S_050202_10_002159_002233,122,4.070733333,0502-departing-01,1
VIRAT_S_050202_10_002159_002233,123,4.104100000,0502-departing-01,1
VIRAT_S_050202_10_002159_002233,124,4.137466667,0502-departing-01,1
VIRAT_S_050202_10_002159_002233,125,4.170833333,0502-departing-01,1
VIRAT_S_050202_10_002159_002233,126,4.204200000,0502-departing-01,1
VIRAT_S_050202_10_002159_002233,127,4.237566667,0502-departing-01,1
VIRAT_S_050202_10_002159_002233,128,4.270933333,0502-departing-01,1
VIRAT_S_050202_10_002159_002233,129,4.304300000,0502-departing-01,1
VIRAT_S_050202_10_002159_002233,130,4.337666667,0502-departing-01,1
VIRAT_S_050202_10_002159_002233,131,4.371033333,0502-departing-01,1
VIRAT_S_050202_10_002159_002233,132,4.404400000,0502-departing-01,1
VIRAT_S_050202_10_002159_002233,133,4.437766667,0502-departing-01,1
VIRAT_S_050202_10_002159_002233,134,4.471133333,0502-departing-01,1
VIRAT_S_050202_10_002159_002233,135,4.504500000,0502-departing-01,1
VIRAT_S_050202_10_002159_002233,136,4.537866667,0502-departing-01,1
VIRAT_S_050202_10_002159_002233,137,4.571233333,0502-departing-01,1
VIRAT_S_050202_10_002159_002233,138,4.604600000,0502-departing-01,1
VIRAT_S_050202_10_002159_002233,139,4.637966667,0502-departing-01,1
VIRAT_S_050202_10_002159_002233,140,4.671333333,0502-departing-01,1
VIRAT_S_050202_10_002159_002233,141,4.704700000,0502-departing-01,1
VIRAT_S_050202_10_002159_002233,142,4.738066667,0502-departing-01,1
VIRAT_S_050202_10_002159_002233,143,4.771433333,0502-departing-01,1
VIRAT_S_050202_10_002159_002233,144,4.804800000,0502-departing-01,1
VIRAT_S_050202_10_002159_002233,145,4.838166667,0502-departing-01,1
VIRAT_S_050202_10_002159_002233,146,4.871533333,0502-departing-01,1
VIRAT_S_050202_10_002159_002233,147,4.904900000,0502-departing-01,1
VIRAT_S_050202_10_002159_002233,148,4.938266667,0502-departing-01,1
VIRAT_S_050202_10_002159_002233,149,4.971633333,0502-departing-01,1
VIRAT_S_050202_10_002159_002233,150,5.005000000,0502-departing-01,1
VIRAT_S_050202_10_002159_002233,151,5.038366667,0502-departing-01,1
VIRAT_S_050202_10_002159_002233,152,5.071733333,0502-departing-01,1
VIRAT_S_050202_10_002159_002233,153,5.105100000,0502-departing-01,1
VIRAT_S_050202_10_002159_002233,154,5.138466667,0502-departing-01,1
VIRAT_S_050202_10_002159_002233,155,5.171833333,0502-departing-01,1
VIRAT_S_050202_10_002159_002233,156,5.205200000,0502-departing-01,1
VIRAT_S_050202_10_002159_002233,157,5.238566667,0502-departing-01,1
VIRAT_S_050202_10_002159_002233,158,5.271933333,0502-departing-01,1
VIRAT_S_050202_10_002159_002233,159,5.305300000,0502-departing-01,1
VIRAT_S_050202_10_002159_002233,160,5.338666667,0502-departing-01,1
VIRAT_S_050202_10_002159_002233,161,5.372033333,0502-departing-01,1
VIRAT_S_050202_10_002159_002233,162,5.405400000,0502-departing-01,1
VIRAT_S_050202_10_002159_002233,163,5.438766667,0502-departing-01,1
VIRAT_S_050202_10_002159_002233,164,5.472133333,0502-departing-01,1
VIRAT_S_050202_10_002159_002233,165,5.505500000,0502-departing-01,1
VIRAT_S_050202_10_002159_002233,166,5.538866667,0502-departing-01,1
VIRAT_S_050202_10_002159_002233,167,5.572233333,0502-departing-01,1
VIRAT_S_050202_10_002159_002233,168,5.605600000,0502-departing-01,1
VIRAT_S_050202_10_002159_002233,169,5.638966667,0502-departing-01,1
VIRAT_S_050202_10_002159_002233,170,5.672333333,0502-departing-01,1
VIRAT_S_050202_10_002159_002233,171,5.705700000,0502-departing-01,1
VIRAT_S_050202_10_002159_002233,172,5.739066667,0502-departing-01,1
VIRAT_S_050202_10_002159_002233,173,5.772433333,0502-departing-01,1
VIRAT_S_050202_10_002159_002233,174,5.805800000,0502-departing-01,1
VIRAT_S_050202_10_002159_002233,175,5.839166667,0502-departing-01,1
VIRAT_S_050202_10_002159_002233,176,5.872533333,0502-departing-01,1
VIRAT_S_050202_10_002159_002233,177,5.905900000,0502-departing-01,1
VIRAT_S_050202_10_002159_002233,178,5.939266667,0502-departing-01,1
VIRAT_S_050202_10_002159_002233,179,5.972633333,0502-departing-01,1
VIRAT_S_050202_10_002159_002233,180,6.006000000,0502-departing-01,1
VIRAT_S_050202_10_002159_002233,181,6.039366667,0502-departing-01,1
VIRAT_S_050202_10_002159_002233,182,6.072733333,0502-departing-01,1
VIRAT_S_050202_10_002159_002233,183,6.106100000,0502-departing-01,1
VIRAT_S_050202_10_002159_002233,184,6.139466667,0502-departing-01,1
VIRAT_S_050202_10_002159_002233,185,6.172833333,0502-departing-01,1
VIRAT_S_050202_10_002159_002233,186,6.206200000,0502-departing-01,1
VIRAT_S_050202_10_002159_002233,187,6.239566667,0502-departing-01,1
VIRAT_S_050202_10_002159_002233,188,6.272933333,0502-departing-01,1
VIRAT_S_050202_10_002159_002233,189,6.306300000,0502-departing-01,1
VIRAT_S_050202_10_002159_002233,190,6.339666667,0502-departing-01,1
VIRAT_S_050202_10_002159_002233,191,6.373033333,0502-departing-01,1
VIRAT_S_050202_10_002159_002233,192,6.406400000,0502-departing-01,1
VIRAT_S_050202_10_002159_002233,193,6.439766667,0502-departing-01,1
VIRAT_S_050202_10_002159_002233,194,6.473133333,0502-departing-01,1
VIRAT_S_050202_10_002159_002233,195,6.506500000,0502-departing-01,1
VIRAT_S_050202_10_002159_002233,196,6.539866667,0502-departing-01,1
VIRAT_S_050202_10_002159_002233,197,6.573233333,0502-departing-01,1
VIRAT_S_050202_10_002159_002233,198,6.606600000,0502-departing-01,1
VIRAT_S_050202_10_002159_002233,199,6.639966667,0502-departing-01,1
VIRAT_S_050202_10_002159_002233,200,6.673333333,0502-departing-01,1
VIRAT_S_050202_10_002159_002233,201,6.706700000,0502-departing-01,1
VIRAT_S_050202_10_002159_002233,202,6.740066667,0502-departing-01,1
VIRAT_S_050202_10_002159_002233,203,6.773433333,0502-departing-01,1
VIRAT_S_050202_10_002159_002233,204,6.806800000,0502-departing-01,1
VIRAT_S_050202_10_002159_002233,205,6.840166667,0502-departing-01,1
VIRAT_S_050202_10_002159_002233,206,6.873533333,0502-departing-01,1
VIRAT_S_050202_10_002159_002233,207,6.906900000,0502-departing-01,1
VIRAT_S_050202_10_002159_002233,208,6.940266667,0502-departing-01,1
VIRAT_S_050202_10_002159_002233,209,6.973633333,0502-departing-01,1
VIRAT_S_050202_10_002159_002233,210,7.007000000,0502-departing-01,1
VIRAT_S_050202_10_002159_002233,211,7.040366667,0502-departing-01,1
VIRAT_S_050202_10_002159_002233,212,7.073733333,0502-departing-01,1
VIRAT_S_050202_10_002159_002233,213,7.107100000,0502-departing-01,1
VIRAT_S_050202_10_002159_002233,214,7.140466667,0502-departing-01,1
VIRAT_S_050202_10_002159_002233,215,7.173833333,0502-departing-01,1
VIRAT_S_050202_10_002159_002233,216,7.207200000,0502-departing-01,1
VIRAT_S_050202_10_002159_002233,217,7.240566667,0502-departing-01,1
VIRAT_S_050202_10_002159_002233,218,7.273933333,0502-departing-01,1
VIRAT_S_050202_10_002159_002233,219,7.307300000,0502-departing-01,1
VIRAT_S_050202_10_002159_002233,220,7.340666667,0502-departing-01,1
VIRAT_S_050202_10_002159_002233,221,7.374033333,0502-departing-01,1
VIRAT_S_050202_10_002159_002233,222,7.407400000,0502-departing-01,1
VIRAT_S_050202_10_002159_002233,223,7.440766667,0502-departing-01,1
VIRAT_S_050202_10_002159_002233,224,7.474133333,0502-departing-01,1
VIRAT_S_050202_10_002159_002233,225,7.507500000,0502-departing-01,1
VIRAT_S_050202_10_002159_002233,226,7.540866667,0502-departing-01,1
VIRAT_S_050202_10_002159_002233,227,7.574233333,0502-departing-01,1
VIRAT_S_050202_10_002159_002233,228,7.607600000,0502-departing-01,1
VIRAT_S_050202_10_002159_002233,229,7.640966667,0502-departing-01,1
VIRAT_S_050202_10_002159_002233,230,7.674333333,0502-departing-01,1
VIRAT_S_050202_10_002159_002233,231,7.707700000,0502-departing-01,1
VIRAT_S_050202_10_002159_002233,232,7.741066667,0502-departing-01,1
VIRAT_S_050202_10_002159_002233,233,7.774433333,0502-departing-01,1
VIRAT_S_050202_10_002159_002233,234,7.807800000,0502-departing-01,1
VIRAT_S_050202_10_002159_002233,235,7.841166667,0502-departing-01,1
VIRAT_S_050202_10_002159_002233,236,7.874533333,0502-departing-01,1
VIRAT_S_050202_10_002159_002233,237,7.907900000,0502-departing-01,1
VIRAT_S_050202_10_002159_002233,238,7.941266667,0502-departing-01,1
VIRAT_S_050202_10_002159_002233,239,7.974633333,0502-departing-01,1
VIRAT_S_050202_10_002159_002233,240,8.008000000,0502-departing-01,1
VIRAT_S_050202_10_002159_002233,241,8.041366667,0502-departing-01,1
VIRAT_S_050202_10_002159_002233,242,8.074733333,0502-departing-01,1
VIRAT_S_050202_10_002159_002233,243,8.108100000,0502-departing-01,1
VIRAT_S_050202_10_002159_002233,244,8.141466667,0502-departing-01,1
VIRAT_S_050202_10_002159_002233,245,8.174833333,0502-departing-01,1
VIRAT_S_050202_10_002159_002233,246,8.208200000,0502-departing-01,1
VIRAT_S_050202_10_002159_002233,247,8.241566667,0502-departing-01,1
VIRAT_S_050202_10_002159_002233,248,8.274933333,0502-departing-01,1
VIRAT_S_050202_10_002159_002233,249,8.308300000,0502-departing-01,1
VIRAT_S_050202_10_002159_002233,250,8.341666667,0502-departing-01,1
VIRAT_S_050202_10_002159_002233,251,8.375033333,0502-departing-01,1
VIRAT_S_050202_10_002159_002233,252,8.408400000,0502-departing-01,1
VIRAT_S_050202_10_002159_002233,253,8.441766667,0502-departing-01,1
VIRAT_S_050202_10_002159_002233,254,8.475133333,0502-departing-01,1
VIRAT_S_050202_10_002159_002233,255,8.508500000,0502-departing-01,1
VIRAT_S_050202_10_002159_002233,256,8.541866667,0502-departing-01,1
VIRAT_S_050202_10_002159_002233,257,8.575233333,0502-departing-01,1
VIRAT_S_050202_10_002159_002233,258,8.608600000,0502-departing-01,1
VIRAT_S_050202_10_002159_002233,259,8.641966667,0502-departing-01,1
VIRAT_S_050202_10_002159_002233,260,8.675333333,0502-departing-01,1
VIRAT_S_050202_10_002159_002233,261,8.708700000,0502-departing-01,1
VIRAT_S_050202_10_002159_002233,262,8.742066667,0502-departing-01,1
VIRAT_S_050202_10_002159_002233,263,8.775433333,0502-departing-01,1
VIRAT_S_050202_10_002159_002233,264,8.808800000,0502-departing-01,1
VIRAT_S_050202_10_002159_002233,265,8.842166667,0502-departing-01,1
VIRAT_S_050202_10_002159_002233,266,8.875533333,0502-departing-01,1
VIRAT_S_050202_10_002159_002233,267,8.908900000,0502-departing-01,1
VIRAT_S_050202_10_002159_002233,268,8.942266667,0502-departing-01,1
VIRAT_S_050202_10_002159_002233,269,8.975633333,0502-departing-01,1
VIRAT_S_050202_10_002159_002233,270,9.009000000,0502-departing-01,1
VIRAT_S_050202_10_002159_002233,271,9.042366667,0502-departing-01,1
VIRAT_S_050202_10_002159_002233,272,9.075733333,0502-departing-01,1
VIRAT_S_050202_10_002159_002233,273,9.109100000,0502-departing-01,1
VIRAT_S_050202_10_002159_002233,274,9.142466667,0502-departing-01,1
VIRAT_S_050202_10_002159_002233,275,9.175833333,0502-departing-01,1
VIRAT_S_050202_10_002159_002233,276,9.209200000,0502-departing-01,1
VIRAT_S_050202_10_002159_002233,277,9.242566667,0502-departing-01,1
VIRAT_S_050202_10_002159_002233,278,9.275933333,0502-departing-01,1
VIRAT_S_050202_10_002159_002233,279,9.309300000,0502-departing-01,1
VIRAT_S_050202_10_002159_002233,280,9.342666667,0502-departing-01,1
VIRAT_S_050202_10_002159_002233,281,9.376033333,0502-departing-01,1
VIRAT_S_050202_10_002159_002233,282,9.409400000,0502-departing-01,1
VIRAT_S_050202_10_002159_002233,283,9.442766667,0502-departing-01,1
VIRAT_S_050202_10_002159_002233,284,9.476133333,0502-departing-01,1
VIRAT_S_050202_10_002159_002233,285,9.509500000,0502-departing-01,1
VIRAT_S_050202_10_002159_002233,286,9.542866667,0502-departing-01,1
VIRAT_S_050202_10_002159_002233,287,9.576233333,0502-departing-01,1
VIRAT_S_050202_10_002159_002233,288,9.609600000,0502-departing-01,1
VIRAT_S_050202_10_002159_002233,289,9.642966667,0502-departing-01,1
VIRAT_S_050202_10_002159_002233,290,9.676333333,0502-departing-01,1
VIRAT_S_050202_10_002159_002233,291,9.709700000,0502-departing-01,1
VIRAT_S_050202_10_002159_002233,292,9.743066667,0502-departing-01,1
VIRAT_S_050202_10_002159_002233,293,9.776433333,0502-departing-01,1
VIRAT_S_050202_10_002159_002233,294,9.809800000,0502-departing-01,1
VIRAT_S_050202_10_002159_002233,295,9.843166667,0502-departing-01,1
VIRAT_S_050202_10_002159_002233,296,9.876533333,0502-departing-01,1
VIRAT_S_050202_10_002159_002233,297,9.909900000,0502-departing-01,1
VIRAT_S_050202_10_002159_002233,298,9.943266667,0502-departing-01,1
VIRAT_S_050202_10_002159_002233,299,9.976633333,0502-departing-01,1
VIRAT_S_050202_10_002159_002233,300,10.010000000,0502-departing-01,1
VIRAT_S_050202_10_002159_002233,301,10.043366667,0502-departing-01,1
VIRAT_S_050202_10_002159_002233,302,10.076733333,0502-departing-01,1
VIRAT_S_050202_10_002159_002233,303,10.110100000,0502-departing-01,1
VIRAT_S_050202_10_002159_002233,304,10.143466667,0502-departing-01,1
VIRAT_S_050202_10_002159_002233,305,10.176833333,0502-departing-01,1
VIRAT_S_050202_10_002159_002233,306,10.210200000,0502-departing-01,1
VIRAT_S_050202_10_002159_002233,307,10.243566667,0502-departing-01,1
VIRAT_S_050202_10_002159_002233,308,10.276933333,0502-departing-01,1
VIRAT_S_050202_10_002159_002233,309,10.310300000,0502-departing-01,1
VIRAT_S_050202_10_002159_002233,310,10.343666667,0502-departing-01,1
VIRAT_S_050202_10_002159_002233,311,10.377033333,0502-departing-01,1
VIRAT_S_050202_10_002159_002233,312,10.410400000,0502-departing-01,1
VIRAT_S_050202_10_002159_002233,313,10.443766667,0502-departing-01,1
VIRAT_S_050202_10_002159_002233,314,10.477133333,0502-departing-01,1
VIRAT_S_050202_10_002159_002233,315,10.510500000,0502-departing-01,1
VIRAT_S_050202_10_002159_002233,316,10.543866667,0502-departing-01,1
VIRAT_S_050202_10_002159_002233,317,10.577233333,0502-departing-01,1
VIRAT_S_050202_10_002159_002233,318,10.610600000,0502-departing-01,1
VIRAT_S_050202_10_002159_002233,319,10.643966667,0502-departing-01,1
VIRAT_S_050202_10_002159_002233,320,10.677333333,0502-departing-01,1
VIRAT_S_050202_10_002159_002233,321,10.710700000,0502-departing-01,1
VIRAT_S_050202_10_002159_002233,322,10.744066667,0502-departing-01,1
VIRAT_S_050202_10_002159_002233,323,10.777433333,0502-departing-01,1
VIRAT_S_050202_10_002159_002233,324,10.810800000,0502-departing-01,1
VIRAT_S_050202_10_002159_002233,325,10.844166667,0502-departing-01,1
VIRAT_S_050202_10_002159_002233,326,10.877533333,0502-departing-01,1
VIRAT_S_050202_10_002159_002233,327,10.910900000,0502-departing-01,1
VIRAT_S_050202_10_002159_002233,328,10.944266667,0502-departing-01,1
VIRAT_S_050202_10_002159_002233,329,10.977633333,0502-departing-01,1
VIRAT_S_050202_10_002159_002233,330,11.011000000,0502-departing-01,1
VIRAT_S_050202_10_002159_002233,331,11.044366667,0502-departing-01,1
VIRAT_S_050202_10_002159_002233,332,11.077733333,0502-departing-01,1
VIRAT_S_050202_10_002159_002233,333,11.111100000,0502-departing-01,1
VIRAT_S_050202_10_002159_002233,334,11.144466667,0502-departing-01,1
VIRAT_S_050202_10_002159_002233,335,11.177833333,0502-departing-01,1
VIRAT_S_050202_10_002159_002233,336,11.211200000,0502-departing-01,1
VIRAT_S_050202_10_002159_002233,337,11.244566667,0502-departing-01,1
VIRAT_S_050202_10_002159_002233,338,11.277933333,0502-departing-01,1
VIRAT_S_050202_10_002159_002233,339,11.311300000,0502-departing-01,1
VIRAT_S_050202_10_002159_002233,340,11.344666667,0502-departing-01,1
VIRAT_S_050202_10_002159_002233,341,11.378033333,0502-departing-01,1
VIRAT_S_050202_10_002159_002233,342,11.411400000,0502-departing-01,1
VIRAT_S_050202_10_002159_002233,343,11.444766667,0502-departing-01,1
VIRAT_S_050202_10_002159_002233,344,11.478133333,0502-departing-01,1
VIRAT_S_050202_10_002159_002233,345,11.511500000,0502-departing-01,1
VIRAT_S_050202_10_002159_002233,346,11.544866667,0502-departing-01,1
VIRAT_S_050202_10_002159_002233,347,11.578233333,0502-departing-01,1
VIRAT_S_050202_10_002159_002233,348,11.611600000,0502-departing-01,1
VIRAT_S_050202_10_002159_002233,349,11.644966667,0502-departing-01,1
VIRAT_S_050202_10_002159_002233,350,11.678333333,0502-departing-01,1
VIRAT_S_050202_10_002159_002233,351,11.711700000,0502-departing-01,1
VIRAT_S_050202_10_002159_002233,352,11.745066667,0502-departing-01,1
VIRAT_S_050202_10_002159_002233,353,11.778433333,0502-departing-01,1
VIRAT_S_050202_10_002159_002233,354,11.811800000,0502-departing-01,1
VIRAT_S_050202_10_002159_002233,355,11.845166667,0502-departing-01,1
VIRAT_S_050202_10_002159_002233,356,11.878533333,0502-departing-01,1
VIRAT_S_050202_10_002159_002233,357,11.911900000,0502-departing-01,1
VIRAT_S_050202_10_002159_002233,358,11.945266667,0502-departing-01,1
VIRAT_S_050202_10_002159_002233,359,11.978633333,0502-departing-01,1
VIRAT_S_050202_10_002159_002233,360,12.012000000,0502-departing-01,1
VIRAT_S_050202_10_002159_002233,361,12.045366667,0502-departing-01,1
VIRAT_S_050202_10_002159_002233,362,12.078733333,0502-departing-01,1
VIRAT_S_050202_10_002159_002233,363,12.112100000,0502-departing-01,1
VIRAT_S_050202_10_002159_002233,364,12.145466667,0502-departing-01,1
VIRAT_S_050202_10_002159_002233,365,12.178833333,0502-departing-01,1
VIRAT_S_050202_10_002159_002233,366,12.212200000,0502-departing-01,1
VIRAT_S_050202_10_002159_002233,367,12.245566667,0502-departing-01,1
VIRAT_S_050202_10_002159_002233,368,12.278933333,0502-departing-01,1
VIRAT_S_050202_10_002159_002233,369,12.312300000,0502-departing-01,1
VIRAT_S_050202_10_002159_002233,370,12.345666667,0502-departing-01,1
VIRAT_S_050202_10_002159_002233,371,12.379033333,0502-departing-01,1
VIRAT_S_050202_10_002159_002233,372,12.412400000,0502-departing-01,1
VIRAT_S_050202_10_002159_002233,373,12.445766667,0502-departing-01,1
VIRAT_S_050202_10_002159_002233,374,12.479133333,0502-departing-01,1
VIRAT_S_050202_10_002159_002233,375,12.512500000,0502-departing-01,1
VIRAT_S_050202_10_002159_002233,376,12.545866667,0502-departing-01,1
VIRAT_S_050202_10_002159_002233,377,12.579233333,0502-departing-01,1
VIRAT_S_050202_10_002159_002233,378,12.612600000,0502-departing-01,1
VIRAT_S_050202_10_002159_002233,379,12.645966667,0502-departing-01,1
VIRAT_S_050202_10_002159_002233,380,12.679333333,0502-departing-01,1
VIRAT_S_050202_10_002159_002233,381,12.712700000,0502-departing-01,1
VIRAT_S_050202_10_002159_002233,382,12.746066667,0502-departing-01,1
VIRAT_S_050202_10_002159_002233,383,12.779433333,0502-departing-01,1
VIRAT_S_050202_10_002159_002233,384,12.812800000,0502-departing-01,1
VIRAT_S_050202_10_002159_002233,385,12.846166667,0502-departing-01,1
VIRAT_S_050202_10_002159_002233,386,12.879533333,0502-departing-01,1
VIRAT_S_050202_10_002159_002233,387,12.912900000,0502-departing-01,1
VIRAT_S_050202_10_002159_002233,388,12.946266667,0502-departing-01,1
VIRAT_S_050202_10_002159_002233,389,12.979633333,0502-departing-01,1
VIRAT_S_050202_10_002159_002233,390,13.013000000,0502-departing-01,1
VIRAT_S_050202_10_002159_002233,391,13.046366667,0502-departing-01,1
VIRAT_S_050202_10_002159_002233,392,13.079733333,0502-departing-01,1
VIRAT_S_050202_10_002159_002233,393,13.113100000,0502-departing-01,1
VIRAT_S_050202_10_002159_002233,394,13.146466667,0502-departing-01,1
VIRAT_S_050202_10_002159_002233,395,13.179833333,0502-departing-01,1
VIRAT_S_050202_10_002159_002233,396,13.213200000,0502-departing-01,1
VIRAT_S_050202_10_002159_002233,397,13.246566667,0502-departing-01,1
VIRAT_S_050202_10_002159_002233,398,13.279933333,0502-departing-01,1
VIRAT_S_050202_10_002159_002233,399,13.313300000,0502-departing-01,1
VIRAT_S_050202_10_002159_002233,400,13.346666667,0502-departing-01,1
VIRAT_S_050202_10_002159_002233,401,13.380033333,0502-departing-01,1
VIRAT_S_050202_10_002159_002233,402,13.413400000,0502-departing-01,1
VIRAT_S_050202_10_002159_002233,403,13.446766667,0502-departing-01,1
VIRAT_S_050202_10_002159_002233,404,13.480133333,0502-departing-01,1
VIRAT_S_050202_10_002159_002233,405,13.513500000,0502-departing-01,1
VIRAT_S_050202_10_002159_002233,406,13.546866667,0502-departing-01,1
VIRAT_S_050202_10_002159_002233,407,13.580233333,0502-departing-01,1
VIRAT_S_050202_10_002159_002233,408,13.613600000,0502-departing-01,1
VIRAT_S_050202_10_002159_002233,409,13.646966667,0502-departing-01,1
VIRAT_S_050202_10_002159_002233,410,13.680333333,0502-departing-01,1
VIRAT_S_050202_10_002159_002233,411,13.713700000,0502-departing-01,1
VIRAT_S_050202_10_002159_002233,412,13.747066667,0502-departing-01,1
VIRAT_S_050202_10_002159_002233,413,13.780433333,0502-departing-01,1
VIRAT_S_050202_10_002159_002233,414,13.813800000,0502-departing-01,1
VIRAT_S_050202_10_002159_002233,415,13.847166667,0502-departing-01,1
VIRAT_S_050202_10_002159_002233,416,13.880533333,0502-departing-01,1
VIRAT_S_050202_10_002159_002233,417,13.913900000,0502-departing-01,1
VIRAT_S_050202_10_002159_002233,418,13.947266667,0502-departing-01,1
VIRAT_S_050202_10_002159_002233,419,13.980633333,0502-departing-01,1
VIRAT_S_050202_10_002159_002233,420,14.014000000,0502-departing-01,1
VIRAT_S_050202_10_002159_002233,421,14.047366667,0502-departing-01,1
VIRAT_S_050202_10_002159_002233,422,14.080733333,0502-departing-01,1
VIRAT_S_050202_10_002159_002233,423,14.114100000,0502-departing-01,1
VIRAT_S_050202_10_002159_002233,424,14.147466667,0502-departing-01,1
VIRAT_S_050202_10_002159_002233,425,14.180833333,0502-departing-01,1
VIRAT_S_050202_10_002159_002233,426,14.214200000,0502-departing-01,1
VIRAT_S_050202_10_002159_002233,427,14.247566667,0502-departing-01,1
VIRAT_S_050202_10_002159_002233,428,14.280933333,0502-departing-01,1
VIRAT_S_050202_10_002159_002233,429,14.314300000,0502-departing-01,1
VIRAT_S_050202_10_002159_002233,430,14.347666667,0502-departing-01,1
VIRAT_S_050202_10_002159_002233,431,14.381033333,0502-departing-01,1
VIRAT_S_050202_10_002159_002233,432,14.414400000,0502-departing-01,1
VIRAT_S_050202_10_002159_002233,433,14.447766667,0502-departing-01,1
VIRAT_S_050202_10_002159_002233,434,14.481133333,0502-departing-01,1
VIRAT_S_050202_10_002159_002233,435,14.514500000,0502-departing-01,1
VIRAT_S_050202_10_002159_002233,436,14.547866667,0502-departing-01,1
VIRAT_S_050202_10_002159_002233,437,14.581233333,0502-departing-01,1
VIRAT_S_050202_10_002159_002233,438,14.614600000,0502-departing-01,1
VIRAT_S_050202_10_002159_002233,439,14.647966667,0502-departing-01,1
VIRAT_S_050202_10_002159_002233,440,14.681333333,0502-departing-01,1
VIRAT_S_050202_10_002159_002233,441,14.714700000,0502-departing-01,1
VIRAT_S_050202_10_002159_002233,442,14.748066667,0502-departing-01,1
VIRAT_S_050202_10_002159_002233,443,14.781433333,0502-departing-01,1
VIRAT_S_050202_10_002159_002233,444,14.814800000,0502-departing-01,1
VIRAT_S_050202_10_002159_002233,445,14.848166667,0502-departing-01,1
VIRAT_S_050202_10_002159_002233,446,14.881533333,0502-departing-01,1
VIRAT_S_050202_10_002159_002233,447,14.914900000,0502-departing-01,1
VIRAT_S_050202_10_002159_002233,448,14.948266667,0502-departing-01,1
VIRAT_S_050202_10_002159_002233,449,14.981633333,0502-departing-01,1
VIRAT_S_050202_10_002159_002233,450,15.015000000,0502-departing-01,1
VIRAT_S_050202_10_002159_002233,451,15.048366667,0502-departing-01,1
VIRAT_S_050202_10_002159_002233,452,15.081733333,0502-departing-01,1
VIRAT_S_050202_10_002159_002233,453,15.115100000,0502-departing-01,1
VIRAT_S_050202_10_002159_002233,454,15.148466667,0502-departing-01,1
VIRAT_S_050202_10_002159_002233,455,15.181833333,0502-departing-01,1
VIRAT_S_050202_10_002159_002233,456,15.215200000,0502-departing-01,1
VIRAT_S_050202_10_002159_002233,457,15.248566667,0502-departing-01,1
VIRAT_S_050202_10_002159_002233,458,15.281933333,0502-departing-01,1
VIRAT_S_050202_10_002159_002233,459,15.315300000,0502-departing-01,1
VIRAT_S_050202_10_002159_002233,460,15.348666667,0502-departing-01,1
VIRAT_S_050202_10_002159_002233,461,15.382033333,0502-departing-01,1
VIRAT_S_050202_10_002159_002233,462,15.415400000,0502-departing-01,1
VIRAT_S_050202_10_002159_002233,463,15.448766667,0502-departing-01,1
VIRAT_S_050202_10_002159_002233,464,15.482133333,0502-departing-01,1
VIRAT_S_050202_10_002159_002233,465,15.515500000,0502-departing-01,1
VIRAT_S_050202_10_002159_002233,466,15.548866667,0502-departing-01,1
VIRAT_S_050202_10_002159_002233,467,15.582233333,0502-departing-01,1
VIRAT_S_050202_10_002159_002233,468,15.615600000,0502-departing-01,1
VIRAT_S_050202_10_002159_002233,469,15.648966667,0502-departing-01,1
VIRAT_S_050202_10_002159_002233,470,15.682333333,0502-departing-01,1
VIRAT_S_050202_10_002159_002233,471,15.715700000,0502-departing-01,1
VIRAT_S_050202_10_002159_002233,472,15.749066667,0502-departing-01,1
VIRAT_S_050202_10_002159_002233,473,15.782433333,0502-departing-01,1
VIRAT_S_050202_10_002159_002233,474,15.815800000,0502-departing-01,1
VIRAT_S_050202_10_002159_002233,475,15.849166667,0502-departing-01,1
VIRAT_S_050202_10_002159_002233,476,15.882533333,0502-departing-01,1
VIRAT_S_050202_10_002159_002233,477,15.915900000,0502-departing-01,1
VIRAT_S_050202_10_002159_002233,478,15.949266667,0502-departing-01,1
VIRAT_S_050202_10_002159_002233,479,15.982633333,0502-departing-01,1
VIRAT_S_050202_10_002159_002233,480,16.016000000,0502-departing-01,1
VIRAT_S_050202_10_002159_002233,481,16.049366667,0502-departing-01,1
VIRAT_S_050202_10_002159_002233,482,16.082733333,0502-departing-01,1
VIRAT_S_050202_10_002159_002233,483,16.116100000,0502-departing-01,1
VIRAT_S_050202_10_002159_002233,484,16.149466667,0502-departing-01,1
VIRAT_S_050202_10_002159_002233,485,16.182833333,0502-departing-01,1
VIRAT_S_050202_10_002159_002233,486,16.216200000,0502-departing-01,1
VIRAT_S_050202_10_002159_002233,487,16.249566667,0502-departing-01,1
VIRAT_S_050202_10_002159_002233,488,16.282933333,0502-departing-01,1
VIRAT_S_050202_10_002159_002233,489,16.316300000,0502-departing-01,1
VIRAT_S_050202_10_002159_002233,490,16.349666667,0502-departing-01,1
VIRAT_S_050202_10_002159_002233,491,16.383033333,0502-departing-01,1
VIRAT_S_050202_10_002159_002233,492,16.416400000,0502-departing-01,1
VIRAT_S_050202_10_002159_002233,493,16.449766667,0502-departing-01,1
VIRAT_S_050202_10_002159_002233,494,16.483133333,0502-departing-01,1
VIRAT_S_050202_10_002159_002233,495,16.516500000,0502-departing-01,1
VIRAT_S_050202_10_002159_002233,496,16.549866667,0502-departing-01,1
VIRAT_S_050202_10_002159_002233,497,16.583233333,0502-departing-01,1
VIRAT_S_050202_10_002159_002233,498,16.616600000,0502-departing-01,1
VIRAT_S_050202_10_002159_002233,499,16.649966667,0502-departing-01,1
VIRAT_S_050202_10_002159_002233,500,16.683333333,0502-departing-01,1
VIRAT_S_050202_10_002159_002233,501,16.716700000,0502-departing-01,1
VIRAT_S_050202_10_002159_002233,502,16.750066667,0502-departing-01,1
VIRAT_S_050202_10_002159_002233,503,16.783433333,0502-departing-01,1
VIRAT_S_050202_10_002159_002233,504,16.816800000,0502-departing-01,1
VIRAT_S_050202_10_002159_002233,505,16.850166667,0502-departing-01,1
VIRAT_S_050202_10_002159_002233,506,16.883533333,0502-departing-01,1
VIRAT_S_050202_10_002159_002233,507,16.916900000,0502-departing-01,1
VIRAT_S_050202_10_002159_002233,508,16.950266667,0502-departing-01,1
VIRAT_S_050202_10_002159_002233,509,16.983633333,0502-departing-01,1
VIRAT_S_050202_10_002159_002233,510,17.017000000,0502-departing-01,1
VIRAT_S_050202_10_002159_002233,511,17.050366667,0502-departing-01,1
VIRAT_S_050202_10_002159_002233,512,17.083733333,0502-departing-01,1
VIRAT_S_050202_10_002159_002233,513,17.117100000,0502-departing-01,1
VIRAT_S_050202_10_002159_002233,514,17.150466667,0502-departing-01,1
VIRAT_S_050202_10_002159_002233,515,17.183833333,0502-departing-01,1
VIRAT_S_050202_10_002159_002233,516,17.217200000,0502-departing-01,1
VIRAT_S_050202_10_002159_002233,517,17.250566667,0502-departing-01,1
VIRAT_S_050202_10_002159_002233,518,17.283933333,0502-departing-01,1
VIRAT_S_050202_10_002159_002233,519,17.317300000,0502-departing-01,1
VIRAT_S_050202_10_002159_002233,520,17.350666667,0502-departing-01,1
VIRAT_S_050202_10_002159_002233,521,17.384033333,0502-departing-01,1
VIRAT_S_050202_10_002159_002233,522,17.417400000,0502-departing-01,1
VIRAT_S_050202_10_002159_002233,523,17.450766667,0502-departing-01,1
VIRAT_S_050202_10_002159_002233,524,17.484133333,0502-departing-01,1
VIRAT_S_050202_10_002159_002233,525,17.517500000,0502-departing-01,1
VIRAT_S_050202_10_002159_002233,526,17.550866667,0502-departing-01,1
VIRAT_S_050202_10_002159_002233,527,17.584233333,0502-departing-01,1
VIRAT_S_050202_10_002159_002233,528,17.617600000,0502-departing-01,1
VIRAT_S_050202_10_002159_002233,529,17.650966667,0502-departing-01,1
VIRAT_S_050202_10_002159_002233,530,17.684333333,0502-departing-01,1
VIRAT_S_050202_10_002159_002233,531,17.717700000,0502-departing-01,1
VIRAT_S_050202_10_002159_002233,532,17.751066667,0502-departing-01,1
VIRAT_S_050202_10_002159_002233,533,17.784433333,0502-departing-01,1
VIRAT_S_050202_10_002159_002233,534,17.817800000,0502-departing-01,1
VIRAT_S_050202_10_002159_002233,535,17.851166667,0502-departing-01,1
VIRAT_S_050202_10_002159_002233,536,17.884533333,0502-departing-01,1
VIRAT_S_050202_10_002159_002233,537,17.917900000,0502-departing-01,1
VIRAT_S_050202_10_002159_002233,538,17.951266667,0502-departing-01,1
VIRAT_S_050202_10_002159_002233,539,17.984633333,0502-departing-01,1
VIRAT_S_050202_10_002159_002233,540,18.018000000,0502-departing-01,1
VIRAT_S_050202_10_002159_002233,541,18.051366667,0502-departing-01,1
VIRAT_S_050202_10_002159_002233,542,18.084733333,0502-departing-01,1
VIRAT_S_050202_10_002159_002233,543,18.118100000,0502-departing-01,1
VIRAT_S_050202_10_002159_002233,544,18.151466667,0502-departing-01,1
VIRAT_S_050202_10_002159_002233,545,18.184833333,0502-departing-01,1
VIRAT_S_050202_10_002159_002233,546,18.218200000,0502-departing-01,1
VIRAT_S_050202_10_002159_002233,547,18.251566667,0502-departing-01,1
VIRAT_S_050202_10_002159_002233,548,18.284933333,0502-departing-01,1
VIRAT_S_050202_10_002159_002233,549,18.318300000,0502-departing-01,1
VIRAT_S_050202_10_002159_002233,550,18.351666667,0502-departing-01,1
VIRAT_S_050202_10_002159_002233,551,18.385033333,0502-departing-01,1
VIRAT_S_050202_10_002159_002233,552,18.418400000,0502-departing-01,1
VIRAT_S_050202_10_002159_002233,553,18.451766667,0502-departing-01,1
VIRAT_S_050202_10_002159_002233,554,18.485133333,0502-departing-01,1
VIRAT_S_050202_10_002159_002233,555,18.518500000,0502-departing-01,1
VIRAT_S_050202_10_002159_002233,556,18.551866667,0502-departing-01,1
VIRAT_S_050202_10_002159_002233,557,18.585233333,0502-departing-01,1
VIRAT_S_050202_10_002159_002233,558,18.618600000,0502-departing-01,1
VIRAT_S_050202_10_002159_002233,559,18.651966667,0502-departing-01,1
VIRAT_S_050202_10_002159_002233,560,18.685333333,0502-departing-01,1
VIRAT_S_050202_10_002159_002233,561,18.718700000,0502-departing-01,1
VIRAT_S_050202_10_002159_002233,562,18.752066667,0502-departing-01,1
VIRAT_S_050202_10_002159_002233,563,18.785433333,0502-departing-01,1
VIRAT_S_050202_10_002159_002233,564,18.818800000,0502-departing-01,1
VIRAT_S_050202_10_002159_002233,565,18.852166667,0502-departing-01,1
VIRAT_S_050202_10_002159_002233,566,18.885533333,0502-departing-01,1
VIRAT_S_050202_10_002159_002233,567,18.918900000,0502-departing-01,1
VIRAT_S_050202_10_002159_002233,568,18.952266667,0502-departing-01,1
VIRAT_S_050202_10_002159_002233,569,18.985633333,0502-departing-01,1
VIRAT_S_050202_10_002159_002233,570,19.019000000,0502-departing-01,1
VIRAT_S_050202_10_002159_002233,571,19.052366667,0502-departing-01,1
VIRAT_S_050202_10_002159_002233,572,19.085733333,0502-departing-01,1
VIRAT_S_050202_10_002159_002233,573,19.119100000,0502-departing-01,1
VIRAT_S_050202_10_002159_002233,574,19.152466667,0502-departing-01,1
VIRAT_S_050202_10_002159_002233,575,19.185833333,0502-departing-01,1
VIRAT_S_050202_10_002159_002233,576,19.219200000,0502-departing-01,1
VIRAT_S_050202_10_002159_002233,577,19.252566667,0502-departing-01,1
VIRAT_S_050202_10_002159_002233,578,19.285933333,0502-departing-01,1
VIRAT_S_050202_10_002159_002233,579,19.319300000,0502-departing-01,1
VIRAT_S_050202_10_002159_002233,580,19.352666667,0502-departing-01,1
VIRAT_S_050202_10_002159_002233,581,19.386033333,0502-departing-01,1
VIRAT_S_050202_10_002159_002233,582,19.419400000,0502-departing-01,1
VIRAT_S_050202_10_002159_002233,583,19.452766667,0502-departing-01,1
VIRAT_S_050202_10_002159_002233,584,19.486133333,0502-departing-01,1
VIRAT_S_050202_10_002159_002233,585,19.519500000,0502-departing-01,1
VIRAT_S_050202_10_002159_002233,586,19.552866667,0502-departing-01,1
VIRAT_S_050202_10_002159_002233,587,19.586233333,0502-departing-01,1
VIRAT_S_050202_10_002159_002233,588,19.619600000,0502-departing-01,1
VIRAT_S_050202_10_002159_002233,589,19.652966667,0502-departing-01,1
VIRAT_S_050202_10_002159_002233,590,19.686333333,0502-departing-01,1
VIRAT_S_050202_10_002159_002233,591,19.719700000,0502-departing-01,1
VIRAT_S_050202_10_002159_002233,592,19.753066667,0502-departing-01,1
VIRAT_S_050202_10_002159_002233,593,19.786433333,0502-departing-01,1
VIRAT_S_050202_10_002159_002233,594,19.819800000,0502-departing-01,1
VIRAT_S_050202_10_002159_002233,595,19.853166667,0502-departing-01,1
VIRAT_S_050202_10_002159_002233,596,19.886533333,0502-departing-01,1
VIRAT_S_050202_10_002159_002233,597,19.919900000,0502-departing-01,1
VIRAT_S_050202_10_002159_002233,598,19.953266667,0502-departing-01,1
VIRAT_S_050202_10_002159_002233,599,19.986633333,0502-departing-01,1
VIRAT_S_050202_10_002159_002233,600,20.020000000,0502-departing-01,1
VIRAT_S_050202_10_002159_002233,601,20.053366667,0502-departing-01,1
VIRAT_S_050202_10_002159_002233,602,20.086733333,0502-departing-01,1
VIRAT_S_050202_10_002159_002233,603,20.120100000,0502-departing-01,1
VIRAT_S_050202_10_002159_002233,604,20.153466667,0502-departing-01,1
VIRAT_S_050202_10_002159_002233,605,20.186833333,0502-departing-01,1
VIRAT_S_050202_10_002159_002233,606,20.220200000,0502-departing-01,1
VIRAT_S_050202_10_002159_002233,607,20.253566667,0502-departing-01,1
VIRAT_S_050202_10_002159_002233,608,20.286933333,0502-departing-01,1
VIRAT_S_050202_10_002159_002233,609,20.320300000,0502-departing-01,1
VIRAT_S_050202_10_002159_002233,610,20.353666667,0502-departing-01,1
VIRAT_S_050202_10_002159_002233,611,20.387033333,0502-departing-01,1
VIRAT_S_050202_10_002159_002233,612,20.420400000,0502-departing-01,1
VIRAT_S_050202_10_002159_002233,613,20.453766667,0502-departing-01,1
VIRAT_S_050202_10_002159_002233,614,20.487133333,0502-departing-01,1
VIRAT_S_050202_10_002159_002233,615,20.520500000,0502-departing-01,1
VIRAT_S_050202_10_002159_002233,616,20.553866667,0502-departing-01,1
VIRAT_S_050202_10_002159_002233,617,20.587233333,0502-departing-01,1
VIRAT_S_050202_10_002159_002233,618,20.620600000,0502-departing-01,1
VIRAT_S_050202_10_002159_002233,619,20.653966667,0502-departing-01,1
VIRAT_S_050202_10_002159_002233,620,20.687333333,0502-departing-01,1
VIRAT_S_050202_10_002159_002233,621,20.720700000,0502-departing-01,1
VIRAT_S_050202_10_002159_002233,622,20.754066667,0502-departing-01,1
VIRAT_S_050202_10_002159_002233,623,20.787433333,0502-departing-01,1
VIRAT_S_050202_10_002159_002233,624,20.820800000,0502-departing-01,1
VIRAT_S_050202_10_002159_002233,625,20.854166667,0502-departing-01,1
VIRAT_S_050202_10_002159_002233,626,20.887533333,0502-departing-01,1
VIRAT_S_050202_10_002159_002233,627,20.920900000,0502-departing-01,1
VIRAT_S_050202_10_002159_002233,628,20.954266667,0502-departing-01,1
VIRAT_S_050202_10_002159_002233,629,20.987633333,0502-departing-01,1
VIRAT_S_050202_10_002159_002233,630,21.021000000,0502-departing-01,1
VIRAT_S_050202_10_002159_002233,631,21.054366667,0502-departing-01,1
VIRAT_S_050202_10_002159_002233,632,21.087733333,0502-departing-01,1
VIRAT_S_050202_10_002159_002233,633,21.121100000,0502-departing-01,1
VIRAT_S_050202_10_002159_002233,634,21.154466667,0502-departing-01,1
VIRAT_S_050202_10_002159_002233,635,21.187833333,0502-departing-01,1
VIRAT_S_050202_10_002159_002233,636,21.221200000,0502-departing-01,1
VIRAT_S_050202_10_002159_002233,637,21.254566667,0502-departing-01,1
VIRAT_S_050202_10_002159_002233,638,21.287933333,0502-departing-01,1
VIRAT_S_050202_10_002159_002233,639,21.321300000,0502-departing-01,1
VIRAT_S_050202_10_002159_002233,640,21.354666667,0502-departing-01,1
VIRAT_S_050202_10_002159_002233,641,21.388033333,0502-departing-01,1
VIRAT_S_050202_10_002159_002233,642,21.421400000,0502-departing-01,1
VIRAT_S_050202_10_002159_002233,643,21.454766667,0502-departing-01,1
VIRAT_S_050202_10_002159_002233,644,21.488133333,0502-departing-01,1
VIRAT_S_050202_10_002159_002233,645,21.521500000,0502-departing-01,1
VIRAT_S_050202_10_002159_002233,646,21.554866667,0502-departing-01,1
VIRAT_S_050202_10_002159_002233,647,21.588233333,0502-departing-01,1
VIRAT_S_050202_10_002159_002233,648,21.621600000,0502-departing-01,1
VIRAT_S_050202_10_002159_002233,649,21.654966667,0502-departing-01,1
VIRAT_S_050202_10_002159_002233,650,21.688333333,0502-departing-01,1
VIRAT_S_050202_10_002159_002233,651,21.721700000,0502-departing-01,1
VIRAT_S_050202_10_002159_002233,652,21.755066667,0502-departing-01,1
VIRAT_S_050202_10_002159_002233,653,21.788433333,0502-departing-01,1
VIRAT_S_050202_10_002159_002233,654,21.821800000,0502-departing-01,1
VIRAT_S_050202_10_002159_002233,655,21.855166667,0502-departing-01,1
VIRAT_S_050202_10_002159_002233,656,21.888533333,0502-departing-01,1
VIRAT_S_050202_10_002159_002233,657,21.921900000,0502-departing-01,1
VIRAT_S_050202_10_002159_002233,658,21.955266667,0502-departing-01,1
VIRAT_S_050202_10_002159_002233,659,21.988633333,0502-departing-01,1
VIRAT_S_050202_10_002159_002233,660,22.022000000,0502-departing-01,1
VIRAT_S_050202_10_002159_002233,661,22.055366667,0502-departing-01,1
VIRAT_S_050202_10_002159_002233,662,22.088733333,0502-departing-01,1
VIRAT_S_050202_10_002159_002233,663,22.122100000,0502-departing-01,1
VIRAT_S_050202_10_002159_002233,664,22.155466667,0502-departing-01,1
VIRAT_S_050202_10_002159_002233,665,22.188833333,0502-departing-01,1
VIRAT_S_050202_10_002159_002233,666,22.222200000,0502-departing-01,1
VIRAT_S_050202_10_002159_002233,667,22.255566667,0502-departing-01,1
VIRAT_S_050202_10_002159_002233,668,22.288933333,0502-departing-01,1
VIRAT_S_050202_10_002159_002233,669,22.322300000,0502-departing-01,1
VIRAT_S_050202_10_002159_002233,670,22.355666667,0502-departing-01,1
VIRAT_S_050202_10_002159_002233,671,22.389033333,0502-departing-01,1
VIRAT_S_050202_10_002159_002233,672,22.422400000,0502-departing-01,1
VIRAT_S_050202_10_002159_002233,673,22.455766667,0502-departing-01,1
VIRAT_S_050202_10_002159_002233,674,22.489133333,0502-departing-01,1
VIRAT_S_050202_10_002159_002233,675,22.522500000,0502-departing-01,1
VIRAT_S_050202_10_002159_002233,676,22.555866667,0502-departing-01,1
VIRAT_S_050202_10_002159_002233,677,22.589233333,0502-departing-01,1
VIRAT_S_050202_10_002159_002233,678,22.622600000,0502-departing-01,1
VIRAT_S_050202_10_002159_002233,679,22.655966667,0502-departing-01,1
VIRAT_S_050202_10_002159_002233,680,22.689333333,0502-departing-01,1
VIRAT_S_050202_10_002159_002233,681,22.722700000,0502-departing-01,1
VIRAT_S_050202_10_002159_002233,682,22.756066667,0502-departing-01,1
VIRAT_S_050202_10_002159_002233,683,22.789433333,0502-departing-01,1
VIRAT_S_050202_10_002159_002233,684,22.822800000,0502-departing-01,1
VIRAT_S_050202_10_002159_002233,685,22.856166667,0502-departing-01,1
VIRAT_S_050202_10_002159_002233,686,22.889533333,0502-departing-01,1
VIRAT_S_050202_10_002159_002233,687,22.922900000,0502-departing-01,1
VIRAT_S_050202_10_002159_002233,688,22.956266667,0502-departing-01,1
VIRAT_S_050202_10_002159_002233,689,22.989633333,0502-departing-01,1
VIRAT_S_050202_10_002159_002233,690,23.023000000,0502-departing-01,1
VIRAT_S_050202_10_002159_002233,691,23.056366667,0502-departing-01,1
VIRAT_S_050202_10_002159_002233,692,23.089733333,0502-departing-01,1
VIRAT_S_050202_10_002159_002233,693,23.123100000,0502-departing-01,1
VIRAT_S_050202_10_002159_002233,694,23.156466667,0502-departing-01,1
VIRAT_S_050202_10_002159_002233,695,23.189833333,0502-departing-01,1
VIRAT_S_050202_10_002159_002233,696,23.223200000,0502-departing-01,1
VIRAT_S_050202_10_002159_002233,697,23.256566667,0502-departing-01,1
VIRAT_S_050202_10_002159_002233,698,23.289933333,0502-departing-01,1
VIRAT_S_050202_10_002159_002233,699,23.323300000,0502-departing-01,1
VIRAT_S_050202_10_002159_002233,700,23.356666667,0502-departing-01,1
VIRAT_S_050202_10_002159_002233,701,23.390033333,0502-departing-01,1
VIRAT_S_050202_10_002159_002233,702,23.423400000,0502-departing-01,1
VIRAT_S_050202_10_002159_002233,703,23.456766667,0502-departing-01,1
VIRAT_S_050202_10_002159_002233,704,23.490133333,0502-departing-01,1
VIRAT_S_050202_10_002159_002233,705,23.523500000,0502-departing-01,1
VIRAT_S_050202_10_002159_002233,706,23.556866667,0502-departing-01,1
VIRAT_S_050202_10_002159_002233,707,23.590233333,0502-departing-01,1
VIRAT_S_050202_10_002159_002233,708,23.623600000,0502-departing-01,1
VIRAT_S_050202_10_002159_002233,709,23.656966667,0502-departing-01,1
VIRAT_S_050202_10_002159_002233,710,23.690333333,0502-departing-01,1
VIRAT_S_050202_10_002159_002233,711,23.723700000,0502-departing-01,1
VIRAT_S_050202_10_002159_002233,712,23.757066667,0502-departing-01,1
VIRAT_S_050202_10_002159_002233,713,23.790433333,0502-departing-01,1
VIRAT_S_050202_10_002159_002233,714,23.823800000,0502-departing-01,1
VIRAT_S_050202_10_002159_002233,715,23.857166667,0502-departing-01,1
VIRAT_S_050202_10_002159_002233,716,23.890533333,0502-departing-01,1
VIRAT_S_050202_10_002159_002233,717,23.923900000,0502-departing-01,1
VIRAT_S_050202_10_002159_002233,718,23.957266667,0502-departing-01,1
VIRAT_S_050202_10_002159_002233,719,23.990633333,0502-departing-01,1
VIRAT_S_050202_10_002159_002233,720,24.024000000,0502-departing-01,1
VIRAT_S_050202_10_002159_002233,721,24.057366667,0502-departing-01,1
VIRAT_S_050202_10_002159_002233,722,24.090733333,0502-departing-01,1
VIRAT_S_050202_10_002159_002233,723,24.124100000,0502-departing-01,1
VIRAT_S_050202_10_002159_002233,724,24.157466667,0502-departing-01,1
VIRAT_S_050202_10_002159_002233,725,24.190833333,0502-departing-01,1
VIRAT_S_050202_10_002159_002233,726,24.224200000,0502-departing-01,1
VIRAT_S_050202_10_002159_002233,727,24.257566667,0502-departing-01,1
VIRAT_S_050202_10_002159_002233,728,24.290933333,0502-departing-01,1
VIRAT_S_050202_10_002159_002233,729,24.324300000,0502-departing-01,1
VIRAT_S_050202_10_002159_002233,730,24.357666667,0502-departing-01,1
VIRAT_S_050202_10_002159_002233,731,24.391033333,0502-departing-01,1
VIRAT_S_050202_10_002159_002233,732,24.424400000,0502-departing-01,1
VIRAT_S_050202_10_002159_002233,733,24.457766667,0502-departing-01,1
VIRAT_S_050202_10_002159_002233,734,24.491133333,0502-departing-01,1
VIRAT_S_050202_10_002159_002233,735,24.524500000,0502-departing-01,1
VIRAT_S_050202_10_002159_002233,736,24.557866667,0502-departing-01,1
VIRAT_S_050202_10_002159_002233,737,24.591233333,0502-departing-01,1
VIRAT_S_050202_10_002159_002233,738,24.624600000,0502-departing-01,1
VIRAT_S_050202_10_002159_002233,739,24.657966667,0502-departing-01,1
VIRAT_S_050202_10_002159_002233,740,24.691333333,0502-departing-01,1
VIRAT_S_050202_10_002159_002233,741,24.724700000,0502-departing-01,1
VIRAT_S_050202_10_002159_002233,742,24.758066667,0502-departing-01,1
VIRAT_S_050202_10_002159_002233,743,24.791433333,0502-departing-01,1
VIRAT_S_050202_10_002159_002233,744,24.824800000,0502-departing-01,1
VIRAT_S_050202_10_002159_002233,745,24.858166667,0502-departing-01,1
VIRAT_S_050202_10_002159_002233,746,24.891533333,0502-departing-01,1
VIRAT_S_050202_10_002159_002233,747,24.924900000,0502-departing-01,1
VIRAT_S_050202_10_002159_002233,748,24.958266667,0502-departing-01,1
VIRAT_S_050202_10_002159_002233,749,24.991633333,0502-departing-01,1
VIRAT_S_050202_10_002159_002233,750,25.025000000,0502-departing-01,1
VIRAT_S_050202_10_002159_002233,751,25.058366667,0502-departing-01,1
VIRAT_S_050202_10_002159_002233,752,25.091733333,0502-departing-01,1
VIRAT_S_050202_10_002159_002233,753,25.125100000,0502-departing-01,1
VIRAT_S_050202_10_002159_002233,754,25.158466667,0502-departing-01,1
VIRAT_S_050202_10_002159_002233,755,25.191833333,0502-departing-01,1
VIRAT_S_050202_10_002159_002233,756,25.225200000,0502-departing-01,1
VIRAT_S_050202_10_002159_002233,757,25.258566667,0502-departing-01,1
VIRAT_S_050202_10_002159_002233,758,25.291933333,0502-departing-01,1
VIRAT_S_050202_10_002159_002233,759,25.325300000,0502-departing-01,1
VIRAT_S_050202_10_002159_002233,760,25.358666667,0502-departing-01,1
VIRAT_S_050202_10_002159_002233,761,25.392033333,0502-departing-01,1
VIRAT_S_050202_10_002159_002233,762,25.425400000,0502-departing-01,1
VIRAT_S_050202_10_002159_002233,763,25.458766667,0502-departing-01,1
VIRAT_S_050202_10_002159_002233,764,25.492133333,0502-departing-01,1
VIRAT_S_050202_10_002159_002233,765,25.525500000,0502-departing-01,1
VIRAT_S_050202_10_002159_002233,766,25.558866667,0502-departing-01,1
VIRAT_S_050202_10_002159_002233,767,25.592233333,0502-departing-01,1
VIRAT_S_050202_10_002159_002233,768,25.625600000,0502-departing-01,1
VIRAT_S_050202_10_002159_002233,769,25.658966667,0502-departing-01,1
VIRAT_S_050202_10_002159_002233,770,25.692333333,0502-departing-01,1
VIRAT_S_050202_10_002159_002233,771,25.725700000,0502-departing-01,1
VIRAT_S_050202_10_002159_002233,772,25.759066667,0502-departing-01,1
VIRAT_S_050202_10_002159_002233,773,25.792433333,0502-departing-01,1
VIRAT_S_050202_10_002159_002233,774,25.825800000,0502-departing-01,1
VIRAT_S_050202_10_002159_002233,775,25.859166667,0502-departing-01,1
VIRAT_S_050202_10_002159_002233,776,25.892533333,0502-departing-01,1
VIRAT_S_050202_10_002159_002233,777,25.925900000,0502-departing-01,1
VIRAT_S_050202_10_002159_002233,778,25.959266667,0502-departing-01,1
VIRAT_S_050202_10_002159_002233,779,25.992633333,0502-departing-01,1
VIRAT_S_050202_10_002159_002233,780,26.026000000,0502-departing-01,1
VIRAT_S_050202_10_002159_002233,781,26.059366667,0502-departing-01,1
VIRAT_S_050202_10_002159_002233,782,26.092733333,0502-departing-01,1
VIRAT_S_050202_10_002159_002233,783,26.126100000,0502-departing-01,1
VIRAT_S_050202_10_002159_002233,784,26.159466667,0502-departing-01,1
VIRAT_S_050202_10_002159_002233,785,26.192833333,0502-departing-01,1
VIRAT_S_050202_10_002159_002233,786,26.226200000,0502-departing-01,1
VIRAT_S_050202_10_002159_002233,787,26.259566667,0502-departing-01,1
VIRAT_S_050202_10_002159_002233,788,26.292933333,0502-departing-01,1
VIRAT_S_050202_10_002159_002233,789,26.326300000,0502-departing-01,1
VIRAT_S_050202_10_002159_002233,790,26.359666667,0502-departing-01,1
VIRAT_S_050202_10_002159_002233,791,26.393033333,0502-departing-01,1
VIRAT_S_050202_10_002159_002233,792,26.426400000,0502-departing-01,1
VIRAT_S_050202_10_002159_002233,793,26.459766667,0502-departing-01,1
VIRAT_S_050202_10_002159_002233,794,26.493133333,0502-departing-01,1
VIRAT_S_050202_10_002159_002233,795,26.526500000,0502-departing-01,1
VIRAT_S_050202_10_002159_002233,796,26.559866667,0502-departing-01,1
VIRAT_S_050202_10_002159_002233,797,26.593233333,0502-departing-01,1
VIRAT_S_050202_10_002159_002233,798,26.626600000,0502-departing-01,1
VIRAT_S_050202_10_002159_002233,799,26.659966667,0502-departing-01,1
VIRAT_S_050202_10_002159_002233,800,26.693333333,0502-departing-01,1
VIRAT_S_050202_10_002159_002233,801,26.726700000,0502-departing-01,1
VIRAT_S_050202_10_002159_002233,802,26.760066667,0502-departing-01,1
VIRAT_S_050202_10_002159_002233,803,26.793433333,0502-departing-01,1
VIRAT_S_050202_10_002159_002233,804,26.826800000,0502-departing-01,1
VIRAT_S_050202_10_002159_002233,805,26.860166667,0502-departing-01,1
VIRAT_S_050202_10_002159_002233,806,26.893533333,0502-departing-01,1
VIRAT_S_050202_10_002159_002233,807,26.926900000,0502-departing-01,1
VIRAT_S_050202_10_002159_002233,808,26.960266667,0502-departing-01,1
VIRAT_S_050202_10_002159_002233,809,26.993633333,0502-departing-01,1
VIRAT_S_050202_10_002159_002233,810,27.027000000,0502-departing-01,1
VIRAT_S_050202_10_002159_002233,811,27.060366667,0502-departing-01,1
VIRAT_S_050202_10_002159_002233,812,27.093733333,0502-departing-01,1
VIRAT_S_050202_10_002159_002233,813,27.127100000,0502-departing-01,1
VIRAT_S_050202_10_002159_002233,814,27.160466667,0502-departing-01,1
VIRAT_S_050202_10_002159_002233,815,27.193833333,0502-departing-01,1
VIRAT_S_050202_10_002159_002233,816,27.227200000,0502-departing-01,1
VIRAT_S_050202_10_002159_002233,817,27.260566667,0502-departing-01,1
VIRAT_S_050202_10_002159_002233,818,27.293933333,0502-departing-01,1
VIRAT_S_050202_10_002159_002233,819,27.327300000,0502-departing-01,1
VIRAT_S_050202_10_002159_002233,820,27.360666667,0502-departing-01,1
VIRAT_S_050202_10_002159_002233,821,27.394033333,0502-departing-01,1
VIRAT_S_050202_10_002159_002233,822,27.427400000,0502-departing-01,1
VIRAT_S_050202_10_002159_002233,823,27.460766667,0502-departing-01,1
VIRAT_S_050202_10_002159_002233,824,27.494133333,0502-departing-01,1
VIRAT_S_050202_10_002159_002233,825,27.527500000,0502-departing-01,1
VIRAT_S_050202_10_002159_002233,826,27.560866667,0502-departing-01,1
VIRAT_S_050202_10_002159_002233,827,27.594233333,0502-departing-01,1
VIRAT_S_050202_10_002159_002233,828,27.627600000,0502-departing-01,1
VIRAT_S_050202_10_002159_002233,829,27.660966667,0502-departing-01,1
VIRAT_S_050202_10_002159_002233,830,27.694333333,0502-departing-01,1
VIRAT_S_050202_10_002159_002233,831,27.727700000,0502-departing-01,1
VIRAT_S_050202_10_002159_002233,832,27.761066667,0502-departing-01,1
VIRAT_S_050202_10_002159_002233,833,27.794433333,0502-departing-01,1
VIRAT_S_050202_10_002159_002233,834,27.827800000,0502-departing-01,1
VIRAT_S_050202_10_002159_002233,835,27.861166667,0502-departing-01,1
VIRAT_S_050202_10_002159_002233,836,27.894533333,0502-departing-01,1
VIRAT_S_050202_10_002159_002233,837,27.927900000,0502-departing-01,1
VIRAT_S_050202_10_002159_002233,838,27.961266667,0502-departing-01,1
VIRAT_S_050202_10_002159_002233,839,27.994633333,0502-departing-01,1
VIRAT_S_050202_10_002159_002233,840,28.028000000,0502-departing-01,1
VIRAT_S_050202_10_002159_002233,841,28.061366667,0502-departing-01,1
VIRAT_S_050202_10_002159_002233,842,28.094733333,0502-departing-01,1
VIRAT_S_050202_10_002159_002233,843,28.128100000,0502-departing-01,1
VIRAT_S_050202_10_002159_002233,844,28.161466667,0502-departing-01,1
VIRAT_S_050202_10_002159_002233,845,28.194833333,0502-departing-01,1
VIRAT_S_050202_10_002159_002233,846,28.228200000,0502-departing-01,1
VIRAT_S_050202_10_002159_002233,847,28.261566667,0502-departing-01,1
VIRAT_S_050202_10_002159_002233,848,28.294933333,0502-departing-01,1
VIRAT_S_050202_10_002159_002233,849,28.328300000,0502-departing-01,1
VIRAT_S_050202_10_002159_002233,850,28.361666667,0502-departing-01,1
VIRAT_S_050202_10_002159_002233,851,28.395033333,0502-departing-01,1
VIRAT_S_050202_10_002159_002233,852,28.428400000,0502-departing-01,1
VIRAT_S_050202_10_002159_002233,853,28.461766667,0502-departing-01,1
VIRAT_S_050202_10_002159_002233,854,28.495133333,0502-departing-01,1
VIRAT_S_050202_10_002159_002233,855,28.528500000,0502-departing-01,1
VIRAT_S_050202_10_002159_002233,856,28.561866667,0502-departing-01,1
VIRAT_S_050202_10_002159_002233,857,28.595233333,0502-departing-01,1
VIRAT_S_050202_10_002159_002233,858,28.628600000,0502-departing-01,1
VIRAT_S_050202_10_002159_002233,859,28.661966667,0502-departing-01,1
VIRAT_S_050202_10_002159_002233,860,28.695333333,0502-departing-01,1
VIRAT_S_050202_10_002159_002233,861,28.728700000,0502-departing-01,1
VIRAT_S_050202_10_002159_002233,862,28.762066667,0502-departing-01,1
VIRAT_S_050202_10_002159_002233,863,28.795433333,0502-departing-01,1
VIRAT_S_050202_10_002159_002233,864,28.828800000,0502-departing-01,1
VIRAT_S_050202_10_002159_002233,865,28.862166667,0502-departing-01,1
VIRAT_S_050202_10_002159_002233,866,28.895533333,0502-departing-01,1
VIRAT_S_050202_10_002159_002233,867,28.928900000,0502-departing-01,1
VIRAT_S_050202_10_002159_002233,868,28.962266667,0502-departing-01,1
VIRAT_S_050202_10_002159_002233,869,28.995633333,0502-departing-01,1
VIRAT_S_050202_10_002159_002233,870,29.029000000,0502-departing-01,1
VIRAT_S_050202_10_002159_002233,871,29.062366667,0502-departing-01,1
VIRAT_S_050202_10_002159_002233,872,29.095733333,0502-departing-01,1
VIRAT_S_050202_10_002159_002233,873,29.129100000,0502-departing-01,1
VIRAT_S_050202_10_002159_002233,874,29.162466667,0502-departing-01,1
VIRAT_S_050202_10_002159_002233,875,29.195833333,0502-departing-01,1
VIRAT_S_050202_10_002159_002233,876,29.229200000,0502-departing-01,1
VIRAT_S_050202_10_002159_002233,877,29.262566667,0502-departing-01,1
VIRAT_S_050202_10_002159_002233,878,29.295933333,0502-departing-01,1
VIRAT_S_050202_10_002159_002233,879,29.329300000,0502-departing-01,1
VIRAT_S_050202_10_002159_002233,880,29.362666667,0502-departing-01,1
VIRAT_S_050202_10_002159_002233,881,29.396033333,0502-departing-01,1
VIRAT_S_050202_10_002159_002233,882,29.429400000,0502-departing-01,1
VIRAT_S_050202_10_002159_002233,883,29.462766667,0502-departing-01,1
VIRAT_S_050202_10_002159_002233,884,29.496133333,0502-departing-01,1
VIRAT_S_050202_10_002159_002233,885,29.529500000,0502-departing-01,1
VIRAT_S_050202_10_002159_002233,886,29.562866667,0502-departing-01,1
VIRAT_S_050202_10_002159_002233,887,29.596233333,0502-departing-01,1
VIRAT_S_050202_10_002159_002233,888,29.629600000,0502-departing-01,1
VIRAT_S_050202_10_002159_002233,889,29.662966667,0502-departing-01,1
VIRAT_S_050202_10_002159_002233,890,29.696333333,0502-departing-01,1
VIRAT_S_050202_10_002159_002233,891,29.729700000,0502-departing-01,1
VIRAT_S_050202_10_002159_002233,892,29.763066667,0502-departing-01,1
VIRAT_S_050202_10_002159_002233,893,29.796433333,0502-departing-01,1
VIRAT_S_050202_10_002159_002233,894,29.829800000,0502-departing-01,1
VIRAT_S_050202_10_002159_002233,895,29.863166667,0502-departing-01,1
VIRAT_S_050202_10_002159_002233,896,29.896533333,0502-departing-01,1
VIRAT_S_050202_10_002159_002233,897,29.929900000,0502-departing-01,1
VIRAT_S_050202_10_002159_002233,898,29.963266667,0502-departing-01,1
VIRAT_S_050202_10_002159_002233,899,29.996633333,0502-departing-01,1
VIRAT_S_050202_10_002159_002233,900,30.030000000,0502-departing-01,1
VIRAT_S_050202_10_002159_002233,901,30.063366667,0502-departing-01,1
VIRAT_S_050202_10_002159_002233,902,30.096733333,0502-departing-01,1
VIRAT_S_050202_10_002159_002233,903,30.130100000,0502-departing-01,1
VIRAT_S_050202_10_002159_002233,904,30.163466667,0502-departing-01,1
VIRAT_S_050202_10_002159_002233,905,30.196833333,0502-departing-01,1
VIRAT_S_050202_10_002159_002233,906,30.230200000,0502-departing-01,1
VIRAT_S_050202_10_002159_002233,907,30.263566667,0502-departing-01,1
VIRAT_S_050202_10_002159_002233,908,30.296933333,0502-departing-01,1
VIRAT_S_050202_10_002159_002233,909,30.330300000,0502-departing-01,1
VIRAT_S_050202_10_002159_002233,910,30.363666667,0502-departing-01,1
VIRAT_S_050202_10_002159_002233,911,30.397033333,0502-departing-01,1
VIRAT_S_050202_10_002159_002233,912,30.430400000,0502-departing-01,1
VIRAT_S_050202_10_002159_002233,913,30.463766667,0502-departing-01,1
VIRAT_S_050202_10_002159_002233,914,30.497133333,0502-departing-01,1
VIRAT_S_050202_10_002159_002233,915,30.530500000,0502-departing-01,1
VIRAT_S_050202_10_002159_002233,916,30.563866667,0502-departing-01,1
VIRAT_S_050202_10_002159_002233,917,30.597233333,0502-departing-01,1
VIRAT_S_050202_10_002159_002233,918,30.630600000,0502-departing-01,1
VIRAT_S_050202_10_002159_002233,919,30.663966667,0502-departing-01,1
VIRAT_S_050202_10_002159_002233,920,30.697333333,0502-departing-01,1
VIRAT_S_050202_10_002159_002233,921,30.730700000,0502-departing-01,1
VIRAT_S_050202_10_002159_002233,922,30.764066667,0502-departing-01,1
VIRAT_S_050202_10_002159_002233,923,30.797433333,0502-departing-01,1
VIRAT_S_050202_10_002159_002233,924,30.830800000,0502-departing-01,1
VIRAT_S_050202_10_002159_002233,925,30.864166667,0502-departing-01,1
VIRAT_S_050202_10_002159_002233,926,30.897533333,0502-departing-01,1
VIRAT_S_050202_10_002159_002233,927,30.930900000,0502-departing-01,1
VIRAT_S_050202_10_002159_002233,928,30.964266667,0502-departing-01,1
VIRAT_S_050202_10_002159_002233,929,30.997633333,0502-departing-01,1
VIRAT_S_050202_10_002159_002233,930,31.031000000,0502-departing-01,1
VIRAT_S_050202_10_002159_002233,931,31.064366667,0502-departing-01,1
VIRAT_S_050202_10_002159_002233,932,31.097733333,0502-departing-01,1
VIRAT_S_050202_10_002159_002233,933,31.131100000,0502-departing-01,1
VIRAT_S_050202_10_002159_002233,934,31.164466667,0502-departing-01,1
VIRAT_S_050202_10_002159_002233,935,31.197833333,0502-departing-01,1
VIRAT_S_050202_10_002159_002233,936,31.231200000,0502-departing-01,1
VIRAT_S_050202_10_002159_002233,937,31.264566667,0502-departing-01,1
VIRAT_S_050202_10_002159_002233,938,31.297933333,0502-departing-01,1
VIRAT_S_050202_10_002159_002233,939,31.331300000,0502-departing-01,1
VIRAT_S_050202_10_002159_002233,940,31.364666667,0502-departing-01,1
VIRAT_S_050202_10_002159_002233,941,31.398033333,0502-departing-01,1
VIRAT_S_050202_10_002159_002233,942,31.431400000,0502-departing-01,1
VIRAT_S_050202_10_002159_002233,943,31.464766667,0502-departing-01,1
VIRAT_S_050202_10_002159_002233,944,31.498133333,0502-departing-01,1
VIRAT_S_050202_10_002159_002233,945,31.531500000,0502-departing-01,1
VIRAT_S_050202_10_002159_002233,946,31.564866667,0502-departing-01,1
VIRAT_S_050202_10_002159_002233,947,31.598233333,0502-departing-01,1
VIRAT_S_050202_10_002159_002233,948,31.631600000,0502-departing-01,1
VIRAT_S_050202_10_002159_002233,949,31.664966667,0502-departing-01,1
VIRAT_S_050202_10_002159_002233,950,31.698333333,0502-departing-01,1
VIRAT_S_050202_10_002159_002233,951,31.731700000,0502-departing-01,1
VIRAT_S_050202_10_002159_002233,952,31.765066667,0502-departing-01,1
VIRAT_S_050202_10_002159_002233,953,31.798433333,0502-departing-01,1
VIRAT_S_050202_10_002159_002233,954,31.831800000,0502-departing-01,1
VIRAT_S_050202_10_002159_002233,955,31.865166667,0502-departing-01,1
VIRAT_S_050202_10_002159_002233,956,31.898533333,0502-departing-01,1
VIRAT_S_050202_10_002159_002233,957,31.931900000,0502-departing-01,1
VIRAT_S_050202_10_002159_002233,958,31.965266667,0502-departing-01,1
VIRAT_S_050202_10_002159_002233,959,31.998633333,0502-departing-01,1
VIRAT_S_050202_10_002159_002233,960,32.032000000,0502-departing-01,1
VIRAT_S_050202_10_002159_002233,961,32.065366667,0502-departing-01,1
VIRAT_S_050202_10_002159_002233,962,32.098733333,0502-departing-01,1
VIRAT_S_050202_10_002159_002233,963,32.132100000,0502-departing-01,1
VIRAT_S_050202_10_002159_002233,964,32.165466667,0502-departing-01,1
VIRAT_S_050202_10_002159_002233,965,32.198833333,0502-departing-01,1
VIRAT_S_050202_10_002159_002233,966,32.232200000,0502-departing-01,1
VIRAT_S_050202_10_002159_002233,967,32.265566667,0502-departing-01,1
VIRAT_S_050202_10_002159_002233,968,32.298933333,0502-departing-01,1
VIRAT_S_050202_10_002159_002233,969,32.332300000,0502-departing-01,1
VIRAT_S_050202_10_002159_002233,970,32.365666667,0502-departing-01,1
VIRAT_S_050202_10_002159_002233,971,32.399033333,0502-departing-01,1
VIRAT_S_050202_10_002159_002233,972,32.432400000,0502-departing-01,1
VIRAT_S_050202_10_002159_002233,973,32.465766667,0502-departing-01,1
VIRAT_S_050202_10_002159_002233,974,32.499133333,0502-departing-01,1
VIRAT_S_050202_10_002159_002233,975,32.532500000,0502-departing-01,1
VIRAT_S_050202_10_002159_002233,976,32.565866667,0502-departing-01,1
VIRAT_S_050202_10_002159_002233,977,32.599233333,0502-departing-01,1
VIRAT_S_050202_10_002159_002233,978,32.632600000,0502-departing-01,1
VIRAT_S_050202_10_002159_002233,979,32.665966667,0502-departing-01,1
VIRAT_S_050202_10_002159_002233,980,32.699333333,0502-departing-01,1
VIRAT_S_050202_10_002159_002233,981,32.732700000,0502-departing-01,1
VIRAT_S_050202_10_002159_002233,982,32.766066667,0502-departing-01,1
VIRAT_S_050202_10_002159_002233,983,32.799433333,0502-departing-01,1
VIRAT_S_050202_10_002159_002233,984,32.832800000,0502-departing-01,1
VIRAT_S_050202_10_002159_002233,985,32.866166667,0502-departing-01,1
VIRAT_S_050202_10_002159_002233,986,32.899533333,0502-departing-01,1
VIRAT_S_050202_10_002159_002233,987,32.932900000,0502-departing-01,1
VIRAT_S_050202_10_002159_002233,988,32.966266667,0502-departing-01,1
VIRAT_S_050202_10_002159_002233,989,32.999633333,0502-departing-01,1
VIRAT_S_050202_10_002159_002233,990,33.033000000,0502-departing-01,1
VIRAT_S_050202_10_002159_002233,991,33.066366667,0502-departing-01,1
VIRAT_S_050202_10_002159_002233,992,33.099733333,0502-departing-01,1
VIRAT_S_050202_10_002159_002233,993,33.133100000,0502-departing-01,1
VIRAT_S_050202_10_002159_002233,994,33.166466667,0502-departing-01,1
VIRAT_S_050202_10_002159_002233,995,33.199833333,0502-departing-01,1
VIRAT_S_050202_10_002159_002233,996,33.233200000,0502-departing-01,1
VIRAT_S_050202_10_002159_002233,997,33.266566667,0502-departing-01,1
VIRAT_S_050202_10_002159_002233,998,33.299933333,0502-departing-01,1
VIRAT_S_050202_10_002159_002233,999,33.333300000,0502-departing-01,1
VIRAT_S_050202_10_002159_002233,1000,33.366666667,0502-departing-01,1
VIRAT_S_050202_10_002159_002233,1001,33.400033333,0502-departing-01,1
VIRAT_S_050202_10_002159_002233,1002,33.433400000,0502-departing-01,1
VIRAT_S_050202_10_002159_002233,1003,33.466766667,0502-departing-01,1
VIRAT_S_050202_10_002159_002233,1004,33.500133333,0502-departing-01,1
VIRAT_S_050202_10_002159_002233,1005,33.533500000,0502-departing-01,1
VIRAT_S_050202_10_002159_002233,1006,33.566866667,0502-departing-01,1
VIRAT_S_050202_10_002159_002233,1007,33.600233333,0502-departing-01,1
VIRAT_S_050202_10_002159_002233,1008,33.633600000,0502-departing-01,1
VIRAT_S_050202_10_002159_002233,1009,33.666966667,0502-departing-01,1
VIRAT_S_050202_10_002159_002233,1010,33.700333333,0502-departing-01,1
VIRAT_S_050202_10_002159_002233,1011,33.733700000,0502-departing-01,1
VIRAT_S_050202_10_002159_002233,1012,33.767066667,0502-departing-01,1
VIRAT_S_050202_10_002159_002233,1013,33.800433333,0502-departing-01,1
VIRAT_S_050202_10_002159_002233,1014,33.833800000,0502-departing-01,1
VIRAT_S_050202_10_002159_002233,1015,33.867166667,0502-departing-01,1
VIRAT_S_050202_10_002159_002233,1016,33.900533333,0502-departing-01,1
VIRAT_S_050202_10_002159_002233,1017,33.933900000,0502-departing-01,1
VIRAT_S_050202_10_002159_002233,1018,33.967266667,0502-departing-01,1
VIRAT_S_050202_10_002159_002233,1019,34.000633333,0502-departing-01,1
VIRAT_S_050202_10_002159_002233,1020,34.034000000,0502-departing-01,1
VIRAT_S_050202_10_002159_002233,1021,34.067366667,0502-departing-01,1
VIRAT_S_050202_10_002159_002233,1022,34.100733333,0502-departing-01,1
VIRAT_S_050202_10_002159_002233,1023,34.134100000,0502-departing-01,1
VIRAT_S_050202_10_002159_002233,1024,34.167466667,0502-departing-01,1
VIRAT_S_050202_10_002159_002233,1025,34.200833333,0502-departing-01,1
VIRAT_S_050202_10_002159_002233,1026,34.234200000,0502-departing-01,1
VIRAT_S_050202_10_002159_002233,1027,34.267566667,0502-departing-01,1
VIRAT_S_050202_10_002159_002233,1028,34.300933333,0502-departing-01,1
VIRAT_S_050202_10_002159_002233,1029,34.334300000,0502-departing-01,1
VIRAT_S_050202_10_002159_002233,1030,34.367666667,0502-departing-01,1
VIRAT_S_050202_10_002159_002233,1031,34.401033333,0502-departing-01,1
VIRAT_S_050202_10_002159_002233,1032,34.434400000,0502-departing-01,1
VIRAT_S_050202_10_002159_002233,1033,34.467766667,0502-departing-01,1
VIRAT_S_050202_10_002159_002233,1034,34.501133333,0502-departing-01,1
VIRAT_S_050202_10_002159_002233,1035,34.534500000,0502-departing-01,1
VIRAT_S_050202_10_002159_002233,1036,34.567866667,0502-departing-01,1
VIRAT_S_050202_10_002159_002233,1037,34.601233333,0502-departing-01,1
VIRAT_S_050202_10_002159_002233,1038,34.634600000,0502-departing-01,1
VIRAT_S_050202_10_002159_002233,1039,34.667966667,0502-departing-01,1
VIRAT_S_050202_10_002159_002233,1040,34.701333333,0502-departing-01,1
VIRAT_S_050202_10_002159_002233,1041,34.734700000,0502-departing-01,1
VIRAT_S_050202_10_002159_002233,1042,34.768066667,0502-departing-01,1
VIRAT_S_050202_10_002159_002233,1043,34.801433333,0502-departing-01,1
VIRAT_S_050202_10_002159_002233,1044,34.834800000,0502-departing-01,1
VIRAT_S_050202_10_002159_002233,1045,34.868166667,0502-departing-01,1
VIRAT_S_050202_10_002159_002233,1046,34.901533333,0502-departing-01,1
VIRAT_S_050202_10_002159_002233,1047,34.934900000,0502-departing-01,1
VIRAT_S_050202_10_002159_002233,1048,34.968266667,0502-departing-01,1
VIRAT_S_050202_10_002159_002233,1049,35.001633333,0502-departing-01,1
VIRAT_S_050202_10_002159_002233,1050,35.035000000,0502-departing-01,1
VIRAT_S_050202_10_002159_002233,1051,35.068366667,0502-departing-01,1
VIRAT_S_050202_10_002159_002233,1052,35.101733333,0502-departing-01,1
VIRAT_S_050202_10_002159_002233,1053,35.135100000,0502-departing-01,1
VIRAT_S_050202_10_002159_002233,1054,35.168466667,0502-departing-01,1
VIRAT_S_050202_10_002159_002233,1055,35.201833333,0502-departing-01,1
VIRAT_S_050202_10_002159_002233,1056,35.235200000,0502-departing-01,1
VIRAT_S_050202_10_002159_002233,1057,35.268566667,0502-departing-01,1
VIRAT_S_050202_10_002159_002233,1058,35.301933333,0502-departing-01,1
VIRAT_S_050202_10_002159_002233,1059,35.335300000,0502-departing-01,1
VIRAT_S_050202_10_002159_002233,1060,35.368666667,0502-departing-01,1
VIRAT_S_050202_10_002159_002233,1061,35.402033333,0502-departing-01,1
VIRAT_S_050202_10_002159_002233,1062,35.435400000,0502-departing-01,1
VIRAT_S_050202_10_002159_002233,1063,35.468766667,0502-departing-01,1
VIRAT_S_050202_10_002159_002233,1064,35.502133333,0502-departing-01,1
VIRAT_S_050202_10_002159_002233,1065,35.535500000,0502-departing-01,1
VIRAT_S_050202_10_002159_002233,1066,35.568866667,0502-departing-01,1
VIRAT_S_050202_10_002159_002233,1067,35.602233333,0502-departing-01,1
VIRAT_S_050202_10_002159_002233,1068,35.635600000,0502-departing-01,1
VIRAT_S_050202_10_002159_002233,1069,35.668966667,0502-departing-01,1
VIRAT_S_050202_10_002159_002233,1070,35.702333333,0502-departing-01,1
VIRAT_S_050202_10_002159_002233,1071,35.735700000,0502-departing-01,1
VIRAT_S_050202_10_002159_002233,1072,35.769066667,0502-departing-01,1
VIRAT_S_050202_10_002159_002233,1073,35.802433333,0502-departing-01,1
VIRAT_S_050202_10_002159_002233,1074,35.835800000,0502-departing-01,1
VIRAT_S_050202_10_002159_002233,1075,35.869166667,0502-departing-01,1
VIRAT_S_050202_10_002159_002233,1076,35.902533333,0502-departing-01,1
VIRAT_S_050202_10_002159_002233,1077,35.935900000,0502-departing-01,1
VIRAT_S_050202_10_002159_002233,1078,35.969266667,0502-departing-01,1
VIRAT_S_050202_10_002159_002233,1079,36.002633333,0502-departing-01,1
VIRAT_S_050202_10_002159_002233,1080,36.036000000,0502-departing-01,1
VIRAT_S_050202_10_002159_002233,1081,36.069366667,0502-departing-01,1
VIRAT_S_050202_10_002159_002233,1082,36.102733333,0502-departing-01,1
VIRAT_S_050202_10_002159_002233,1083,36.136100000,0502-departing-01,1
VIRAT_S_050202_10_002159_002233,1084,36.169466667,0502-departing-01,1
VIRAT_S_050202_10_002159_002233,1085,36.202833333,0502-departing-01,1
VIRAT_S_050202_10_002159_002233,1086,36.236200000,0502-departing-01,1
VIRAT_S_050202_10_002159_002233,1087,36.269566667,0502-departing-01,1
VIRAT_S_050202_10_002159_002233,1088,36.302933333,0502-departing-01,1
VIRAT_S_050202_10_002159_002233,1089,36.336300000,0502-departing-01,1
VIRAT_S_050202_10_002159_002233,1090,36.369666667,0502-departing-01,1
VIRAT_S_050202_10_002159_002233,1091,36.403033333,0502-departing-01,1
VIRAT_S_050202_10_002159_002233,1092,36.436400000,0502-departing-01,1
VIRAT_S_050202_10_002159_002233,1093,36.469766667,0502-departing-01,1
VIRAT_S_050202_10_002159_002233,1094,36.503133333,0502-departing-01,1
VIRAT_S_050202_10_002159_002233,1095,36.536500000,0502-departing-01,1
VIRAT_S_050202_10_002159_002233,1096,36.569866667,0502-departing-01,1
VIRAT_S_050202_10_002159_002233,1097,36.603233333,0502-departing-01,1
VIRAT_S_050202_10_002159_002233,1098,36.636600000,0502-departing-01,1
VIRAT_S_050202_10_002159_002233,1099,36.669966667,0502-departing-01,1
VIRAT_S_050202_10_002159_002233,1100,36.703333333,0502-departing-01,1
VIRAT_S_050202_10_002159_002233,1101,36.736700000,0502-departing-01,1
VIRAT_S_050202_10_002159_002233,1102,36.770066667,0502-departing-01,1
VIRAT_S_050202_10_002159_002233,1103,36.803433333,0502-departing-01,1
VIRAT_S_050202_10_002159_002233,1104,36.836800000,0502-departing-01,1
VIRAT_S_050202_10_002159_002233,1105,36.870166667,0502-departing-01,1
VIRAT_S_050202_10_002159_002233,1106,36.903533333,0502-departing-01,1
VIRAT_S_050202_10_002159_002233,1107,36.936900000,0502-departing-01,1
VIRAT_S_050202_10_002159_002233,1108,36.970266667,0502-departing-01,1
VIRAT_S_050202_10_002159_002233,1109,37.003633333,0502-departing-01,1
VIRAT_S_050202_10_002159_002233,1110,37.037000000,0502-departing-01,1
VIRAT_S_050202_10_002159_002233,1111,37.070366667,0502-departing-01,1
VIRAT_S_050202_10_002159_002233,1112,37.103733333,0502-departing-01,1
VIRAT_S_050202_10_002159_002233,1113,37.137100000,0502-departing-01,1
VIRAT_S_050202_10_002159_002233,1114,37.170466667,0502-departing-01,1
VIRAT_S_050202_10_002159_002233,1115,37.203833333,0502-departing-01,1
VIRAT_S_050202_10_002159_002233,1116,37.237200000,0502-departing-01,1
VIRAT_S_050202_10_002159_002233,1117,37.270566667,0502-departing-01,1
VIRAT_S_050202_10_002159_002233,1118,37.303933333,0502-departing-01,1
VIRAT_S_050202_10_002159_002233,1119,37.337300000,0502-departing-01,1
VIRAT_S_050202_10_002159_002233,1120,37.370666667,0502-departing-01,1
VIRAT_S_050202_10_002159_002233,1121,37.404033333,0502-departing-01,1
VIRAT_S_050202_10_002159_002233,1122,37.437400000,0502-departing-01,1
VIRAT_S_050202_10_002159_002233,1123,37.470766667,0502-departing-01,1
VIRAT_S_050202_10_002159_002233,1124,37.504133333,0502-departing-01,1
VIRAT_S_050202_10_002159_002233,1125,37.537500000,0502-departing-01,1
VIRAT_S_050202_10_002159_002233,1126,37.570866667,0502-departing-01,1
VIRAT_S_050202_10_002159_002233,1127,37.604233333,0502-departing-01,1
VIRAT_S_050202_10_002159_002233,1128,37.637600000,0502-departing-01,1
VIRAT_S_050202_10_002159_002233,1129,37.670966667,0502-departing-01,1
VIRAT_S_050202_10_002159_002233,1130,37.704333333,0502-departing-01,1
VIRAT_S_050202_10_002159_002233,1131,37.737700000,0502-departing-01,1
VIRAT_S_050202_10_002159_002233,1132,37.771066667,0502-departing-01,1
VIRAT_S_050202_10_002159_002233,1133,37.804433333,0502-departing-01,1
VIRAT_S_050202_10_002159_002233,1134,37.837800000,0502-departing-01,1
VIRAT_S_050202_10_002159_002233,1135,37.871166667,0502-departing-01,1
VIRAT_S_050202_10_002159_002233,1136,37.904533333,0502-departing-01,1
VIRAT_S_050202_10_002159_002233,1137,37.937900000,0502-departing-01,1
VIRAT_S_050202_10_002159_002233,1138,37.971266667,0502-departing-01,1
VIRAT_S_050202_10_002159_002233,1139,38.004633333,0502-departing-01,1
VIRAT_S_050202_10_002159_002233,1140,38.038000000,0502-departing-01,1
VIRAT_S_050202_10_002159_002233,1141,38.071366667,0502-departing-01,1
VIRAT_S_050202_10_002159_002233,1142,38.104733333,0502-departing-01,1
VIRAT_S_050202_10_002159_002233,1143,38.138100000,0502-departing-01,1
VIRAT_S_050202_10_002159_002233,1144,38.171466667,0502-departing-01,1
VIRAT_S_050202_10_002159_002233,1145,38.204833333,0502-departing-01,1
VIRAT_S_050202_10_002159_002233,1146,38.238200000,0502-departing-01,1
VIRAT_S_050202_10_002159_002233,1147,38.271566667,0502-departing-01,1
VIRAT_S_050202_10_002159_002233,1148,38.304933333,0502-departing-01,1
VIRAT_S_050202_10_002159_002233,1149,38.338300000,0502-departing-01,1
VIRAT_S_050202_10_002159_002233,1150,38.371666667,0502-departing-01,1
VIRAT_S_050202_10_002159_002233,1151,38.405033333,0502-departing-01,1
VIRAT_S_050202_10_002159_002233,1152,38.438400000,0502-departing-01,1
VIRAT_S_050202_10_002159_002233,1153,38.471766667,0502-departing-01,1
VIRAT_S_050202_10_002159_002233,1154,38.505133333,0502-departing-01,1
VIRAT_S_050202_10_002159_002233,1155,38.538500000,0502-departing-01,1
VIRAT_S_050202_10_002159_002233,1156,38.571866667,0502-departing-01,1
VIRAT_S_050202_10_002159_002233,1157,38.605233333,0502-departing-01,1
VIRAT_S_050202_10_002159_002233,1158,38.638600000,0502-departing-01,1
VIRAT_S_050202_10_002159_002233,1159,38.671966667,0502-departing-01,1
VIRAT_S_050202_10_002159_002233,1160,38.705333333,0502-departing-01,1
VIRAT_S_050202_10_002159_002233,1161,38.738700000,0502-departing-01,1
VIRAT_S_050202_10_002159_002233,1162,38.772066667,0502-departing-01,1
VIRAT_S_050202_10_002159_002233,1163,38.805433333,0502-departing-01,1
VIRAT_S_050202_10_002159_002233,1164,38.838800000,0502-departing-01,1
VIRAT_S_050202_10_002159_002233,1165,38.872166667,0502-departing-01,1
VIRAT_S_050202_10_002159_002233,1166,38.905533333,0502-departing-01,1
VIRAT_S_050202_10_002159_002233,1167,38.938900000,0502-departing-01,1
VIRAT_S_050202_10_002159_002233,1168,38.972266667,0502-departing-01,1
VIRAT_S_050202_10_002159_002233,1169,39.005633333,0502-departing-01,1
VIRAT_S_050202_10_002159_002233,1170,39.039000000,0502-departing-01,1
VIRAT_S_050202_10_002159_002233,1171,39.072366667,0502-departing-01,1
VIRAT_S_050202_10_002159_002233,1172,39.105733333,0502-departing-01,1
VIRAT_S_050202_10_002159_002233,1173,39.139100000,0502-departing-01,1
VIRAT_S_050202_10_002159_002233,1174,39.172466667,0502-departing-01,1
VIRAT_S_050202_10_002159_002233,1175,39.205833333,0502-departing-01,1
VIRAT_S_050202_10_002159_002233,1176,39.239200000,0502-departing-01,1
VIRAT_S_050202_10_002159_002233,1177,39.272566667,0502-departing-01,1
VIRAT_S_050202_10_002159_002233,1178,39.305933333,0502-departing-01,1
VIRAT_S_050202_10_002159_002233,1179,39.339300000,0502-departing-01,1
VIRAT_S_050202_10_002159_002233,1180,39.372666667,0502-departing-01,1
VIRAT_S_050202_10_002159_002233,1181,39.406033333,0502-departing-01,1
VIRAT_S_050202_10_002159_002233,1182,39.439400000,0502-departing-01,1
VIRAT_S_050202_10_002159_002233,1183,39.472766667,0502-departing-01,1
VIRAT_S_050202_10_002159_002233,1184,39.506133333,0502-departing-01,1
VIRAT_S_050202_10_002159_002233,1185,39.539500000,0502-departing-01,1
VIRAT_S_050202_10_002159_002233,1186,39.572866667,0502-departing-01,1
VIRAT_S_050202_10_002159_002233,1187,39.606233333,0502-departing-01,1
VIRAT_S_050202_10_002159_002233,1188,39.639600000,0502-departing-01,1
VIRAT_S_050202_10_002159_002233,1189,39.672966667,0502-departing-01,1
VIRAT_S_050202_10_002159_002233,1190,39.706333333,0502-departing-01,1
VIRAT_S_050202_10_002159_002233,1191,39.739700000,0502-departing-01,1
VIRAT_S_050202_10_002159_002233,1192,39.773066667,0502-departing-01,1
VIRAT_S_050202_10_002159_002233,1193,39.806433333,0502-departing-01,1
VIRAT_S_050202_10_002159_002233,1194,39.839800000,0502-departing-01,1
VIRAT_S_050202_10_002159_002233,1195,39.873166667,0502-departing-01,1
VIRAT_S_050202_10_002159_002233,1196,39.906533333,0502-departing-01,1
VIRAT_S_050202_10_002159_002233,1197,39.939900000,0502-departing-01,1
VIRAT_S_050202_10_002159_002233,1198,39.973266667,0502-departing-01,1
VIRAT_S_050202_10_002159_002233,1199,40.006633333,0502-departing-01,1
VIRAT_S_050202_10_002159_002233,1200,40.040000000,0502-departing-01,1
VIRAT_S_050202_10_002159_002233,1201,40.073366667,0502-departing-01,1
VIRAT_S_050202_10_002159_002233,1202,40.106733333,0502-departing-01,1
VIRAT_S_050202_10_002159_002233,1203,40.140100000,0502-departing-01,1
VIRAT_S_050202_10_002159_002233,1204,40.173466667,0502-departing-01,1
VIRAT_S_050202_10_002159_002233,1205,40.206833333,0502-departing-01,1
VIRAT_S_050202_10_002159_002233,1206,40.240200000,0502-departing-01,1
VIRAT_S_050202_10_002159_002233,1207,40.273566667,0502-departing-01,1
VIRAT_S_050202_10_002159_002233,1208,40.306933333,0502-departing-01,1
VIRAT_S_050202_10_002159_002233,1209,40.340300000,0502-departing-01,1
VIRAT_S_050202_10_002159_002233,1210,40.373666667,0502-departing-01,1
VIRAT_S_050202_10_002159_002233,1211,40.407033333,0502-departing-01,1
VIRAT_S_050202_10_002159_002233,1212,40.440400000,0502-departing-01,1
VIRAT_S_050202_10_002159_002233,1213,40.473766667,0502-departing-01,1
VIRAT_S_050202_10_002159_002233,1214,40.507133333,0502-departing-01,1
VIRAT_S_050202_10_002159_002233,1215,40.540500000,0502-departing-01,1
VIRAT_S_050202_10_002159_002233,1216,40.573866667,0502-departing-01,1
VIRAT_S_050202_10_002159_002233,1217,40.607233333,0502-departing-01,1
VIRAT_S_050202_10_002159_002233,1218,40.640600000,0502-departing-01,1
VIRAT_S_050202_10_002159_002233,1219,40.673966667,0502-departing-01,1
VIRAT_S_050202_10_002159_002233,1220,40.707333333,0502-departing-01,1
VIRAT_S_050202_10_002159_002233,1221,40.740700000,0502-departing-01,1
VIRAT_S_050202_10_002159_002233,1222,40.774066667,0502-departing-01,1
VIRAT_S_050202_10_002159_002233,1223,40.807433333,0502-departing-01,1
VIRAT_S_050202_10_002159_002233,1224,40.840800000,0502-departing-01,1
VIRAT_S_050202_10_002159_002233,1225,40.874166667,0502-departing-01,1
VIRAT_S_050202_10_002159_002233,1226,40.907533333,0502-departing-01,1
VIRAT_S_050202_10_002159_002233,1227,40.940900000,0502-departing-01,1
VIRAT_S_050202_10_002159_002233,1228,40.974266667,0502-departing-01,1
VIRAT_S_050202_10_002159_002233,1229,41.007633333,0502-departing-01,1
VIRAT_S_050202_10_002159_002233,1230,41.041000000,0502-departing-01,1
VIRAT_S_050202_10_002159_002233,1231,41.074366667,0502-departing-01,1
VIRAT_S_050202_10_002159_002233,1232,41.107733333,0502-departing-01,1
VIRAT_S_050202_10_002159_002233,1233,41.141100000,0502-departing-01,1
VIRAT_S_050202_10_002159_002233,1234,41.174466667,0502-departing-01,1
VIRAT_S_050202_10_002159_002233,1235,41.207833333,0502-departing-01,1
VIRAT_S_050202_10_002159_002233,1236,41.241200000,0502-departing-01,1
VIRAT_S_050202_10_002159_002233,1237,41.274566667,0502-departing-01,1
VIRAT_S_050202_10_002159_002233,1238,41.307933333,0502-departing-01,1
VIRAT_S_050202_10_002159_002233,1239,41.341300000,0502-departing-01,1
VIRAT_S_050202_10_002159_002233,1240,41.374666667,0502-departing-01,1
VIRAT_S_050202_10_002159_002233,1241,41.408033333,0502-departing-01,1
VIRAT_S_050202_10_002159_002233,1242,41.441400000,0502-departing-01,1
VIRAT_S_050202_10_002159_002233,1243,41.474766667,0502-departing-01,1
VIRAT_S_050202_10_002159_002233,1244,41.508133333,0502-departing-01,1
VIRAT_S_050202_10_002159_002233,1245,41.541500000,0502-departing-01,1
VIRAT_S_050202_10_002159_002233,1246,41.574866667,0502-departing-01,1
VIRAT_S_050202_10_002159_002233,1247,41.608233333,0502-departing-01,1
VIRAT_S_050202_10_002159_002233,1248,41.641600000,0502-departing-01,1
VIRAT_S_050202_10_002159_002233,1249,41.674966667,0502-departing-01,1
VIRAT_S_050202_10_002159_002233,1250,41.708333333,0502-departing-01,1
VIRAT_S_050202_10_002159_002233,1251,41.741700000,0502-departing-01,1
VIRAT_S_050202_10_002159_002233,1252,41.775066667,0502-departing-01,1
VIRAT_S_050202_10_002159_002233,1253,41.808433333,0502-departing-01,1
VIRAT_S_050202_10_002159_002233,1254,41.841800000,0502-departing-01,1
VIRAT_S_050202_10_002159_002233,1255,41.875166667,0502-departing-01,1
VIRAT_S_050202_10_002159_002233,1256,41.908533333,0502-departing-01,1
VIRAT_S_050202_10_002159_002233,1257,41.941900000,0502-departing-01,1
VIRAT_S_050202_10_002159_002233,1258,41.975266667,0502-departing-01,1
VIRAT_S_050202_10_002159_002233,1259,42.008633333,0502-departing-01,1
VIRAT_S_050202_10_002159_002233,1260,42.042000000,0502-departing-01,1
VIRAT_S_050202_10_002159_002233,1261,42.075366667,0502-departing-01,1
VIRAT_S_050202_10_002159_002233,1262,42.108733333,0502-departing-01,1
VIRAT_S_050202_10_002159_002233,1263,42.142100000,0502-departing-01,1
VIRAT_S_050202_10_002159_002233,1264,42.175466667,0502-departing-01,1
VIRAT_S_050202_10_002159_002233,1265,42.208833333,0502-departing-01,1
VIRAT_S_050202_10_002159_002233,1266,42.242200000,0502-departing-01,1
VIRAT_S_050202_10_002159_002233,1267,42.275566667,0502-departing-01,1
VIRAT_S_050202_10_002159_002233,1268,42.308933333,0502-departing-01,1
VIRAT_S_050202_10_002159_002233,1269,42.342300000,0502-departing-01,1
VIRAT_S_050202_10_002159_002233,1270,42.375666667,0502-departing-01,1
VIRAT_S_050202_10_002159_002233,1271,42.409033333,0502-departing-01,1
VIRAT_S_050202_10_002159_002233,1272,42.442400000,0502-departing-01,1
VIRAT_S_050202_10_002159_002233,1273,42.475766667,0502-departing-01,1
VIRAT_S_050202_10_002159_002233,1274,42.509133333,0502-departing-01,1
VIRAT_S_050202_10_002159_002233,1275,42.542500000,0502-departing-01,1
VIRAT_S_050202_10_002159_002233,1276,42.575866667,0502-departing-01,1
VIRAT_S_050202_10_002159_002233,1277,42.609233333,0502-departing-01,1
VIRAT_S_050202_10_002159_002233,1278,42.642600000,0502-departing-01,1
VIRAT_S_050202_10_002159_002233,1279,42.675966667,0502-departing-01,1
VIRAT_S_050202_10_002159_002233,1280,42.709333333,0502-departing-01,1
VIRAT_S_050202_10_002159_002233,1281,42.742700000,0502-departing-01,1
VIRAT_S_050202_10_002159_002233,1282,42.776066667,0502-departing-01,1
VIRAT_S_050202_10_002159_002233,1283,42.809433333,0502-departing-01,1
VIRAT_S_050202_10_002159_002233,1284,42.842800000,0502-departing-01,1
VIRAT_S_050202_10_002159_002233,1285,42.876166667,0502-departing-01,1
VIRAT_S_050202_10_002159_002233,1286,42.909533333,0502-departing-01,1
VIRAT_S_050202_10_002159_002233,1287,42.942900000,0502-departing-01,1
VIRAT_S_050202_10_002159_002233,1288,42.976266667,0502-departing-01,1
VIRAT_S_050202_10_002159_002233,1289,43.009633333,0502-departing-01,1
VIRAT_S_050202_10_002159_002233,1290,43.043000000,0502-departing-01,1
VIRAT_S_050202_10_002159_002233,1291,43.076366667,0502-departing-01,1
VIRAT_S_050202_10_002159_002233,1292,43.109733333,0502-departing-01,1
VIRAT_S_050202_10_002159_002233,1293,43.143100000,0502-departing-01,1
VIRAT_S_050202_10_002159_002233,1294,43.176466667,0502-departing-01,1
VIRAT_S_050202_10_002159_002233,1295,43.209833333,0502-departing-01,1
VIRAT_S_050202_10_002159_002233,1296,43.243200000,0502-departing-01,1
VIRAT_S_050202_10_002159_002233,1297,43.276566667,0502-departing-01,1
VIRAT_S_050202_10_002159_002233,1298,43.309933333,0502-departing-01,1
VIRAT_S_050202_10_002159_002233,1299,43.343300000,0502-departing-01,1
VIRAT_S_050202_10_002159_002233,1300,43.376666667,0502-departing-01,1
VIRAT_S_050202_10_002159_002233,1301,43.410033333,0502-departing-01,1
VIRAT_S_050202_10_002159_002233,1302,43.443400000,0502-departing-01,1
VIRAT_S_050202_10_002159_002233,1303,43.476766667,0502-departing-01,1
VIRAT_S_050202_10_002159_002233,1304,43.510133333,0502-departing-01,1
VIRAT_S_050202_10_002159_002233,1305,43.543500000,0502-departing-01,1
VIRAT_S_050202_10_002159_002233,1306,43.576866667,0502-departing-01,1
VIRAT_S_050202_10_002159_002233,1307,43.610233333,0502-departing-01,1
VIRAT_S_050202_10_002159_002233,1308,43.643600000,0502-departing-01,1
VIRAT_S_050202_10_002159_002233,1309,43.676966667,0502-departing-01,1
VIRAT_S_050202_10_002159_002233,1310,43.710333333,0502-departing-01,1
VIRAT_S_050202_10_002159_002233,1311,43.743700000,0502-departing-01,1
VIRAT_S_050202_10_002159_002233,1312,43.777066667,0502-departing-01,1
VIRAT_S_050202_10_002159_002233,1313,43.810433333,0502-departing-01,1
VIRAT_S_050202_10_002159_002233,1314,43.843800000,0502-departing-01,1
VIRAT_S_050202_10_002159_002233,1315,43.877166667,0502-departing-01,1
VIRAT_S_050202_10_002159_002233,1316,43.910533333,0502-departing-01,1
VIRAT_S_050202_10_002159_002233,1317,43.943900000,0502-departing-01,1
VIRAT_S_050202_10_002159_002233,1318,43.977266667,0502-departing-01,1
VIRAT_S_050202_10_002159_002233,1319,44.010633333,0502-departing-01,1
VIRAT_S_050202_10_002159_002233,1320,44.044000000,0502-departing-01,1
VIRAT_S_050202_10_002159_002233,1321,44.077366667,0502-departing-01,1
VIRAT_S_050202_10_002159_002233,1322,44.110733333,0502-departing-01,1
VIRAT_S_050202_10_002159_002233,1323,44.144100000,0502-departing-01,1
VIRAT_S_050202_10_002159_002233,1324,44.177466667,0502-departing-01,1
VIRAT_S_050202_10_002159_002233,1325,44.210833333,0502-departing-01,1
VIRAT_S_050202_10_002159_002233,1326,44.244200000,0502-departing-01,1
VIRAT_S_050202_10_002159_002233,1327,44.277566667,0502-departing-01,1
VIRAT_S_050202_10_002159_002233,1328,44.310933333,0502-departing-01,1
VIRAT_S_050202_10_002159_002233,1329,44.344300000,0502-departing-01,1
VIRAT_S_050202_10_002159_002233,1330,44.377666667,0502-departing-01,1
VIRAT_S_050202_10_002159_002233,1331,44.411033333,0502-departing-01,1
VIRAT_S_050202_10_002159_002233,1332,44.444400000,0502-departing-01,1
VIRAT_S_050202_10_002159_002233,1333,44.477766667,0502-departing-01,1
VIRAT_S_050202_10_002159_002233,1334,44.511133333,0502-departing-01,1
VIRAT_S_050202_10_002159_002233,1335,44.544500000,0502-departing-01,1
VIRAT_S_050202_10_002159_002233,1336,44.577866667,0502-departing-01,1
VIRAT_S_050202_10_002159_002233,1337,44.611233333,0502-departing-01,1
VIRAT_S_050202_10_002159_002233,1338,44.644600000,0502-departing-01,1
VIRAT_S_050202_10_002159_002233,1339,44.677966667,0502-departing-01,1
VIRAT_S_050202_10_002159_002233,1340,44.711333333,0502-departing-01,1
VIRAT_S_050202_10_002159_002233,1341,44.744700000,0502-departing-01,1
VIRAT_S_050202_10_002159_002233,1342,44.778066667,0502-departing-01,1
VIRAT_S_050202_10_002159_002233,1343,44.811433333,0502-departing-01,1
VIRAT_S_050202_10_002159_002233,1344,44.844800000,0502-departing-01,1
VIRAT_S_050202_10_002159_002233,1345,44.878166667,0502-departing-01,1
VIRAT_S_050202_10_002159_002233,1346,44.911533333,0502-departing-01,1
VIRAT_S_050202_10_002159_002233,1347,44.944900000,0502-departing-01,1
VIRAT_S_050202_10_002159_002233,1348,44.978266667,0502-departing-01,1
VIRAT_S_050202_10_002159_002233,1349,45.011633333,0502-departing-01,1
VIRAT_S_050202_10_002159_002233,1350,45.045000000,0502-departing-01,1
VIRAT_S_050202_10_002159_002233,1351,45.078366667,0502-departing-01,1
VIRAT_S_050202_10_002159_002233,1352,45.111733333,0502-departing-01,1
VIRAT_S_050202_10_002159_002233,1353,45.145100000,0502-departing-01,1
VIRAT_S_050202_10_002159_002233,1354,45.178466667,0502-departing-01,1
VIRAT_S_050202_10_002159_002233,1355,45.211833333,0502-departing-01,1
VIRAT_S_050202_10_002159_002233,1356,45.245200000,0502-departing-01,1
VIRAT_S_050202_10_002159_002233,1357,45.278566667,0502-departing-01,1
VIRAT_S_050202_10_002159_002233,1358,45.311933333,0502-departing-01,1
VIRAT_S_050202_10_002159_002233,1359,45.345300000,0502-departing-01,1
VIRAT_S_050202_10_002159_002233,1360,45.378666667,0502-departing-01,1
VIRAT_S_050202_10_002159_002233,1361,45.412033333,0502-departing-01,1
VIRAT_S_050202_10_002159_002233,1362,45.445400000,0502-departing-01,1
VIRAT_S_050202_10_002159_002233,1363,45.478766667,0502-departing-01,1
VIRAT_S_050202_10_002159_002233,1364,45.512133333,0502-departing-01,1
VIRAT_S_050202_10_002159_002233,1365,45.545500000,0502-departing-01,1
VIRAT_S_050202_10_002159_002233,1366,45.578866667,0502-departing-01,1
VIRAT_S_050202_10_002159_002233,1367,45.612233333,0502-departing-01,1
VIRAT_S_050202_10_002159_002233,1368,45.645600000,0502-departing-01,1
VIRAT_S_050202_10_002159_002233,1369,45.678966667,0502-departing-01,1
VIRAT_S_050202_10_002159_002233,1370,45.712333333,0502-departing-01,1
VIRAT_S_050202_10_002159_002233,1371,45.745700000,0502-departing-01,1
VIRAT_S_050202_10_002159_002233,1372,45.779066667,0502-departing-01,1
VIRAT_S_050202_10_002159_002233,1373,45.812433333,0502-departing-01,1
VIRAT_S_050202_10_002159_002233,1374,45.845800000,0502-departing-01,1
VIRAT_S_050202_10_002159_002233,1375,45.879166667,0502-departing-01,1
VIRAT_S_050202_10_002159_002233,1376,45.912533333,0502-departing-01,1
VIRAT_S_050202_10_002159_002233,1377,45.945900000,0502-departing-01,1
VIRAT_S_050202_10_002159_002233,1378,45.979266667,0502-departing-01,1
VIRAT_S_050202_10_002159_002233,1379,46.012633333,0502-departing-01,1
VIRAT_S_050202_10_002159_002233,1380,46.046000000,0502-departing-01,1
VIRAT_S_050202_10_002159_002233,1381,46.079366667,0502-departing-01,1
VIRAT_S_050202_10_002159_002233,1382,46.112733333,0502-departing-01,1
VIRAT_S_050202_10_002159_002233,1383,46.146100000,0502-departing-01,1
VIRAT_S_050202_10_002159_002233,1384,46.179466667,0502-departing-01,1
VIRAT_S_050202_10_002159_002233,1385,46.212833333,0502-departing-01,1
VIRAT_S_050202_10_002159_002233,1386,46.246200000,0502-departing-01,1
VIRAT_S_050202_10_002159_002233,1387,46.279566667,0502-departing-01,1
VIRAT_S_050202_10_002159_002233,1388,46.312933333,0502-departing-01,1
VIRAT_S_050202_10_002159_002233,1389,46.346300000,0502-departing-01,1
VIRAT_S_050202_10_002159_002233,1390,46.379666667,0502-departing-01,1
VIRAT_S_050202_10_002159_002233,1391,46.413033333,0502-departing-01,1
VIRAT_S_050202_10_002159_002233,1392,46.446400000,0502-departing-01,1
VIRAT_S_050202_10_002159_002233,1393,46.479766667,0502-departing-01,1
VIRAT_S_050202_10_002159_002233,1394,46.513133333,0502-departing-01,1
VIRAT_S_050202_10_002159_002233,1395,46.546500000,0502-departing-01,1
VIRAT_S_050202_10_002159_002233,1396,46.579866667,0502-departing-01,1
VIRAT_S_050202_10_002159_002233,1397,46.613233333,0502-departing-01,1
VIRAT_S_050202_10_002159_002233,1398,46.646600000,0502-departing-01,1
VIRAT_S_050202_10_002159_002233,1399,46.679966667,0502-departing-01,1
VIRAT_S_050202_10_002159_002233,1400,46.713333333,0502-departing-01,1
VIRAT_S_050202_10_002159_002233,1401,46.746700000,0502-departing-01,1
VIRAT_S_050202_10_002159_002233,1402,46.780066667,0502-departing-01,1
VIRAT_S_050202_10_002159_002233,1403,46.813433333,0502-departing-01,1
VIRAT_S_050202_10_002159_002233,1404,46.846800000,0502-departing-01,1
VIRAT_S_050202_10_002159_002233,1405,46.880166667,0502-departing-01,1
VIRAT_S_050202_10_002159_002233,1406,46.913533333,0502-departing-01,1
VIRAT_S_050202_10_002159_002233,1407,46.946900000,0502-departing-01,1
VIRAT_S_050202_10_002159_002233,1408,46.980266667,0502-departing-01,1
VIRAT_S_050202_10_002159_002233,1409,47.013633333,0502-departing-01,1
VIRAT_S_050202_10_002159_002233,1410,47.047000000,0502-departing-01,1
VIRAT_S_050202_10_002159_002233,1411,47.080366667,0502-departing-01,1
VIRAT_S_050202_10_002159_002233,1412,47.113733333,0502-departing-01,1
VIRAT_S_050202_10_002159_002233,1413,47.147100000,0502-departing-01,1
VIRAT_S_050202_10_002159_002233,1414,47.180466667,0502-departing-01,1
VIRAT_S_050202_10_002159_002233,1415,47.213833333,0502-departing-01,1
VIRAT_S_050202_10_002159_002233,1416,47.247200000,0502-departing-01,1
VIRAT_S_050202_10_002159_002233,1417,47.280566667,0502-departing-01,1
VIRAT_S_050202_10_002159_002233,1418,47.313933333,0502-departing-01,1
VIRAT_S_050202_10_002159_002233,1419,47.347300000,0502-departing-01,1
VIRAT_S_050202_10_002159_002233,1420,47.380666667,0502-departing-01,1
VIRAT_S_050202_10_002159_002233,1421,47.414033333,0502-departing-01,1
VIRAT_S_050202_10_002159_002233,1422,47.447400000,0502-departing-01,1
VIRAT_S_050202_10_002159_002233,1423,47.480766667,0502-departing-01,1
VIRAT_S_050202_10_002159_002233,1424,47.514133333,0502-departing-01,1
VIRAT_S_050202_10_002159_002233,1425,47.547500000,0502-departing-01,1
VIRAT_S_050202_10_002159_002233,1426,47.580866667,0502-departing-01,1
VIRAT_S_050202_10_002159_002233,1427,47.614233333,0502-departing-01,1
VIRAT_S_050202_10_002159_002233,1428,47.647600000,0502-departing-01,1
VIRAT_S_050202_10_002159_002233,1429,47.680966667,0502-departing-01,1
VIRAT_S_050202_10_002159_002233,1430,47.714333333,0502-departing-01,1
VIRAT_S_050202_10_002159_002233,1431,47.747700000,0502-departing-01,1
VIRAT_S_050202_10_002159_002233,1432,47.781066667,0502-departing-01,1
VIRAT_S_050202_10_002159_002233,1433,47.814433333,0502-departing-01,1
VIRAT_S_050202_10_002159_002233,1434,47.847800000,0502-departing-01,1
VIRAT_S_050202_10_002159_002233,1435,47.881166667,0502-departing-01,1
VIRAT_S_050202_10_002159_002233,1436,47.914533333,0502-departing-01,1
VIRAT_S_050202_10_002159_002233,1437,47.947900000,0502-departing-01,1
VIRAT_S_050202_10_002159_002233,1438,47.981266667,0502-departing-01,1
VIRAT_S_050202_10_002159_002233,1439,48.014633333,0502-departing-01,1
VIRAT_S_050202_10_002159_002233,1440,48.048000000,0502-departing-01,1
VIRAT_S_050202_10_002159_002233,1441,48.081366667,0502-departing-01,1
VIRAT_S_050202_10_002159_002233,1442,48.114733333,0502-departing-01,1
VIRAT_S_050202_10_002159_002233,1443,48.148100000,0502-departing-01,1
VIRAT_S_050202_10_002159_002233,1444,48.181466667,0502-departing-01,1
VIRAT_S_050202_10_002159_002233,1445,48.214833333,0502-departing-01,1
VIRAT_S_050202_10_002159_002233,1446,48.248200000,0502-departing-01,1
VIRAT_S_050202_10_002159_002233,1447,48.281566667,0502-departing-01,1
VIRAT_S_050202_10_002159_002233,1448,48.314933333,0502-departing-01,1
VIRAT_S_050202_10_002159_002233,1449,48.348300000,0502-departing-01,1
VIRAT_S_050202_10_002159_002233,1450,48.381666667,0502-departing-01,1
VIRAT_S_050202_10_002159_002233,1451,48.415033333,0502-departing-01,1
VIRAT_S_050202_10_002159_002233,1452,48.448400000,0502-departing-01,1
VIRAT_S_050202_10_002159_002233,1453,48.481766667,0502-departing-01,1
VIRAT_S_050202_10_002159_002233,1454,48.515133333,0502-departing-01,1
VIRAT_S_050202_10_002159_002233,1455,48.548500000,0502-departing-01,1
VIRAT_S_050202_10_002159_002233,1456,48.581866667,0502-departing-01,1
VIRAT_S_050202_10_002159_002233,1457,48.615233333,0502-departing-01,1
VIRAT_S_050202_10_002159_002233,1458,48.648600000,0502-departing-01,1
VIRAT_S_050202_10_002159_002233,1459,48.681966667,0502-departing-01,1
VIRAT_S_050202_10_002159_002233,1460,48.715333333,0502-departing-01,1
VIRAT_S_050202_10_002159_002233,1461,48.748700000,0502-departing-01,1
VIRAT_S_050202_10_002159_002233,1462,48.782066667,0502-departing-01,1
VIRAT_S_050202_10_002159_002233,1463,48.815433333,0502-departing-01,1
VIRAT_S_050202_10_002159_002233,1464,48.848800000,0502-departing-01,1
VIRAT_S_050202_10_002159_002233,1465,48.882166667,0502-departing-01,1
VIRAT_S_050202_10_002159_002233,1466,48.915533333,0502-departing-01,1
VIRAT_S_050202_10_002159_002233,1467,48.948900000,0502-departing-01,1
VIRAT_S_050202_10_002159_002233,1468,48.982266667,0502-departing-01,1
VIRAT_S_050202_10_002159_002233,1469,49.015633333,0502-departing-01,1
VIRAT_S_050202_10_002159_002233,1470,49.049000000,0502-departing-01,1
VIRAT_S_050202_10_002159_002233,1471,49.082366667,0502-departing-01,1
VIRAT_S_050202_10_002159_002233,1472,49.115733333,0502-departing-01,1
VIRAT_S_050202_10_002159_002233,1473,49.149100000,0502-departing-01,1
VIRAT_S_050202_10_002159_002233,1474,49.182466667,0502-departing-01,1
VIRAT_S_050202_10_002159_002233,1475,49.215833333,0502-departing-01,1
VIRAT_S_050202_10_002159_002233,1476,49.249200000,0502-departing-01,1
VIRAT_S_050202_10_002159_002233,1477,49.282566667,0502-departing-01,1
VIRAT_S_050202_10_002159_002233,1478,49.315933333,0502-departing-01,1
VIRAT_S_050202_10_002159_002233,1479,49.349300000,0502-departing-01,1
VIRAT_S_050202_10_002159_002233,1480,49.382666667,0502-departing-01,1
VIRAT_S_050202_10_002159_002233,1481,49.416033333,0502-departing-01,1
VIRAT_S_050202_10_002159_002233,1482,49.449400000,0502-departing-01,1
VIRAT_S_050202_10_002159_002233,1483,49.482766667,0502-departing-01,1
VIRAT_S_050202_10_002159_002233,1484,49.516133333,0502-departing-01,1
VIRAT_S_050202_10_002159_002233,1485,49.549500000,0502-departing-01,1
VIRAT_S_050202_10_002159_002233,1486,49.582866667,0502-departing-01,1
VIRAT_S_050202_10_002159_002233,1487,49.616233333,0502-departing-01,1
VIRAT_S_050202_10_002159_002233,1488,49.649600000,0502-departing-01,1
VIRAT_S_050202_10_002159_002233,1489,49.682966667,0502-departing-01,1
VIRAT_S_050202_10_002159_002233,1490,49.716333333,0502-departing-01,1
VIRAT_S_050202_10_002159_002233,1491,49.749700000,0502-departing-01,1
VIRAT_S_050202_10_002159_002233,1492,49.783066667,0502-departing-01,1
VIRAT_S_050202_10_002159_002233,1493,49.816433333,0502-departing-01,1
VIRAT_S_050202_10_002159_002233,1494,49.849800000,0502-departing-01,1
VIRAT_S_050202_10_002159_002233,1495,49.883166667,0502-departing-01,1
VIRAT_S_050202_10_002159_002233,1496,49.916533333,0502-departing-01,1
VIRAT_S_050202_10_002159_002233,1497,49.949900000,0502-departing-01,1
VIRAT_S_050202_10_002159_002233,1498,49.983266667,0502-departing-01,1
VIRAT_S_050202_10_002159_002233,1499,50.016633333,0502-departing-01,1
VIRAT_S_050202_10_002159_002233,1500,50.050000000,0502-departing-01,1
VIRAT_S_050202_10_002159_002233,1501,50.083366667,0502-departing-01,1
VIRAT_S_050202_10_002159_002233,1502,50.116733333,0502-departing-01,1
VIRAT_S_050202_10_002159_002233,1503,50.150100000,0502-departing-01,1
VIRAT_S_050202_10_002159_002233,1504,50.183466667,0502-departing-01,1
VIRAT_S_050202_10_002159_002233,1505,50.216833333,0502-departing-01,1
VIRAT_S_050202_10_002159_002233,1506,50.250200000,0502-departing-01,1
VIRAT_S_050202_10_002159_002233,1507,50.283566667,0502-departing-01,1
VIRAT_S_050202_10_002159_002233,1508,50.316933333,0502-departing-01,1
VIRAT_S_050202_10_002159_002233,1509,50.350300000,0502-departing-01,1
VIRAT_S_050202_10_002159_002233,1510,50.383666667,0502-departing-01,1
VIRAT_S_050202_10_002159_002233,1511,50.417033333,0502-departing-01,1
VIRAT_S_050202_10_002159_002233,1512,50.450400000,0502-departing-01,1
VIRAT_S_050202_10_002159_002233,1513,50.483766667,0502-departing-01,1
VIRAT_S_050202_10_002159_002233,1514,50.517133333,0502-departing-01,1
VIRAT_S_050202_10_002159_002233,1515,50.550500000,0502-departing-01,1
VIRAT_S_050202_10_002159_002233,1516,50.583866667,0502-departing-01,1
VIRAT_S_050202_10_002159_002233,1517,50.617233333,0502-departing-01,1
VIRAT_S_050202_10_002159_002233,1518,50.650600000,0502-departing-01,1
VIRAT_S_050202_10_002159_002233,1519,50.683966667,0502-departing-01,1
VIRAT_S_050202_10_002159_002233,1520,50.717333333,0502-departing-01,1
VIRAT_S_050202_10_002159_002233,1521,50.750700000,0502-departing-01,1
VIRAT_S_050202_10_002159_002233,1522,50.784066667,0502-departing-01,1
VIRAT_S_050202_10_002159_002233,1523,50.817433333,0502-departing-01,1
VIRAT_S_050202_10_002159_002233,1524,50.850800000,0502-departing-01,1
VIRAT_S_050202_10_002159_002233,1525,50.884166667,0502-departing-01,1
VIRAT_S_050202_10_002159_002233,1526,50.917533333,0502-departing-01,1
VIRAT_S_050202_10_002159_002233,1527,50.950900000,0502-departing-01,1
VIRAT_S_050202_10_002159_002233,1528,50.984266667,0502-departing-01,1
VIRAT_S_050202_10_002159_002233,1529,51.017633333,0502-departing-01,1
VIRAT_S_050202_10_002159_002233,1530,51.051000000,0502-departing-01,1
VIRAT_S_050202_10_002159_002233,1531,51.084366667,0502-departing-01,1
VIRAT_S_050202_10_002159_002233,1532,51.117733333,0502-departing-01,1
VIRAT_S_050202_10_002159_002233,1533,51.151100000,0502-departing-01,1
VIRAT_S_050202_10_002159_002233,1534,51.184466667,0502-departing-01,1
VIRAT_S_050202_10_002159_002233,1535,51.217833333,0502-departing-01,1
VIRAT_S_050202_10_002159_002233,1536,51.251200000,0502-departing-01,1
VIRAT_S_050202_10_002159_002233,1537,51.284566667,0502-departing-01,1
VIRAT_S_050202_10_002159_002233,1538,51.317933333,0502-departing-01,1
VIRAT_S_050202_10_002159_002233,1539,51.351300000,0502-departing-01,1
VIRAT_S_050202_10_002159_002233,1540,51.384666667,0502-departing-01,1
VIRAT_S_050202_10_002159_002233,1541,51.418033333,0502-departing-01,1
VIRAT_S_050202_10_002159_002233,1542,51.451400000,0502-departing-01,1
VIRAT_S_050202_10_002159_002233,1543,51.484766667,0502-departing-01,1
VIRAT_S_050202_10_002159_002233,1544,51.518133333,0502-departing-01,1
VIRAT_S_050202_10_002159_002233,1545,51.551500000,0502-departing-01,1
VIRAT_S_050202_10_002159_002233,1546,51.584866667,0502-departing-01,1
VIRAT_S_050202_10_002159_002233,1547,51.618233333,0502-departing-01,1
VIRAT_S_050202_10_002159_002233,1548,51.651600000,0502-departing-01,1
VIRAT_S_050202_10_002159_002233,1549,51.684966667,0502-departing-01,1
VIRAT_S_050202_10_002159_002233,1550,51.718333333,0502-departing-01,1
VIRAT_S_050202_10_002159_002233,1551,51.751700000,0502-departing-01,1
VIRAT_S_050202_10_002159_002233,1552,51.785066667,0502-departing-01,1
VIRAT_S_050202_10_002159_002233,1553,51.818433333,0502-departing-01,1
VIRAT_S_050202_10_002159_002233,1554,51.851800000,0502-departing-01,1
VIRAT_S_050202_10_002159_002233,1555,51.885166667,0502-departing-01,1
VIRAT_S_050202_10_002159_002233,1556,51.918533333,0502-departing-01,1
VIRAT_S_050202_10_002159_002233,1557,51.951900000,0502-departing-01,1
VIRAT_S_050202_10_002159_002233,1558,51.985266667,0502-departing-01,1
VIRAT_S_050202_10_002159_002233,1559,52.018633333,0502-departing-01,1
VIRAT_S_050202_10_002159_002233,1560,52.052000000,0502-departing-01,1
VIRAT_S_050202_10_002159_002233,1561,52.085366667,0502-departing-01,1
VIRAT_S_050202_10_002159_002233,1562,52.118733333,0502-departing-01,1
VIRAT_S_050202_10_002159_002233,1563,52.152100000,0502-departing-01,1
VIRAT_S_050202_10_002159_002233,1564,52.185466667,0502-departing-01,1
VIRAT_S_050202_10_002159_002233,1565,52.218833333,0502-departing-01,1
VIRAT_S_050202_10_002159_002233,1566,52.252200000,0502-departing-01,1
VIRAT_S_050202_10_002159_002233,1567,52.285566667,0502-departing-01,1
VIRAT_S_050202_10_002159_002233,1568,52.318933333,0502-departing-01,1
VIRAT_S_050202_10_002159_002233,1569,52.352300000,0502-departing-01,1
VIRAT_S_050202_10_002159_002233,1570,52.385666667,0502-departing-01,1
VIRAT_S_050202_10_002159_002233,1571,52.419033333,0502-departing-01,1
VIRAT_S_050202_10_002159_002233,1572,52.452400000,0502-departing-01,1
VIRAT_S_050202_10_002159_002233,1573,52.485766667,0502-departing-01,1
VIRAT_S_050202_10_002159_002233,1574,52.519133333,0502-departing-01,1
VIRAT_S_050202_10_002159_002233,1575,52.552500000,0502-departing-01,1
VIRAT_S_050202_10_002159_002233,1576,52.585866667,0502-departing-01,1
VIRAT_S_050202_10_002159_002233,1577,52.619233333,0502-departing-01,1
VIRAT_S_050202_10_002159_002233,1578,52.652600000,0502-departing-01,1
VIRAT_S_050202_10_002159_002233,1579,52.685966667,0502-departing-01,1
VIRAT_S_050202_10_002159_002233,1580,52.719333333,0502-departing-01,1
VIRAT_S_050202_10_002159_002233,1581,52.752700000,0502-departing-01,1
VIRAT_S_050202_10_002159_002233,1582,52.786066667,0502-departing-01,1
VIRAT_S_050202_10_002159_002233,1583,52.819433333,0502-departing-01,1
VIRAT_S_050202_10_002159_002233,1584,52.852800000,0502-departing-01,1
VIRAT_S_050202_10_002159_002233,1585,52.886166667,0502-departing-01,1
VIRAT_S_050202_10_002159_002233,1586,52.919533333,0502-departing-01,1
VIRAT_S_050202_10_002159_002233,1587,52.952900000,0502-departing-01,1
VIRAT_S_050202_10_002159_002233,1588,52.986266667,0502-departing-01,1
VIRAT_S_050202_10_002159_002233,1589,53.019633333,0502-departing-01,1
VIRAT_S_050202_10_002159_002233,1590,53.053000000,0502-departing-01,1
VIRAT_S_050202_10_002159_002233,1591,53.086366667,0502-departing-01,1
VIRAT_S_050202_10_002159_002233,1592,53.119733333,0502-departing-01,1
VIRAT_S_050202_10_002159_002233,1593,53.153100000,0502-departing-01,1
VIRAT_S_050202_10_002159_002233,1594,53.186466667,0502-departing-01,1
VIRAT_S_050202_10_002159_002233,1595,53.219833333,0502-departing-01,1
VIRAT_S_050202_10_002159_002233,1596,53.253200000,0502-departing-01,1
VIRAT_S_050202_10_002159_002233,1597,53.286566667,0502-departing-01,1
VIRAT_S_050202_10_002159_002233,1598,53.319933333,0502-departing-01,1
VIRAT_S_050202_10_002159_002233,1599,53.353300000,0502-departing-01,1
VIRAT_S_050202_10_002159_002233,1600,53.386666667,0502-departing-01,1
VIRAT_S_050202_10_002159_002233,1601,53.420033333,0502-departing-01,1
VIRAT_S_050202_10_002159_002233,1602,53.453400000,0502-departing-01,1
VIRAT_S_050202_10_002159_002233,1603,53.486766667,0502-departing-01,1
VIRAT_S_050202_10_002159_002233,1604,53.520133333,0502-departing-01,1
VIRAT_S_050202_10_002159_002233,1605,53.553500000,0502-departing-01,1
VIRAT_S_050202_10_002159_002233,1606,53.586866667,0502-departing-01,1
VIRAT_S_050202_10_002159_002233,1607,53.620233333,0502-departing-01,1
VIRAT_S_050202_10_002159_002233,1608,53.653600000,0502-departing-01,1
VIRAT_S_050202_10_002159_002233,1609,53.686966667,0502-departing-01,1
VIRAT_S_050202_10_002159_002233,1610,53.720333333,0502-departing-01,1
VIRAT_S_050202_10_002159_002233,1611,53.753700000,0502-departing-01,1
VIRAT_S_050202_10_002159_002233,1612,53.787066667,0502-departing-01,1
VIRAT_S_050202_10_002159_002233,1613,53.820433333,0502-departing-01,1
VIRAT_S_050202_10_002159_002233,1614,53.853800000,0502-departing-01,1
VIRAT_S_050202_10_002159_002233,1615,53.887166667,0502-departing-01,1
VIRAT_S_050202_10_002159_002233,1616,53.920533333,0502-departing-01,1
VIRAT_S_050202_10_002159_002233,1617,53.953900000,0502-departing-01,1
VIRAT_S_050202_10_002159_002233,1618,53.987266667,0502-departing-01,1
VIRAT_S_050202_10_002159_002233,1619,54.020633333,0502-departing-01,1
VIRAT_S_050202_10_002159_002233,1620,54.054000000,0502-departing-01,1
VIRAT_S_050202_10_002159_002233,1621,54.087366667,0502-departing-01,1
VIRAT_S_050202_10_002159_002233,1622,54.120733333,0502-departing-01,1
VIRAT_S_050202_10_002159_002233,1623,54.154100000,0502-departing-01,1
VIRAT_S_050202_10_002159_002233,1624,54.187466667,0502-departing-01,1
VIRAT_S_050202_10_002159_002233,1625,54.220833333,0502-departing-01,1
VIRAT_S_050202_10_002159_002233,1626,54.254200000,0502-departing-01,1
VIRAT_S_050202_10_002159_002233,1627,54.287566667,0502-departing-01,1
VIRAT_S_050202_10_002159_002233,1628,54.320933333,0502-departing-01,1
VIRAT_S_050202_10_002159_002233,1629,54.354300000,0502-departing-01,1
VIRAT_S_050202_10_002159_002233,1630,54.387666667,0502-departing-01,1
VIRAT_S_050202_10_002159_002233,1631,54.421033333,0502-departing-01,1
VIRAT_S_050202_10_002159_002233,1632,54.454400000,0502-departing-01,1
VIRAT_S_050202_10_002159_002233,1633,54.487766667,0502-departing-01,1
VIRAT_S_050202_10_002159_002233,1634,54.521133333,0502-departing-01,1
VIRAT_S_050202_10_002159_002233,1635,54.554500000,0502-departing-01,1
VIRAT_S_050202_10_002159_002233,1636,54.587866667,0502-departing-01,1
VIRAT_S_050202_10_002159_002233,1637,54.621233333,0502-departing-01,1
VIRAT_S_050202_10_002159_002233,1638,54.654600000,0502-departing-01,1
VIRAT_S_050202_10_002159_002233,1639,54.687966667,0502-departing-01,1
VIRAT_S_050202_10_002159_002233,1640,54.721333333,0502-departing-01,1
VIRAT_S_050202_10_002159_002233,1641,54.754700000,0502-departing-01,1
VIRAT_S_050202_10_002159_002233,1642,54.788066667,0502-departing-01,1
VIRAT_S_050202_10_002159_002233,1643,54.821433333,0502-departing-01,1
VIRAT_S_050202_10_002159_002233,1644,54.854800000,0502-departing-01,1
VIRAT_S_050202_10_002159_002233,1645,54.888166667,0502-departing-01,1
VIRAT_S_050202_10_002159_002233,1646,54.921533333,0502-departing-01,1
VIRAT_S_050202_10_002159_002233,1647,54.954900000,0502-departing-01,1
VIRAT_S_050202_10_002159_002233,1648,54.988266667,0502-departing-01,1
VIRAT_S_050202_10_002159_002233,1649,55.021633333,0502-departing-01,1
VIRAT_S_050202_10_002159_002233,1650,55.055000000,0502-departing-01,1
VIRAT_S_050202_10_002159_002233,1651,55.088366667,0502-departing-01,1
VIRAT_S_050202_10_002159_002233,1652,55.121733333,0502-departing-01,1
VIRAT_S_050202_10_002159_002233,1653,55.155100000,0502-departing-01,1
VIRAT_S_050202_10_002159_002233,1654,55.188466667,0502-departing-01,1
VIRAT_S_050202_10_002159_002233,1655,55.221833333,0502-departing-01,1
VIRAT_S_050202_10_002159_002233,1656,55.255200000,0502-departing-01,1
VIRAT_S_050202_10_002159_002233,1657,55.288566667,0502-departing-01,1
VIRAT_S_050202_10_002159_002233,1658,55.321933333,0502-departing-01,1
VIRAT_S_050202_10_002159_002233,1659,55.355300000,0502-departing-01,1
VIRAT_S_050202_10_002159_002233,1660,55.388666667,0502-departing-01,0
VIRAT_S_050202_10_002159_002233,1661,55.422033333,0502-departing-01,0
VIRAT_S_050202_10_002159_002233,1662,55.455400000,0502-departing-01,0
VIRAT_S_050202_10_002159_002233,1663,55.488766667,0502-departing-01,0
VIRAT_S_050202_10_002159_002233,1664,55.522133333,0502-departing-01,0
VIRAT_S_050202_10_002159_002233,1665,55.555500000,0502-departing-01,0
VIRAT_S_050202_10_002159_002233,1666,55.588866667,0502-departing-01,0
VIRAT_S_050202_10_002159_002233,1667,55.622233333,0502-departing-01,0
VIRAT_S_050202_10_002159_002233,1668,55.655600000,0502-departing-01,0
VIRAT_S_050202_10_002159_002233,1669,55.688966667,0502-departing-01,0
VIRAT_S_050202_10_002159_002233,1670,55.722333333,0502-departing-01,0
VIRAT_S_050202_10_002159_002233,1671,55.755700000,0502-departing-01,0
VIRAT_S_050202_10_002159_002233,1672,55.789066667,0502-departing-01,0
VIRAT_S_050202_10_002159_002233,1673,55.822433333,0502-departing-01,0
VIRAT_S_050202_10_002159_002233,1674,55.855800000,0502-departing-01,0
VIRAT_S_050202_10_002159_002233,1675,55.889166667,0502-departing-01,0
VIRAT_S_050202_10_002159_002233,1676,55.922533333,0502-departing-01,0
VIRAT_S_050202_10_002159_002233,1677,55.955900000,0502-departing-01,0
VIRAT_S_050202_10_002159_002233,1678,55.989266667,0502-departing-01,0
VIRAT_S_050202_10_002159_002233,1679,56.022633333,0502-departing-01,0
VIRAT_S_050202_10_002159_002233,1680,56.056000000,0502-departing-01,0
VIRAT_S_050202_10_002159_002233,1681,56.089366667,0502-departing-01,0
VIRAT_S_050202_10_002159_002233,1682,56.122733333,0502-departing-01,0
VIRAT_S_050202_10_002159_002233,1683,56.156100000,0502-departing-01,0
VIRAT_S_050202_10_002159_002233,1684,56.189466667,0502-departing-01,0
VIRAT_S_050202_10_002159_002233,1685,56.222833333,0502-departing-01,0
VIRAT_S_050202_10_002159_002233,1686,56.256200000,0502-departing-01,0
VIRAT_S_050202_10_002159_002233,1687,56.289566667,0502-departing-01,0
VIRAT_S_050202_10_002159_002233,1688,56.322933333,0502-departing-01,0
VIRAT_S_050202_10_002159_002233,1689,56.356300000,0502-departing-01,0
VIRAT_S_050202_10_002159_002233,1690,56.389666667,0502-departing-01,0
VIRAT_S_050202_10_002159_002233,1691,56.423033333,0502-departing-01,0
VIRAT_S_050202_10_002159_002233,1692,56.456400000,0502-departing-01,0
VIRAT_S_050202_10_002159_002233,1693,56.489766667,0502-departing-01,0
VIRAT_S_050202_10_002159_002233,1694,56.523133333,0502-departing-01,0
VIRAT_S_050202_10_002159_002233,1695,56.556500000,0502-departing-01,0
VIRAT_S_050202_10_002159_002233,1696,56.589866667,0502-departing-01,0
VIRAT_S_050202_10_002159_002233,1697,56.623233333,0502-departing-01,0
VIRAT_S_050202_10_002159_002233,1698,56.656600000,0502-departing-01,0
VIRAT_S_050202_10_002159_002233,1699,56.689966667,0502-departing-01,0
VIRAT_S_050202_10_002159_002233,1700,56.723333333,0502-departing-01,0
VIRAT_S_050202_10_002159_002233,1701,56.756700000,0502-departing-01,0
VIRAT_S_050202_10_002159_002233,1702,56.790066667,0502-departing-01,0
VIRAT_S_050202_10_002159_002233,1703,56.823433333,0502-departing-01,0
VIRAT_S_050202_10_002159_002233,1704,56.856800000,0502-departing-01,0
VIRAT_S_050202_10_002159_002233,1705,56.890166667,0502-departing-01,0
VIRAT_S_050202_10_002159_002233,1706,56.923533333,0502-departing-01,0
VIRAT_S_050202_10_002159_002233,1707,56.956900000,0502-departing-01,0
VIRAT_S_050202_10_002159_002233,1708,56.990266667,0502-departing-01,0
VIRAT_S_050202_10_002159_002233,1709,57.023633333,0502-departing-01,0
VIRAT_S_050202_10_002159_002233,1710,57.057000000,0502-departing-01,0
VIRAT_S_050202_10_002159_002233,1711,57.090366667,0502-departing-01,0
VIRAT_S_050202_10_002159_002233,1712,57.123733333,0502-departing-01,0
VIRAT_S_050202_10_002159_002233,1713,57.157100000,0502-departing-01,0
VIRAT_S_050202_10_002159_002233,1714,57.190466667,0502-departing-01,0
VIRAT_S_050202_10_002159_002233,1715,57.223833333,0502-departing-01,0
VIRAT_S_050202_10_002159_002233,1716,57.257200000,0502-departing-01,0
VIRAT_S_050202_10_002159_002233,1717,57.290566667,0502-departing-01,0
VIRAT_S_050202_10_002159_002233,1718,57.323933333,0502-departing-01,0
VIRAT_S_050202_10_002159_002233,1719,57.357300000,0502-departing-01,0
VIRAT_S_050202_10_002159_002233,1720,57.390666667,0502-departing-01,0
VIRAT_S_050202_10_002159_002233,1721,57.424033333,0502-departing-01,0
VIRAT_S_050202_10_002159_002233,1722,57.457400000,0502-departing-01,0
VIRAT_S_050202_10_002159_002233,1723,57.490766667,0502-departing-01,0
VIRAT_S_050202_10_002159_002233,1724,57.524133333,0502-departing-01,0
VIRAT_S_050202_10_002159_002233,1725,57.557500000,0502-departing-01,0
VIRAT_S_050202_10_002159_002233,1726,57.590866667,0502-departing-01,0
VIRAT_S_050202_10_002159_002233,1727,57.624233333,0502-departing-01,0
VIRAT_S_050202_10_002159_002233,1728,57.657600000,0502-departing-01,0
VIRAT_S_050202_10_002159_002233,1729,57.690966667,0502-departing-01,0
VIRAT_S_050202_10_002159_002233,1730,57.724333333,0502-departing-01,0
VIRAT_S_050202_10_002159_002233,1731,57.757700000,0502-departing-01,0
VIRAT_S_050202_10_002159_002233,1732,57.791066667,0502-departing-01,0
VIRAT_S_050202_10_002159_002233,1733,57.824433333,0502-departing-01,0
VIRAT_S_050202_10_002159_002233,1734,57.857800000,0502-departing-01,0
VIRAT_S_050202_10_002159_002233,1735,57.891166667,0502-departing-01,0
VIRAT_S_050202_10_002159_002233,1736,57.924533333,0502-departing-01,0
VIRAT_S_050202_10_002159_002233,1737,57.957900000,0502-departing-01,0
VIRAT_S_050202_10_002159_002233,1738,57.991266667,0502-departing-01,0
VIRAT_S_050202_10_002159_002233,1739,58.024633333,0502-departing-01,0
VIRAT_S_050202_10_002159_002233,1740,58.058000000,0502-departing-01,0
VIRAT_S_050202_10_002159_002233,1741,58.091366667,0502-departing-01,0
VIRAT_S_050202_10_002159_002233,1742,58.124733333,0502-departing-01,0
VIRAT_S_050202_10_002159_002233,1743,58.158100000,0502-departing-01,0
VIRAT_S_050202_10_002159_002233,1744,58.191466667,0502-departing-01,0
VIRAT_S_050202_10_002159_002233,1745,58.224833333,0502-departing-01,0
VIRAT_S_050202_10_002159_002233,1746,58.258200000,0502-departing-01,0
VIRAT_S_050202_10_002159_002233,1747,58.291566667,0502-departing-01,0
VIRAT_S_050202_10_002159_002233,1748,58.324933333,0502-departing-01,0
VIRAT_S_050202_10_002159_002233,1749,58.358300000,0502-departing-01,0
VIRAT_S_050202_10_002159_002233,1750,58.391666667,0502-departing-01,0
VIRAT_S_050202_10_002159_002233,1751,58.425033333,0502-departing-01,0
VIRAT_S_050202_10_002159_002233,1752,58.458400000,0502-departing-01,0
VIRAT_S_050202_10_002159_002233,1753,58.491766667,0502-departing-01,0
VIRAT_S_050202_10_002159_002233,1754,58.525133333,0502-departing-01,0
VIRAT_S_050202_10_002159_002233,1755,58.558500000,0502-departing-01,0
VIRAT_S_050202_10_002159_002233,1756,58.591866667,0502-departing-01,0
VIRAT_S_050202_10_002159_002233,1757,58.625233333,0502-departing-01,0
VIRAT_S_050202_10_002159_002233,1758,58.658600000,0502-departing-01,0
VIRAT_S_050202_10_002159_002233,1759,58.691966667,0502-departing-01,0
VIRAT_S_050202_10_002159_002233,1760,58.725333333,0502-departing-01,0
VIRAT_S_050202_10_002159_002233,1761,58.758700000,0502-departing-01,0
VIRAT_S_050202_10_002159_002233,1762,58.792066667,0502-departing-01,0
VIRAT_S_050202_10_002159_002233,1763,58.825433333,0502-departing-01,0
VIRAT_S_050202_10_002159_002233,1764,58.858800000,0502-departing-01,0
VIRAT_S_050202_10_002159_002233,1765,58.892166667,0502-departing-01,0
VIRAT_S_050202_10_002159_002233,1766,58.925533333,0502-departing-01,0
VIRAT_S_050202_10_002159_002233,1767,58.958900000,0502-departing-01,0
VIRAT_S_050202_10_002159_002233,1768,58.992266667,0502-departing-01,0
VIRAT_S_050202_10_002159_002233,1769,59.025633333,0502-departing-01,0
VIRAT_S_050202_10_002159_002233,1770,59.059000000,0502-departing-01,0
VIRAT_S_050202_10_002159_002233,1771,59.092366667,0502-departing-01,0
VIRAT_S_050202_10_002159_002233,1772,59.125733333,0502-departing-01,0
VIRAT_S_050202_10_002159_002233,1773,59.159100000,0502-departing-01,0
VIRAT_S_050202_10_002159_002233,1774,59.192466667,0502-departing-01,0
VIRAT_S_050202_10_002159_002233,1775,59.225833333,0502-departing-01,0
VIRAT_S_050202_10_002159_002233,1776,59.259200000,0502-departing-01,0
VIRAT_S_050202_10_002159_002233,1777,59.292566667,0502-departing-01,0
VIRAT_S_050202_10_002159_002233,1778,59.325933333,0502-departing-01,0
VIRAT_S_050202_10_002159_002233,1779,59.359300000,0502-departing-01,0
VIRAT_S_050202_10_002159_002233,1780,59.392666667,0502-departing-01,0
VIRAT_S_050202_10_002159_002233,1781,59.426033333,0502-departing-01,0
VIRAT_S_050202_10_002159_002233,1782,59.459400000,0502-departing-01,0
VIRAT_S_050202_10_002159_002233,1783,59.492766667,0502-departing-01,0
VIRAT_S_050202_10_002159_002233,1784,59.526133333,0502-departing-01,0
VIRAT_S_050202_10_002159_002233,1785,59.559500000,0502-departing-01,0
VIRAT_S_050202_10_002159_002233,1786,59.592866667,0502-departing-01,0
VIRAT_S_050202_10_002159_002233,1787,59.626233333,0502-departing-01,0
VIRAT_S_050202_10_002159_002233,1788,59.659600000,0502-departing-01,0
VIRAT_S_050202_10_002159_002233,1789,59.692966667,0502-departing-01,0
VIRAT_S_050202_10_002159_002233,1790,59.726333333,0502-departing-01,0
VIRAT_S_050202_10_002159_002233,1791,59.759700000,0502-departing-01,0
VIRAT_S_050202_10_002159_002233,1792,59.793066667,0502-departing-01,0
VIRAT_S_050202_10_002159_002233,1793,59.826433333,0502-departing-01,0
VIRAT_S_050202_10_002159_002233,1794,59.859800000,0502-departing-01,0
VIRAT_S_050202_10_002159_002233,1795,59.893166667,0502-departing-01,0
VIRAT_S_050202_10_002159_002233,1796,59.926533333,0502-departing-01,0
VIRAT_S_050202_10_002159_002233,1797,59.959900000,0502-departing-01,0
VIRAT_S_050202_10_002159_002233,1798,59.993266667,0502-departing-01,0
VIRAT_S_050202_10_002159_002233,1799,60.026633333,0502-departing-01,0
VIRAT_S_050202_10_002159_002233,1800,60.060000000,0502-departing-01,0
VIRAT_S_050202_10_002159_002233,1801,60.093366667,0502-departing-01,0
VIRAT_S_050202_10_002159_002233,1802,60.126733333,0502-departing-01,0
VIRAT_S_050202_10_002159_002233,1803,60.160100000,0502-departing-01,0
VIRAT_S_050202_10_002159_002233,1804,60.193466667,0502-departing-01,0
VIRAT_S_050202_10_002159_002233,1805,60.226833333,0502-departing-01,0
VIRAT_S_050202_10_002159_002233,1806,60.260200000,0502-departing-01,0
VIRAT_S_050202_10_002159_002233,1807,60.293566667,0502-departing-01,0
VIRAT_S_050202_10_002159_002233,1808,60.326933333,0502-departing-01,0
VIRAT_S_050202_10_002159_002233,1809,60.360300000,0502-departing-01,0
VIRAT_S_050202_10_002159_002233,1810,60.393666667,0502-departing-01,0
VIRAT_S_050202_10_002159_002233,1811,60.427033333,0502-departing-01,0
VIRAT_S_050202_10_002159_002233,1812,60.460400000,0502-departing-01,0
VIRAT_S_050202_10_002159_002233,1813,60.493766667,0502-departing-01,0
VIRAT_S_050202_10_002159_002233,1814,60.527133333,0502-departing-01,0
VIRAT_S_050202_10_002159_002233,1815,60.560500000,0502-departing-01,0
VIRAT_S_050202_10_002159_002233,1816,60.593866667,0502-departing-01,0
VIRAT_S_050202_10_002159_002233,1817,60.627233333,0502-departing-01,0
VIRAT_S_050202_10_002159_002233,1818,60.660600000,0502-departing-01,0
VIRAT_S_050202_10_002159_002233,1819,60.693966667,0502-departing-01,0
VIRAT_S_050202_10_002159_002233,1820,60.727333333,0502-departing-01,0
VIRAT_S_050202_10_002159_002233,1821,60.760700000,0502-departing-01,0
VIRAT_S_050202_10_002159_002233,1822,60.794066667,0502-departing-01,0
VIRAT_S_050202_10_002159_002233,1823,60.827433333,0502-departing-01,0
VIRAT_S_050202_10_002159_002233,1824,60.860800000,0502-departing-01,0
VIRAT_S_050202_10_002159_002233,1825,60.894166667,0502-departing-01,0
VIRAT_S_050202_10_002159_002233,1826,60.927533333,0502-departing-01,0
VIRAT_S_050202_10_002159_002233,1827,60.960900000,0502-departing-01,0
VIRAT_S_050202_10_002159_002233,1828,60.994266667,0502-departing-01,0
VIRAT_S_050202_10_002159_002233,1829,61.027633333,0502-departing-01,0
VIRAT_S_050202_10_002159_002233,1830,61.061000000,0502-departing-01,0
VIRAT_S_050202_10_002159_002233,1831,61.094366667,0502-departing-01,0
VIRAT_S_050202_10_002159_002233,1832,61.127733333,0502-departing-01,0
VIRAT_S_050202_10_002159_002233,1833,61.161100000,0502-departing-01,0
VIRAT_S_050202_10_002159_002233,1834,61.194466667,0502-departing-01,0
VIRAT_S_050202_10_002159_002233,1835,61.227833333,0502-departing-01,0
VIRAT_S_050202_10_002159_002233,1836,61.261200000,0502-departing-01,0
VIRAT_S_050202_10_002159_002233,1837,61.294566667,0502-departing-01,0
VIRAT_S_050202_10_002159_002233,1838,61.327933333,0502-departing-01,0
VIRAT_S_050202_10_002159_002233,1839,61.361300000,0502-departing-01,0
VIRAT_S_050202_10_002159_002233,1840,61.394666667,0502-departing-01,0
VIRAT_S_050202_10_002159_002233,1841,61.428033333,0502-departing-01,0
VIRAT_S_050202_10_002159_002233,1842,61.461400000,0502-departing-01,0
VIRAT_S_050202_10_002159_002233,1843,61.494766667,0502-departing-01,0
VIRAT_S_050202_10_002159_002233,1844,61.528133333,0502-departing-01,0
VIRAT_S_050202_10_002159_002233,1845,61.561500000,0502-departing-01,0
VIRAT_S_050202_10_002159_002233,1846,61.594866667,0502-departing-01,0
VIRAT_S_050202_10_002159_002233,1847,61.628233333,0502-departing-01,0
VIRAT_S_050202_10_002159_002233,1848,61.661600000,0502-departing-01,0
VIRAT_S_050202_10_002159_002233,1849,61.694966667,0502-departing-01,0
VIRAT_S_050202_10_002159_002233,1850,61.728333333,0502-departing-01,0
VIRAT_S_050202_10_002159_002233,1851,61.761700000,0502-departing-01,0
VIRAT_S_050202_10_002159_002233,1852,61.795066667,0502-departing-01,0
VIRAT_S_050202_10_002159_002233,1853,61.828433333,0502-departing-01,0
VIRAT_S_050202_10_002159_002233,1854,61.861800000,0502-departing-01,0
VIRAT_S_050202_10_002159_002233,1855,61.895166667,0502-departing-01,0
VIRAT_S_050202_10_002159_002233,1856,61.928533333,0502-departing-01,0
VIRAT_S_050202_10_002159_002233,1857,61.961900000,0502-departing-01,0
VIRAT_S_050202_10_002159_002233,1858,61.995266667,0502-departing-01,0
VIRAT_S_050202_10_002159_002233,1859,62.028633333,0502-departing-01,0
VIRAT_S_050202_10_002159_002233,1860,62.062000000,0502-departing-01,0
VIRAT_S_050202_10_002159_002233,1861,62.095366667,0502-departing-01,0
VIRAT_S_050202_10_002159_002233,1862,62.128733333,0502-departing-01,0
VIRAT_S_050202_10_002159_002233,1863,62.162100000,0502-departing-01,0
VIRAT_S_050202_10_002159_002233,1864,62.195466667,0502-departing-01,0
VIRAT_S_050202_10_002159_002233,1865,62.228833333,0502-departing-01,0
VIRAT_S_050202_10_002159_002233,1866,62.262200000,0502-departing-01,0
VIRAT_S_050202_10_002159_002233,1867,62.295566667,0502-departing-01,0
VIRAT_S_050202_10_002159_002233,1868,62.328933333,0502-departing-01,0
VIRAT_S_050202_10_002159_002233,1869,62.362300000,0502-departing-01,0
VIRAT_S_050202_10_002159_002233,1870,62.395666667,0502-departing-01,0
VIRAT_S_050202_10_002159_002233,1871,62.429033333,0502-departing-01,0
VIRAT_S_050202_10_002159_002233,1872,62.462400000,0502-departing-01,0
VIRAT_S_050202_10_002159_002233,1873,62.495766667,0502-departing-01,0
VIRAT_S_050202_10_002159_002233,1874,62.529133333,0502-departing-01,0
VIRAT_S_050202_10_002159_002233,1875,62.562500000,0502-departing-01,0
VIRAT_S_050202_10_002159_002233,1876,62.595866667,0502-departing-01,0
VIRAT_S_050202_10_002159_002233,1877,62.629233333,0502-departing-01,0
VIRAT_S_050202_10_002159_002233,1878,62.662600000,0502-departing-01,0
VIRAT_S_050202_10_002159_002233,1879,62.695966667,0502-departing-01,0
VIRAT_S_050202_10_002159_002233,1880,62.729333333,0502-departing-01,0
VIRAT_S_050202_10_002159_002233,1881,62.762700000,0502-departing-01,0
VIRAT_S_050202_10_002159_002233,1882,62.796066667,0502-departing-01,0
VIRAT_S_050202_10_002159_002233,1883,62.829433333,0502-departing-01,0
VIRAT_S_050202_10_002159_002233,1884,62.862800000,0502-departing-01,0
VIRAT_S_050202_10_002159_002233,1885,62.896166667,0502-departing-01,0
VIRAT_S_050202_10_002159_002233,1886,62.929533333,0502-departing-01,0
VIRAT_S_050202_10_002159_002233,1887,62.962900000,0502-departing-01,0
VIRAT_S_050202_10_002159_002233,1888,62.996266667,0502-departing-01,0
VIRAT_S_050202_10_002159_002233,1889,63.029633333,0502-departing-01,0
VIRAT_S_050202_10_002159_002233,1890,63.063000000,0502-departing-01,0
VIRAT_S_050202_10_002159_002233,1891,63.096366667,0502-departing-01,0
VIRAT_S_050202_10_002159_002233,1892,63.129733333,0502-departing-01,0
VIRAT_S_050202_10_002159_002233,1893,63.163100000,0502-departing-01,0
VIRAT_S_050202_10_002159_002233,1894,63.196466667,0502-departing-01,0
VIRAT_S_050202_10_002159_002233,1895,63.229833333,0502-departing-01,0
VIRAT_S_050202_10_002159_002233,1896,63.263200000,0502-departing-01,0
VIRAT_S_050202_10_002159_002233,1897,63.296566667,0502-departing-01,0
VIRAT_S_050202_10_002159_002233,1898,63.329933333,0502-departing-01,0
VIRAT_S_050202_10_002159_002233,1899,63.363300000,0502-departing-01,0
VIRAT_S_050202_10_002159_002233,1900,63.396666667,0502-departing-01,0
VIRAT_S_050202_10_002159_002233,1901,63.430033333,0502-departing-01,0
VIRAT_S_050202_10_002159_002233,1902,63.463400000,0502-departing-01,0
VIRAT_S_050202_10_002159_002233,1903,63.496766667,0502-departing-01,0
VIRAT_S_050202_10_002159_002233,1904,63.530133333,0502-departing-01,0
VIRAT_S_050202_10_002159_002233,1905,63.563500000,0502-departing-01,0
VIRAT_S_050202_10_002159_002233,1906,63.596866667,0502-departing-01,0
VIRAT_S_050202_10_002159_002233,1907,63.630233333,0502-departing-01,0
VIRAT_S_050202_10_002159_002233,1908,63.663600000,0502-departing-01,0
VIRAT_S_050202_10_002159_002233,1909,63.696966667,0502-departing-01,0
VIRAT_S_050202_10_002159_002233,1910,63.730333333,0502-departing-01,0
VIRAT_S_050202_10_002159_002233,1911,63.763700000,0502-departing-01,0
VIRAT_S_050202_10_002159_002233,1912,63.797066667,0502-departing-01,0
VIRAT_S_050202_10_002159_002233,1913,63.830433333,0502-departing-01,0
VIRAT_S_050202_10_002159_002233,1914,63.863800000,0502-departing-01,0
VIRAT_S_050202_10_002159_002233,1915,63.897166667,0502-departing-01,0
VIRAT_S_050202_10_002159_002233,1916,63.930533333,0502-departing-01,0
VIRAT_S_050202_10_002159_002233,1917,63.963900000,0502-departing-01,0
VIRAT_S_050202_10_002159_002233,1918,63.997266667,0502-departing-01,0
VIRAT_S_050202_10_002159_002233,1919,64.030633333,0502-departing-01,0
VIRAT_S_050202_10_002159_002233,1920,64.064000000,0502-departing-01,0
VIRAT_S_050202_10_002159_002233,1921,64.097366667,0502-departing-01,0
VIRAT_S_050202_10_002159_002233,1922,64.130733333,0502-departing-01,0
VIRAT_S_050202_10_002159_002233,1923,64.164100000,0502-departing-01,0
VIRAT_S_050202_10_002159_002233,1924,64.197466667,0502-departing-01,0
VIRAT_S_050202_10_002159_002233,1925,64.230833333,0502-departing-01,0
VIRAT_S_050202_10_002159_002233,1926,64.264200000,0502-departing-01,0
VIRAT_S_050202_10_002159_002233,1927,64.297566667,0502-departing-01,0
VIRAT_S_050202_10_002159_002233,1928,64.330933333,0502-departing-01,0
VIRAT_S_050202_10_002159_002233,1929,64.364300000,0502-departing-01,0
VIRAT_S_050202_10_002159_002233,1930,64.397666667,0502-departing-01,0
VIRAT_S_050202_10_002159_002233,1931,64.431033333,0502-departing-01,0
VIRAT_S_050202_10_002159_002233,1932,64.464400000,0502-departing-01,0
VIRAT_S_050202_10_002159_002233,1933,64.497766667,0502-departing-01,0
VIRAT_S_050202_10_002159_002233,1934,64.531133333,0502-departing-01,0
VIRAT_S_050202_10_002159_002233,1935,64.564500000,0502-departing-01,0
VIRAT_S_050202_10_002159_002233,1936,64.597866667,0502-departing-01,0
VIRAT_S_050202_10_002159_002233,1937,64.631233333,0502-departing-01,0
VIRAT_S_050202_10_002159_002233,1938,64.664600000,0502-departing-01,0
VIRAT_S_050202_10_002159_002233,1939,64.697966667,0502-departing-01,0
VIRAT_S_050202_10_002159_002233,1940,64.731333333,0502-departing-01,0
VIRAT_S_050202_10_002159_002233,1941,64.764700000,0502-departing-01,0
VIRAT_S_050202_10_002159_002233,1942,64.798066667,0502-departing-01,0
VIRAT_S_050202_10_002159_002233,1943,64.831433333,0502-departing-01,0
VIRAT_S_050202_10_002159_002233,1944,64.864800000,0502-departing-01,0
VIRAT_S_050202_10_002159_002233,1945,64.898166667,0502-departing-01,0
VIRAT_S_050202_10_002159_002233,1946,64.931533333,0502-departing-01,0
VIRAT_S_050202_10_002159_002233,1947,64.964900000,0502-departing-01,0
VIRAT_S_050202_10_002159_002233,1948,64.998266667,0502-departing-01,0
VIRAT_S_050202_10_002159_002233,1949,65.031633333,0502-departing-01,0
VIRAT_S_050202_10_002159_002233,1950,65.065000000,0502-departing-01,0
VIRAT_S_050202_10_002159_002233,1951,65.098366667,0502-departing-01,0
VIRAT_S_050202_10_002159_002233,1952,65.131733333,0502-departing-01,0
VIRAT_S_050202_10_002159_002233,1953,65.165100000,0502-departing-01,0
VIRAT_S_050202_10_002159_002233,1954,65.198466667,0502-departing-01,0
VIRAT_S_050202_10_002159_002233,1955,65.231833333,0502-departing-01,0
VIRAT_S_050202_10_002159_002233,1956,65.265200000,0502-departing-01,0
VIRAT_S_050202_10_002159_002233,1957,65.298566667,0502-departing-01,0
VIRAT_S_050202_10_002159_002233,1958,65.331933333,0502-departing-01,0
VIRAT_S_050202_10_002159_002233,1959,65.365300000,0502-departing-01,0
VIRAT_S_050202_10_002159_002233,1960,65.398666667,0502-departing-01,0
VIRAT_S_050202_10_002159_002233,1961,65.432033333,0502-departing-01,0
VIRAT_S_050202_10_002159_002233,1962,65.465400000,0502-departing-01,0
VIRAT_S_050202_10_002159_002233,1963,65.498766667,0502-departing-01,0
VIRAT_S_050202_10_002159_002233,1964,65.532133333,0502-departing-01,0
VIRAT_S_050202_10_002159_002233,1965,65.565500000,0502-departing-01,0
VIRAT_S_050202_10_002159_002233,1966,65.598866667,0502-departing-01,0
VIRAT_S_050202_10_002159_002233,1967,65.632233333,0502-departing-01,0
VIRAT_S_050202_10_002159_002233,1968,65.665600000,0502-departing-01,0
VIRAT_S_050202_10_002159_002233,1969,65.698966667,0502-departing-01,0
VIRAT_S_050202_10_002159_002233,1970,65.732333333,0502-departing-01,0
VIRAT_S_050202_10_002159_002233,1971,65.765700000,0502-departing-01,0
VIRAT_S_050202_10_002159_002233,1972,65.799066667,0502-departing-01,0
VIRAT_S_050202_10_002159_002233,1973,65.832433333,0502-departing-01,0
