video_id,frame_index,timestamp_s,slot_id,state,evidence
grand_bassin_aerial_development,0,0.000,BUS_L01,1,1
grand_bassin_aerial_development,0,0.000,BUS_L02,1,1
grand_bassin_aerial_development,0,0.000,BUS_L03,1,1
grand_bassin_aerial_development,0,0.000,BUS_R01,1,1
grand_bassin_aerial_development,0,0.000,BUS_R02,1,1
grand_bassin_aerial_development,0,0.000,BUS_R03,1,1
grand_bassin_aerial_development,0,0.000,BUS_R04,1,1
grand_bassin_aerial_development,1,0.500,BUS_L01,1,1
grand_bassin_aerial_development,1,0.500,BUS_L02,1,1
grand_bassin_aerial_development,1,0.500,BUS_L03,1,1
grand_bassin_aerial_development,1,0.500,BUS_R01,1,1
grand_bassin_aerial_development,1,0.500,BUS_R02,1,1
grand_bassin_aerial_development,1,0.500,BUS_R03,1,1
grand_bassin_aerial_development,1,0.500,BUS_R04,1,1
grand_bassin_aerial_development,2,1.000,BUS_L01,1,1
grand_bassin_aerial_development,2,1.000,BUS_L02,1,1
grand_bassin_aerial_development,2,1.000,BUS_L03,1,1
grand_bassin_aerial_development,2,1.000,BUS_R01,1,1
grand_bassin_aerial_development,2,1.000,BUS_R02,1,1
grand_bassin_aerial_development,2,1.000,BUS_R03,1,1
grand_bassin_aerial_development,2,1.000,BUS_R04,1,1
grand_bassin_aerial_development,3,1.500,BUS_L01,1,1
grand_bassin_aerial_development,3,1.500,BUS_L02,1,1
grand_bassin_aerial_development,3,1.500,BUS_L03,1,1
grand_bassin_aerial_development,3,1.500,BUS_R01,1,1
grand_bassin_aerial_development,3,1.500,BUS_R02,1,1
grand_bassin_aerial_development,3,1.500,BUS_R03,1,1
grand_bassin_aerial_development,3,1.500,BUS_R04,1,1
grand_bassin_aerial_development,4,2.000,BUS_L01,1,1
grand_bassin_aerial_development,4,2.000,BUS_L02,1,1
grand_bassin_aerial_development,4,2.000,BUS_L03,1,1
grand_bassin_aerial_development,4,2.000,BUS_R01,1,1
grand_bassin_aerial_development,4,2.000,BUS_R02,1,1
grand_bassin_aerial_development,4,2.000,BUS_R03,1,1
grand_bassin_aerial_development,4,2.000,BUS_R04,1,1
grand_bassin_aerial_development,5,2.500,BUS_L01,1,1
grand_bassin_aerial_development,5,2.500,BUS_L02,1,1
grand_bassin_aerial_development,5,2.500,BUS_L03,1,1
grand_bassin_aerial_development,5,2.500,BUS_R01,1,1
grand_bassin_aerial_development,5,2.500,BUS_R02,1,1
grand_bassin_aerial_development,5,2.500,BUS_R03,1,1
grand_bassin_aerial_development,5,2.500,BUS_R04,1,1
grand_bassin_aerial_development,6,3.000,BUS_L01,1,1
grand_bassin_aerial_development,6,3.000,BUS_L02,1,1
grand_bassin_aerial_development,6,3.000,BUS_L03,1,1
grand_bassin_aerial_development,6,3.000,BUS_R01,1,1
grand_bassin_aerial_development,6,3.000,BUS_R02,1,1
grand_bassin_aerial_development,6,3.000,BUS_R03,1,1
grand_bassin_aerial_development,6,3.000,BUS_R04,1,1
grand_bassin_aerial_development,7,3.500,BUS_L01,1,1
grand_bassin_aerial_development,7,3.500,BUS_L02,1,1
grand_bassin_aerial_development,7,3.500,BUS_L03,1,1
grand_bassin_aerial_development,7,3.500,BUS_R01,1,1
grand_bassin_aerial_development,7,3.500,BUS_R02,1,1
grand_bassin_aerial_development,7,3.500,BUS_R03,1,1
grand_bassin_aerial_development,7,3.500,BUS_R04,1,1
grand_bassin_aerial_development,8,4.000,BUS_L01,1,1
grand_bassin_aerial_development,8,4.000,BUS_L02,1,1
grand_bassin_aerial_development,8,4.000,BUS_L03,1,1
grand_bassin_aerial_development,8,4.000,BUS_R01,1,1
grand_bassin_aerial_development,8,4.000,BUS_R02,1,1
grand_bassin_aerial_development,8,4.000,BUS_R03,1,1
grand_bassin_aerial_development,8,4.000,BUS_R04,1,1
grand_bassin_aerial_development,9,4.500,BUS_L01,1,1
grand_bassin_aerial_development,9,4.500,BUS_L02,1,1
grand_bassin_aerial_development,9,4.500,BUS_L03,1,1
grand_bassin_aerial_development,9,4.500,BUS_R01,1,1
grand_bassin_aerial_development,9,4.500,BUS_R02,1,1
grand_bassin_aerial_development,9,4.500,BUS_R03,1,1
grand_bassin_aerial_development,9,4.500,BUS_R04,1,1
grand_bassin_aerial_development,10,5.000,BUS_L01,1,1
grand_bassin_aerial_development,10,5.000,BUS_L02,1,1
grand_bassin_aerial_development,10,5.000,BUS_L03,1,1
grand_bassin_aerial_development,10,5.000,BUS_R01,1,1
grand_bassin_aerial_development,10,5.000,BUS_R02,1,1
grand_bassin_aerial_development,10,5.000,BUS_R03,1,1
grand_bassin_aerial_development,10,5.000,BUS_R04,1,1
grand_bassin_aerial_development,11,5.500,BUS_L01,1,1
grand_bassin_aerial_development,11,5.500,BUS_L02,1,1
grand_bassin_aerial_development,11,5.500,BUS_L03,1,1
grand_bassin_aerial_development,11,5.500,BUS_R01,1,1
grand_bassin_aerial_development,11,5.500,BUS_R02,1,1
grand_bassin_aerial_development,11,5.500,BUS_R03,1,1
grand_bassin_aerial_development,11,5.500,BUS_R04,1,1
grand_bassin_aerial_development,12,6.000,BUS_L01,1,1
grand_bassin_aerial_development,12,6.000,BUS_L02,1,1
grand_bassin_aerial_development,12,6.000,BUS_L03,1,1
grand_bassin_aerial_development,12,6.000,BUS_R01,1,1
grand_bassin_aerial_development,12,6.000,BUS_R02,1,1
grand_bassin_aerial_development,12,6.000,BUS_R03,1,1
grand_bassin_aerial_development,12,6.000,BUS_R04,1,1
grand_bassin_aerial_development,13,6.500,BUS_L01,1,1
grand_bassin_aerial_development,13,6.500,BUS_L02,1,1
grand_bassin_aerial_development,13,6.500,BUS_L03,1,1
grand_bassin_aerial_development,13,6.500,BUS_R01,1,1
grand_bassin_aerial_development,13,6.500,BUS_R02,1,1
grand_bassin_aerial_development,13,6.500,BUS_R03,1,1
grand_bassin_aerial_development,13,6.500,BUS_R04,1,1
grand_bassin_aerial_development,14,7.000,BUS_L01,1,1
grand_bassin_aerial_development,14,7.000,BUS_L02,1,1
grand_bassin_aerial_development,14,7.000,BUS_L03,1,1
grand_bassin_aerial_development,14,7.000,BUS_R01,1,1
grand_bassin_aerial_development,14,7.000,BUS_R02,1,1
grand_bassin_aerial_development,14,7.000,BUS_R03,1,1
grand_bassin_aerial_development,14,7.000,BUS_R04,1,1
grand_bassin_aerial_development,15,7.500,BUS_L01,1,1
grand_bassin_aerial_development,15,7.500,BUS_L02,1,1
grand_bassin_aerial_development,15,7.500,BUS_L03,1,1
grand_bassin_aerial_development,15,7.500,BUS_R01,1,1
grand_bassin_aerial_development,15,7.500,BUS_R02,1,1
grand_bassin_aerial_development,15,7.500,BUS_R03,1,1
grand_bassin_aerial_development,15,7.500,BUS_R04,1,1
grand_bassin_aerial_development,16,8.000,BUS_L01,1,1
grand_bassin_aerial_development,16,8.000,BUS_L02,1,1
grand_bassin_aerial_development,16,8.000,BUS_L03,1,1
grand_bassin_aerial_development,16,8.000,BUS_R01,1,1
grand_bassin_aerial_development,16,8.000,BUS_R02,1,1
grand_bassin_aerial_development,16,8.000,BUS_R03,1,1
grand_bassin_aerial_development,16,8.000,BUS_R04,1,1
grand_bassin_aerial_development,17,8.500,BUS_L01,1,1
grand_bassin_aerial_development,17,8.500,BUS_L02,1,1
grand_bassin_aerial_development,17,8.500,BUS_L03,1,1
grand_bassin_aerial_development,17,8.500,BUS_R01,1,1
grand_bassin_aerial_development,17,8.500,BUS_R02,1,1
grand_bassin_aerial_development,17,8.500,BUS_R03,1,1
grand_bassin_aerial_development,17,8.500,BUS_R04,1,1
grand_bassin_aerial_development,18,9.000,BUS_L01,1,1
grand_bassin_aerial_development,18,9.000,BUS_L02,1,1
grand_bassin_aerial_development,18,9.000,BUS_L03,1,1
grand_bassin_aerial_development,18,9.000,BUS_R01,1,1
grand_bassin_aerial_development,18,9.000,BUS_R02,1,1
grand_bassin_aerial_development,18,9.000,BUS_R03,1,1
grand_bassin_aerial_development,18,9.000,BUS_R04,1,1
grand_bassin_aerial_development,19,9.500,BUS_L01,1,1
grand_bassin_aerial_development,19,9.500,BUS_L02,1,1
grand_bassin_aerial_development,19,9.500,BUS_L03,1,1
grand_bassin_aerial_development,19,9.500,BUS_R01,1,1
grand_bassin_aerial_development,19,9.500,BUS_R02,1,1
grand_bassin_aerial_development,19,9.500,BUS_R03,1,1
grand_bassin_aerial_development,19,9.500,BUS_R04,1,1
grand_bassin_aerial_development,20,10.000,BUS_L01,1,1
grand_bassin_aerial_development,20,10.000,BUS_L02,1,1
grand_bassin_aerial_development,20,10.000,BUS_L03,1,1
grand_bassin_aerial_development,20,10.000,BUS_R01,1,1
grand_bassin_aerial_development,20,10.000,BUS_R02,1,1
grand_bassin_aerial_development,20,10.000,BUS_R03,1,1
grand_bassin_aerial_development,20,10.000,BUS_R04,1,1
grand_bassin_aerial_development,21,10.500,BUS_L01,1,1
grand_bassin_aerial_development,21,10.500,BUS_L02,1,1
grand_bassin_aerial_development,21,10.500,BUS_L03,1,1
grand_bassin_aerial_development,21,10.500,BUS_R01,1,1
grand_bassin_aerial_development,21,10.500,BUS_R02,1,1
grand_bassin_aerial_development,21,10.500,BUS_R03,1,1
grand_bassin_aerial_development,21,10.500,BUS_R04,1,1
grand_bassin_aerial_development,22,11.000,BUS_L01,1,1
grand_bassin_aerial_development,22,11.000,BUS_L02,1,1
grand_bassin_aerial_development,22,11.000,BUS_L03,1,1
grand_bassin_aerial_development,22,11.000,BUS_R01,1,1
grand_bassin_aerial_development,22,11.000,BUS_R02,1,1
grand_bassin_aerial_development,22,11.000,BUS_R03,1,1
grand_bassin_aerial_development,22,11.000,BUS_R04,1,1
grand_bassin_aerial_development,23,11.500,BUS_L01,1,1
grand_bassin_aerial_development,23,11.500,BUS_L02,1,1
grand_bassin_aerial_development,23,11.500,BUS_L03,1,1
grand_bassin_aerial_development,23,11.500,BUS_R01,1,1
grand_bassin_aerial_development,23,11.500,BUS_R02,1,1
grand_bassin_aerial_development,23,11.500,BUS_R03,1,1
grand_bassin_aerial_development,23,11.500,BUS_R04,1,1
grand_bassin_aerial_development,24,12.000,BUS_L01,1,1
grand_bassin_aerial_development,24,12.000,BUS_L02,1,1
grand_bassin_aerial_development,24,12.000,BUS_L03,1,1
grand_bassin_aerial_development,24,12.000,BUS_R01,1,1
grand_bassin_aerial_development,24,12.000,BUS_R02,1,1
grand_bassin_aerial_development,24,12.000,BUS_R03,1,1
grand_bassin_aerial_development,24,12.000,BUS_R04,1,1
grand_bassin_aerial_development,25,12.500,BUS_L01,1,1
grand_bassin_aerial_development,25,12.500,BUS_L02,1,1
grand_bassin_aerial_development,25,12.500,BUS_L03,1,1
grand_bassin_aerial_development,25,12.500,BUS_R01,1,1
grand_bassin_aerial_development,25,12.500,BUS_R02,1,1
grand_bassin_aerial_development,25,12.500,BUS_R03,1,1
grand_bassin_aerial_development,25,12.500,BUS_R04,1,1
grand_bassin_aerial_development,26,13.000,BUS_L01,1,1
grand_bassin_aerial_development,26,13.000,BUS_L02,1,1
grand_bassin_aerial_development,26,13.000,BUS_L03,1,1
grand_bassin_aerial_development,26,13.000,BUS_R01,1,1
grand_bassin_aerial_development,26,13.000,BUS_R02,1,1
grand_bassin_aerial_development,26,13.000,BUS_R03,1,1
grand_bassin_aerial_development,26,13.000,BUS_R04,1,1
grand_bassin_aerial_development,27,13.500,BUS_L01,1,1
grand_bassin_aerial_development,27,13.500,BUS_L02,1,1
grand_bassin_aerial_development,27,13.500,BUS_L03,1,1
grand_bassin_aerial_development,27,13.500,BUS_R01,1,1
grand_bassin_aerial_development,27,13.500,BUS_R02,1,1
grand_bassin_aerial_development,27,13.500,BUS_R03,1,1
grand_bassin_aerial_development,27,13.500,BUS_R04,1,1
grand_bassin_aerial_development,28,14.000,BUS_L01,1,1
grand_bassin_aerial_development,28,14.000,BUS_L02,1,1
grand_bassin_aerial_development,28,14.000,BUS_L03,1,1
grand_bassin_aerial_development,28,14.000,BUS_R01,1,1
grand_bassin_aerial_development,28,14.000,BUS_R02,1,1
grand_bassin_aerial_development,28,14.000,BUS_R03,1,1
grand_bassin_aerial_development,28,14.000,BUS_R04,1,1
grand_bassin_aerial_development,29,14.500,BUS_L01,1,1
grand_bassin_aerial_development,29,14.500,BUS_L02,1,1
grand_bassin_aerial_development,29,14.500,BUS_L03,1,1
grand_bassin_aerial_development,29,14.500,BUS_R01,1,1
grand_bassin_aerial_development,29,14.500,BUS_R02,1,1
grand_bassin_aerial_development,29,14.500,BUS_R03,1,1
grand_bassin_aerial_development,29,14.500,BUS_R04,1,1
grand_bassin_aerial_development,30,15.000,BUS_L01,1,1
grand_bassin_aerial_development,30,15.000,BUS_L02,1,1
grand_bassin_aerial_development,30,15.000,BUS_L03,1,1
grand_bassin_aerial_development,30,15.000,BUS_R01,1,1
grand_bassin_aerial_development,30,15.000,BUS_R02,1,1
grand_bassin_aerial_development,30,15.000,BUS_R03,1,1
grand_bassin_aerial_development,30,15.000,BUS_R04,1,1
grand_bassin_aerial_development,31,15.500,BUS_L01,1,1
grand_bassin_aerial_development,31,15.500,BUS_L02,1,1
grand_bassin_aerial_development,31,15.500,BUS_L03,1,1
grand_bassin_aerial_development,31,15.500,BUS_R01,1,1
grand_bassin_aerial_development,31,15.500,BUS_R02,1,1
grand_bassin_aerial_development,31,15.500,BUS_R03,1,1
grand_bassin_aerial_development,31,15.500,BUS_R04,1,1
grand_bassin_aerial_development,32,16.000,BUS_L01,1,1
grand_bassin_aerial_development,32,16.000,BUS_L02,1,1
grand_bassin_aerial_development,32,16.000,BUS_L03,1,1
grand_bassin_aerial_development,32,16.000,BUS_R01,1,1
grand_bassin_aerial_development,32,16.000,BUS_R02,1,1
grand_bassin_aerial_development,32,16.000,BUS_R03,1,1
grand_bassin_aerial_development,32,16.000,BUS_R04,1,1
grand_bassin_aerial_development,33,16.500,BUS_L01,1,1
grand_bassin_aerial_development,33,16.500,BUS_L02,1,1
grand_bassin_aerial_development,33,16.500,BUS_L03,1,1
grand_bassin_aerial_development,33,16.500,BUS_R01,1,1
grand_bassin_aerial_development,33,16.500,BUS_R02,1,1
grand_bassin_aerial_development,33,16.500,BUS_R03,1,1
grand_bassin_aerial_development,33,16.500,BUS_R04,1,1
grand_bassin_aerial_development,34,17.000,BUS_L01,1,1
grand_bassin_aerial_development,34,17.000,BUS_L02,1,1
grand_bassin_aerial_development,34,17.000,BUS_L03,1,1
grand_bassin_aerial_development,34,17.000,BUS_R01,1,1
grand_bassin_aerial_development,34,17.000,BUS_R02,1,1
grand_bassin_aerial_development,34,17.000,BUS_R03,1,1
grand_bassin_aerial_development,34,17.000,BUS_R04,1,1
grand_bassin_aerial_development,35,17.500,BUS_L01,1,1
grand_bassin_aerial_development,35,17.500,BUS_L02,1,1
grand_bassin_aerial_development,35,17.500,BUS_L03,1,1
grand_bassin_aerial_development,35,17.500,BUS_R01,1,1
grand_bassin_aerial_development,35,17.500,BUS_R02,1,1
grand_bassin_aerial_development,35,17.500,BUS_R03,1,1
grand_bassin_aerial_development,35,17.500,BUS_R04,1,1
grand_bassin_aerial_development,36,18.000,BUS_L01,1,1
grand_bassin_aerial_development,36,18.000,BUS_L02,1,1
grand_bassin_aerial_development,36,18.000,BUS_L03,1,1
grand_bassin_aerial_development,36,18.000,BUS_R01,1,1
grand_bassin_aerial_development,36,18.000,BUS_R02,1,1
grand_bassin_aerial_development,36,18.000,BUS_R03,1,1
grand_bassin_aerial_development,36,18.000,BUS_R04,1,1
grand_bassin_aerial_development,37,18.500,BUS_L01,1,1
grand_bassin_aerial_development,37,18.500,BUS_L02,1,1
grand_bassin_aerial_development,37,18.500,BUS_L03,1,1
grand_bassin_aerial_development,37,18.500,BUS_R01,1,1
grand_bassin_aerial_development,37,18.500,BUS_R02,1,1
grand_bassin_aerial_development,37,18.500,BUS_R03,1,1
grand_bassin_aerial_development,37,18.500,BUS_R04,1,1
grand_bassin_aerial_development,38,19.000,BUS_L01,1,1
grand_bassin_aerial_development,38,19.000,BUS_L02,1,1
grand_bassin_aerial_development,38,19.000,BUS_L03,1,1
grand_bassin_aerial_development,38,19.000,BUS_R01,1,1
grand_bassin_aerial_development,38,19.000,BUS_R02,1,1
grand_bassin_aerial_development,38,19.000,BUS_R03,1,1
grand_bassin_aerial_development,38,19.000,BUS_R04,1,1
grand_bassin_aerial_development,39,19.500,BUS_L01,1,1
grand_bassin_aerial_development,39,19.500,BUS_L02,1,1
grand_bassin_aerial_development,39,19.500,BUS_L03,1,1
grand_bassin_aerial_development,39,19.500,BUS_R01,1,1
grand_bassin_aerial_development,39,19.500,BUS_R02,1,1
grand_bassin_aerial_development,39,19.500,BUS_R03,1,1
grand_bassin_aerial_development,39,19.500,BUS_R04,1,1
grand_bassin_aerial_development,40,20.000,BUS_L01,1,1
grand_bassin_aerial_development,40,20.000,BUS_L02,1,1
grand_bassin_aerial_development,40,20.000,BUS_L03,1,1
grand_bassin_aerial_development,40,20.000,BUS_R01,1,1
grand_bassin_aerial_development,40,20.000,BUS_R02,1,1
grand_bassin_aerial_development,40,20.000,BUS_R03,1,1
grand_bassin_aerial_development,40,20.000,BUS_R04,1,1
grand_bassin_aerial_development,41,20.500,BUS_L01,1,1
grand_bassin_aerial_development,41,20.500,BUS_L02,1,1
grand_bassin_aerial_development,41,20.500,BUS_L03,1,1
grand_bassin_aerial_development,41,20.500,BUS_R01,1,1
grand_bassin_aerial_development,41,20.500,BUS_R02,1,1
grand_bassin_aerial_development,41,20.500,BUS_R03,1,1
grand_bassin_aerial_development,41,20.500,BUS_R04,1,1
grand_bassin_aerial_development,42,21.000,BUS_L01,1,1
grand_bassin_aerial_development,42,21.000,BUS_L02,1,1
grand_bassin_aerial_development,42,21.000,BUS_L03,1,1
grand_bassin_aerial_development,42,21.000,BUS_R01,1,1
grand_bassin_aerial_development,42,21.000,BUS_R02,1,1
grand_bassin_aerial_development,42,21.000,BUS_R03,1,1
grand_bassin_aerial_development,42,21.000,BUS_R04,1,1
grand_bassin_aerial_development,43,21.500,BUS_L01,1,1
grand_bassin_aerial_development,43,21.500,BUS_L02,1,1
grand_bassin_aerial_development,43,21.500,BUS_L03,1,1
grand_bassin_aerial_development,43,21.500,BUS_R01,1,1
grand_bassin_aerial_development,43,21.500,BUS_R02,1,1
grand_bassin_aerial_development,43,21.500,BUS_R03,1,1
grand_bassin_aerial_development,43,21.500,BUS_R04,1,1
grand_bassin_aerial_development,44,22.000,BUS_L01,1,1
grand_bassin_aerial_development,44,22.000,BUS_L02,1,1
grand_bassin_aerial_development,44,22.000,BUS_L03,1,1
grand_bassin_aerial_development,44,22.000,BUS_R01,1,1
grand_bassin_aerial_development,44,22.000,BUS_R02,1,1
grand_bassin_aerial_development,44,22.000,BUS_R03,1,1
grand_bassin_aerial_development,44,22.000,BUS_R04,1,1
grand_bassin_aerial_development,45,22.500,BUS_L01,1,1
grand_bassin_aerial_development,45,22.500,BUS_L02,1,1
grand_bassin_aerial_development,45,22.500,BUS_L03,1,1
grand_bassin_aerial_development,45,22.500,BUS_R01,1,1
grand_bassin_aerial_development,45,22.500,BUS_R02,1,1
grand_bassin_aerial_development,45,22.500,BUS_R03,1,1
grand_bassin_aerial_development,45,22.500,BUS_R04,1,1
grand_bassin_aerial_development,46,23.000,BUS_L01,1,1
grand_bassin_aerial_development,46,23.000,BUS_L02,1,1
grand_bassin_aerial_development,46,23.000,BUS_L03,1,1
grand_bassin_aerial_development,46,23.000,BUS_R01,1,1
grand_bassin_aerial_development,46,23.000,BUS_R02,1,1
grand_bassin_aerial_development,46,23.000,BUS_R03,1,1
grand_bassin_aerial_development,46,23.000,BUS_R04,1,1
grand_bassin_aerial_development,47,23.500,BUS_L01,1,1
grand_bassin_aerial_development,47,23.500,BUS_L02,1,1
grand_bassin_aerial_development,47,23.500,BUS_L03,1,1
grand_bassin_aerial_development,47,23.500,BUS_R01,1,1
grand_bassin_aerial_development,47,23.500,BUS_R02,1,1
grand_bassin_aerial_development,47,23.500,BUS_R03,1,1
grand_bassin_aerial_development,47,23.500,BUS_R04,1,1
grand_bassin_aerial_development,48,24.000,BUS_L01,1,1
grand_bassin_aerial_development,48,24.000,BUS_L02,1,1
grand_bassin_aerial_development,48,24.000,BUS_L03,1,1
grand_bassin_aerial_development,48,24.000,BUS_R01,1,1
grand_bassin_aerial_development,48,24.000,BUS_R02,1,1
grand_bassin_aerial_development,48,24.000,BUS_R03,1,1
grand_bassin_aerial_development,48,24.000,BUS_R04,1,1
grand_bassin_aerial_development,49,24.500,BUS_L01,1,1
grand_bassin_aerial_development,49,24.500,BUS_L02,1,1
grand_bassin_aerial_development,49,24.500,BUS_L03,1,1
grand_bassin_aerial_development,49,24.500,BUS_R01,1,1
grand_bassin_aerial_development,49,24.500,BUS_R02,1,1
grand_bassin_aerial_development,49,24.500,BUS_R03,1,1
grand_bassin_aerial_development,49,24.500,BUS_R04,1,1
grand_bassin_aerial_development,50,25.000,BUS_L01,1,1
grand_bassin_aerial_development,50,25.000,BUS_L02,1,1
grand_bassin_aerial_development,50,25.000,BUS_L03,1,1
grand_bassin_aerial_development,50,25.000,BUS_R01,1,1
grand_bassin_aerial_development,50,25.000,BUS_R02,1,1
grand_bassin_aerial_development,50,25.000,BUS_R03,1,1
grand_bassin_aerial_development,50,25.000,BUS_R04,1,1
grand_bassin_aerial_development,51,25.500,BUS_L01,1,1
grand_bassin_aerial_development,51,25.500,BUS_L02,1,1
grand_bassin_aerial_development,51,25.500,BUS_L03,1,1
grand_bassin_aerial_development,51,25.500,BUS_R01,1,1
grand_bassin_aerial_development,51,25.500,BUS_R02,1,1
grand_bassin_aerial_development,51,25.500,BUS_R03,1,1
grand_bassin_aerial_development,51,25.500,BUS_R04,1,1
grand_bassin_aerial_development,52,26.000,BUS_L01,1,1
grand_bassin_aerial_development,52,26.000,BUS_L02,1,1
grand_bassin_aerial_development,52,26.000,BUS_L03,1,1
grand_bassin_aerial_development,52,26.000,BUS_R01,1,1
grand_bassin_aerial_development,52,26.000,BUS_R02,1,1
grand_bassin_aerial_development,52,26.000,BUS_R03,1,1
grand_bassin_aerial_development,52,26.000,BUS_R04,1,1
grand_bassin_aerial_development,53,26.500,BUS_L01,1,1
grand_bassin_aerial_development,53,26.500,BUS_L02,1,1
grand_bassin_aerial_development,53,26.500,BUS_L03,1,1
grand_bassin_aerial_development,53,26.500,BUS_R01,1,1
grand_bassin_aerial_development,53,26.500,BUS_R02,1,1
grand_bassin_aerial_development,53,26.500,BUS_R03,1,1
grand_bassin_aerial_development,53,26.500,BUS_R04,1,1
grand_bassin_aerial_development,54,27.000,BUS_L01,1,1
grand_bassin_aerial_development,54,27.000,BUS_L02,1,1
grand_bassin_aerial_development,54,27.000,BUS_L03,1,1
grand_bassin_aerial_development,54,27.000,BUS_R01,1,1
grand_bassin_aerial_development,54,27.000,BUS_R02,1,1
grand_bassin_aerial_development,54,27.000,BUS_R03,1,1
grand_bassin_aerial_development,54,27.000,BUS_R04,1,1
grand_bassin_aerial_development,55,27.500,BUS_L01,1,1
grand_bassin_aerial_development,55,27.500,BUS_L02,1,1
grand_bassin_aerial_development,55,27.500,BUS_L03,1,1
grand_bassin_aerial_development,55,27.500,BUS_R01,1,1
grand_bassin_aerial_development,55,27.500,BUS_R02,1,1
grand_bassin_aerial_development,55,27.500,BUS_R03,1,1
grand_bassin_aerial_development,55,27.500,BUS_R04,1,1
grand_bassin_aerial_development,56,28.000,BUS_L01,1,1
grand_bassin_aerial_development,56,28.000,BUS_L02,1,1
grand_bassin_aerial_development,56,28.000,BUS_L03,1,1
grand_bassin_aerial_development,56,28.000,BUS_R01,1,1
grand_bassin_aerial_development,56,28.000,BUS_R02,1,1
grand_bassin_aerial_development,56,28.000,BUS_R03,1,1
grand_bassin_aerial_development,56,28.000,BUS_R04,1,1
grand_bassin_aerial_development,57,28.500,BUS_L01,1,1
grand_bassin_aerial_development,57,28.500,BUS_L02,1,1
grand_bassin_aerial_development,57,28.500,BUS_L03,1,1
grand_bassin_aerial_development,57,28.500,BUS_R01,1,1
grand_bassin_aerial_development,57,28.500,BUS_R02,1,1
grand_bassin_aerial_development,57,28.500,BUS_R03,1,1
grand_bassin_aerial_development,57,28.500,BUS_R04,1,1
grand_bassin_aerial_development,58,29.000,BUS_L01,1,1
grand_bassin_aerial_development,58,29.000,BUS_L02,1,1
grand_bassin_aerial_development,58,29.000,BUS_L03,1,1
grand_bassin_aerial_development,58,29.000,BUS_R01,1,1
grand_bassin_aerial_development,58,29.000,BUS_R02,1,1
grand_bassin_aerial_development,58,29.000,BUS_R03,1,1
grand_bassin_aerial_development,58,29.000,BUS_R04,1,1
grand_bassin_aerial_development,59,29.500,BUS_L01,1,1
grand_bassin_aerial_development,59,29.500,BUS_L02,1,1
grand_bassin_aerial_development,59,29.500,BUS_L03,1,1
grand_bassin_aerial_development,59,29.500,BUS_R01,1,1
grand_bassin_aerial_development,59,29.500,BUS_R02,1,1
grand_bassin_aerial_development,59,29.500,BUS_R03,1,1
grand_bassin_aerial_development,59,29.500,BUS_R04,1,1
grand_bassin_aerial_development,60,30.000,BUS_L01,1,1
grand_bassin_aerial_development,60,30.000,BUS_L02,1,1
grand_bassin_aerial_development,60,30.000,BUS_L03,1,1
grand_bassin_aerial_development,60,30.000,BUS_R01,1,1
grand_bassin_aerial_development,60,30.000,BUS_R02,1,1
grand_bassin_aerial_development,60,30.000,BUS_R03,1,1
grand_bassin_aerial_development,60,30.000,BUS_R04,1,1
grand_bassin_aerial_development,61,30.500,BUS_L01,1,1
grand_bassin_aerial_development,61,30.500,BUS_L02,1,1
grand_bassin_aerial_development,61,30.500,BUS_L03,1,1
grand_bassin_aerial_development,61,30.500,BUS_R01,1,1
grand_bassin_aerial_development,61,30.500,BUS_R02,1,1
grand_bassin_aerial_development,61,30.500,BUS_R03,1,1
grand_bassin_aerial_development,61,30.500,BUS_R04,1,1
grand_bassin_aerial_development,62,31.000,BUS_L01,1,1
grand_bassin_aerial_development,62,31.000,BUS_L02,1,1
grand_bassin_aerial_development,62,31.000,BUS_L03,1,1
grand_bassin_aerial_development,62,31.000,BUS_R01,1,1
grand_bassin_aerial_development,62,31.000,BUS_R02,1,1
grand_bassin_aerial_development,62,31.000,BUS_R03,1,1
grand_bassin_aerial_development,62,31.000,BUS_R04,1,1
grand_bassin_aerial_development,63,31.500,BUS_L01,1,1
grand_bassin_aerial_development,63,31.500,BUS_L02,1,1
grand_bassin_aerial_development,63,31.500,BUS_L03,1,1
grand_bassin_aerial_development,63,31.500,BUS_R01,1,1
grand_bassin_aerial_development,63,31.500,BUS_R02,1,1
grand_bassin_aerial_development,63,31.500,BUS_R03,1,1
grand_bassin_aerial_development,63,31.500,BUS_R04,1,1
grand_bassin_aerial_development,64,32.000,BUS_L01,1,1
grand_bassin_aerial_development,64,32.000,BUS_L02,1,1
grand_bassin_aerial_development,64,32.000,BUS_L03,1,1
grand_bassin_aerial_development,64,32.000,BUS_R01,1,1
grand_bassin_aerial_development,64,32.000,BUS_R02,1,1
grand_bassin_aerial_development,64,32.000,BUS_R03,1,1
grand_bassin_aerial_development,64,32.000,BUS_R04,1,1
grand_bassin_aerial_development,65,32.500,BUS_L01,1,1
grand_bassin_aerial_development,65,32.500,BUS_L02,1,1
grand_bassin_aerial_development,65,32.500,BUS_L03,1,1
grand_bassin_aerial_development,65,32.500,BUS_R01,1,1
grand_bassin_aerial_development,65,32.500,BUS_R02,1,1
grand_bassin_aerial_development,65,32.500,BUS_R03,1,1
grand_bassin_aerial_development,65,32.500,BUS_R04,1,1
grand_bassin_aerial_development,66,33.000,BUS_L01,1,1
grand_bassin_aerial_development,66,33.000,BUS_L02,1,1
grand_bassin_aerial_development,66,33.000,BUS_L03,1,1
grand_bassin_aerial_development,66,33.000,BUS_R01,1,1
grand_bassin_aerial_development,66,33.000,BUS_R02,1,1
grand_bassin_aerial_development,66,33.000,BUS_R03,1,1
grand_bassin_aerial_development,66,33.000,BUS_R04,1,1
grand_bassin_aerial_development,67,33.500,BUS_L01,1,1
grand_bassin_aerial_development,67,33.500,BUS_L02,1,1
grand_bassin_aerial_development,67,33.500,BUS_L03,1,1
grand_bassin_aerial_development,67,33.500,BUS_R01,1,1
grand_bassin_aerial_development,67,33.500,BUS_R02,1,1
grand_bassin_aerial_development,67,33.500,BUS_R03,1,1
grand_bassin_aerial_development,67,33.500,BUS_R04,1,1
grand_bassin_aerial_development,68,34.000,BUS_L01,1,1
grand_bassin_aerial_development,68,34.000,BUS_L02,1,1
grand_bassin_aerial_development,68,34.000,BUS_L03,1,1
grand_bassin_aerial_development,68,34.000,BUS_R01,1,1
grand_bassin_aerial_development,68,34.000,BUS_R02,1,1
grand_bassin_aerial_development,68,34.000,BUS_R03,1,1
grand_bassin_aerial_development,68,34.000,BUS_R04,1,1
grand_bassin_aerial_development,69,34.500,BUS_L01,1,1
grand_bassin_aerial_development,69,34.500,BUS_L02,1,1
grand_bassin_aerial_development,69,34.500,BUS_L03,1,1
grand_bassin_aerial_development,69,34.500,BUS_R01,1,1
grand_bassin_aerial_development,69,34.500,BUS_R02,1,1
grand_bassin_aerial_development,69,34.500,BUS_R03,1,1
grand_bassin_aerial_development,69,34.500,BUS_R04,1,1
grand_bassin_aerial_development,70,35.000,BUS_L01,1,1
grand_bassin_aerial_development,70,35.000,BUS_L02,1,1
grand_bassin_aerial_development,70,35.000,BUS_L03,1,1
grand_bassin_aerial_development,70,35.000,BUS_R01,1,1
grand_bassin_aerial_development,70,35.000,BUS_R02,1,1
grand_bassin_aerial_development,70,35.000,BUS_R03,1,1
grand_bassin_aerial_development,70,35.000,BUS_R04,1,1
grand_bassin_aerial_development,71,35.500,BUS_L01,1,1
grand_bassin_aerial_development,71,35.500,BUS_L02,1,1
grand_bassin_aerial_development,71,35.500,BUS_L03,1,1
grand_bassin_aerial_development,71,35.500,BUS_R01,1,1
grand_bassin_aerial_development,71,35.500,BUS_R02,1,1
grand_bassin_aerial_development,71,35.500,BUS_R03,1,1
grand_bassin_aerial_development,71,35.500,BUS_R04,1,1
grand_bassin_aerial_development,72,36.000,BUS_L01,1,1
grand_bassin_aerial_development,72,36.000,BUS_L02,1,1
grand_bassin_aerial_development,72,36.000,BUS_L03,1,1
grand_bassin_aerial_development,72,36.000,BUS_R01,1,1
grand_bassin_aerial_development,72,36.000,BUS_R02,1,1
grand_bassin_aerial_development,72,36.000,BUS_R03,1,1
grand_bassin_aerial_development,72,36.000,BUS_R04,1,1
grand_bassin_aerial_development,73,36.500,BUS_L01,1,1
grand_bassin_aerial_development,73,36.500,BUS_L02,1,1
grand_bassin_aerial_development,73,36.500,BUS_L03,1,1
grand_bassin_aerial_development,73,36.500,BUS_R01,1,1
grand_bassin_aerial_development,73,36.500,BUS_R02,1,1
grand_bassin_aerial_development,73,36.500,BUS_R03,1,1
grand_bassin_aerial_development,73,36.500,BUS_R04,1,1
grand_bassin_aerial_development,74,37.000,BUS_L01,1,1
grand_bassin_aerial_development,74,37.000,BUS_L02,1,1
grand_bassin_aerial_development,74,37.000,BUS_L03,1,1
grand_bassin_aerial_development,74,37.000,BUS_R01,1,1
grand_bassin_aerial_development,74,37.000,BUS_R02,1,1
grand_bassin_aerial_development,74,37.000,BUS_R03,1,1
grand_bassin_aerial_development,74,37.000,BUS_R04,1,1
grand_bassin_aerial_development,75,37.500,BUS_L01,1,1
grand_bassin_aerial_development,75,37.500,BUS_L02,1,1
grand_bassin_aerial_development,75,37.500,BUS_L03,1,1
grand_bassin_aerial_development,75,37.500,BUS_R01,1,1
grand_bassin_aerial_development,75,37.500,BUS_R02,1,1
grand_bassin_aerial_development,75,37.500,BUS_R03,1,1
grand_bassin_aerial_development,75,37.500,BUS_R04,1,1
grand_bassin_aerial_development,76,38.000,BUS_L01,1,1
grand_bassin_aerial_development,76,38.000,BUS_L02,1,1
grand_bassin_aerial_development,76,38.000,BUS_L03,1,1
grand_bassin_aerial_development,76,38.000,BUS_R01,1,1
grand_bassin_aerial_development,76,38.000,BUS_R02,1,1
grand_bassin_aerial_development,76,38.000,BUS_R03,1,1
grand_bassin_aerial_development,76,38.000,BUS_R04,1,1
grand_bassin_aerial_development,77,38.500,BUS_L01,1,1
grand_bassin_aerial_development,77,38.500,BUS_L02,1,1
grand_bassin_aerial_development,77,38.500,BUS_L03,1,1
grand_bassin_aerial_development,77,38.500,BUS_R01,1,1
grand_bassin_aerial_development,77,38.500,BUS_R02,1,1
grand_bassin_aerial_development,77,38.500,BUS_R03,1,1
grand_bassin_aerial_development,77,38.500,BUS_R04,1,1
grand_bassin_aerial_development,78,39.000,BUS_L01,1,1
grand_bassin_aerial_development,78,39.000,BUS_L02,1,1
grand_bassin_aerial_development,78,39.000,BUS_L03,1,1
grand_bassin_aerial_development,78,39.000,BUS_R01,1,1
grand_bassin_aerial_development,78,39.000,BUS_R02,1,1
grand_bassin_aerial_development,78,39.000,BUS_R03,1,1
grand_bassin_aerial_development,78,39.000,BUS_R04,1,1
grand_bassin_aerial_development,79,39.500,BUS_L01,1,1
grand_bassin_aerial_development,79,39.500,BUS_L02,1,1
grand_bassin_aerial_development,79,39.500,BUS_L03,1,1
grand_bassin_aerial_development,79,39.500,BUS_R01,1,1
grand_bassin_aerial_development,79,39.500,BUS_R02,1,1
grand_bassin_aerial_development,79,39.500,BUS_R03,1,1
grand_bassin_aerial_development,79,39.500,BUS_R04,1,1
grand_bassin_aerial_development,80,40.000,BUS_L01,1,1
grand_bassin_aerial_development,80,40.000,BUS_L02,1,1
grand_bassin_aerial_development,80,40.000,BUS_L03,1,1
grand_bassin_aerial_development,80,40.000,BUS_R01,1,1
grand_bassin_aerial_development,80,40.000,BUS_R02,1,1
grand_bassin_aerial_development,80,40.000,BUS_R03,1,1
grand_bassin_aerial_development,80,40.000,BUS_R04,1,1
grand_bassin_aerial_development,81,40.500,BUS_L01,1,1
grand_bassin_aerial_development,81,40.500,BUS_L02,1,1
grand_bassin_aerial_development,81,40.500,BUS_L03,1,1
grand_bassin_aerial_development,81,40.500,BUS_R01,1,1
grand_bassin_aerial_development,81,40.500,BUS_R02,1,1
grand_bassin_aerial_development,81,40.500,BUS_R03,1,1
grand_bassin_aerial_development,81,40.500,BUS_R04,1,1
grand_bassin_aerial_development,82,41.000,BUS_L01,1,1
grand_bassin_aerial_development,82,41.000,BUS_L02,1,1
grand_bassin_aerial_development,82,41.000,BUS_L03,1,1
grand_bassin_aerial_development,82,41.000,BUS_R01,1,1
grand_bassin_aerial_development,82,41.000,BUS_R02,1,1
grand_bassin_aerial_development,82,41.000,BUS_R03,1,1
grand_bassin_aerial_development,82,41.000,BUS_R04,1,1
grand_bassin_aerial_development,83,41.500,BUS_L01,1,1
grand_bassin_aerial_development,83,41.500,BUS_L02,1,1
grand_bassin_aerial_development,83,41.500,BUS_L03,1,1
grand_bassin_aerial_development,83,41.500,BUS_R01,1,1
grand_bassin_aerial_development,83,41.500,BUS_R02,1,1
grand_bassin_aerial_development,83,41.500,BUS_R03,1,1
grand_bassin_aerial_development,83,41.500,BUS_R04,1,1
grand_bassin_aerial_development,84,42.000,BUS_L01,1,1
grand_bassin_aerial_development,84,42.000,BUS_L02,1,1
grand_bassin_aerial_development,84,42.000,BUS_L03,1,1
grand_bassin_aerial_development,84,42.000,BUS_R01,1,1
grand_bassin_aerial_development,84,42.000,BUS_R02,1,1
grand_bassin_aerial_development,84,42.000,BUS_R03,1,1
grand_bassin_aerial_development,84,42.000,BUS_R04,1,1
grand_bassin_aerial_development,85,42.500,BUS_L01,1,1
grand_bassin_aerial_development,85,42.500,BUS_L02,1,1
grand_bassin_aerial_development,85,42.500,BUS_L03,1,1
grand_bassin_aerial_development,85,42.500,BUS_R01,1,1
grand_bassin_aerial_development,85,42.500,BUS_R02,1,1
grand_bassin_aerial_development,85,42.500,BUS_R03,1,1
grand_bassin_aerial_development,85,42.500,BUS_R04,1,1
grand_bassin_aerial_development,86,43.000,BUS_L01,1,1
grand_bassin_aerial_development,86,43.000,BUS_L02,1,1
grand_bassin_aerial_development,86,43.000,BUS_L03,1,1
grand_bassin_aerial_development,86,43.000,BUS_R01,1,1
grand_bassin_aerial_development,86,43.000,BUS_R02,1,1
grand_bassin_aerial_development,86,43.000,BUS_R03,1,1
grand_bassin_aerial_development,86,43.000,BUS_R04,1,1
grand_bassin_aerial_development,87,43.500,BUS_L01,1,1
grand_bassin_aerial_development,87,43.500,BUS_L02,1,1
grand_bassin_aerial_development,87,43.500,BUS_L03,1,1
grand_bassin_aerial_development,87,43.500,BUS_R01,1,1
grand_bassin_aerial_development,87,43.500,BUS_R02,1,1
grand_bassin_aerial_development,87,43.500,BUS_R03,1,1
grand_bassin_aerial_development,87,43.500,BUS_R04,1,1
grand_bassin_aerial_development,88,44.000,BUS_L01,1,1
grand_bassin_aerial_development,88,44.000,BUS_L02,1,1
grand_bassin_aerial_development,88,44.000,BUS_L03,1,1
grand_bassin_aerial_development,88,44.000,BUS_R01,1,1
grand_bassin_aerial_development,88,44.000,BUS_R02,1,1
grand_bassin_aerial_development,88,44.000,BUS_R03,1,1
grand_bassin_aerial_development,88,44.000,BUS_R04,1,1
grand_bassin_aerial_development,89,44.500,BUS_L01,1,1
grand_bassin_aerial_development,89,44.500,BUS_L02,1,1
grand_bassin_aerial_development,89,44.500,BUS_L03,1,1
grand_bassin_aerial_development,89,44.500,BUS_R01,1,1
grand_bassin_aerial_development,89,44.500,BUS_R02,1,1
grand_bassin_aerial_development,89,44.500,BUS_R03,1,1
grand_bassin_aerial_development,89,44.500,BUS_R04,1,1
grand_bassin_aerial_development,90,45.000,BUS_L01,1,1
grand_bassin_aerial_development,90,45.000,BUS_L02,1,1
grand_bassin_aerial_development,90,45.000,BUS_L03,1,1
grand_bassin_aerial_development,90,45.000,BUS_R01,1,1
grand_bassin_aerial_development,90,45.000,BUS_R02,1,1
grand_bassin_aerial_development,90,45.000,BUS_R03,1,1
grand_bassin_aerial_development,90,45.000,BUS_R04,1,1
grand_bassin_aerial_development,91,45.500,BUS_L01,1,1
grand_bassin_aerial_development,91,45.500,BUS_L02,1,1
grand_bassin_aerial_development,91,45.500,BUS_L03,1,1
grand_bassin_aerial_development,91,45.500,BUS_R01,1,1
grand_bassin_aerial_development,91,45.500,BUS_R02,1,1
grand_bassin_aerial_development,91,45.500,BUS_R03,1,1
grand_bassin_aerial_development,91,45.500,BUS_R04,1,1
grand_bassin_aerial_development,92,46.000,BUS_L01,1,1
grand_bassin_aerial_development,92,46.000,BUS_L02,1,1
grand_bassin_aerial_development,92,46.000,BUS_L03,1,1
grand_bassin_aerial_development,92,46.000,BUS_R01,1,1
grand_bassin_aerial_development,92,46.000,BUS_R02,1,1
grand_bassin_aerial_development,92,46.000,BUS_R03,1,1
grand_bassin_aerial_development,92,46.000,BUS_R04,1,1
grand_bassin_aerial_development,93,46.500,BUS_L01,1,1
grand_bassin_aerial_development,93,46.500,BUS_L02,1,1
grand_bassin_aerial_development,93,46.500,BUS_L03,1,1
grand_bassin_aerial_development,93,46.500,BUS_R01,1,1
grand_bassin_aerial_development,93,46.500,BUS_R02,1,1
grand_bassin_aerial_development,93,46.500,BUS_R03,1,1
grand_bassin_aerial_development,93,46.500,BUS_R04,1,1
grand_bassin_aerial_development,94,47.000,BUS_L01,1,1
grand_bassin_aerial_development,94,47.000,BUS_L02,1,1
grand_bassin_aerial_development,94,47.000,BUS_L03,1,1
grand_bassin_aerial_development,94,47.000,BUS_R01,1,1
grand_bassin_aerial_development,94,47.000,BUS_R02,1,1
grand_bassin_aerial_development,94,47.000,BUS_R03,1,1
grand_bassin_aerial_development,94,47.000,BUS_R04,1,1
grand_bassin_aerial_development,95,47.500,BUS_L01,1,1
grand_bassin_aerial_development,95,47.500,BUS_L02,1,1
grand_bassin_aerial_development,95,47.500,BUS_L03,1,1
grand_bassin_aerial_development,95,47.500,BUS_R01,1,1
grand_bassin_aerial_development,95,47.500,BUS_R02,1,1
grand_bassin_aerial_development,95,47.500,BUS_R03,1,1
grand_bassin_aerial_development,95,47.500,BUS_R04,1,1
grand_bassin_aerial_development,96,48.000,BUS_L01,1,1
grand_bassin_aerial_development,96,48.000,BUS_L02,1,1
grand_bassin_aerial_development,96,48.000,BUS_L03,1,1
grand_bassin_aerial_development,96,48.000,BUS_R01,1,1
grand_bassin_aerial_development,96,48.000,BUS_R02,1,1
grand_bassin_aerial_development,96,48.000,BUS_R03,1,1
grand_bassin_aerial_development,96,48.000,BUS_R04,1,1
grand_bassin_aerial_development,97,48.500,BUS_L01,1,1
grand_bassin_aerial_development,97,48.500,BUS_L02,1,1
grand_bassin_aerial_development,97,48.500,BUS_L03,1,1
grand_bassin_aerial_development,97,48.500,BUS_R01,1,1
grand_bassin_aerial_development,97,48.500,BUS_R02,1,1
grand_bassin_aerial_development,97,48.500,BUS_R03,1,1
grand_bassin_aerial_development,97,48.500,BUS_R04,1,1
grand_bassin_aerial_development,98,49.000,BUS_L01,1,1
grand_bassin_aerial_development,98,49.000,BUS_L02,1,1
grand_bassin_aerial_development,98,49.000,BUS_L03,1,1
grand_bassin_aerial_development,98,49.000,BUS_R01,1,1
grand_bassin_aerial_development,98,49.000,BUS_R02,1,1
grand_bassin_aerial_development,98,49.000,BUS_R03,1,1
grand_bassin_aerial_development,98,49.000,BUS_R04,1,1
grand_bassin_aerial_development,99,49.500,BUS_L01,1,1
grand_bassin_aerial_development,99,49.500,BUS_L02,1,1
grand_bassin_aerial_development,99,49.500,BUS_L03,1,1
grand_bassin_aerial_development,99,49.500,BUS_R01,1,1
grand_bassin_aerial_development,99,49.500,BUS_R02,1,1
grand_bassin_aerial_development,99,49.500,BUS_R03,1,1
grand_bassin_aerial_development,99,49.500,BUS_R04,1,1
grand_bassin_aerial_development,100,50.000,BUS_L01,1,1
grand_bassin_aerial_development,100,50.000,BUS_L02,1,1
grand_bassin_aerial_development,100,50.000,BUS_L03,1,1
grand_bassin_aerial_development,100,50.000,BUS_R01,1,1
grand_bassin_aerial_development,100,50.000,BUS_R02,1,1
grand_bassin_aerial_development,100,50.000,BUS_R03,1,1
grand_bassin_aerial_development,100,50.000,BUS_R04,1,1
grand_bassin_aerial_development,101,50.500,BUS_L01,1,1
grand_bassin_aerial_development,101,50.500,BUS_L02,1,1
grand_bassin_aerial_development,101,50.500,BUS_L03,1,1
grand_bassin_aerial_development,101,50.500,BUS_R01,1,1
grand_bassin_aerial_development,101,50.500,BUS_R02,1,1
grand_bassin_aerial_development,101,50.500,BUS_R03,1,1
grand_bassin_aerial_development,101,50.500,BUS_R04,1,1
grand_bassin_aerial_development,102,51.000,BUS_L01,1,1
grand_bassin_aerial_development,102,51.000,BUS_L02,1,1
grand_bassin_aerial_development,102,51.000,BUS_L03,1,1
grand_bassin_aerial_development,102,51.000,BUS_R01,1,1
grand_bassin_aerial_development,102,51.000,BUS_R02,1,1
grand_bassin_aerial_development,102,51.000,BUS_R03,1,1
grand_bassin_aerial_development,102,51.000,BUS_R04,1,1
grand_bassin_aerial_development,103,51.500,BUS_L01,1,1
grand_bassin_aerial_development,103,51.500,BUS_L02,1,1
grand_bassin_aerial_development,103,51.500,BUS_L03,1,1
grand_bassin_aerial_development,103,51.500,BUS_R01,1,1
grand_bassin_aerial_development,103,51.500,BUS_R02,1,1
grand_bassin_aerial_development,103,51.500,BUS_R03,1,1
grand_bassin_aerial_development,103,51.500,BUS_R04,1,1
grand_bassin_aerial_development,104,52.000,BUS_L01,1,1
grand_bassin_aerial_development,104,52.000,BUS_L02,1,1
grand_bassin_aerial_development,104,52.000,BUS_L03,1,1
grand_bassin_aerial_development,104,52.000,BUS_R01,1,1
grand_bassin_aerial_development,104,52.000,BUS_R02,1,1
grand_bassin_aerial_development,104,52.000,BUS_R03,1,1
grand_bassin_aerial_development,104,52.000,BUS_R04,1,1
grand_bassin_aerial_development,105,52.500,BUS_L01,1,1
grand_bassin_aerial_development,105,52.500,BUS_L02,1,1
grand_bassin_aerial_development,105,52.500,BUS_L03,1,1
grand_bassin_aerial_development,105,52.500,BUS_R01,1,1
grand_bassin_aerial_development,105,52.500,BUS_R02,1,1
grand_bassin_aerial_development,105,52.500,BUS_R03,1,1
grand_bassin_aerial_development,105,52.500,BUS_R04,1,1
grand_bassin_aerial_development,106,53.000,BUS_L01,1,1
grand_bassin_aerial_development,106,53.000,BUS_L02,1,1
grand_bassin_aerial_development,106,53.000,BUS_L03,1,1
grand_bassin_aerial_development,106,53.000,BUS_R01,1,1
grand_bassin_aerial_development,106,53.000,BUS_R02,1,1
grand_bassin_aerial_development,106,53.000,BUS_R03,1,1
grand_bassin_aerial_development,106,53.000,BUS_R04,1,1
grand_bassin_aerial_development,107,53.500,BUS_L01,1,1
grand_bassin_aerial_development,107,53.500,BUS_L02,1,1
grand_bassin_aerial_development,107,53.500,BUS_L03,1,1
grand_bassin_aerial_development,107,53.500,BUS_R01,1,1
grand_bassin_aerial_development,107,53.500,BUS_R02,1,1
grand_bassin_aerial_development,107,53.500,BUS_R03,1,1
grand_bassin_aerial_development,107,53.500,BUS_R04,1,1
grand_bassin_aerial_development,108,54.000,BUS_L01,1,1
grand_bassin_aerial_development,108,54.000,BUS_L02,1,1
grand_bassin_aerial_development,108,54.000,BUS_L03,1,1
grand_bassin_aerial_development,108,54.000,BUS_R01,1,1
grand_bassin_aerial_development,108,54.000,BUS_R02,1,1
grand_bassin_aerial_development,108,54.000,BUS_R03,1,1
grand_bassin_aerial_development,108,54.000,BUS_R04,1,1
grand_bassin_aerial_development,109,54.500,BUS_L01,1,1
grand_bassin_aerial_development,109,54.500,BUS_L02,1,1
grand_bassin_aerial_development,109,54.500,BUS_L03,1,1
grand_bassin_aerial_development,109,54.500,BUS_R01,1,1
grand_bassin_aerial_development,109,54.500,BUS_R02,1,1
grand_bassin_aerial_development,109,54.500,BUS_R03,1,1
grand_bassin_aerial_development,109,54.500,BUS_R04,1,1
grand_bassin_aerial_development,110,55.000,BUS_L01,1,1
grand_bassin_aerial_development,110,55.000,BUS_L02,1,1
grand_bassin_aerial_development,110,55.000,BUS_L03,1,1
grand_bassin_aerial_development,110,55.000,BUS_R01,1,1
grand_bassin_aerial_development,110,55.000,BUS_R02,1,1
grand_bassin_aerial_development,110,55.000,BUS_R03,1,1
grand_bassin_aerial_development,110,55.000,BUS_R04,1,1
grand_bassin_aerial_development,111,55.500,BUS_L01,1,1
grand_bassin_aerial_development,111,55.500,BUS_L02,1,1
grand_bassin_aerial_development,111,55.500,BUS_L03,1,1
grand_bassin_aerial_development,111,55.500,BUS_R01,1,1
grand_bassin_aerial_development,111,55.500,BUS_R02,1,1
grand_bassin_aerial_development,111,55.500,BUS_R03,1,1
grand_bassin_aerial_development,111,55.500,BUS_R04,1,1
grand_bassin_aerial_development,112,56.000,BUS_L01,1,1
grand_bassin_aerial_development,112,56.000,BUS_L02,1,1
grand_bassin_aerial_development,112,56.000,BUS_L03,1,1
grand_bassin_aerial_development,112,56.000,BUS_R01,1,1
grand_bassin_aerial_development,112,56.000,BUS_R02,1,1
grand_bassin_aerial_development,112,56.000,BUS_R03,1,1
grand_bassin_aerial_development,112,56.000,BUS_R04,1,1
grand_bassin_aerial_development,113,56.500,BUS_L01,1,1
grand_bassin_aerial_development,113,56.500,BUS_L02,1,1
grand_bassin_aerial_development,113,56.500,BUS_L03,1,1
grand_bassin_aerial_development,113,56.500,BUS_R01,1,1
grand_bassin_aerial_development,113,56.500,BUS_R02,1,1
grand_bassin_aerial_development,113,56.500,BUS_R03,1,1
grand_bassin_aerial_development,113,56.500,BUS_R04,1,1
grand_bassin_aerial_development,114,57.000,BUS_L01,1,1
grand_bassin_aerial_development,114,57.000,BUS_L02,1,1
grand_bassin_aerial_development,114,57.000,BUS_L03,1,1
grand_bassin_aerial_development,114,57.000,BUS_R01,1,1
grand_bassin_aerial_development,114,57.000,BUS_R02,1,1
grand_bassin_aerial_development,114,57.000,BUS_R03,1,1
grand_bassin_aerial_development,114,57.000,BUS_R04,1,1
grand_bassin_aerial_development,115,57.500,BUS_L01,1,1
grand_bassin_aerial_development,115,57.500,BUS_L02,1,1
grand_bassin_aerial_development,115,57.500,BUS_L03,1,1
grand_bassin_aerial_development,115,57.500,BUS_R01,1,1
grand_bassin_aerial_development,115,57.500,BUS_R02,1,1
grand_bassin_aerial_development,115,57.500,BUS_R03,1,1
grand_bassin_aerial_development,115,57.500,BUS_R04,1,1
grand_bassin_aerial_development,116,58.000,BUS_L01,1,1
grand_bassin_aerial_development,116,58.000,BUS_L02,1,1
grand_bassin_aerial_development,116,58.000,BUS_L03,1,1
grand_bassin_aerial_development,116,58.000,BUS_R01,1,1
grand_bassin_aerial_development,116,58.000,BUS_R02,1,1
grand_bassin_aerial_development,116,58.000,BUS_R03,1,1
grand_bassin_aerial_development,116,58.000,BUS_R04,1,1
grand_bassin_aerial_development,117,58.500,BUS_L01,1,1
grand_bassin_aerial_development,117,58.500,BUS_L02,1,1
grand_bassin_aerial_development,117,58.500,BUS_L03,1,1
grand_bassin_aerial_development,117,58.500,BUS_R01,1,1
grand_bassin_aerial_development,117,58.500,BUS_R02,1,1
grand_bassin_aerial_development,117,58.500,BUS_R03,1,1
grand_bassin_aerial_development,117,58.500,BUS_R04,1,1
grand_bassin_aerial_development,118,59.000,BUS_L01,1,1
grand_bassin_aerial_development,118,59.000,BUS_L02,1,1
grand_bassin_aerial_development,118,59.000,BUS_L03,1,1
grand_bassin_aerial_development,118,59.000,BUS_R01,1,1
grand_bassin_aerial_development,118,59.000,BUS_R02,1,1
grand_bassin_aerial_development,118,59.000,BUS_R03,1,1
grand_bassin_aerial_development,118,59.000,BUS_R04,1,1
grand_bassin_aerial_development,119,59.500,BUS_L01,1,1
grand_bassin_aerial_development,119,59.500,BUS_L02,1,1
grand_bassin_aerial_development,119,59.500,BUS_L03,1,1
grand_bassin_aerial_development,119,59.500,BUS_R01,1,1
grand_bassin_aerial_development,119,59.500,BUS_R02,1,1
grand_bassin_aerial_development,119,59.500,BUS_R03,1,1
grand_bassin_aerial_development,119,59.500,BUS_R04,1,1
grand_bassin_aerial_development,120,60.000,BUS_L01,1,1
grand_bassin_aerial_development,120,60.000,BUS_L02,1,1
grand_bassin_aerial_development,120,60.000,BUS_L03,1,1
grand_bassin_aerial_development,120,60.000,BUS_R01,1,1
grand_bassin_aerial_development,120,60.000,BUS_R02,1,1
grand_bassin_aerial_development,120,60.000,BUS_R03,1,1
grand_bassin_aerial_development,120,60.000,BUS_R04,1,1
grand_bassin_aerial_development,121,60.500,BUS_L01,1,1
grand_bassin_aerial_development,121,60.500,BUS_L02,1,1
grand_bassin_aerial_development,121,60.500,BUS_L03,1,1
grand_bassin_aerial_development,121,60.500,BUS_R01,1,1
grand_bassin_aerial_development,121,60.500,BUS_R02,1,1
grand_bassin_aerial_development,121,60.500,BUS_R03,1,1
grand_bassin_aerial_development,121,60.500,BUS_R04,1,1
grand_bassin_aerial_development,122,61.000,BUS_L01,1,1
grand_bassin_aerial_development,122,61.000,BUS_L02,1,1
grand_bassin_aerial_development,122,61.000,BUS_L03,1,1
grand_bassin_aerial_development,122,61.000,BUS_R01,1,1
grand_bassin_aerial_development,122,61.000,BUS_R02,1,1
grand_bassin_aerial_development,122,61.000,BUS_R03,1,1
grand_bassin_aerial_development,122,61.000,BUS_R04,1,1
grand_bassin_aerial_development,123,61.500,BUS_L01,1,1
grand_bassin_aerial_development,123,61.500,BUS_L02,1,1
grand_bassin_aerial_development,123,61.500,BUS_L03,1,1
grand_bassin_aerial_development,123,61.500,BUS_R01,1,1
grand_bassin_aerial_development,123,61.500,BUS_R02,1,1
grand_bassin_aerial_development,123,61.500,BUS_R03,1,1
grand_bassin_aerial_development,123,61.500,BUS_R04,1,1
grand_bassin_aerial_development,124,62.000,BUS_L01,1,1
grand_bassin_aerial_development,124,62.000,BUS_L02,1,1
grand_bassin_aerial_development,124,62.000,BUS_L03,1,1
grand_bassin_aerial_development,124,62.000,BUS_R01,1,1
grand_bassin_aerial_development,124,62.000,BUS_R02,1,1
grand_bassin_aerial_development,124,62.000,BUS_R03,1,1
grand_bassin_aerial_development,124,62.000,BUS_R04,1,1
grand_bassin_aerial_development,125,62.500,BUS_L01,1,1
grand_bassin_aerial_development,125,62.500,BUS_L02,1,1
grand_bassin_aerial_development,125,62.500,BUS_L03,1,1
grand_bassin_aerial_development,125,62.500,BUS_R01,1,1
grand_bassin_aerial_development,125,62.500,BUS_R02,1,1
grand_bassin_aerial_development,125,62.500,BUS_R03,1,1
grand_bassin_aerial_development,125,62.500,BUS_R04,1,1
grand_bassin_aerial_development,126,63.000,BUS_L01,1,1
grand_bassin_aerial_development,126,63.000,BUS_L02,1,1
grand_bassin_aerial_development,126,63.000,BUS_L03,1,1
grand_bassin_aerial_development,126,63.000,BUS_R01,1,1
grand_bassin_aerial_development,126,63.000,BUS_R02,1,1
grand_bassin_aerial_development,126,63.000,BUS_R03,1,1
grand_bassin_aerial_development,126,63.000,BUS_R04,1,1
grand_bassin_aerial_development,127,63.500,BUS_L01,1,1
grand_bassin_aerial_development,127,63.500,BUS_L02,1,1
grand_bassin_aerial_development,127,63.500,BUS_L03,1,1
grand_bassin_aerial_development,127,63.500,BUS_R01,1,1
grand_bassin_aerial_development,127,63.500,BUS_R02,1,1
grand_bassin_aerial_development,127,63.500,BUS_R03,1,1
grand_bassin_aerial_development,127,63.500,BUS_R04,1,1
grand_bassin_aerial_development,128,64.000,BUS_L01,1,1
grand_bassin_aerial_development,128,64.000,BUS_L02,1,1
grand_bassin_aerial_development,128,64.000,BUS_L03,1,1
grand_bassin_aerial_development,128,64.000,BUS_R01,1,1
grand_bassin_aerial_development,128,64.000,BUS_R02,1,1
grand_bassin_aerial_development,128,64.000,BUS_R03,1,1
grand_bassin_aerial_development,128,64.000,BUS_R04,1,1
grand_bassin_aerial_development,129,64.500,BUS_L01,1,1
grand_bassin_aerial_development,129,64.500,BUS_L02,1,1
grand_bassin_aerial_development,129,64.500,BUS_L03,1,1
grand_bassin_aerial_development,129,64.500,BUS_R01,1,1
grand_bassin_aerial_development,129,64.500,BUS_R02,1,1
grand_bassin_aerial_development,129,64.500,BUS_R03,1,1
grand_bassin_aerial_development,129,64.500,BUS_R04,1,1
grand_bassin_aerial_development,130,65.000,BUS_L01,1,1
grand_bassin_aerial_development,130,65.000,BUS_L02,1,1
grand_bassin_aerial_development,130,65.000,BUS_L03,1,1
grand_bassin_aerial_development,130,65.000,BUS_R01,1,1
grand_bassin_aerial_development,130,65.000,BUS_R02,1,1
grand_bassin_aerial_development,130,65.000,BUS_R03,1,1
grand_bassin_aerial_development,130,65.000,BUS_R04,1,1
grand_bassin_aerial_development,131,65.500,BUS_L01,1,1
grand_bassin_aerial_development,131,65.500,BUS_L02,1,1
grand_bassin_aerial_development,131,65.500,BUS_L03,1,1
grand_bassin_aerial_development,131,65.500,BUS_R01,1,1
grand_bassin_aerial_development,131,65.500,BUS_R02,1,1
grand_bassin_aerial_development,131,65.500,BUS_R03,1,1
grand_bassin_aerial_development,131,65.500,BUS_R04,1,1
grand_bassin_aerial_development,132,66.000,BUS_L01,1,1
grand_bassin_aerial_development,132,66.000,BUS_L02,1,1
grand_bassin_aerial_development,132,66.000,BUS_L03,1,1
grand_bassin_aerial_development,132,66.000,BUS_R01,1,1
grand_bassin_aerial_development,132,66.000,BUS_R02,1,1
grand_bassin_aerial_development,132,66.000,BUS_R03,1,1
grand_bassin_aerial_development,132,66.000,BUS_R04,1,1
grand_bassin_aerial_development,133,66.500,BUS_L01,1,1
grand_bassin_aerial_development,133,66.500,BUS_L02,1,1
grand_bassin_aerial_development,133,66.500,BUS_L03,1,1
grand_bassin_aerial_development,133,66.500,BUS_R01,1,1
grand_bassin_aerial_development,133,66.500,BUS_R02,1,1
grand_bassin_aerial_development,133,66.500,BUS_R03,1,1
grand_bassin_aerial_development,133,66.500,BUS_R04,1,1
grand_bassin_aerial_development,134,67.000,BUS_L01,1,1
grand_bassin_aerial_development,134,67.000,BUS_L02,1,1
grand_bassin_aerial_development,134,67.000,BUS_L03,1,1
grand_bassin_aerial_development,134,67.000,BUS_R01,1,1
grand_bassin_aerial_development,134,67.000,BUS_R02,1,1
grand_bassin_aerial_development,134,67.000,BUS_R03,1,1
grand_bassin_aerial_development,134,67.000,BUS_R04,1,1
grand_bassin_aerial_development,135,67.500,BUS_L01,1,1
grand_bassin_aerial_development,135,67.500,BUS_L02,1,1
grand_bassin_aerial_development,135,67.500,BUS_L03,1,1
grand_bassin_aerial_development,135,67.500,BUS_R01,1,1
grand_bassin_aerial_development,135,67.500,BUS_R02,1,1
grand_bassin_aerial_development,135,67.500,BUS_R03,1,1
grand_bassin_aerial_development,135,67.500,BUS_R04,1,1
grand_bassin_aerial_development,136,68.000,BUS_L01,1,1
grand_bassin_aerial_development,136,68.000,BUS_L02,1,1
grand_bassin_aerial_development,136,68.000,BUS_L03,1,1
grand_bassin_aerial_development,136,68.000,BUS_R01,1,1
grand_bassin_aerial_development,136,68.000,BUS_R02,1,1
grand_bassin_aerial_development,136,68.000,BUS_R03,1,1
grand_bassin_aerial_development,136,68.000,BUS_R04,1,1
grand_bassin_aerial_development,137,68.500,BUS_L01,1,1
grand_bassin_aerial_development,137,68.500,BUS_L02,1,1
grand_bassin_aerial_development,137,68.500,BUS_L03,1,1
grand_bassin_aerial_development,137,68.500,BUS_R01,1,1
grand_bassin_aerial_development,137,68.500,BUS_R02,1,1
grand_bassin_aerial_development,137,68.500,BUS_R03,1,1
grand_bassin_aerial_development,137,68.500,BUS_R04,1,1
grand_bassin_aerial_development,138,69.000,BUS_L01,1,1
grand_bassin_aerial_development,138,69.000,BUS_L02,1,1
grand_bassin_aerial_development,138,69.000,BUS_L03,1,1
grand_bassin_aerial_development,138,69.000,BUS_R01,1,1
grand_bassin_aerial_development,138,69.000,BUS_R02,1,1
grand_bassin_aerial_development,138,69.000,BUS_R03,1,1
grand_bassin_aerial_development,138,69.000,BUS_R04,1,1
grand_bassin_aerial_development,139,69.500,BUS_L01,1,1
grand_bassin_aerial_development,139,69.500,BUS_L02,1,1
grand_bassin_aerial_development,139,69.500,BUS_L03,1,1
grand_bassin_aerial_development,139,69.500,BUS_R01,1,1
grand_bassin_aerial_development,139,69.500,BUS_R02,1,1
grand_bassin_aerial_development,139,69.500,BUS_R03,1,1
grand_bassin_aerial_development,139,69.500,BUS_R04,1,1
grand_bassin_aerial_development,140,70.000,BUS_L01,1,1
grand_bassin_aerial_development,140,70.000,BUS_L02,1,1
grand_bassin_aerial_development,140,70.000,BUS_L03,1,1
grand_bassin_aerial_development,140,70.000,BUS_R01,1,1
grand_bassin_aerial_development,140,70.000,BUS_R02,1,1
grand_bassin_aerial_development,140,70.000,BUS_R03,1,1
grand_bassin_aerial_development,140,70.000,BUS_R04,1,1
grand_bassin_aerial_development,141,70.500,BUS_L01,1,1
grand_bassin_aerial_development,141,70.500,BUS_L02,1,1
grand_bassin_aerial_development,141,70.500,BUS_L03,1,1
grand_bassin_aerial_development,141,70.500,BUS_R01,1,1
grand_bassin_aerial_development,141,70.500,BUS_R02,1,1
grand_bassin_aerial_development,141,70.500,BUS_R03,1,1
grand_bassin_aerial_development,141,70.500,BUS_R04,1,1
grand_bassin_aerial_development,142,71.000,BUS_L01,1,1
grand_bassin_aerial_development,142,71.000,BUS_L02,1,1
grand_bassin_aerial_development,142,71.000,BUS_L03,1,1
grand_bassin_aerial_development,142,71.000,BUS_R01,1,1
grand_bassin_aerial_development,142,71.000,BUS_R02,1,1
grand_bassin_aerial_development,142,71.000,BUS_R03,1,1
grand_bassin_aerial_development,142,71.000,BUS_R04,1,1
grand_bassin_aerial_development,143,71.500,BUS_L01,1,1
grand_bassin_aerial_development,143,71.500,BUS_L02,1,1
grand_bassin_aerial_development,143,71.500,BUS_L03,1,1
grand_bassin_aerial_development,143,71.500,BUS_R01,1,1
grand_bassin_aerial_development,143,71.500,BUS_R02,1,1
grand_bassin_aerial_development,143,71.500,BUS_R03,1,1
grand_bassin_aerial_development,143,71.500,BUS_R04,1,1
grand_bassin_aerial_development,144,72.000,BUS_L01,1,1
grand_bassin_aerial_development,144,72.000,BUS_L02,1,1
grand_bassin_aerial_development,144,72.000,BUS_L03,1,1
grand_bassin_aerial_development,144,72.000,BUS_R01,1,1
grand_bassin_aerial_development,144,72.000,BUS_R02,1,1
grand_bassin_aerial_development,144,72.000,BUS_R03,1,1
grand_bassin_aerial_development,144,72.000,BUS_R04,1,1
grand_bassin_aerial_development,145,72.500,BUS_L01,1,1
grand_bassin_aerial_development,145,72.500,BUS_L02,1,1
grand_bassin_aerial_development,145,72.500,BUS_L03,1,1
grand_bassin_aerial_development,145,72.500,BUS_R01,1,1
grand_bassin_aerial_development,145,72.500,BUS_R02,1,1
grand_bassin_aerial_development,145,72.500,BUS_R03,1,1
grand_bassin_aerial_development,145,72.500,BUS_R04,1,1
grand_bassin_aerial_development,146,73.000,BUS_L01,1,1
grand_bassin_aerial_development,146,73.000,BUS_L02,1,1
grand_bassin_aerial_development,146,73.000,BUS_L03,1,1
grand_bassin_aerial_development,146,73.000,BUS_R01,1,1
grand_bassin_aerial_development,146,73.000,BUS_R02,1,1
grand_bassin_aerial_development,146,73.000,BUS_R03,1,1
grand_bassin_aerial_development,146,73.000,BUS_R04,1,1
grand_bassin_aerial_development,147,73.500,BUS_L01,1,1
grand_bassin_aerial_development,147,73.500,BUS_L02,1,1
grand_bassin_aerial_development,147,73.500,BUS_L03,1,1
grand_bassin_aerial_development,147,73.500,BUS_R01,1,1
grand_bassin_aerial_development,147,73.500,BUS_R02,1,1
grand_bassin_aerial_development,147,73.500,BUS_R03,1,1
grand_bassin_aerial_development,147,73.500,BUS_R04,1,1
grand_bassin_aerial_development,148,74.000,BUS_L01,1,1
grand_bassin_aerial_development,148,74.000,BUS_L02,1,1
grand_bassin_aerial_development,148,74.000,BUS_L03,1,1
grand_bassin_aerial_development,148,74.000,BUS_R01,1,1
grand_bassin_aerial_development,148,74.000,BUS_R02,1,1
grand_bassin_aerial_development,148,74.000,BUS_R03,1,1
grand_bassin_aerial_development,148,74.000,BUS_R04,1,1
grand_bassin_aerial_development,149,74.500,BUS_L01,1,1
grand_bassin_aerial_development,149,74.500,BUS_L02,1,1
grand_bassin_aerial_development,149,74.500,BUS_L03,1,1
grand_bassin_aerial_development,149,74.500,BUS_R01,1,1
grand_bassin_aerial_development,149,74.500,BUS_R02,1,1
grand_bassin_aerial_development,149,74.500,BUS_R03,1,1
grand_bassin_aerial_development,149,74.500,BUS_R04,1,1
grand_bassin_aerial_development,150,75.000,BUS_L01,1,1
grand_bassin_aerial_development,150,75.000,BUS_L02,1,1
grand_bassin_aerial_development,150,75.000,BUS_L03,1,1
grand_bassin_aerial_development,150,75.000,BUS_R01,1,1
grand_bassin_aerial_development,150,75.000,BUS_R02,1,1
grand_bassin_aerial_development,150,75.000,BUS_R03,1,1
grand_bassin_aerial_development,150,75.000,BUS_R04,1,1
grand_bassin_aerial_development,151,75.500,BUS_L01,1,1
grand_bassin_aerial_development,151,75.500,BUS_L02,1,1
grand_bassin_aerial_development,151,75.500,BUS_L03,1,1
grand_bassin_aerial_development,151,75.500,BUS_R01,1,1
grand_bassin_aerial_development,151,75.500,BUS_R02,1,1
grand_bassin_aerial_development,151,75.500,BUS_R03,1,1
grand_bassin_aerial_development,151,75.500,BUS_R04,1,1
grand_bassin_aerial_development,152,76.000,BUS_L01,1,1
grand_bassin_aerial_development,152,76.000,BUS_L02,1,1
grand_bassin_aerial_development,152,76.000,BUS_L03,1,1
grand_bassin_aerial_development,152,76.000,BUS_R01,1,1
grand_bassin_aerial_development,152,76.000,BUS_R02,1,1
grand_bassin_aerial_development,152,76.000,BUS_R03,1,1
grand_bassin_aerial_development,152,76.000,BUS_R04,1,1
grand_bassin_aerial_development,153,76.500,BUS_L01,1,1
grand_bassin_aerial_development,153,76.500,BUS_L02,1,1
grand_bassin_aerial_development,153,76.500,BUS_L03,1,1
grand_bassin_aerial_development,153,76.500,BUS_R01,1,1
grand_bassin_aerial_development,153,76.500,BUS_R02,1,1
grand_bassin_aerial_development,153,76.500,BUS_R03,1,1
grand_bassin_aerial_development,153,76.500,BUS_R04,1,1
grand_bassin_aerial_development,154,77.000,BUS_L01,1,1
grand_bassin_aerial_development,154,77.000,BUS_L02,1,1
grand_bassin_aerial_development,154,77.000,BUS_L03,1,1
grand_bassin_aerial_development,154,77.000,BUS_R01,1,1
grand_bassin_aerial_development,154,77.000,BUS_R02,1,1
grand_bassin_aerial_development,154,77.000,BUS_R03,1,1
grand_bassin_aerial_development,154,77.000,BUS_R04,1,1
grand_bassin_aerial_development,155,77.500,BUS_L01,1,1
grand_bassin_aerial_development,155,77.500,BUS_L02,1,1
grand_bassin_aerial_development,155,77.500,BUS_L03,1,1
grand_bassin_aerial_development,155,77.500,BUS_R01,1,1
grand_bassin_aerial_development,155,77.500,BUS_R02,1,1
grand_bassin_aerial_development,155,77.500,BUS_R03,1,1
grand_bassin_aerial_development,155,77.500,BUS_R04,1,1
grand_bassin_aerial_development,156,78.000,BUS_L01,1,1
grand_bassin_aerial_development,156,78.000,BUS_L02,1,1
grand_bassin_aerial_development,156,78.000,BUS_L03,1,1
grand_bassin_aerial_development,156,78.000,BUS_R01,1,1
grand_bassin_aerial_development,156,78.000,BUS_R02,1,1
grand_bassin_aerial_development,156,78.000,BUS_R03,1,1
grand_bassin_aerial_development,156,78.000,BUS_R04,1,1
grand_bassin_aerial_development,157,78.500,BUS_L01,1,1
grand_bassin_aerial_development,157,78.500,BUS_L02,1,1
grand_bassin_aerial_development,157,78.500,BUS_L03,1,1
grand_bassin_aerial_development,157,78.500,BUS_R01,1,1
grand_bassin_aerial_development,157,78.500,BUS_R02,1,1
grand_bassin_aerial_development,157,78.500,BUS_R03,1,1
grand_bassin_aerial_development,157,78.500,BUS_R04,1,1
grand_bassin_aerial_development,158,79.000,BUS_L01,1,1
grand_bassin_aerial_development,158,79.000,BUS_L02,1,1
grand_bassin_aerial_development,158,79.000,BUS_L03,1,1
grand_bassin_aerial_development,158,79.000,BUS_R01,1,1
grand_bassin_aerial_development,158,79.000,BUS_R02,1,1
grand_bassin_aerial_development,158,79.000,BUS_R03,1,1
grand_bassin_aerial_development,158,79.000,BUS_R04,1,1
grand_bassin_aerial_development,159,79.500,BUS_L01,1,1
grand_bassin_aerial_development,159,79.500,BUS_L02,1,1
grand_bassin_aerial_development,159,79.500,BUS_L03,1,1
grand_bassin_aerial_development,159,79.500,BUS_R01,1,1
grand_bassin_aerial_development,159,79.500,BUS_R02,1,1
grand_bassin_aerial_development,159,79.500,BUS_R03,1,1
grand_bassin_aerial_development,159,79.500,BUS_R04,1,1
grand_bassin_aerial_development,160,80.000,BUS_L01,1,1
grand_bassin_aerial_development,160,80.000,BUS_L02,1,1
grand_bassin_aerial_development,160,80.000,BUS_L03,1,1
grand_bassin_aerial_development,160,80.000,BUS_R01,1,1
grand_bassin_aerial_development,160,80.000,BUS_R02,1,1
grand_bassin_aerial_development,160,80.000,BUS_R03,1,1
grand_bassin_aerial_development,160,80.000,BUS_R04,1,1
grand_bassin_aerial_development,161,80.500,BUS_L01,1,1
grand_bassin_aerial_development,161,80.500,BUS_L02,1,1
grand_bassin_aerial_development,161,80.500,BUS_L03,1,1
grand_bassin_aerial_development,161,80.500,BUS_R01,1,1
grand_bassin_aerial_development,161,80.500,BUS_R02,1,1
grand_bassin_aerial_development,161,80.500,BUS_R03,1,1
grand_bassin_aerial_development,161,80.500,BUS_R04,1,1
grand_bassin_aerial_development,162,81.000,BUS_L01,1,1
grand_bassin_aerial_development,162,81.000,BUS_L02,1,1
grand_bassin_aerial_development,162,81.000,BUS_L03,1,1
grand_bassin_aerial_development,162,81.000,BUS_R01,1,1
grand_bassin_aerial_development,162,81.000,BUS_R02,1,1
grand_bassin_aerial_development,162,81.000,BUS_R03,1,1
grand_bassin_aerial_development,162,81.000,BUS_R04,1,1
grand_bassin_aerial_development,163,81.500,BUS_L01,1,1
grand_bassin_aerial_development,163,81.500,BUS_L02,1,1
grand_bassin_aerial_development,163,81.500,BUS_L03,1,1
grand_bassin_aerial_development,163,81.500,BUS_R01,1,1
grand_bassin_aerial_development,163,81.500,BUS_R02,1,1
grand_bassin_aerial_development,163,81.500,BUS_R03,1,1
grand_bassin_aerial_development,163,81.500,BUS_R04,1,1
grand_bassin_aerial_development,164,82.000,BUS_L01,1,1
grand_bassin_aerial_development,164,82.000,BUS_L02,1,1
grand_bassin_aerial_development,164,82.000,BUS_L03,1,1
grand_bassin_aerial_development,164,82.000,BUS_R01,1,1
grand_bassin_aerial_development,164,82.000,BUS_R02,1,1
grand_bassin_aerial_development,164,82.000,BUS_R03,1,1
grand_bassin_aerial_development,164,82.000,BUS_R04,1,1
grand_bassin_aerial_development,165,82.500,BUS_L01,1,1
grand_bassin_aerial_development,165,82.500,BUS_L02,1,1
grand_bassin_aerial_development,165,82.500,BUS_L03,1,1
grand_bassin_aerial_development,165,82.500,BUS_R01,1,1
grand_bassin_aerial_development,165,82.500,BUS_R02,1,1
grand_bassin_aerial_development,165,82.500,BUS_R03,1,1
grand_bassin_aerial_development,165,82.500,BUS_R04,1,1
grand_bassin_aerial_development,166,83.000,BUS_L01,1,1
grand_bassin_aerial_development,166,83.000,BUS_L02,1,1
grand_bassin_aerial_development,166,83.000,BUS_L03,1,1
grand_bassin_aerial_development,166,83.000,BUS_R01,1,1
grand_bassin_aerial_development,166,83.000,BUS_R02,1,1
grand_bassin_aerial_development,166,83.000,BUS_R03,1,1
grand_bassin_aerial_development,166,83.000,BUS_R04,1,1
grand_bassin_aerial_development,167,83.500,BUS_L01,1,1
grand_bassin_aerial_development,167,83.500,BUS_L02,1,1
grand_bassin_aerial_development,167,83.500,BUS_L03,1,1
grand_bassin_aerial_development,167,83.500,BUS_R01,1,1
grand_bassin_aerial_development,167,83.500,BUS_R02,1,1
grand_bassin_aerial_development,167,83.500,BUS_R03,1,1
grand_bassin_aerial_development,167,83.500,BUS_R04,1,1
grand_bassin_aerial_development,168,84.000,BUS_L01,1,1
grand_bassin_aerial_development,168,84.000,BUS_L02,1,1
grand_bassin_aerial_development,168,84.000,BUS_L03,1,1
grand_bassin_aerial_development,168,84.000,BUS_R01,1,1
grand_bassin_aerial_development,168,84.000,BUS_R02,1,1
grand_bassin_aerial_development,168,84.000,BUS_R03,1,1
grand_bassin_aerial_development,168,84.000,BUS_R04,1,1
grand_bassin_aerial_development,169,84.500,BUS_L01,1,1
grand_bassin_aerial_development,169,84.500,BUS_L02,1,1
grand_bassin_aerial_development,169,84.500,BUS_L03,1,1
grand_bassin_aerial_development,169,84.500,BUS_R01,1,1
grand_bassin_aerial_development,169,84.500,BUS_R02,1,1
grand_bassin_aerial_development,169,84.500,BUS_R03,1,1
grand_bassin_aerial_development,169,84.500,BUS_R04,1,1
grand_bassin_aerial_development,170,85.000,BUS_L01,1,1
grand_bassin_aerial_development,170,85.000,BUS_L02,1,1
grand_bassin_aerial_development,170,85.000,BUS_L03,1,1
grand_bassin_aerial_development,170,85.000,BUS_R01,1,1
grand_bassin_aerial_development,170,85.000,BUS_R02,1,1
grand_bassin_aerial_development,170,85.000,BUS_R03,1,1
grand_bassin_aerial_development,170,85.000,BUS_R04,1,1
grand_bassin_aerial_development,171,85.500,BUS_L01,1,1
grand_bassin_aerial_development,171,85.500,BUS_L02,1,1
grand_bassin_aerial_development,171,85.500,BUS_L03,1,1
grand_bassin_aerial_development,171,85.500,BUS_R01,1,1
grand_bassin_aerial_development,171,85.500,BUS_R02,1,1
grand_bassin_aerial_development,171,85.500,BUS_R03,1,1
grand_bassin_aerial_development,171,85.500,BUS_R04,1,1
grand_bassin_aerial_development,172,86.000,BUS_L01,1,1
grand_bassin_aerial_development,172,86.000,BUS_L02,1,1
grand_bassin_aerial_development,172,86.000,BUS_L03,1,1
grand_bassin_aerial_development,172,86.000,BUS_R01,1,1
grand_bassin_aerial_development,172,86.000,BUS_R02,1,1
grand_bassin_aerial_development,172,86.000,BUS_R03,1,1
grand_bassin_aerial_development,172,86.000,BUS_R04,1,1
grand_bassin_aerial_development,173,86.500,BUS_L01,1,1
grand_bassin_aerial_development,173,86.500,BUS_L02,1,1
grand_bassin_aerial_development,173,86.500,BUS_L03,1,1
grand_bassin_aerial_development,173,86.500,BUS_R01,1,1
grand_bassin_aerial_development,173,86.500,BUS_R02,1,1
grand_bassin_aerial_development,173,86.500,BUS_R03,1,1
grand_bassin_aerial_development,173,86.500,BUS_R04,1,1
grand_bassin_aerial_development,174,87.000,BUS_L01,1,1
grand_bassin_aerial_development,174,87.000,BUS_L02,1,1
grand_bassin_aerial_development,174,87.000,BUS_L03,1,1
grand_bassin_aerial_development,174,87.000,BUS_R01,1,1
grand_bassin_aerial_development,174,87.000,BUS_R02,1,1
grand_bassin_aerial_development,174,87.000,BUS_R03,1,1
grand_bassin_aerial_development,174,87.000,BUS_R04,1,1
grand_bassin_aerial_development,175,87.500,BUS_L01,1,1
grand_bassin_aerial_development,175,87.500,BUS_L02,1,1
grand_bassin_aerial_development,175,87.500,BUS_L03,1,1
grand_bassin_aerial_development,175,87.500,BUS_R01,1,1
grand_bassin_aerial_development,175,87.500,BUS_R02,1,1
grand_bassin_aerial_development,175,87.500,BUS_R03,1,1
grand_bassin_aerial_development,175,87.500,BUS_R04,1,1
grand_bassin_aerial_development,176,88.000,BUS_L01,1,1
grand_bassin_aerial_development,176,88.000,BUS_L02,1,1
grand_bassin_aerial_development,176,88.000,BUS_L03,1,1
grand_bassin_aerial_development,176,88.000,BUS_R01,1,1
grand_bassin_aerial_development,176,88.000,BUS_R02,1,1
grand_bassin_aerial_development,176,88.000,BUS_R03,1,1
grand_bassin_aerial_development,176,88.000,BUS_R04,1,1
grand_bassin_aerial_development,177,88.500,BUS_L01,1,1
grand_bassin_aerial_development,177,88.500,BUS_L02,1,1
grand_bassin_aerial_development,177,88.500,BUS_L03,1,1
grand_bassin_aerial_development,177,88.500,BUS_R01,1,1
grand_bassin_aerial_development,177,88.500,BUS_R02,1,1
grand_bassin_aerial_development,177,88.500,BUS_R03,1,1
grand_bassin_aerial_development,177,88.500,BUS_R04,1,1
grand_bassin_aerial_development,178,89.000,BUS_L01,1,1
grand_bassin_aerial_development,178,89.000,BUS_L02,1,1
grand_bassin_aerial_development,178,89.000,BUS_L03,1,1
grand_bassin_aerial_development,178,89.000,BUS_R01,1,1
grand_bassin_aerial_development,178,89.000,BUS_R02,1,1
grand_bassin_aerial_development,178,89.000,BUS_R03,1,1
grand_bassin_aerial_development,178,89.000,BUS_R04,1,1
grand_bassin_aerial_development,179,89.500,BUS_L01,1,1
grand_bassin_aerial_development,179,89.500,BUS_L02,1,1
grand_bassin_aerial_development,179,89.500,BUS_L03,1,1
grand_bassin_aerial_development,179,89.500,BUS_R01,1,1
grand_bassin_aerial_development,179,89.500,BUS_R02,1,1
grand_bassin_aerial_development,179,89.500,BUS_R03,1,1
grand_bassin_aerial_development,179,89.500,BUS_R04,1,1
grand_bassin_aerial_development,180,90.000,BUS_L01,1,1
grand_bassin_aerial_development,180,90.000,BUS_L02,1,1
grand_bassin_aerial_development,180,90.000,BUS_L03,1,1
grand_bassin_aerial_development,180,90.000,BUS_R01,1,1
grand_bassin_aerial_development,180,90.000,BUS_R02,1,1
grand_bassin_aerial_development,180,90.000,BUS_R03,1,1
grand_bassin_aerial_development,180,90.000,BUS_R04,1,1
grand_bassin_aerial_development,181,90.500,BUS_L01,1,1
grand_bassin_aerial_development,181,90.500,BUS_L02,1,1
grand_bassin_aerial_development,181,90.500,BUS_L03,1,1
grand_bassin_aerial_development,181,90.500,BUS_R01,1,1
grand_bassin_aerial_development,181,90.500,BUS_R02,1,1
grand_bassin_aerial_development,181,90.500,BUS_R03,1,1
grand_bassin_aerial_development,181,90.500,BUS_R04,1,1
grand_bassin_aerial_development,182,91.000,BUS_L01,1,1
grand_bassin_aerial_development,182,91.000,BUS_L02,1,1
grand_bassin_aerial_development,182,91.000,BUS_L03,1,1
grand_bassin_aerial_development,182,91.000,BUS_R01,1,1
grand_bassin_aerial_development,182,91.000,BUS_R02,1,1
grand_bassin_aerial_development,182,91.000,BUS_R03,1,1
grand_bassin_aerial_development,182,91.000,BUS_R04,1,1
grand_bassin_aerial_development,183,91.500,BUS_L01,1,1
grand_bassin_aerial_development,183,91.500,BUS_L02,1,1
grand_bassin_aerial_development,183,91.500,BUS_L03,1,1
grand_bassin_aerial_development,183,91.500,BUS_R01,1,1
grand_bassin_aerial_development,183,91.500,BUS_R02,1,1
grand_bassin_aerial_development,183,91.500,BUS_R03,1,1
grand_bassin_aerial_development,183,91.500,BUS_R04,1,1
grand_bassin_aerial_development,184,92.000,BUS_L01,1,1
grand_bassin_aerial_development,184,92.000,BUS_L02,1,1
grand_bassin_aerial_development,184,92.000,BUS_L03,1,1
grand_bassin_aerial_development,184,92.000,BUS_R01,1,1
grand_bassin_aerial_development,184,92.000,BUS_R02,1,1
grand_bassin_aerial_development,184,92.000,BUS_R03,1,1
grand_bassin_aerial_development,184,92.000,BUS_R04,1,1
grand_bassin_aerial_development,185,92.500,BUS_L01,1,1
grand_bassin_aerial_development,185,92.500,BUS_L02,1,1
grand_bassin_aerial_development,185,92.500,BUS_L03,1,1
grand_bassin_aerial_development,185,92.500,BUS_R01,1,1
grand_bassin_aerial_development,185,92.500,BUS_R02,1,1
grand_bassin_aerial_development,185,92.500,BUS_R03,1,1
grand_bassin_aerial_development,185,92.500,BUS_R04,1,1
grand_bassin_aerial_development,186,93.000,BUS_L01,1,1
grand_bassin_aerial_development,186,93.000,BUS_L02,1,1
grand_bassin_aerial_development,186,93.000,BUS_L03,1,1
grand_bassin_aerial_development,186,93.000,BUS_R01,1,1
grand_bassin_aerial_development,186,93.000,BUS_R02,1,1
grand_bassin_aerial_development,186,93.000,BUS_R03,1,1
grand_bassin_aerial_development,186,93.000,BUS_R04,1,1
grand_bassin_aerial_development,187,93.500,BUS_L01,1,1
grand_bassin_aerial_development,187,93.500,BUS_L02,1,1
grand_bassin_aerial_development,187,93.500,BUS_L03,1,1
grand_bassin_aerial_development,187,93.500,BUS_R01,1,1
grand_bassin_aerial_development,187,93.500,BUS_R02,1,1
grand_bassin_aerial_development,187,93.500,BUS_R03,1,1
grand_bassin_aerial_development,187,93.500,BUS_R04,1,1
grand_bassin_aerial_development,188,94.000,BUS_L01,1,1
grand_bassin_aerial_development,188,94.000,BUS_L02,1,1
grand_bassin_aerial_development,188,94.000,BUS_L03,1,1
grand_bassin_aerial_development,188,94.000,BUS_R01,1,1
grand_bassin_aerial_development,188,94.000,BUS_R02,1,1
grand_bassin_aerial_development,188,94.000,BUS_R03,1,1
grand_bassin_aerial_development,188,94.000,BUS_R04,1,1
grand_bassin_aerial_development,189,94.500,BUS_L01,1,1
grand_bassin_aerial_development,189,94.500,BUS_L02,1,1
grand_bassin_aerial_development,189,94.500,BUS_L03,1,1
grand_bassin_aerial_development,189,94.500,BUS_R01,1,1
grand_bassin_aerial_development,189,94.500,BUS_R02,1,1
grand_bassin_aerial_development,189,94.500,BUS_R03,1,1
grand_bassin_aerial_development,189,94.500,BUS_R04,1,1
grand_bassin_aerial_development,190,95.000,BUS_L01,1,1
grand_bassin_aerial_development,190,95.000,BUS_L02,1,1
grand_bassin_aerial_development,190,95.000,BUS_L03,1,1
grand_bassin_aerial_development,190,95.000,BUS_R01,1,1
grand_bassin_aerial_development,190,95.000,BUS_R02,1,1
grand_bassin_aerial_development,190,95.000,BUS_R03,1,1
grand_bassin_aerial_development,190,95.000,BUS_R04,1,1
grand_bassin_aerial_development,191,95.500,BUS_L01,1,1
grand_bassin_aerial_development,191,95.500,BUS_L02,1,1
grand_bassin_aerial_development,191,95.500,BUS_L03,1,1
grand_bassin_aerial_development,191,95.500,BUS_R01,1,1
grand_bassin_aerial_development,191,95.500,BUS_R02,1,1
grand_bassin_aerial_development,191,95.500,BUS_R03,1,1
grand_bassin_aerial_development,191,95.500,BUS_R04,1,1
grand_bassin_aerial_development,192,96.000,BUS_L01,1,1
grand_bassin_aerial_development,192,96.000,BUS_L02,1,1
grand_bassin_aerial_development,192,96.000,BUS_L03,1,1
grand_bassin_aerial_development,192,96.000,BUS_R01,1,1
grand_bassin_aerial_development,192,96.000,BUS_R02,1,1
grand_bassin_aerial_development,192,96.000,BUS_R03,1,1
grand_bassin_aerial_development,192,96.000,BUS_R04,1,1
grand_bassin_aerial_development,193,96.500,BUS_L01,1,1
grand_bassin_aerial_development,193,96.500,BUS_L02,1,1
grand_bassin_aerial_development,193,96.500,BUS_L03,1,1
grand_bassin_aerial_development,193,96.500,BUS_R01,1,1
grand_bassin_aerial_development,193,96.500,BUS_R02,1,1
grand_bassin_aerial_development,193,96.500,BUS_R03,1,1
grand_bassin_aerial_development,193,96.500,BUS_R04,1,1
grand_bassin_aerial_development,194,97.000,BUS_L01,1,1
grand_bassin_aerial_development,194,97.000,BUS_L02,1,1
grand_bassin_aerial_development,194,97.000,BUS_L03,1,1
grand_bassin_aerial_development,194,97.000,BUS_R01,1,1
grand_bassin_aerial_development,194,97.000,BUS_R02,1,1
grand_bassin_aerial_development,194,97.000,BUS_R03,1,1
grand_bassin_aerial_development,194,97.000,BUS_R04,1,1
grand_bassin_aerial_development,195,97.500,BUS_L01,1,1
grand_bassin_aerial_development,195,97.500,BUS_L02,1,1
grand_bassin_aerial_development,195,97.500,BUS_L03,1,1
grand_bassin_aerial_development,195,97.500,BUS_R01,1,1
grand_bassin_aerial_development,195,97.500,BUS_R02,1,1
grand_bassin_aerial_development,195,97.500,BUS_R03,1,1
grand_bassin_aerial_development,195,97.500,BUS_R04,1,1
grand_bassin_aerial_development,196,98.000,BUS_L01,1,1
grand_bassin_aerial_development,196,98.000,BUS_L02,1,1
grand_bassin_aerial_development,196,98.000,BUS_L03,1,1
grand_bassin_aerial_development,196,98.000,BUS_R01,1,1
grand_bassin_aerial_development,196,98.000,BUS_R02,1,1
grand_bassin_aerial_development,196,98.000,BUS_R03,1,1
grand_bassin_aerial_development,196,98.000,BUS_R04,1,1
grand_bassin_aerial_development,197,98.500,BUS_L01,1,1
grand_bassin_aerial_development,197,98.500,BUS_L02,1,1
grand_bassin_aerial_development,197,98.500,BUS_L03,1,1
grand_bassin_aerial_development,197,98.500,BUS_R01,1,1
grand_bassin_aerial_development,197,98.500,BUS_R02,1,1
grand_bassin_aerial_development,197,98.500,BUS_R03,1,1
grand_bassin_aerial_development,197,98.500,BUS_R04,1,1
grand_bassin_aerial_development,198,99.000,BUS_L01,1,1
grand_bassin_aerial_development,198,99.000,BUS_L02,1,1
grand_bassin_aerial_development,198,99.000,BUS_L03,1,1
grand_bassin_aerial_development,198,99.000,BUS_R01,1,1
grand_bassin_aerial_development,198,99.000,BUS_R02,1,1
grand_bassin_aerial_development,198,99.000,BUS_R03,1,1
grand_bassin_aerial_development,198,99.000,BUS_R04,1,1
grand_bassin_aerial_development,199,99.500,BUS_L01,1,1
grand_bassin_aerial_development,199,99.500,BUS_L02,1,1
grand_bassin_aerial_development,199,99.500,BUS_L03,1,1
grand_bassin_aerial_development,199,99.500,BUS_R01,1,1
grand_bassin_aerial_development,199,99.500,BUS_R02,1,1
grand_bassin_aerial_development,199,99.500,BUS_R03,1,1
grand_bassin_aerial_development,199,99.500,BUS_R04,1,1
grand_bassin_aerial_development,200,100.000,BUS_L01,1,1
grand_bassin_aerial_development,200,100.000,BUS_L02,1,1
grand_bassin_aerial_development,200,100.000,BUS_L03,1,1
grand_bassin_aerial_development,200,100.000,BUS_R01,1,1
grand_bassin_aerial_development,200,100.000,BUS_R02,1,1
grand_bassin_aerial_development,200,100.000,BUS_R03,1,1
grand_bassin_aerial_development,200,100.000,BUS_R04,1,1
grand_bassin_aerial_development,201,100.500,BUS_L01,1,1
grand_bassin_aerial_development,201,100.500,BUS_L02,1,1
grand_bassin_aerial_development,201,100.500,BUS_L03,1,1
grand_bassin_aerial_development,201,100.500,BUS_R01,1,1
grand_bassin_aerial_development,201,100.500,BUS_R02,1,1
grand_bassin_aerial_development,201,100.500,BUS_R03,1,1
grand_bassin_aerial_development,201,100.500,BUS_R04,1,1
grand_bassin_aerial_development,202,101.000,BUS_L01,1,1
grand_bassin_aerial_development,202,101.000,BUS_L02,1,1
grand_bassin_aerial_development,202,101.000,BUS_L03,1,1
grand_bassin_aerial_development,202,101.000,BUS_R01,1,1
grand_bassin_aerial_development,202,101.000,BUS_R02,1,1
grand_bassin_aerial_development,202,101.000,BUS_R03,1,1
grand_bassin_aerial_development,202,101.000,BUS_R04,1,1
grand_bassin_aerial_development,203,101.500,BUS_L01,1,1
grand_bassin_aerial_development,203,101.500,BUS_L02,1,1
grand_bassin_aerial_development,203,101.500,BUS_L03,1,1
grand_bassin_aerial_development,203,101.500,BUS_R01,1,1
grand_bassin_aerial_development,203,101.500,BUS_R02,1,1
grand_bassin_aerial_development,203,101.500,BUS_R03,1,1
grand_bassin_aerial_development,203,101.500,BUS_R04,1,1
grand_bassin_aerial_development,204,102.000,BUS_L01,1,1
grand_bassin_aerial_development,204,102.000,BUS_L02,1,1
grand_bassin_aerial_development,204,102.000,BUS_L03,1,1
grand_bassin_aerial_development,204,102.000,BUS_R01,1,1
grand_bassin_aerial_development,204,102.000,BUS_R02,1,1
grand_bassin_aerial_development,204,102.000,BUS_R03,1,1
grand_bassin_aerial_development,204,102.000,BUS_R04,1,1
grand_bassin_aerial_development,205,102.500,BUS_L01,1,1
grand_bassin_aerial_development,205,102.500,BUS_L02,1,1
grand_bassin_aerial_development,205,102.500,BUS_L03,1,1
grand_bassin_aerial_development,205,102.500,BUS_R01,1,1
grand_bassin_aerial_development,205,102.500,BUS_R02,1,1
grand_bassin_aerial_development,205,102.500,BUS_R03,1,1
grand_bassin_aerial_development,205,102.500,BUS_R04,1,1
grand_bassin_aerial_development,206,103.000,BUS_L01,1,1
grand_bassin_aerial_development,206,103.000,BUS_L02,1,1
grand_bassin_aerial_development,206,103.000,BUS_L03,1,1
grand_bassin_aerial_development,206,103.000,BUS_R01,1,1
grand_bassin_aerial_development,206,103.000,BUS_R02,1,1
grand_bassin_aerial_development,206,103.000,BUS_R03,1,1
grand_bassin_aerial_development,206,103.000,BUS_R04,1,1
grand_bassin_aerial_development,207,103.500,BUS_L01,1,1
grand_bassin_aerial_development,207,103.500,BUS_L02,1,1
grand_bassin_aerial_development,207,103.500,BUS_L03,1,1
grand_bassin_aerial_development,207,103.500,BUS_R01,1,1
grand_bassin_aerial_development,207,103.500,BUS_R02,1,1
grand_bassin_aerial_development,207,103.500,BUS_R03,1,1
grand_bassin_aerial_development,207,103.500,BUS_R04,1,1
grand_bassin_aerial_development,208,104.000,BUS_L01,1,1
grand_bassin_aerial_development,208,104.000,BUS_L02,1,1
grand_bassin_aerial_development,208,104.000,BUS_L03,1,1
grand_bassin_aerial_development,208,104.000,BUS_R01,1,1
grand_bassin_aerial_development,208,104.000,BUS_R02,1,1
grand_bassin_aerial_development,208,104.000,BUS_R03,1,1
grand_bassin_aerial_development,208,104.000,BUS_R04,1,1
grand_bassin_aerial_development,209,104.500,BUS_L01,1,1
grand_bassin_aerial_development,209,104.500,BUS_L02,1,1
grand_bassin_aerial_development,209,104.500,BUS_L03,1,1
grand_bassin_aerial_development,209,104.500,BUS_R01,1,1
grand_bassin_aerial_development,209,104.500,BUS_R02,1,1
grand_bassin_aerial_development,209,104.500,BUS_R03,1,1
grand_bassin_aerial_development,209,104.500,BUS_R04,1,1
grand_bassin_aerial_development,210,105.000,BUS_L01,1,1
grand_bassin_aerial_development,210,105.000,BUS_L02,1,1
grand_bassin_aerial_development,210,105.000,BUS_L03,1,1
grand_bassin_aerial_development,210,105.000,BUS_R01,1,1
grand_bassin_aerial_development,210,105.000,BUS_R02,1,1
grand_bassin_aerial_development,210,105.000,BUS_R03,1,1
grand_bassin_aerial_development,210,105.000,BUS_R04,1,1
grand_bassin_aerial_development,211,105.500,BUS_L01,1,1
grand_bassin_aerial_development,211,105.500,BUS_L02,1,1
grand_bassin_aerial_development,211,105.500,BUS_L03,1,1
grand_bassin_aerial_development,211,105.500,BUS_R01,1,1
grand_bassin_aerial_development,211,105.500,BUS_R02,1,1
grand_bassin_aerial_development,211,105.500,BUS_R03,1,1
grand_bassin_aerial_development,211,105.500,BUS_R04,1,1
grand_bassin_aerial_development,212,106.000,BUS_L01,1,1
grand_bassin_aerial_development,212,106.000,BUS_L02,1,1
grand_bassin_aerial_development,212,106.000,BUS_L03,1,1
grand_bassin_aerial_development,212,106.000,BUS_R01,1,1
grand_bassin_aerial_development,212,106.000,BUS_R02,1,1
grand_bassin_aerial_development,212,106.000,BUS_R03,1,1
grand_bassin_aerial_development,212,106.000,BUS_R04,1,1
grand_bassin_aerial_development,213,106.500,BUS_L01,1,1
grand_bassin_aerial_development,213,106.500,BUS_L02,1,1
grand_bassin_aerial_development,213,106.500,BUS_L03,1,1
grand_bassin_aerial_development,213,106.500,BUS_R01,1,1
grand_bassin_aerial_development,213,106.500,BUS_R02,1,1
grand_bassin_aerial_development,213,106.500,BUS_R03,1,1
grand_bassin_aerial_development,213,106.500,BUS_R04,1,1
grand_bassin_aerial_development,214,107.000,BUS_L01,1,1
grand_bassin_aerial_development,214,107.000,BUS_L02,1,1
grand_bassin_aerial_development,214,107.000,BUS_L03,1,1
grand_bassin_aerial_development,214,107.000,BUS_R01,1,1
grand_bassin_aerial_development,214,107.000,BUS_R02,1,1
grand_bassin_aerial_development,214,107.000,BUS_R03,1,1
grand_bassin_aerial_development,214,107.000,BUS_R04,1,1
grand_bassin_aerial_development,215,107.500,BUS_L01,1,1
grand_bassin_aerial_development,215,107.500,BUS_L02,1,1
grand_bassin_aerial_development,215,107.500,BUS_L03,1,1
grand_bassin_aerial_development,215,107.500,BUS_R01,1,1
grand_bassin_aerial_development,215,107.500,BUS_R02,1,1
grand_bassin_aerial_development,215,107.500,BUS_R03,1,1
grand_bassin_aerial_development,215,107.500,BUS_R04,1,1
grand_bassin_aerial_development,216,108.000,BUS_L01,1,1
grand_bassin_aerial_development,216,108.000,BUS_L02,1,1
grand_bassin_aerial_development,216,108.000,BUS_L03,1,1
grand_bassin_aerial_development,216,108.000,BUS_R01,1,1
grand_bassin_aerial_development,216,108.000,BUS_R02,1,1
grand_bassin_aerial_development,216,108.000,BUS_R03,1,1
grand_bassin_aerial_development,216,108.000,BUS_R04,1,1
grand_bassin_aerial_development,217,108.500,BUS_L01,1,1
grand_bassin_aerial_development,217,108.500,BUS_L02,1,1
grand_bassin_aerial_development,217,108.500,BUS_L03,1,1
grand_bassin_aerial_development,217,108.500,BUS_R01,1,1
grand_bassin_aerial_development,217,108.500,BUS_R02,1,1
grand_bassin_aerial_development,217,108.500,BUS_R03,1,1
grand_bassin_aerial_development,217,108.500,BUS_R04,1,1
grand_bassin_aerial_development,218,109.000,BUS_L01,1,1
grand_bassin_aerial_development,218,109.000,BUS_L02,1,1
grand_bassin_aerial_development,218,109.000,BUS_L03,1,1
grand_bassin_aerial_development,218,109.000,BUS_R01,1,1
grand_bassin_aerial_development,218,109.000,BUS_R02,1,1
grand_bassin_aerial_development,218,109.000,BUS_R03,1,1
grand_bassin_aerial_development,218,109.000,BUS_R04,1,1
grand_bassin_aerial_development,219,109.500,BUS_L01,1,1
grand_bassin_aerial_development,219,109.500,BUS_L02,1,1
grand_bassin_aerial_development,219,109.500,BUS_L03,1,1
grand_bassin_aerial_development,219,109.500,BUS_R01,1,1
grand_bassin_aerial_development,219,109.500,BUS_R02,1,1
grand_bassin_aerial_development,219,109.500,BUS_R03,1,1
grand_bassin_aerial_development,219,109.500,BUS_R04,1,1
grand_bassin_aerial_development,220,110.000,BUS_L01,1,1
grand_bassin_aerial_development,220,110.000,BUS_L02,1,1
grand_bassin_aerial_development,220,110.000,BUS_L03,1,1
grand_bassin_aerial_development,220,110.000,BUS_R01,1,1
grand_bassin_aerial_development,220,110.000,BUS_R02,1,1
grand_bassin_aerial_development,220,110.000,BUS_R03,1,1
grand_bassin_aerial_development,220,110.000,BUS_R04,1,1
grand_bassin_aerial_development,221,110.500,BUS_L01,1,1
grand_bassin_aerial_development,221,110.500,BUS_L02,1,1
grand_bassin_aerial_development,221,110.500,BUS_L03,1,1
grand_bassin_aerial_development,221,110.500,BUS_R01,1,1
grand_bassin_aerial_development,221,110.500,BUS_R02,1,1
grand_bassin_aerial_development,221,110.500,BUS_R03,1,1
grand_bassin_aerial_development,221,110.500,BUS_R04,1,1
grand_bassin_aerial_development,222,111.000,BUS_L01,1,1
grand_bassin_aerial_development,222,111.000,BUS_L02,1,1
grand_bassin_aerial_development,222,111.000,BUS_L03,1,1
grand_bassin_aerial_development,222,111.000,BUS_R01,1,1
grand_bassin_aerial_development,222,111.000,BUS_R02,1,1
grand_bassin_aerial_development,222,111.000,BUS_R03,1,1
grand_bassin_aerial_development,222,111.000,BUS_R04,1,1
grand_bassin_aerial_development,223,111.500,BUS_L01,1,1
grand_bassin_aerial_development,223,111.500,BUS_L02,1,1
grand_bassin_aerial_development,223,111.500,BUS_L03,1,1
grand_bassin_aerial_development,223,111.500,BUS_R01,1,1
grand_bassin_aerial_development,223,111.500,BUS_R02,1,1
grand_bassin_aerial_development,223,111.500,BUS_R03,1,1
grand_bassin_aerial_development,223,111.500,BUS_R04,1,1
grand_bassin_aerial_development,224,112.000,BUS_L01,1,1
grand_bassin_aerial_development,224,112.000,BUS_L02,1,1
grand_bassin_aerial_development,224,112.000,BUS_L03,1,1
grand_bassin_aerial_development,224,112.000,BUS_R01,1,1
grand_bassin_aerial_development,224,112.000,BUS_R02,1,1
grand_bassin_aerial_development,224,112.000,BUS_R03,1,1
grand_bassin_aerial_development,224,112.000,BUS_R04,1,1
grand_bassin_aerial_development,225,112.500,BUS_L01,1,1
grand_bassin_aerial_development,225,112.500,BUS_L02,1,1
grand_bassin_aerial_development,225,112.500,BUS_L03,1,1
grand_bassin_aerial_development,225,112.500,BUS_R01,1,1
grand_bassin_aerial_development,225,112.500,BUS_R02,1,1
grand_bassin_aerial_development,225,112.500,BUS_R03,1,1
grand_bassin_aerial_development,225,112.500,BUS_R04,1,1
grand_bassin_aerial_development,226,113.000,BUS_L01,1,1
grand_bassin_aerial_development,226,113.000,BUS_L02,1,1
grand_bassin_aerial_development,226,113.000,BUS_L03,1,1
grand_bassin_aerial_development,226,113.000,BUS_R01,1,1
grand_bassin_aerial_development,226,113.000,BUS_R02,1,1
grand_bassin_aerial_development,226,113.000,BUS_R03,1,1
grand_bassin_aerial_development,226,113.000,BUS_R04,1,1
grand_bassin_aerial_development,227,113.500,BUS_L01,1,1
grand_bassin_aerial_development,227,113.500,BUS_L02,1,1
grand_bassin_aerial_development,227,113.500,BUS_L03,1,1
grand_bassin_aerial_development,227,113.500,BUS_R01,1,1
grand_bassin_aerial_development,227,113.500,BUS_R02,1,1
grand_bassin_aerial_development,227,113.500,BUS_R03,1,1
grand_bassin_aerial_development,227,113.500,BUS_R04,1,1
grand_bassin_aerial_development,228,114.000,BUS_L01,1,1
grand_bassin_aerial_development,228,114.000,BUS_L02,1,1
grand_bassin_aerial_development,228,114.000,BUS_L03,1,1
grand_bassin_aerial_development,228,114.000,BUS_R01,1,1
grand_bassin_aerial_development,228,114.000,BUS_R02,1,1
grand_bassin_aerial_development,228,114.000,BUS_R03,1,1
grand_bassin_aerial_development,228,114.000,BUS_R04,1,1
grand_bassin_aerial_development,229,114.500,BUS_L01,1,1
grand_bassin_aerial_development,229,114.500,BUS_L02,1,1
grand_bassin_aerial_development,229,114.500,BUS_L03,1,1
grand_bassin_aerial_development,229,114.500,BUS_R01,1,1
grand_bassin_aerial_development,229,114.500,BUS_R02,1,1
grand_bassin_aerial_development,229,114.500,BUS_R03,1,1
grand_bassin_aerial_development,229,114.500,BUS_R04,1,1
grand_bassin_aerial_development,230,115.000,BUS_L01,1,1
grand_bassin_aerial_development,230,115.000,BUS_L02,1,1
grand_bassin_aerial_development,230,115.000,BUS_L03,1,1
grand_bassin_aerial_development,230,115.000,BUS_R01,1,1
grand_bassin_aerial_development,230,115.000,BUS_R02,1,1
grand_bassin_aerial_development,230,115.000,BUS_R03,1,1
grand_bassin_aerial_development,230,115.000,BUS_R04,1,1
grand_bassin_aerial_development,231,115.500,BUS_L01,1,1
grand_bassin_aerial_development,231,115.500,BUS_L02,1,1
grand_bassin_aerial_development,231,115.500,BUS_L03,1,1
grand_bassin_aerial_development,231,115.500,BUS_R01,1,1
grand_bassin_aerial_development,231,115.500,BUS_R02,1,1
grand_bassin_aerial_development,231,115.500,BUS_R03,1,1
grand_bassin_aerial_development,231,115.500,BUS_R04,1,1
grand_bassin_aerial_development,232,116.000,BUS_L01,1,1
grand_bassin_aerial_development,232,116.000,BUS_L02,1,1
grand_bassin_aerial_development,232,116.000,BUS_L03,1,1
grand_bassin_aerial_development,232,116.000,BUS_R01,1,1
grand_bassin_aerial_development,232,116.000,BUS_R02,1,1
grand_bassin_aerial_development,232,116.000,BUS_R03,1,1
grand_bassin_aerial_development,232,116.000,BUS_R04,1,1
grand_bassin_aerial_development,233,116.500,BUS_L01,1,1
grand_bassin_aerial_development,233,116.500,BUS_L02,1,1
grand_bassin_aerial_development,233,116.500,BUS_L03,1,1
grand_bassin_aerial_development,233,116.500,BUS_R01,1,1
grand_bassin_aerial_development,233,116.500,BUS_R02,1,1
grand_bassin_aerial_development,233,116.500,BUS_R03,1,1
grand_bassin_aerial_development,233,116.500,BUS_R04,1,1
grand_bassin_aerial_development,234,117.000,BUS_L01,1,1
grand_bassin_aerial_development,234,117.000,BUS_L02,1,1
grand_bassin_aerial_development,234,117.000,BUS_L03,1,1
grand_bassin_aerial_development,234,117.000,BUS_R01,1,1
grand_bassin_aerial_development,234,117.000,BUS_R02,1,1
grand_bassin_aerial_development,234,117.000,BUS_R03,1,1
grand_bassin_aerial_development,234,117.000,BUS_R04,1,1
grand_bassin_aerial_development,235,117.500,BUS_L01,1,1
grand_bassin_aerial_development,235,117.500,BUS_L02,1,1
grand_bassin_aerial_development,235,117.500,BUS_L03,1,1
grand_bassin_aerial_development,235,117.500,BUS_R01,1,1
grand_bassin_aerial_development,235,117.500,BUS_R02,1,1
grand_bassin_aerial_development,235,117.500,BUS_R03,1,1
grand_bassin_aerial_development,235,117.500,BUS_R04,1,1
grand_bassin_aerial_development,236,118.000,BUS_L01,1,1
grand_bassin_aerial_development,236,118.000,BUS_L02,1,1
grand_bassin_aerial_development,236,118.000,BUS_L03,1,1
grand_bassin_aerial_development,236,118.000,BUS_R01,1,1
grand_bassin_aerial_development,236,118.000,BUS_R02,1,1
grand_bassin_aerial_development,236,118.000,BUS_R03,1,1
grand_bassin_aerial_development,236,118.000,BUS_R04,1,1
grand_bassin_aerial_development,237,118.500,BUS_L01,1,1
grand_bassin_aerial_development,237,118.500,BUS_L02,1,1
grand_bassin_aerial_development,237,118.500,BUS_L03,1,1
grand_bassin_aerial_development,237,118.500,BUS_R01,1,1
grand_bassin_aerial_development,237,118.500,BUS_R02,1,1
grand_bassin_aerial_development,237,118.500,BUS_R03,1,1
grand_bassin_aerial_development,237,118.500,BUS_R04,1,1
grand_bassin_aerial_development,238,119.000,BUS_L01,1,1
grand_bassin_aerial_development,238,119.000,BUS_L02,1,1
grand_bassin_aerial_development,238,119.000,BUS_L03,1,1
grand_bassin_aerial_development,238,119.000,BUS_R01,1,1
grand_bassin_aerial_development,238,119.000,BUS_R02,1,1
grand_bassin_aerial_development,238,119.000,BUS_R03,1,1
grand_bassin_aerial_development,238,119.000,BUS_R04,1,1
grand_bassin_aerial_development,239,119.500,BUS_L01,1,1
grand_bassin_aerial_development,239,119.500,BUS_L02,1,1
grand_bassin_aerial_development,239,119.500,BUS_L03,1,1
grand_bassin_aerial_development,239,119.500,BUS_R01,1,1
grand_bassin_aerial_development,239,119.500,BUS_R02,1,1
grand_bassin_aerial_development,239,119.500,BUS_R03,1,1
grand_bassin_aerial_development,239,119.500,BUS_R04,1,1
grand_bassin_aerial_development,240,120.000,BUS_L01,1,1
grand_bassin_aerial_development,240,120.000,BUS_L02,1,1
grand_bassin_aerial_development,240,120.000,BUS_L03,1,1
grand_bassin_aerial_development,240,120.000,BUS_R01,1,1
grand_bassin_aerial_development,240,120.000,BUS_R02,1,1
grand_bassin_aerial_development,240,120.000,BUS_R03,1,1
grand_bassin_aerial_development,240,120.000,BUS_R04,1,1
grand_bassin_aerial_development,241,120.500,BUS_L01,1,1
grand_bassin_aerial_development,241,120.500,BUS_L02,1,1
grand_bassin_aerial_development,241,120.500,BUS_L03,1,1
grand_bassin_aerial_development,241,120.500,BUS_R01,1,1
grand_bassin_aerial_development,241,120.500,BUS_R02,1,1
grand_bassin_aerial_development,241,120.500,BUS_R03,1,1
grand_bassin_aerial_development,241,120.500,BUS_R04,1,1
grand_bassin_aerial_development,242,121.000,BUS_L01,1,1
grand_bassin_aerial_development,242,121.000,BUS_L02,1,1
grand_bassin_aerial_development,242,121.000,BUS_L03,1,1
grand_bassin_aerial_development,242,121.000,BUS_R01,1,1
grand_bassin_aerial_development,242,121.000,BUS_R02,1,1
grand_bassin_aerial_development,242,121.000,BUS_R03,1,1
grand_bassin_aerial_development,242,121.000,BUS_R04,1,1
grand_bassin_aerial_development,243,121.500,BUS_L01,1,1
grand_bassin_aerial_development,243,121.500,BUS_L02,1,1
grand_bassin_aerial_development,243,121.500,BUS_L03,1,1
grand_bassin_aerial_development,243,121.500,BUS_R01,1,1
grand_bassin_aerial_development,243,121.500,BUS_R02,1,1
grand_bassin_aerial_development,243,121.500,BUS_R03,1,1
grand_bassin_aerial_development,243,121.500,BUS_R04,1,1
grand_bassin_aerial_development,244,122.000,BUS_L01,1,1
grand_bassin_aerial_development,244,122.000,BUS_L02,1,1
grand_bassin_aerial_development,244,122.000,BUS_L03,1,1
grand_bassin_aerial_development,244,122.000,BUS_R01,1,1
grand_bassin_aerial_development,244,122.000,BUS_R02,1,1
grand_bassin_aerial_development,244,122.000,BUS_R03,1,1
grand_bassin_aerial_development,244,122.000,BUS_R04,1,1
grand_bassin_aerial_development,245,122.500,BUS_L01,1,1
grand_bassin_aerial_development,245,122.500,BUS_L02,1,1
grand_bassin_aerial_development,245,122.500,BUS_L03,1,1
grand_bassin_aerial_development,245,122.500,BUS_R01,1,1
grand_bassin_aerial_development,245,122.500,BUS_R02,1,1
grand_bassin_aerial_development,245,122.500,BUS_R03,1,1
grand_bassin_aerial_development,245,122.500,BUS_R04,1,1
grand_bassin_aerial_development,246,123.000,BUS_L01,1,1
grand_bassin_aerial_development,246,123.000,BUS_L02,1,1
grand_bassin_aerial_development,246,123.000,BUS_L03,1,1
grand_bassin_aerial_development,246,123.000,BUS_R01,1,1
grand_bassin_aerial_development,246,123.000,BUS_R02,1,1
grand_bassin_aerial_development,246,123.000,BUS_R03,1,1
grand_bassin_aerial_development,246,123.000,BUS_R04,1,1
grand_bassin_aerial_development,247,123.500,BUS_L01,1,1
grand_bassin_aerial_development,247,123.500,BUS_L02,1,1
grand_bassin_aerial_development,247,123.500,BUS_L03,1,1
grand_bassin_aerial_development,247,123.500,BUS_R01,1,1
grand_bassin_aerial_development,247,123.500,BUS_R02,1,1
grand_bassin_aerial_development,247,123.500,BUS_R03,1,1
grand_bassin_aerial_development,247,123.500,BUS_R04,1,1
grand_bassin_aerial_development,248,124.000,BUS_L01,1,1
grand_bassin_aerial_development,248,124.000,BUS_L02,1,1
grand_bassin_aerial_development,248,124.000,BUS_L03,1,1
grand_bassin_aerial_development,248,124.000,BUS_R01,1,1
grand_bassin_aerial_development,248,124.000,BUS_R02,1,1
grand_bassin_aerial_development,248,124.000,BUS_R03,1,1
grand_bassin_aerial_development,248,124.000,BUS_R04,1,1
grand_bassin_aerial_development,249,124.500,BUS_L01,1,1
grand_bassin_aerial_development,249,124.500,BUS_L02,1,1
grand_bassin_aerial_development,249,124.500,BUS_L03,1,1
grand_bassin_aerial_development,249,124.500,BUS_R01,1,1
grand_bassin_aerial_development,249,124.500,BUS_R02,1,1
grand_bassin_aerial_development,249,124.500,BUS_R03,1,1
grand_bassin_aerial_development,249,124.500,BUS_R04,1,1
grand_bassin_aerial_development,250,125.000,BUS_L01,1,1
grand_bassin_aerial_development,250,125.000,BUS_L02,1,1
grand_bassin_aerial_development,250,125.000,BUS_L03,1,1
grand_bassin_aerial_development,250,125.000,BUS_R01,1,1
grand_bassin_aerial_development,250,125.000,BUS_R02,1,1
grand_bassin_aerial_development,250,125.000,BUS_R03,1,1
grand_bassin_aerial_development,250,125.000,BUS_R04,1,1
grand_bassin_aerial_development,251,125.500,BUS_L01,1,1
grand_bassin_aerial_development,251,125.500,BUS_L02,1,1
grand_bassin_aerial_development,251,125.500,BUS_L03,1,1
grand_bassin_aerial_development,251,125.500,BUS_R01,1,1
grand_bassin_aerial_development,251,125.500,BUS_R02,1,1
grand_bassin_aerial_development,251,125.500,BUS_R03,1,1
grand_bassin_aerial_development,251,125.500,BUS_R04,1,1
grand_bassin_aerial_development,252,126.000,BUS_L01,1,1
grand_bassin_aerial_development,252,126.000,BUS_L02,1,1
grand_bassin_aerial_development,252,126.000,BUS_L03,1,1
grand_bassin_aerial_development,252,126.000,BUS_R01,1,1
grand_bassin_aerial_development,252,126.000,BUS_R02,1,1
grand_bassin_aerial_development,252,126.000,BUS_R03,1,1
grand_bassin_aerial_development,252,126.000,BUS_R04,1,1
grand_bassin_aerial_development,253,126.500,BUS_L01,1,1
grand_bassin_aerial_development,253,126.500,BUS_L02,1,1
grand_bassin_aerial_development,253,126.500,BUS_L03,1,1
grand_bassin_aerial_development,253,126.500,BUS_R01,1,1
grand_bassin_aerial_development,253,126.500,BUS_R02,1,1
grand_bassin_aerial_development,253,126.500,BUS_R03,1,1
grand_bassin_aerial_development,253,126.500,BUS_R04,1,1
grand_bassin_aerial_development,254,127.000,BUS_L01,1,1
grand_bassin_aerial_development,254,127.000,BUS_L02,1,1
grand_bassin_aerial_development,254,127.000,BUS_L03,1,1
grand_bassin_aerial_development,254,127.000,BUS_R01,1,1
grand_bassin_aerial_development,254,127.000,BUS_R02,1,1
grand_bassin_aerial_development,254,127.000,BUS_R03,1,1
grand_bassin_aerial_development,254,127.000,BUS_R04,1,1
grand_bassin_aerial_development,255,127.500,BUS_L01,1,1
grand_bassin_aerial_development,255,127.500,BUS_L02,1,1
grand_bassin_aerial_development,255,127.500,BUS_L03,1,1
grand_bassin_aerial_development,255,127.500,BUS_R01,1,1
grand_bassin_aerial_development,255,127.500,BUS_R02,1,1
grand_bassin_aerial_development,255,127.500,BUS_R03,1,1
grand_bassin_aerial_development,255,127.500,BUS_R04,1,1
grand_bassin_aerial_development,256,128.000,BUS_L01,1,1
grand_bassin_aerial_development,256,128.000,BUS_L02,1,1
grand_bassin_aerial_development,256,128.000,BUS_L03,1,1
grand_bassin_aerial_development,256,128.000,BUS_R01,1,1
grand_bassin_aerial_development,256,128.000,BUS_R02,1,1
grand_bassin_aerial_development,256,128.000,BUS_R03,1,1
grand_bassin_aerial_development,256,128.000,BUS_R04,1,1
grand_bassin_aerial_development,257,128.500,BUS_L01,1,1
grand_bassin_aerial_development,257,128.500,BUS_L02,1,1
grand_bassin_aerial_development,257,128.500,BUS_L03,1,1
grand_bassin_aerial_development,257,128.500,BUS_R01,1,1
grand_bassin_aerial_development,257,128.500,BUS_R02,1,1
grand_bassin_aerial_development,257,128.500,BUS_R03,1,1
grand_bassin_aerial_development,257,128.500,BUS_R04,1,1
grand_bassin_aerial_development,258,129.000,BUS_L01,1,1
grand_bassin_aerial_development,258,129.000,BUS_L02,1,1
grand_bassin_aerial_development,258,129.000,BUS_L03,1,1
grand_bassin_aerial_development,258,129.000,BUS_R01,1,1
grand_bassin_aerial_development,258,129.000,BUS_R02,1,1
grand_bassin_aerial_development,258,129.000,BUS_R03,1,1
grand_bassin_aerial_development,258,129.000,BUS_R04,1,1
grand_bassin_aerial_development,259,129.500,BUS_L01,1,1
grand_bassin_aerial_development,259,129.500,BUS_L02,1,1
grand_bassin_aerial_development,259,129.500,BUS_L03,1,1
grand_bassin_aerial_development,259,129.500,BUS_R01,1,1
grand_bassin_aerial_development,259,129.500,BUS_R02,1,1
grand_bassin_aerial_development,259,129.500,BUS_R03,1,1
grand_bassin_aerial_development,259,129.500,BUS_R04,1,1
grand_bassin_aerial_development,260,130.000,BUS_L01,1,1
grand_bassin_aerial_development,260,130.000,BUS_L02,1,1
grand_bassin_aerial_development,260,130.000,BUS_L03,1,1
grand_bassin_aerial_development,260,130.000,BUS_R01,1,1
grand_bassin_aerial_development,260,130.000,BUS_R02,1,1
grand_bassin_aerial_development,260,130.000,BUS_R03,1,1
grand_bassin_aerial_development,260,130.000,BUS_R04,1,1
grand_bassin_aerial_development,261,130.500,BUS_L01,1,1
grand_bassin_aerial_development,261,130.500,BUS_L02,1,1
grand_bassin_aerial_development,261,130.500,BUS_L03,1,1
grand_bassin_aerial_development,261,130.500,BUS_R01,1,1
grand_bassin_aerial_development,261,130.500,BUS_R02,1,1
grand_bassin_aerial_development,261,130.500,BUS_R03,1,1
grand_bassin_aerial_development,261,130.500,BUS_R04,1,1
grand_bassin_aerial_development,262,131.000,BUS_L01,1,1
grand_bassin_aerial_development,262,131.000,BUS_L02,1,1
grand_bassin_aerial_development,262,131.000,BUS_L03,1,1
grand_bassin_aerial_development,262,131.000,BUS_R01,1,1
grand_bassin_aerial_development,262,131.000,BUS_R02,1,1
grand_bassin_aerial_development,262,131.000,BUS_R03,1,1
grand_bassin_aerial_development,262,131.000,BUS_R04,1,1
grand_bassin_aerial_development,263,131.500,BUS_L01,1,1
grand_bassin_aerial_development,263,131.500,BUS_L02,1,1
grand_bassin_aerial_development,263,131.500,BUS_L03,1,1
grand_bassin_aerial_development,263,131.500,BUS_R01,1,1
grand_bassin_aerial_development,263,131.500,BUS_R02,1,1
grand_bassin_aerial_development,263,131.500,BUS_R03,1,1
grand_bassin_aerial_development,263,131.500,BUS_R04,1,1
grand_bassin_aerial_development,264,132.000,BUS_L01,1,1
grand_bassin_aerial_development,264,132.000,BUS_L02,1,1
grand_bassin_aerial_development,264,132.000,BUS_L03,1,1
grand_bassin_aerial_development,264,132.000,BUS_R01,1,1
grand_bassin_aerial_development,264,132.000,BUS_R02,1,1
grand_bassin_aerial_development,264,132.000,BUS_R03,1,1
grand_bassin_aerial_development,264,132.000,BUS_R04,1,1
grand_bassin_aerial_development,265,132.500,BUS_L01,1,1
grand_bassin_aerial_development,265,132.500,BUS_L02,1,1
grand_bassin_aerial_development,265,132.500,BUS_L03,1,1
grand_bassin_aerial_development,265,132.500,BUS_R01,1,1
grand_bassin_aerial_development,265,132.500,BUS_R02,1,1
grand_bassin_aerial_development,265,132.500,BUS_R03,1,1
grand_bassin_aerial_development,265,132.500,BUS_R04,1,1
grand_bassin_aerial_development,266,133.000,BUS_L01,1,1
grand_bassin_aerial_development,266,133.000,BUS_L02,1,1
grand_bassin_aerial_development,266,133.000,BUS_L03,1,1
grand_bassin_aerial_development,266,133.000,BUS_R01,1,1
grand_bassin_aerial_development,266,133.000,BUS_R02,1,1
grand_bassin_aerial_development,266,133.000,BUS_R03,1,1
grand_bassin_aerial_development,266,133.000,BUS_R04,1,1
grand_bassin_aerial_development,267,133.500,BUS_L01,1,1
grand_bassin_aerial_development,267,133.500,BUS_L02,1,1
grand_bassin_aerial_development,267,133.500,BUS_L03,1,1
grand_bassin_aerial_development,267,133.500,BUS_R01,1,1
grand_bassin_aerial_development,267,133.500,BUS_R02,1,1
grand_bassin_aerial_development,267,133.500,BUS_R03,1,1
grand_bassin_aerial_development,267,133.500,BUS_R04,1,1
grand_bassin_aerial_development,268,134.000,BUS_L01,1,1
grand_bassin_aerial_development,268,134.000,BUS_L02,1,1
grand_bassin_aerial_development,268,134.000,BUS_L03,1,1
grand_bassin_aerial_development,268,134.000,BUS_R01,1,1
grand_bassin_aerial_development,268,134.000,BUS_R02,1,1
grand_bassin_aerial_development,268,134.000,BUS_R03,1,1
grand_bassin_aerial_development,268,134.000,BUS_R04,1,1
grand_bassin_aerial_development,269,134.500,BUS_L01,1,1
grand_bassin_aerial_development,269,134.500,BUS_L02,1,1
grand_bassin_aerial_development,269,134.500,BUS_L03,1,1
grand_bassin_aerial_development,269,134.500,BUS_R01,1,1
grand_bassin_aerial_development,269,134.500,BUS_R02,1,1
grand_bassin_aerial_development,269,134.500,BUS_R03,1,1
grand_bassin_aerial_development,269,134.500,BUS_R04,1,1
grand_bassin_aerial_development,270,135.000,BUS_L01,1,1
grand_bassin_aerial_development,270,135.000,BUS_L02,1,1
grand_bassin_aerial_development,270,135.000,BUS_L03,1,1
grand_bassin_aerial_development,270,135.000,BUS_R01,1,1
grand_bassin_aerial_development,270,135.000,BUS_R02,1,1
grand_bassin_aerial_development,270,135.000,BUS_R03,1,1
grand_bassin_aerial_development,270,135.000,BUS_R04,1,1
grand_bassin_aerial_development,271,135.500,BUS_L01,1,1
grand_bassin_aerial_development,271,135.500,BUS_L02,1,1
grand_bassin_aerial_development,271,135.500,BUS_L03,1,1
grand_bassin_aerial_development,271,135.500,BUS_R01,1,1
grand_bassin_aerial_development,271,135.500,BUS_R02,1,1
grand_bassin_aerial_development,271,135.500,BUS_R03,1,1
grand_bassin_aerial_development,271,135.500,BUS_R04,1,1
grand_bassin_aerial_development,272,136.000,BUS_L01,1,1
grand_bassin_aerial_development,272,136.000,BUS_L02,1,1
grand_bassin_aerial_development,272,136.000,BUS_L03,1,1
grand_bassin_aerial_development,272,136.000,BUS_R01,1,1
grand_bassin_aerial_development,272,136.000,BUS_R02,1,1
grand_bassin_aerial_development,272,136.000,BUS_R03,1,1
grand_bassin_aerial_development,272,136.000,BUS_R04,1,1
grand_bassin_aerial_development,273,136.500,BUS_L01,1,1
grand_bassin_aerial_development,273,136.500,BUS_L02,1,1
grand_bassin_aerial_development,273,136.500,BUS_L03,1,1
grand_bassin_aerial_development,273,136.500,BUS_R01,1,1
grand_bassin_aerial_development,273,136.500,BUS_R02,1,1
grand_bassin_aerial_development,273,136.500,BUS_R03,1,1
grand_bassin_aerial_development,273,136.500,BUS_R04,1,1
grand_bassin_aerial_development,274,137.000,BUS_L01,1,1
grand_bassin_aerial_development,274,137.000,BUS_L02,1,1
grand_bassin_aerial_development,274,137.000,BUS_L03,1,1
grand_bassin_aerial_development,274,137.000,BUS_R01,1,1
grand_bassin_aerial_development,274,137.000,BUS_R02,1,1
grand_bassin_aerial_development,274,137.000,BUS_R03,1,1
grand_bassin_aerial_development,274,137.000,BUS_R04,1,1
grand_bassin_aerial_development,275,137.500,BUS_L01,1,1
grand_bassin_aerial_development,275,137.500,BUS_L02,1,1
grand_bassin_aerial_development,275,137.500,BUS_L03,1,1
grand_bassin_aerial_development,275,137.500,BUS_R01,1,1
grand_bassin_aerial_development,275,137.500,BUS_R02,1,1
grand_bassin_aerial_development,275,137.500,BUS_R03,1,1
grand_bassin_aerial_development,275,137.500,BUS_R04,1,1
grand_bassin_aerial_development,276,138.000,BUS_L01,1,1
grand_bassin_aerial_development,276,138.000,BUS_L02,1,1
grand_bassin_aerial_development,276,138.000,BUS_L03,1,1
grand_bassin_aerial_development,276,138.000,BUS_R01,1,1
grand_bassin_aerial_development,276,138.000,BUS_R02,1,1
grand_bassin_aerial_development,276,138.000,BUS_R03,1,1
grand_bassin_aerial_development,276,138.000,BUS_R04,1,1
grand_bassin_aerial_development,277,138.500,BUS_L01,1,1
grand_bassin_aerial_development,277,138.500,BUS_L02,1,1
grand_bassin_aerial_development,277,138.500,BUS_L03,1,1
grand_bassin_aerial_development,277,138.500,BUS_R01,1,1
grand_bassin_aerial_development,277,138.500,BUS_R02,1,1
grand_bassin_aerial_development,277,138.500,BUS_R03,1,1
grand_bassin_aerial_development,277,138.500,BUS_R04,1,1
grand_bassin_aerial_development,278,139.000,BUS_L01,1,1
grand_bassin_aerial_development,278,139.000,BUS_L02,1,1
grand_bassin_aerial_development,278,139.000,BUS_L03,1,1
grand_bassin_aerial_development,278,139.000,BUS_R01,1,1
grand_bassin_aerial_development,278,139.000,BUS_R02,1,1
grand_bassin_aerial_development,278,139.000,BUS_R03,1,1
grand_bassin_aerial_development,278,139.000,BUS_R04,1,1
grand_bassin_aerial_development,279,139.500,BUS_L01,1,1
grand_bassin_aerial_development,279,139.500,BUS_L02,1,1
grand_bassin_aerial_development,279,139.500,BUS_L03,1,1
grand_bassin_aerial_development,279,139.500,BUS_R01,1,1
grand_bassin_aerial_development,279,139.500,BUS_R02,1,1
grand_bassin_aerial_development,279,139.500,BUS_R03,1,1
grand_bassin_aerial_development,279,139.500,BUS_R04,1,1
grand_bassin_aerial_development,280,140.000,BUS_L01,1,1
grand_bassin_aerial_development,280,140.000,BUS_L02,1,1
grand_bassin_aerial_development,280,140.000,BUS_L03,1,1
grand_bassin_aerial_development,280,140.000,BUS_R01,1,1
grand_bassin_aerial_development,280,140.000,BUS_R02,1,1
grand_bassin_aerial_development,280,140.000,BUS_R03,1,1
grand_bassin_aerial_development,280,140.000,BUS_R04,1,1
grand_bassin_aerial_development,281,140.500,BUS_L01,1,1
grand_bassin_aerial_development,281,140.500,BUS_L02,1,1
grand_bassin_aerial_development,281,140.500,BUS_L03,1,1
grand_bassin_aerial_development,281,140.500,BUS_R01,1,1
grand_bassin_aerial_development,281,140.500,BUS_R02,1,1
grand_bassin_aerial_development,281,140.500,BUS_R03,1,1
grand_bassin_aerial_development,281,140.500,BUS_R04,1,1
grand_bassin_aerial_development,282,141.000,BUS_L01,1,1
grand_bassin_aerial_development,282,141.000,BUS_L02,1,1
grand_bassin_aerial_development,282,141.000,BUS_L03,1,1
grand_bassin_aerial_development,282,141.000,BUS_R01,1,1
grand_bassin_aerial_development,282,141.000,BUS_R02,1,1
grand_bassin_aerial_development,282,141.000,BUS_R03,1,1
grand_bassin_aerial_development,282,141.000,BUS_R04,1,1
grand_bassin_aerial_development,283,141.500,BUS_L01,1,1
grand_bassin_aerial_development,283,141.500,BUS_L02,1,1
grand_bassin_aerial_development,283,141.500,BUS_L03,1,1
grand_bassin_aerial_development,283,141.500,BUS_R01,1,1
grand_bassin_aerial_development,283,141.500,BUS_R02,1,1
grand_bassin_aerial_development,283,141.500,BUS_R03,1,1
grand_bassin_aerial_development,283,141.500,BUS_R04,1,1
grand_bassin_aerial_development,284,142.000,BUS_L01,1,1
grand_bassin_aerial_development,284,142.000,BUS_L02,1,1
grand_bassin_aerial_development,284,142.000,BUS_L03,1,1
grand_bassin_aerial_development,284,142.000,BUS_R01,1,1
grand_bassin_aerial_development,284,142.000,BUS_R02,1,1
grand_bassin_aerial_development,284,142.000,BUS_R03,1,1
grand_bassin_aerial_development,284,142.000,BUS_R04,1,1
grand_bassin_aerial_development,285,142.500,BUS_L01,1,1
grand_bassin_aerial_development,285,142.500,BUS_L02,1,1
grand_bassin_aerial_development,285,142.500,BUS_L03,1,1
grand_bassin_aerial_development,285,142.500,BUS_R01,1,1
grand_bassin_aerial_development,285,142.500,BUS_R02,1,1
grand_bassin_aerial_development,285,142.500,BUS_R03,1,1
grand_bassin_aerial_development,285,142.500,BUS_R04,1,1
grand_bassin_aerial_development,286,143.000,BUS_L01,1,1
grand_bassin_aerial_development,286,143.000,BUS_L02,1,1
grand_bassin_aerial_development,286,143.000,BUS_L03,1,1
grand_bassin_aerial_development,286,143.000,BUS_R01,1,1
grand_bassin_aerial_development,286,143.000,BUS_R02,1,1
grand_bassin_aerial_development,286,143.000,BUS_R03,1,1
grand_bassin_aerial_development,286,143.000,BUS_R04,1,1
grand_bassin_aerial_development,287,143.500,BUS_L01,1,1
grand_bassin_aerial_development,287,143.500,BUS_L02,1,1
grand_bassin_aerial_development,287,143.500,BUS_L03,1,1
grand_bassin_aerial_development,287,143.500,BUS_R01,1,1
grand_bassin_aerial_development,287,143.500,BUS_R02,1,1
grand_bassin_aerial_development,287,143.500,BUS_R03,1,1
grand_bassin_aerial_development,287,143.500,BUS_R04,1,1
grand_bassin_aerial_development,288,144.000,BUS_L01,1,1
grand_bassin_aerial_development,288,144.000,BUS_L02,1,1
grand_bassin_aerial_development,288,144.000,BUS_L03,1,1
grand_bassin_aerial_development,288,144.000,BUS_R01,1,1
grand_bassin_aerial_development,288,144.000,BUS_R02,1,1
grand_bassin_aerial_development,288,144.000,BUS_R03,1,1
grand_bassin_aerial_development,288,144.000,BUS_R04,1,1
grand_bassin_aerial_development,289,144.500,BUS_L01,1,1
grand_bassin_aerial_development,289,144.500,BUS_L02,1,1
grand_bassin_aerial_development,289,144.500,BUS_L03,1,1
grand_bassin_aerial_development,289,144.500,BUS_R01,1,1
grand_bassin_aerial_development,289,144.500,BUS_R02,1,1
grand_bassin_aerial_development,289,144.500,BUS_R03,1,1
grand_bassin_aerial_development,289,144.500,BUS_R04,1,1
grand_bassin_aerial_development,290,145.000,BUS_L01,1,1
grand_bassin_aerial_development,290,145.000,BUS_L02,1,1
grand_bassin_aerial_development,290,145.000,BUS_L03,1,1
grand_bassin_aerial_development,290,145.000,BUS_R01,1,1
grand_bassin_aerial_development,290,145.000,BUS_R02,1,1
grand_bassin_aerial_development,290,145.000,BUS_R03,1,1
grand_bassin_aerial_development,290,145.000,BUS_R04,1,1
grand_bassin_aerial_development,291,145.500,BUS_L01,1,1
grand_bassin_aerial_development,291,145.500,BUS_L02,1,1
grand_bassin_aerial_development,291,145.500,BUS_L03,1,1
grand_bassin_aerial_development,291,145.500,BUS_R01,1,1
grand_bassin_aerial_development,291,145.500,BUS_R02,1,1
grand_bassin_aerial_development,291,145.500,BUS_R03,1,1
grand_bassin_aerial_development,291,145.500,BUS_R04,1,1
grand_bassin_aerial_development,292,146.000,BUS_L01,1,1
grand_bassin_aerial_development,292,146.000,BUS_L02,1,1
grand_bassin_aerial_development,292,146.000,BUS_L03,1,1
grand_bassin_aerial_development,292,146.000,BUS_R01,1,1
grand_bassin_aerial_development,292,146.000,BUS_R02,1,1
grand_bassin_aerial_development,292,146.000,BUS_R03,1,1
grand_bassin_aerial_development,292,146.000,BUS_R04,1,1
grand_bassin_aerial_development,293,146.500,BUS_L01,1,1
grand_bassin_aerial_development,293,146.500,BUS_L02,1,1
grand_bassin_aerial_development,293,146.500,BUS_L03,1,1
grand_bassin_aerial_development,293,146.500,BUS_R01,1,1
grand_bassin_aerial_development,293,146.500,BUS_R02,1,1
grand_bassin_aerial_development,293,146.500,BUS_R03,1,1
grand_bassin_aerial_development,293,146.500,BUS_R04,1,1
grand_bassin_aerial_development,294,147.000,BUS_L01,1,1
grand_bassin_aerial_development,294,147.000,BUS_L02,1,1
grand_bassin_aerial_development,294,147.000,BUS_L03,1,1
grand_bassin_aerial_development,294,147.000,BUS_R01,1,1
grand_bassin_aerial_development,294,147.000,BUS_R02,1,1
grand_bassin_aerial_development,294,147.000,BUS_R03,1,1
grand_bassin_aerial_development,294,147.000,BUS_R04,1,1
grand_bassin_aerial_development,295,147.500,BUS_L01,1,1
grand_bassin_aerial_development,295,147.500,BUS_L02,1,1
grand_bassin_aerial_development,295,147.500,BUS_L03,1,1
grand_bassin_aerial_development,295,147.500,BUS_R01,1,1
grand_bassin_aerial_development,295,147.500,BUS_R02,1,1
grand_bassin_aerial_development,295,147.500,BUS_R03,1,1
grand_bassin_aerial_development,295,147.500,BUS_R04,1,1
grand_bassin_aerial_development,296,148.000,BUS_L01,1,1
grand_bassin_aerial_development,296,148.000,BUS_L02,1,1
grand_bassin_aerial_development,296,148.000,BUS_L03,1,1
grand_bassin_aerial_development,296,148.000,BUS_R01,1,1
grand_bassin_aerial_development,296,148.000,BUS_R02,1,1
grand_bassin_aerial_development,296,148.000,BUS_R03,1,1
grand_bassin_aerial_development,296,148.000,BUS_R04,1,1
grand_bassin_aerial_development,297,148.500,BUS_L01,1,1
grand_bassin_aerial_development,297,148.500,BUS_L02,1,1
grand_bassin_aerial_development,297,148.500,BUS_L03,1,1
grand_bassin_aerial_development,297,148.500,BUS_R01,1,1
grand_bassin_aerial_development,297,148.500,BUS_R02,1,1
grand_bassin_aerial_development,297,148.500,BUS_R03,1,1
grand_bassin_aerial_development,297,148.500,BUS_R04,1,1
grand_bassin_aerial_development,298,149.000,BUS_L01,1,1
grand_bassin_aerial_development,298,149.000,BUS_L02,1,1
grand_bassin_aerial_development,298,149.000,BUS_L03,1,1
grand_bassin_aerial_development,298,149.000,BUS_R01,1,1
grand_bassin_aerial_development,298,149.000,BUS_R02,1,1
grand_bassin_aerial_development,298,149.000,BUS_R03,1,1
grand_bassin_aerial_development,298,149.000,BUS_R04,1,1
grand_bassin_aerial_development,299,149.500,BUS_L01,1,1
grand_bassin_aerial_development,299,149.500,BUS_L02,1,1
grand_bassin_aerial_development,299,149.500,BUS_L03,1,1
grand_bassin_aerial_development,299,149.500,BUS_R01,1,1
grand_bassin_aerial_development,299,149.500,BUS_R02,1,1
grand_bassin_aerial_development,299,149.500,BUS_R03,1,1
grand_bassin_aerial_development,299,149.500,BUS_R04,1,1
grand_bassin_aerial_development,300,150.000,BUS_L01,1,1
grand_bassin_aerial_development,300,150.000,BUS_L02,1,1
grand_bassin_aerial_development,300,150.000,BUS_L03,1,1
grand_bassin_aerial_development,300,150.000,BUS_R01,1,1
grand_bassin_aerial_development,300,150.000,BUS_R02,1,1
grand_bassin_aerial_development,300,150.000,BUS_R03,1,1
grand_bassin_aerial_development,300,150.000,BUS_R04,1,1
grand_bassin_aerial_development,301,150.500,BUS_L01,1,1
grand_bassin_aerial_development,301,150.500,BUS_L02,1,1
grand_bassin_aerial_development,301,150.500,BUS_L03,1,1
grand_bassin_aerial_development,301,150.500,BUS_R01,1,1
grand_bassin_aerial_development,301,150.500,BUS_R02,1,1
grand_bassin_aerial_development,301,150.500,BUS_R03,1,1
grand_bassin_aerial_development,301,150.500,BUS_R04,1,1
grand_bassin_aerial_development,302,151.000,BUS_L01,1,1
grand_bassin_aerial_development,302,151.000,BUS_L02,1,1
grand_bassin_aerial_development,302,151.000,BUS_L03,1,1
grand_bassin_aerial_development,302,151.000,BUS_R01,1,1
grand_bassin_aerial_development,302,151.000,BUS_R02,1,1
grand_bassin_aerial_development,302,151.000,BUS_R03,1,1
grand_bassin_aerial_development,302,151.000,BUS_R04,1,1
grand_bassin_aerial_development,303,151.500,BUS_L01,1,1
grand_bassin_aerial_development,303,151.500,BUS_L02,1,1
grand_bassin_aerial_development,303,151.500,BUS_L03,1,1
grand_bassin_aerial_development,303,151.500,BUS_R01,1,1
grand_bassin_aerial_development,303,151.500,BUS_R02,1,1
grand_bassin_aerial_development,303,151.500,BUS_R03,1,1
grand_bassin_aerial_development,303,151.500,BUS_R04,1,1
grand_bassin_aerial_development,304,152.000,BUS_L01,1,1
grand_bassin_aerial_development,304,152.000,BUS_L02,1,1
grand_bassin_aerial_development,304,152.000,BUS_L03,1,1
grand_bassin_aerial_development,304,152.000,BUS_R01,1,1
grand_bassin_aerial_development,304,152.000,BUS_R02,1,1
grand_bassin_aerial_development,304,152.000,BUS_R03,1,1
grand_bassin_aerial_development,304,152.000,BUS_R04,1,1
grand_bassin_aerial_development,305,152.500,BUS_L01,1,1
grand_bassin_aerial_development,305,152.500,BUS_L02,1,1
grand_bassin_aerial_development,305,152.500,BUS_L03,1,1
grand_bassin_aerial_development,305,152.500,BUS_R01,1,1
grand_bassin_aerial_development,305,152.500,BUS_R02,1,1
grand_bassin_aerial_development,305,152.500,BUS_R03,1,1
grand_bassin_aerial_development,305,152.500,BUS_R04,1,1
grand_bassin_aerial_development,306,153.000,BUS_L01,1,1
grand_bassin_aerial_development,306,153.000,BUS_L02,1,1
grand_bassin_aerial_development,306,153.000,BUS_L03,1,1
grand_bassin_aerial_development,306,153.000,BUS_R01,1,1
grand_bassin_aerial_development,306,153.000,BUS_R02,1,1
grand_bassin_aerial_development,306,153.000,BUS_R03,1,1
grand_bassin_aerial_development,306,153.000,BUS_R04,1,1
grand_bassin_aerial_development,307,153.500,BUS_L01,1,1
grand_bassin_aerial_development,307,153.500,BUS_L02,1,1
grand_bassin_aerial_development,307,153.500,BUS_L03,1,1
grand_bassin_aerial_development,307,153.500,BUS_R01,1,1
grand_bassin_aerial_development,307,153.500,BUS_R02,1,1
grand_bassin_aerial_development,307,153.500,BUS_R03,1,1
grand_bassin_aerial_development,307,153.500,BUS_R04,1,1
grand_bassin_aerial_development,308,154.000,BUS_L01,1,1
grand_bassin_aerial_development,308,154.000,BUS_L02,1,1
grand_bassin_aerial_development,308,154.000,BUS_L03,1,1
grand_bassin_aerial_development,308,154.000,BUS_R01,1,1
grand_bassin_aerial_development,308,154.000,BUS_R02,1,1
grand_bassin_aerial_development,308,154.000,BUS_R03,1,1
grand_bassin_aerial_development,308,154.000,BUS_R04,1,1
grand_bassin_aerial_development,309,154.500,BUS_L01,1,1
grand_bassin_aerial_development,309,154.500,BUS_L02,1,1
grand_bassin_aerial_development,309,154.500,BUS_L03,1,1
grand_bassin_aerial_development,309,154.500,BUS_R01,1,1
grand_bassin_aerial_development,309,154.500,BUS_R02,1,1
grand_bassin_aerial_development,309,154.500,BUS_R03,1,1
grand_bassin_aerial_development,309,154.500,BUS_R04,1,1
grand_bassin_aerial_development,310,155.000,BUS_L01,1,1
grand_bassin_aerial_development,310,155.000,BUS_L02,1,1
grand_bassin_aerial_development,310,155.000,BUS_L03,1,1
grand_bassin_aerial_development,310,155.000,BUS_R01,1,1
grand_bassin_aerial_development,310,155.000,BUS_R02,1,1
grand_bassin_aerial_development,310,155.000,BUS_R03,1,1
grand_bassin_aerial_development,310,155.000,BUS_R04,1,1
grand_bassin_aerial_development,311,155.500,BUS_L01,1,1
grand_bassin_aerial_development,311,155.500,BUS_L02,1,1
grand_bassin_aerial_development,311,155.500,BUS_L03,1,1
grand_bassin_aerial_development,311,155.500,BUS_R01,1,1
grand_bassin_aerial_development,311,155.500,BUS_R02,1,1
grand_bassin_aerial_development,311,155.500,BUS_R03,1,1
grand_bassin_aerial_development,311,155.500,BUS_R04,1,1
grand_bassin_aerial_development,312,156.000,BUS_L01,1,1
grand_bassin_aerial_development,312,156.000,BUS_L02,1,1
grand_bassin_aerial_development,312,156.000,BUS_L03,1,1
grand_bassin_aerial_development,312,156.000,BUS_R01,1,1
grand_bassin_aerial_development,312,156.000,BUS_R02,1,1
grand_bassin_aerial_development,312,156.000,BUS_R03,1,1
grand_bassin_aerial_development,312,156.000,BUS_R04,1,1
grand_bassin_aerial_development,313,156.500,BUS_L01,1,1
grand_bassin_aerial_development,313,156.500,BUS_L02,1,1
grand_bassin_aerial_development,313,156.500,BUS_L03,1,1
grand_bassin_aerial_development,313,156.500,BUS_R01,1,1
grand_bassin_aerial_development,313,156.500,BUS_R02,1,1
grand_bassin_aerial_development,313,156.500,BUS_R03,1,1
grand_bassin_aerial_development,313,156.500,BUS_R04,1,1
grand_bassin_aerial_development,314,157.000,BUS_L01,1,1
grand_bassin_aerial_development,314,157.000,BUS_L02,1,1
grand_bassin_aerial_development,314,157.000,BUS_L03,1,1
grand_bassin_aerial_development,314,157.000,BUS_R01,1,1
grand_bassin_aerial_development,314,157.000,BUS_R02,1,1
grand_bassin_aerial_development,314,157.000,BUS_R03,1,1
grand_bassin_aerial_development,314,157.000,BUS_R04,1,1
grand_bassin_aerial_development,315,157.500,BUS_L01,1,1
grand_bassin_aerial_development,315,157.500,BUS_L02,1,1
grand_bassin_aerial_development,315,157.500,BUS_L03,1,1
grand_bassin_aerial_development,315,157.500,BUS_R01,1,1
grand_bassin_aerial_development,315,157.500,BUS_R02,1,1
grand_bassin_aerial_development,315,157.500,BUS_R03,1,1
grand_bassin_aerial_development,315,157.500,BUS_R04,1,1
grand_bassin_aerial_development,316,158.000,BUS_L01,1,1
grand_bassin_aerial_development,316,158.000,BUS_L02,1,1
grand_bassin_aerial_development,316,158.000,BUS_L03,1,1
grand_bassin_aerial_development,316,158.000,BUS_R01,1,1
grand_bassin_aerial_development,316,158.000,BUS_R02,1,1
grand_bassin_aerial_development,316,158.000,BUS_R03,1,1
grand_bassin_aerial_development,316,158.000,BUS_R04,1,1
grand_bassin_aerial_development,317,158.500,BUS_L01,1,1
grand_bassin_aerial_development,317,158.500,BUS_L02,1,1
grand_bassin_aerial_development,317,158.500,BUS_L03,1,1
grand_bassin_aerial_development,317,158.500,BUS_R01,1,1
grand_bassin_aerial_development,317,158.500,BUS_R02,1,1
grand_bassin_aerial_development,317,158.500,BUS_R03,1,1
grand_bassin_aerial_development,317,158.500,BUS_R04,1,1
grand_bassin_aerial_development,318,159.000,BUS_L01,1,1
grand_bassin_aerial_development,318,159.000,BUS_L02,1,1
grand_bassin_aerial_development,318,159.000,BUS_L03,1,1
grand_bassin_aerial_development,318,159.000,BUS_R01,1,1
grand_bassin_aerial_development,318,159.000,BUS_R02,1,1
grand_bassin_aerial_development,318,159.000,BUS_R03,1,1
grand_bassin_aerial_development,318,159.000,BUS_R04,1,1
grand_bassin_aerial_development,319,159.500,BUS_L01,1,1
grand_bassin_aerial_development,319,159.500,BUS_L02,1,1
grand_bassin_aerial_development,319,159.500,BUS_L03,1,1
grand_bassin_aerial_development,319,159.500,BUS_R01,1,1
grand_bassin_aerial_development,319,159.500,BUS_R02,1,1
grand_bassin_aerial_development,319,159.500,BUS_R03,1,1
grand_bassin_aerial_development,319,159.500,BUS_R04,1,1
grand_bassin_aerial_development,320,160.000,BUS_L01,1,1
grand_bassin_aerial_development,320,160.000,BUS_L02,1,1
grand_bassin_aerial_development,320,160.000,BUS_L03,1,1
grand_bassin_aerial_development,320,160.000,BUS_R01,1,1
grand_bassin_aerial_development,320,160.000,BUS_R02,1,1
grand_bassin_aerial_development,320,160.000,BUS_R03,1,1
grand_bassin_aerial_development,320,160.000,BUS_R04,1,1
grand_bassin_aerial_development,321,160.500,BUS_L01,1,1
grand_bassin_aerial_development,321,160.500,BUS_L02,1,1
grand_bassin_aerial_development,321,160.500,BUS_L03,1,1
grand_bassin_aerial_development,321,160.500,BUS_R01,1,1
grand_bassin_aerial_development,321,160.500,BUS_R02,1,1
grand_bassin_aerial_development,321,160.500,BUS_R03,1,1
grand_bassin_aerial_development,321,160.500,BUS_R04,1,1
grand_bassin_aerial_development,322,161.000,BUS_L01,1,1
grand_bassin_aerial_development,322,161.000,BUS_L02,1,1
grand_bassin_aerial_development,322,161.000,BUS_L03,1,1
grand_bassin_aerial_development,322,161.000,BUS_R01,1,1
grand_bassin_aerial_development,322,161.000,BUS_R02,1,1
grand_bassin_aerial_development,322,161.000,BUS_R03,1,1
grand_bassin_aerial_development,322,161.000,BUS_R04,1,1
grand_bassin_aerial_development,323,161.500,BUS_L01,1,1
grand_bassin_aerial_development,323,161.500,BUS_L02,1,1
grand_bassin_aerial_development,323,161.500,BUS_L03,1,1
grand_bassin_aerial_development,323,161.500,BUS_R01,1,1
grand_bassin_aerial_development,323,161.500,BUS_R02,1,1
grand_bassin_aerial_development,323,161.500,BUS_R03,1,1
grand_bassin_aerial_development,323,161.500,BUS_R04,1,1
grand_bassin_aerial_development,324,162.000,BUS_L01,1,1
grand_bassin_aerial_development,324,162.000,BUS_L02,1,1
grand_bassin_aerial_development,324,162.000,BUS_L03,1,1
grand_bassin_aerial_development,324,162.000,BUS_R01,1,1
grand_bassin_aerial_development,324,162.000,BUS_R02,1,1
grand_bassin_aerial_development,324,162.000,BUS_R03,1,1
grand_bassin_aerial_development,324,162.000,BUS_R04,1,1
grand_bassin_aerial_development,325,162.500,BUS_L01,1,1
grand_bassin_aerial_development,325,162.500,BUS_L02,1,1
grand_bassin_aerial_development,325,162.500,BUS_L03,1,1
grand_bassin_aerial_development,325,162.500,BUS_R01,1,1
grand_bassin_aerial_development,325,162.500,BUS_R02,1,1
grand_bassin_aerial_development,325,162.500,BUS_R03,1,1
grand_bassin_aerial_development,325,162.500,BUS_R04,1,1
grand_bassin_aerial_development,326,163.000,BUS_L01,1,1
grand_bassin_aerial_development,326,163.000,BUS_L02,1,1
grand_bassin_aerial_development,326,163.000,BUS_L03,1,1
grand_bassin_aerial_development,326,163.000,BUS_R01,1,1
grand_bassin_aerial_development,326,163.000,BUS_R02,1,1
grand_bassin_aerial_development,326,163.000,BUS_R03,1,1
grand_bassin_aerial_development,326,163.000,BUS_R04,1,1
grand_bassin_aerial_development,327,163.500,BUS_L01,1,1
grand_bassin_aerial_development,327,163.500,BUS_L02,1,1
grand_bassin_aerial_development,327,163.500,BUS_L03,1,1
grand_bassin_aerial_development,327,163.500,BUS_R01,1,1
grand_bassin_aerial_development,327,163.500,BUS_R02,1,1
grand_bassin_aerial_development,327,163.500,BUS_R03,1,1
grand_bassin_aerial_development,327,163.500,BUS_R04,1,1
grand_bassin_aerial_development,328,164.000,BUS_L01,1,1
grand_bassin_aerial_development,328,164.000,BUS_L02,1,1
grand_bassin_aerial_development,328,164.000,BUS_L03,1,1
grand_bassin_aerial_development,328,164.000,BUS_R01,1,1
grand_bassin_aerial_development,328,164.000,BUS_R02,1,1
grand_bassin_aerial_development,328,164.000,BUS_R03,1,1
grand_bassin_aerial_development,328,164.000,BUS_R04,1,1
grand_bassin_aerial_development,329,164.500,BUS_L01,1,1
grand_bassin_aerial_development,329,164.500,BUS_L02,1,1
grand_bassin_aerial_development,329,164.500,BUS_L03,1,1
grand_bassin_aerial_development,329,164.500,BUS_R01,1,1
grand_bassin_aerial_development,329,164.500,BUS_R02,1,1
grand_bassin_aerial_development,329,164.500,BUS_R03,1,1
grand_bassin_aerial_development,329,164.500,BUS_R04,1,1
grand_bassin_aerial_development,330,165.000,BUS_L01,1,1
grand_bassin_aerial_development,330,165.000,BUS_L02,1,1
grand_bassin_aerial_development,330,165.000,BUS_L03,1,1
grand_bassin_aerial_development,330,165.000,BUS_R01,1,1
grand_bassin_aerial_development,330,165.000,BUS_R02,1,1
grand_bassin_aerial_development,330,165.000,BUS_R03,1,1
grand_bassin_aerial_development,330,165.000,BUS_R04,1,1
grand_bassin_aerial_development,331,165.500,BUS_L01,1,1
grand_bassin_aerial_development,331,165.500,BUS_L02,1,1
grand_bassin_aerial_development,331,165.500,BUS_L03,1,1
grand_bassin_aerial_development,331,165.500,BUS_R01,1,1
grand_bassin_aerial_development,331,165.500,BUS_R02,1,1
grand_bassin_aerial_development,331,165.500,BUS_R03,1,1
grand_bassin_aerial_development,331,165.500,BUS_R04,1,1
grand_bassin_aerial_development,332,166.000,BUS_L01,1,1
grand_bassin_aerial_development,332,166.000,BUS_L02,1,1
grand_bassin_aerial_development,332,166.000,BUS_L03,1,1
grand_bassin_aerial_development,332,166.000,BUS_R01,1,1
grand_bassin_aerial_development,332,166.000,BUS_R02,1,1
grand_bassin_aerial_development,332,166.000,BUS_R03,1,1
grand_bassin_aerial_development,332,166.000,BUS_R04,1,1
grand_bassin_aerial_development,333,166.500,BUS_L01,1,1
grand_bassin_aerial_development,333,166.500,BUS_L02,1,1
grand_bassin_aerial_development,333,166.500,BUS_L03,1,1
grand_bassin_aerial_development,333,166.500,BUS_R01,1,1
grand_bassin_aerial_development,333,166.500,BUS_R02,1,1
grand_bassin_aerial_development,333,166.500,BUS_R03,1,1
grand_bassin_aerial_development,333,166.500,BUS_R04,1,1
grand_bassin_aerial_development,334,167.000,BUS_L01,1,1
grand_bassin_aerial_development,334,167.000,BUS_L02,1,1
grand_bassin_aerial_development,334,167.000,BUS_L03,1,1
grand_bassin_aerial_development,334,167.000,BUS_R01,1,1
grand_bassin_aerial_development,334,167.000,BUS_R02,1,1
grand_bassin_aerial_development,334,167.000,BUS_R03,1,1
grand_bassin_aerial_development,334,167.000,BUS_R04,1,1
grand_bassin_aerial_development,335,167.500,BUS_L01,1,1
grand_bassin_aerial_development,335,167.500,BUS_L02,1,1
grand_bassin_aerial_development,335,167.500,BUS_L03,1,1
grand_bassin_aerial_development,335,167.500,BUS_R01,1,1
grand_bassin_aerial_development,335,167.500,BUS_R02,1,1
grand_bassin_aerial_development,335,167.500,BUS_R03,1,1
grand_bassin_aerial_development,335,167.500,BUS_R04,1,1
grand_bassin_aerial_development,336,168.000,BUS_L01,1,1
grand_bassin_aerial_development,336,168.000,BUS_L02,1,1
grand_bassin_aerial_development,336,168.000,BUS_L03,1,1
grand_bassin_aerial_development,336,168.000,BUS_R01,1,1
grand_bassin_aerial_development,336,168.000,BUS_R02,1,1
grand_bassin_aerial_development,336,168.000,BUS_R03,1,1
grand_bassin_aerial_development,336,168.000,BUS_R04,1,1
grand_bassin_aerial_development,337,168.500,BUS_L01,1,1
grand_bassin_aerial_development,337,168.500,BUS_L02,1,1
grand_bassin_aerial_development,337,168.500,BUS_L03,1,1
grand_bassin_aerial_development,337,168.500,BUS_R01,1,1
grand_bassin_aerial_development,337,168.500,BUS_R02,1,1
grand_bassin_aerial_development,337,168.500,BUS_R03,1,1
grand_bassin_aerial_development,337,168.500,BUS_R04,1,1
grand_bassin_aerial_development,338,169.000,BUS_L01,1,1
grand_bassin_aerial_development,338,169.000,BUS_L02,1,1
grand_bassin_aerial_development,338,169.000,BUS_L03,1,1
grand_bassin_aerial_development,338,169.000,BUS_R01,1,1
grand_bassin_aerial_development,338,169.000,BUS_R02,1,1
grand_bassin_aerial_development,338,169.000,BUS_R03,1,1
grand_bassin_aerial_development,338,169.000,BUS_R04,1,1
grand_bassin_aerial_development,339,169.500,BUS_L01,1,1
grand_bassin_aerial_development,339,169.500,BUS_L02,1,1
grand_bassin_aerial_development,339,169.500,BUS_L03,1,1
grand_bassin_aerial_development,339,169.500,BUS_R01,1,1
grand_bassin_aerial_development,339,169.500,BUS_R02,1,1
grand_bassin_aerial_development,339,169.500,BUS_R03,1,1
grand_bassin_aerial_development,339,169.500,BUS_R04,1,1
grand_bassin_aerial_development,340,170.000,BUS_L01,1,1
grand_bassin_aerial_development,340,170.000,BUS_L02,1,1
grand_bassin_aerial_development,340,170.000,BUS_L03,1,1
grand_bassin_aerial_development,340,170.000,BUS_R01,1,1
grand_bassin_aerial_development,340,170.000,BUS_R02,1,1
grand_bassin_aerial_development,340,170.000,BUS_R03,1,1
grand_bassin_aerial_development,340,170.000,BUS_R04,1,1
grand_bassin_aerial_development,341,170.500,BUS_L01,1,1
grand_bassin_aerial_development,341,170.500,BUS_L02,1,1
grand_bassin_aerial_development,341,170.500,BUS_L03,1,1
grand_bassin_aerial_development,341,170.500,BUS_R01,1,1
grand_bassin_aerial_development,341,170.500,BUS_R02,1,1
grand_bassin_aerial_development,341,170.500,BUS_R03,1,1
grand_bassin_aerial_development,341,170.500,BUS_R04,1,1
grand_bassin_aerial_development,342,171.000,BUS_L01,1,1
grand_bassin_aerial_development,342,171.000,BUS_L02,1,1
grand_bassin_aerial_development,342,171.000,BUS_L03,1,1
grand_bassin_aerial_development,342,171.000,BUS_R01,1,1
grand_bassin_aerial_development,342,171.000,BUS_R02,1,1
grand_bassin_aerial_development,342,171.000,BUS_R03,1,1
grand_bassin_aerial_development,342,171.000,BUS_R04,1,1
grand_bassin_aerial_development,343,171.500,BUS_L01,1,1
grand_bassin_aerial_development,343,171.500,BUS_L02,1,1
grand_bassin_aerial_development,343,171.500,BUS_L03,1,1
grand_bassin_aerial_development,343,171.500,BUS_R01,1,1
grand_bassin_aerial_development,343,171.500,BUS_R02,1,1
grand_bassin_aerial_development,343,171.500,BUS_R03,1,1
grand_bassin_aerial_development,343,171.500,BUS_R04,1,1
grand_bassin_aerial_development,344,172.000,BUS_L01,1,1
grand_bassin_aerial_development,344,172.000,BUS_L02,1,1
grand_bassin_aerial_development,344,172.000,BUS_L03,1,1
grand_bassin_aerial_development,344,172.000,BUS_R01,1,1
grand_bassin_aerial_development,344,172.000,BUS_R02,1,1
grand_bassin_aerial_development,344,172.000,BUS_R03,1,1
grand_bassin_aerial_development,344,172.000,BUS_R04,1,1
grand_bassin_aerial_development,345,172.500,BUS_L01,1,1
grand_bassin_aerial_development,345,172.500,BUS_L02,1,1
grand_bassin_aerial_development,345,172.500,BUS_L03,1,1
grand_bassin_aerial_development,345,172.500,BUS_R01,1,1
grand_bassin_aerial_development,345,172.500,BUS_R02,1,1
grand_bassin_aerial_development,345,172.500,BUS_R03,1,1
grand_bassin_aerial_development,345,172.500,BUS_R04,1,1
grand_bassin_aerial_development,346,173.000,BUS_L01,1,1
grand_bassin_aerial_development,346,173.000,BUS_L02,1,1
grand_bassin_aerial_development,346,173.000,BUS_L03,1,1
grand_bassin_aerial_development,346,173.000,BUS_R01,1,1
grand_bassin_aerial_development,346,173.000,BUS_R02,1,1
grand_bassin_aerial_development,346,173.000,BUS_R03,1,1
grand_bassin_aerial_development,346,173.000,BUS_R04,1,1
grand_bassin_aerial_development,347,173.500,BUS_L01,1,1
grand_bassin_aerial_development,347,173.500,BUS_L02,1,1
grand_bassin_aerial_development,347,173.500,BUS_L03,1,1
grand_bassin_aerial_development,347,173.500,BUS_R01,1,1
grand_bassin_aerial_development,347,173.500,BUS_R02,1,1
grand_bassin_aerial_development,347,173.500,BUS_R03,1,1
grand_bassin_aerial_development,347,173.500,BUS_R04,1,1
grand_bassin_aerial_development,348,174.000,BUS_L01,1,1
grand_bassin_aerial_development,348,174.000,BUS_L02,1,1
grand_bassin_aerial_development,348,174.000,BUS_L03,1,1
grand_bassin_aerial_development,348,174.000,BUS_R01,1,1
grand_bassin_aerial_development,348,174.000,BUS_R02,1,1
grand_bassin_aerial_development,348,174.000,BUS_R03,1,1
grand_bassin_aerial_development,348,174.000,BUS_R04,1,1
grand_bassin_aerial_development,349,174.500,BUS_L01,1,1
grand_bassin_aerial_development,349,174.500,BUS_L02,1,1
grand_bassin_aerial_development,349,174.500,BUS_L03,1,1
grand_bassin_aerial_development,349,174.500,BUS_R01,1,1
grand_bassin_aerial_development,349,174.500,BUS_R02,1,1
grand_bassin_aerial_development,349,174.500,BUS_R03,1,1
grand_bassin_aerial_development,349,174.500,BUS_R04,1,1
grand_bassin_aerial_development,350,175.000,BUS_L01,1,1
grand_bassin_aerial_development,350,175.000,BUS_L02,1,1
grand_bassin_aerial_development,350,175.000,BUS_L03,1,1
grand_bassin_aerial_development,350,175.000,BUS_R01,1,1
grand_bassin_aerial_development,350,175.000,BUS_R02,1,1
grand_bassin_aerial_development,350,175.000,BUS_R03,1,1
grand_bassin_aerial_development,350,175.000,BUS_R04,1,1
grand_bassin_aerial_development,351,175.500,BUS_L01,1,1
grand_bassin_aerial_development,351,175.500,BUS_L02,1,1
grand_bassin_aerial_development,351,175.500,BUS_L03,1,1
grand_bassin_aerial_development,351,175.500,BUS_R01,1,1
grand_bassin_aerial_development,351,175.500,BUS_R02,1,1
grand_bassin_aerial_development,351,175.500,BUS_R03,1,1
grand_bassin_aerial_development,351,175.500,BUS_R04,1,1
grand_bassin_aerial_development,352,176.000,BUS_L01,1,1
grand_bassin_aerial_development,352,176.000,BUS_L02,1,1
grand_bassin_aerial_development,352,176.000,BUS_L03,1,1
grand_bassin_aerial_development,352,176.000,BUS_R01,1,1
grand_bassin_aerial_development,352,176.000,BUS_R02,1,1
grand_bassin_aerial_development,352,176.000,BUS_R03,1,1
grand_bassin_aerial_development,352,176.000,BUS_R04,1,1
grand_bassin_aerial_development,353,176.500,BUS_L01,1,1
grand_bassin_aerial_development,353,176.500,BUS_L02,1,1
grand_bassin_aerial_development,353,176.500,BUS_L03,1,1
grand_bassin_aerial_development,353,176.500,BUS_R01,1,1
grand_bassin_aerial_development,353,176.500,BUS_R02,1,1
grand_bassin_aerial_development,353,176.500,BUS_R03,1,1
grand_bassin_aerial_development,353,176.500,BUS_R04,1,1
grand_bassin_aerial_development,354,177.000,BUS_L01,1,1
grand_bassin_aerial_development,354,177.000,BUS_L02,1,1
grand_bassin_aerial_development,354,177.000,BUS_L03,1,1
grand_bassin_aerial_development,354,177.000,BUS_R01,1,1
grand_bassin_aerial_development,354,177.000,BUS_R02,1,1
grand_bassin_aerial_development,354,177.000,BUS_R03,1,1
grand_bassin_aerial_development,354,177.000,BUS_R04,1,1
grand_bassin_aerial_development,355,177.500,BUS_L01,1,1
grand_bassin_aerial_development,355,177.500,BUS_L02,1,1
grand_bassin_aerial_development,355,177.500,BUS_L03,1,1
grand_bassin_aerial_development,355,177.500,BUS_R01,1,1
grand_bassin_aerial_development,355,177.500,BUS_R02,1,1
grand_bassin_aerial_development,355,177.500,BUS_R03,1,1
grand_bassin_aerial_development,355,177.500,BUS_R04,1,1
grand_bassin_aerial_development,356,178.000,BUS_L01,1,1
grand_bassin_aerial_development,356,178.000,BUS_L02,1,1
grand_bassin_aerial_development,356,178.000,BUS_L03,1,1
grand_bassin_aerial_development,356,178.000,BUS_R01,1,1
grand_bassin_aerial_development,356,178.000,BUS_R02,1,1
grand_bassin_aerial_development,356,178.000,BUS_R03,1,1
grand_bassin_aerial_development,356,178.000,BUS_R04,1,1
grand_bassin_aerial_development,357,178.500,BUS_L01,1,1
grand_bassin_aerial_development,357,178.500,BUS_L02,1,1
grand_bassin_aerial_development,357,178.500,BUS_L03,1,1
grand_bassin_aerial_development,357,178.500,BUS_R01,1,1
grand_bassin_aerial_development,357,178.500,BUS_R02,1,1
grand_bassin_aerial_development,357,178.500,BUS_R03,1,1
grand_bassin_aerial_development,357,178.500,BUS_R04,1,1
grand_bassin_aerial_development,358,179.000,BUS_L01,1,1
grand_bassin_aerial_development,358,179.000,BUS_L02,1,1
grand_bassin_aerial_development,358,179.000,BUS_L03,1,1
grand_bassin_aerial_development,358,179.000,BUS_R01,1,1
grand_bassin_aerial_development,358,179.000,BUS_R02,1,1
grand_bassin_aerial_development,358,179.000,BUS_R03,1,1
grand_bassin_aerial_development,358,179.000,BUS_R04,1,1
grand_bassin_aerial_development,359,179.500,BUS_L01,1,1
grand_bassin_aerial_development,359,179.500,BUS_L02,1,1
grand_bassin_aerial_development,359,179.500,BUS_L03,1,1
grand_bassin_aerial_development,359,179.500,BUS_R01,1,1
grand_bassin_aerial_development,359,179.500,BUS_R02,1,1
grand_bassin_aerial_development,359,179.500,BUS_R03,1,1
grand_bassin_aerial_development,359,179.500,BUS_R04,1,1
grand_bassin_aerial_development,360,180.000,BUS_L01,1,1
grand_bassin_aerial_development,360,180.000,BUS_L02,1,1
grand_bassin_aerial_development,360,180.000,BUS_L03,1,1
grand_bassin_aerial_development,360,180.000,BUS_R01,1,1
grand_bassin_aerial_development,360,180.000,BUS_R02,1,1
grand_bassin_aerial_development,360,180.000,BUS_R03,1,1
grand_bassin_aerial_development,360,180.000,BUS_R04,1,1
grand_bassin_aerial_development,361,180.500,BUS_L01,1,1
grand_bassin_aerial_development,361,180.500,BUS_L02,1,1
grand_bassin_aerial_development,361,180.500,BUS_L03,1,1
grand_bassin_aerial_development,361,180.500,BUS_R01,1,1
grand_bassin_aerial_development,361,180.500,BUS_R02,1,1
grand_bassin_aerial_development,361,180.500,BUS_R03,1,1
grand_bassin_aerial_development,361,180.500,BUS_R04,1,1
grand_bassin_aerial_development,362,181.000,BUS_L01,1,1
grand_bassin_aerial_development,362,181.000,BUS_L02,1,1
grand_bassin_aerial_development,362,181.000,BUS_L03,1,1
grand_bassin_aerial_development,362,181.000,BUS_R01,1,1
grand_bassin_aerial_development,362,181.000,BUS_R02,1,1
grand_bassin_aerial_development,362,181.000,BUS_R03,1,1
grand_bassin_aerial_development,362,181.000,BUS_R04,1,1
grand_bassin_aerial_development,363,181.500,BUS_L01,1,1
grand_bassin_aerial_development,363,181.500,BUS_L02,1,1
grand_bassin_aerial_development,363,181.500,BUS_L03,1,1
grand_bassin_aerial_development,363,181.500,BUS_R01,1,1
grand_bassin_aerial_development,363,181.500,BUS_R02,1,1
grand_bassin_aerial_development,363,181.500,BUS_R03,1,1
grand_bassin_aerial_development,363,181.500,BUS_R04,1,1
grand_bassin_aerial_development,364,182.000,BUS_L01,1,1
grand_bassin_aerial_development,364,182.000,BUS_L02,1,1
grand_bassin_aerial_development,364,182.000,BUS_L03,1,1
grand_bassin_aerial_development,364,182.000,BUS_R01,1,1
grand_bassin_aerial_development,364,182.000,BUS_R02,1,1
grand_bassin_aerial_development,364,182.000,BUS_R03,1,1
grand_bassin_aerial_development,364,182.000,BUS_R04,1,1
grand_bassin_aerial_development,365,182.500,BUS_L01,1,1
grand_bassin_aerial_development,365,182.500,BUS_L02,1,1
grand_bassin_aerial_development,365,182.500,BUS_L03,1,1
grand_bassin_aerial_development,365,182.500,BUS_R01,1,1
grand_bassin_aerial_development,365,182.500,BUS_R02,1,1
grand_bassin_aerial_development,365,182.500,BUS_R03,1,1
grand_bassin_aerial_development,365,182.500,BUS_R04,1,1
grand_bassin_aerial_development,366,183.000,BUS_L01,1,1
grand_bassin_aerial_development,366,183.000,BUS_L02,1,1
grand_bassin_aerial_development,366,183.000,BUS_L03,1,1
grand_bassin_aerial_development,366,183.000,BUS_R01,1,1
grand_bassin_aerial_development,366,183.000,BUS_R02,1,1
grand_bassin_aerial_development,366,183.000,BUS_R03,1,1
grand_bassin_aerial_development,366,183.000,BUS_R04,1,1
grand_bassin_aerial_development,367,183.500,BUS_L01,1,1
grand_bassin_aerial_development,367,183.500,BUS_L02,1,1
grand_bassin_aerial_development,367,183.500,BUS_L03,1,1
grand_bassin_aerial_development,367,183.500,BUS_R01,1,1
grand_bassin_aerial_development,367,183.500,BUS_R02,1,1
grand_bassin_aerial_development,367,183.500,BUS_R03,1,1
grand_bassin_aerial_development,367,183.500,BUS_R04,1,1
grand_bassin_aerial_development,368,184.000,BUS_L01,1,1
grand_bassin_aerial_development,368,184.000,BUS_L02,1,1
grand_bassin_aerial_development,368,184.000,BUS_L03,1,1
grand_bassin_aerial_development,368,184.000,BUS_R01,1,1
grand_bassin_aerial_development,368,184.000,BUS_R02,1,1
grand_bassin_aerial_development,368,184.000,BUS_R03,1,1
grand_bassin_aerial_development,368,184.000,BUS_R04,1,1
grand_bassin_aerial_development,369,184.500,BUS_L01,1,1
grand_bassin_aerial_development,369,184.500,BUS_L02,1,1
grand_bassin_aerial_development,369,184.500,BUS_L03,1,1
grand_bassin_aerial_development,369,184.500,BUS_R01,1,1
grand_bassin_aerial_development,369,184.500,BUS_R02,1,1
grand_bassin_aerial_development,369,184.500,BUS_R03,1,1
grand_bassin_aerial_development,369,184.500,BUS_R04,1,1
grand_bassin_aerial_development,370,185.000,BUS_L01,1,1
grand_bassin_aerial_development,370,185.000,BUS_L02,1,1
grand_bassin_aerial_development,370,185.000,BUS_L03,1,1
grand_bassin_aerial_development,370,185.000,BUS_R01,1,1
grand_bassin_aerial_development,370,185.000,BUS_R02,1,1
grand_bassin_aerial_development,370,185.000,BUS_R03,1,1
grand_bassin_aerial_development,370,185.000,BUS_R04,1,1
grand_bassin_aerial_development,371,185.500,BUS_L01,1,1
grand_bassin_aerial_development,371,185.500,BUS_L02,1,1
grand_bassin_aerial_development,371,185.500,BUS_L03,1,1
grand_bassin_aerial_development,371,185.500,BUS_R01,1,1
grand_bassin_aerial_development,371,185.500,BUS_R02,1,1
grand_bassin_aerial_development,371,185.500,BUS_R03,1,1
grand_bassin_aerial_development,371,185.500,BUS_R04,1,1
grand_bassin_aerial_development,372,186.000,BUS_L01,1,1
grand_bassin_aerial_development,372,186.000,BUS_L02,1,1
grand_bassin_aerial_development,372,186.000,BUS_L03,1,1
grand_bassin_aerial_development,372,186.000,BUS_R01,1,1
grand_bassin_aerial_development,372,186.000,BUS_R02,1,1
grand_bassin_aerial_development,372,186.000,BUS_R03,1,1
grand_bassin_aerial_development,372,186.000,BUS_R04,1,1
grand_bassin_aerial_development,373,186.500,BUS_L01,1,1
grand_bassin_aerial_development,373,186.500,BUS_L02,1,1
grand_bassin_aerial_development,373,186.500,BUS_L03,1,1
grand_bassin_aerial_development,373,186.500,BUS_R01,1,1
grand_bassin_aerial_development,373,186.500,BUS_R02,1,1
grand_bassin_aerial_development,373,186.500,BUS_R03,1,1
grand_bassin_aerial_development,373,186.500,BUS_R04,1,1
grand_bassin_aerial_development,374,187.000,BUS_L01,1,1
grand_bassin_aerial_development,374,187.000,BUS_L02,1,1
grand_bassin_aerial_development,374,187.000,BUS_L03,1,1
grand_bassin_aerial_development,374,187.000,BUS_R01,1,1
grand_bassin_aerial_development,374,187.000,BUS_R02,1,1
grand_bassin_aerial_development,374,187.000,BUS_R03,1,1
grand_bassin_aerial_development,374,187.000,BUS_R04,1,1
grand_bassin_aerial_development,375,187.500,BUS_L01,1,1
grand_bassin_aerial_development,375,187.500,BUS_L02,1,1
grand_bassin_aerial_development,375,187.500,BUS_L03,1,1
grand_bassin_aerial_development,375,187.500,BUS_R01,1,1
grand_bassin_aerial_development,375,187.500,BUS_R02,1,1
grand_bassin_aerial_development,375,187.500,BUS_R03,1,1
grand_bassin_aerial_development,375,187.500,BUS_R04,1,1
grand_bassin_aerial_development,376,188.000,BUS_L01,1,1
grand_bassin_aerial_development,376,188.000,BUS_L02,1,1
grand_bassin_aerial_development,376,188.000,BUS_L03,1,1
grand_bassin_aerial_development,376,188.000,BUS_R01,1,1
grand_bassin_aerial_development,376,188.000,BUS_R02,1,1
grand_bassin_aerial_development,376,188.000,BUS_R03,1,1
grand_bassin_aerial_development,376,188.000,BUS_R04,1,1
grand_bassin_aerial_development,377,188.500,BUS_L01,1,1
grand_bassin_aerial_development,377,188.500,BUS_L02,1,1
grand_bassin_aerial_development,377,188.500,BUS_L03,1,1
grand_bassin_aerial_development,377,188.500,BUS_R01,1,1
grand_bassin_aerial_development,377,188.500,BUS_R02,1,1
grand_bassin_aerial_development,377,188.500,BUS_R03,1,1
grand_bassin_aerial_development,377,188.500,BUS_R04,1,1
grand_bassin_aerial_development,378,189.000,BUS_L01,1,1
grand_bassin_aerial_development,378,189.000,BUS_L02,1,1
grand_bassin_aerial_development,378,189.000,BUS_L03,1,1
grand_bassin_aerial_development,378,189.000,BUS_R01,1,1
grand_bassin_aerial_development,378,189.000,BUS_R02,1,1
grand_bassin_aerial_development,378,189.000,BUS_R03,1,1
grand_bassin_aerial_development,378,189.000,BUS_R04,1,1
grand_bassin_aerial_development,379,189.500,BUS_L01,1,1
grand_bassin_aerial_development,379,189.500,BUS_L02,1,1
grand_bassin_aerial_development,379,189.500,BUS_L03,1,1
grand_bassin_aerial_development,379,189.500,BUS_R01,1,1
grand_bassin_aerial_development,379,189.500,BUS_R02,1,1
grand_bassin_aerial_development,379,189.500,BUS_R03,1,1
grand_bassin_aerial_development,379,189.500,BUS_R04,1,1
grand_bassin_aerial_development,380,190.000,BUS_L01,1,1
grand_bassin_aerial_development,380,190.000,BUS_L02,1,1
grand_bassin_aerial_development,380,190.000,BUS_L03,1,1
grand_bassin_aerial_development,380,190.000,BUS_R01,1,1
grand_bassin_aerial_development,380,190.000,BUS_R02,1,1
grand_bassin_aerial_development,380,190.000,BUS_R03,1,1
grand_bassin_aerial_development,380,190.000,BUS_R04,1,1
grand_bassin_aerial_development,381,190.500,BUS_L01,1,1
grand_bassin_aerial_development,381,190.500,BUS_L02,1,1
grand_bassin_aerial_development,381,190.500,BUS_L03,1,1
grand_bassin_aerial_development,381,190.500,BUS_R01,1,1
grand_bassin_aerial_development,381,190.500,BUS_R02,1,1
grand_bassin_aerial_development,381,190.500,BUS_R03,1,1
grand_bassin_aerial_development,381,190.500,BUS_R04,1,1
grand_bassin_aerial_development,382,191.000,BUS_L01,1,1
grand_bassin_aerial_development,382,191.000,BUS_L02,1,1
grand_bassin_aerial_development,382,191.000,BUS_L03,1,1
grand_bassin_aerial_development,382,191.000,BUS_R01,1,1
grand_bassin_aerial_development,382,191.000,BUS_R02,1,1
grand_bassin_aerial_development,382,191.000,BUS_R03,1,1
grand_bassin_aerial_development,382,191.000,BUS_R04,1,1
grand_bassin_aerial_development,383,191.500,BUS_L01,1,1
grand_bassin_aerial_development,383,191.500,BUS_L02,1,1
grand_bassin_aerial_development,383,191.500,BUS_L03,1,1
grand_bassin_aerial_development,383,191.500,BUS_R01,1,1
grand_bassin_aerial_development,383,191.500,BUS_R02,1,1
grand_bassin_aerial_development,383,191.500,BUS_R03,1,1
grand_bassin_aerial_development,383,191.500,BUS_R04,1,1
grand_bassin_aerial_development,384,192.000,BUS_L01,1,1
grand_bassin_aerial_development,384,192.000,BUS_L02,1,1
grand_bassin_aerial_development,384,192.000,BUS_L03,1,1
grand_bassin_aerial_development,384,192.000,BUS_R01,1,1
grand_bassin_aerial_development,384,192.000,BUS_R02,1,1
grand_bassin_aerial_development,384,192.000,BUS_R03,1,1
grand_bassin_aerial_development,384,192.000,BUS_R04,1,1
grand_bassin_aerial_development,385,192.500,BUS_L01,1,1
grand_bassin_aerial_development,385,192.500,BUS_L02,1,1
grand_bassin_aerial_development,385,192.500,BUS_L03,1,1
grand_bassin_aerial_development,385,192.500,BUS_R01,1,1
grand_bassin_aerial_development,385,192.500,BUS_R02,1,1
grand_bassin_aerial_development,385,192.500,BUS_R03,1,1
grand_bassin_aerial_development,385,192.500,BUS_R04,1,1
grand_bassin_aerial_development,386,193.000,BUS_L01,1,1
grand_bassin_aerial_development,386,193.000,BUS_L02,1,1
grand_bassin_aerial_development,386,193.000,BUS_L03,1,1
grand_bassin_aerial_development,386,193.000,BUS_R01,1,1
grand_bassin_aerial_development,386,193.000,BUS_R02,1,1
grand_bassin_aerial_development,386,193.000,BUS_R03,1,1
grand_bassin_aerial_development,386,193.000,BUS_R04,1,1
grand_bassin_aerial_development,387,193.500,BUS_L01,1,1
grand_bassin_aerial_development,387,193.500,BUS_L02,1,1
grand_bassin_aerial_development,387,193.500,BUS_L03,1,1
grand_bassin_aerial_development,387,193.500,BUS_R01,1,1
grand_bassin_aerial_development,387,193.500,BUS_R02,1,1
grand_bassin_aerial_development,387,193.500,BUS_R03,1,1
grand_bassin_aerial_development,387,193.500,BUS_R04,1,1
grand_bassin_aerial_development,388,194.000,BUS_L01,1,1
grand_bassin_aerial_development,388,194.000,BUS_L02,1,1
grand_bassin_aerial_development,388,194.000,BUS_L03,1,1
grand_bassin_aerial_development,388,194.000,BUS_R01,1,1
grand_bassin_aerial_development,388,194.000,BUS_R02,1,1
grand_bassin_aerial_development,388,194.000,BUS_R03,1,1
grand_bassin_aerial_development,388,194.000,BUS_R04,1,1
grand_bassin_aerial_development,389,194.500,BUS_L01,1,1
grand_bassin_aerial_development,389,194.500,BUS_L02,1,1
grand_bassin_aerial_development,389,194.500,BUS_L03,1,1
grand_bassin_aerial_development,389,194.500,BUS_R01,1,1
grand_bassin_aerial_development,389,194.500,BUS_R02,1,1
grand_bassin_aerial_development,389,194.500,BUS_R03,1,1
grand_bassin_aerial_development,389,194.500,BUS_R04,1,1
grand_bassin_aerial_development,390,195.000,BUS_L01,1,1
grand_bassin_aerial_development,390,195.000,BUS_L02,1,1
grand_bassin_aerial_development,390,195.000,BUS_L03,1,1
grand_bassin_aerial_development,390,195.000,BUS_R01,1,1
grand_bassin_aerial_development,390,195.000,BUS_R02,1,1
grand_bassin_aerial_development,390,195.000,BUS_R03,1,1
grand_bassin_aerial_development,390,195.000,BUS_R04,1,1
grand_bassin_aerial_development,391,195.500,BUS_L01,1,1
grand_bassin_aerial_development,391,195.500,BUS_L02,1,1
grand_bassin_aerial_development,391,195.500,BUS_L03,1,1
grand_bassin_aerial_development,391,195.500,BUS_R01,1,1
grand_bassin_aerial_development,391,195.500,BUS_R02,1,1
grand_bassin_aerial_development,391,195.500,BUS_R03,1,1
grand_bassin_aerial_development,391,195.500,BUS_R04,1,1
grand_bassin_aerial_development,392,196.000,BUS_L01,1,1
grand_bassin_aerial_development,392,196.000,BUS_L02,1,1
grand_bassin_aerial_development,392,196.000,BUS_L03,1,1
grand_bassin_aerial_development,392,196.000,BUS_R01,1,1
grand_bassin_aerial_development,392,196.000,BUS_R02,1,1
grand_bassin_aerial_development,392,196.000,BUS_R03,1,1
grand_bassin_aerial_development,392,196.000,BUS_R04,1,1
grand_bassin_aerial_development,393,196.500,BUS_L01,1,1
grand_bassin_aerial_development,393,196.500,BUS_L02,1,1
grand_bassin_aerial_development,393,196.500,BUS_L03,1,1
grand_bassin_aerial_development,393,196.500,BUS_R01,1,1
grand_bassin_aerial_development,393,196.500,BUS_R02,1,1
grand_bassin_aerial_development,393,196.500,BUS_R03,1,1
grand_bassin_aerial_development,393,196.500,BUS_R04,1,1
grand_bassin_aerial_development,394,197.000,BUS_L01,1,1
grand_bassin_aerial_development,394,197.000,BUS_L02,1,1
grand_bassin_aerial_development,394,197.000,BUS_L03,1,1
grand_bassin_aerial_development,394,197.000,BUS_R01,1,1
grand_bassin_aerial_development,394,197.000,BUS_R02,1,1
grand_bassin_aerial_development,394,197.000,BUS_R03,1,1
grand_bassin_aerial_development,394,197.000,BUS_R04,1,1
grand_bassin_aerial_development,395,197.500,BUS_L01,1,1
grand_bassin_aerial_development,395,197.500,BUS_L02,1,1
grand_bassin_aerial_development,395,197.500,BUS_L03,1,1
grand_bassin_aerial_development,395,197.500,BUS_R01,1,1
grand_bassin_aerial_development,395,197.500,BUS_R02,1,1
grand_bassin_aerial_development,395,197.500,BUS_R03,1,1
grand_bassin_aerial_development,395,197.500,BUS_R04,1,1
grand_bassin_aerial_development,396,198.000,BUS_L01,1,1
grand_bassin_aerial_development,396,198.000,BUS_L02,1,1
grand_bassin_aerial_development,396,198.000,BUS_L03,1,1
grand_bassin_aerial_development,396,198.000,BUS_R01,1,1
grand_bassin_aerial_development,396,198.000,BUS_R02,1,1
grand_bassin_aerial_development,396,198.000,BUS_R03,1,1
grand_bassin_aerial_development,396,198.000,BUS_R04,1,1
grand_bassin_aerial_development,397,198.500,BUS_L01,1,1
grand_bassin_aerial_development,397,198.500,BUS_L02,1,1
grand_bassin_aerial_development,397,198.500,BUS_L03,1,1
grand_bassin_aerial_development,397,198.500,BUS_R01,1,1
grand_bassin_aerial_development,397,198.500,BUS_R02,1,1
grand_bassin_aerial_development,397,198.500,BUS_R03,1,1
grand_bassin_aerial_development,397,198.500,BUS_R04,1,1
grand_bassin_aerial_development,398,199.000,BUS_L01,1,1
grand_bassin_aerial_development,398,199.000,BUS_L02,1,1
grand_bassin_aerial_development,398,199.000,BUS_L03,1,1
grand_bassin_aerial_development,398,199.000,BUS_R01,1,1
grand_bassin_aerial_development,398,199.000,BUS_R02,1,1
grand_bassin_aerial_development,398,199.000,BUS_R03,1,1
grand_bassin_aerial_development,398,199.000,BUS_R04,1,1
grand_bassin_aerial_development,399,199.500,BUS_L01,1,1
grand_bassin_aerial_development,399,199.500,BUS_L02,1,1
grand_bassin_aerial_development,399,199.500,BUS_L03,1,1
grand_bassin_aerial_development,399,199.500,BUS_R01,1,1
grand_bassin_aerial_development,399,199.500,BUS_R02,1,1
grand_bassin_aerial_development,399,199.500,BUS_R03,1,1
grand_bassin_aerial_development,399,199.500,BUS_R04,1,1
grand_bassin_aerial_development,400,200.000,BUS_L01,1,1
grand_bassin_aerial_development,400,200.000,BUS_L02,1,1
grand_bassin_aerial_development,400,200.000,BUS_L03,1,1
grand_bassin_aerial_development,400,200.000,BUS_R01,1,1
grand_bassin_aerial_development,400,200.000,BUS_R02,1,1
grand_bassin_aerial_development,400,200.000,BUS_R03,1,1
grand_bassin_aerial_development,400,200.000,BUS_R04,1,1
grand_bassin_aerial_development,401,200.500,BUS_L01,1,1
grand_bassin_aerial_development,401,200.500,BUS_L02,1,1
grand_bassin_aerial_development,401,200.500,BUS_L03,1,1
grand_bassin_aerial_development,401,200.500,BUS_R01,1,1
grand_bassin_aerial_development,401,200.500,BUS_R02,1,1
grand_bassin_aerial_development,401,200.500,BUS_R03,1,1
grand_bassin_aerial_development,401,200.500,BUS_R04,1,1
grand_bassin_aerial_development,402,201.000,BUS_L01,1,1
grand_bassin_aerial_development,402,201.000,BUS_L02,1,1
grand_bassin_aerial_development,402,201.000,BUS_L03,1,1
grand_bassin_aerial_development,402,201.000,BUS_R01,1,1
grand_bassin_aerial_development,402,201.000,BUS_R02,1,1
grand_bassin_aerial_development,402,201.000,BUS_R03,1,1
grand_bassin_aerial_development,402,201.000,BUS_R04,1,1
grand_bassin_aerial_development,403,201.500,BUS_L01,1,1
grand_bassin_aerial_development,403,201.500,BUS_L02,1,1
grand_bassin_aerial_development,403,201.500,BUS_L03,1,1
grand_bassin_aerial_development,403,201.500,BUS_R01,1,1
grand_bassin_aerial_development,403,201.500,BUS_R02,1,1
grand_bassin_aerial_development,403,201.500,BUS_R03,1,1
grand_bassin_aerial_development,403,201.500,BUS_R04,1,1
grand_bassin_aerial_development,404,202.000,BUS_L01,1,1
grand_bassin_aerial_development,404,202.000,BUS_L02,1,1
grand_bassin_aerial_development,404,202.000,BUS_L03,1,1
grand_bassin_aerial_development,404,202.000,BUS_R01,1,1
grand_bassin_aerial_development,404,202.000,BUS_R02,1,1
grand_bassin_aerial_development,404,202.000,BUS_R03,1,1
grand_bassin_aerial_development,404,202.000,BUS_R04,1,1
grand_bassin_aerial_development,405,202.500,BUS_L01,1,1
grand_bassin_aerial_development,405,202.500,BUS_L02,1,1
grand_bassin_aerial_development,405,202.500,BUS_L03,1,1
grand_bassin_aerial_development,405,202.500,BUS_R01,1,1
grand_bassin_aerial_development,405,202.500,BUS_R02,1,1
grand_bassin_aerial_development,405,202.500,BUS_R03,1,1
grand_bassin_aerial_development,405,202.500,BUS_R04,1,1
grand_bassin_aerial_development,406,203.000,BUS_L01,1,1
grand_bassin_aerial_development,406,203.000,BUS_L02,1,1
grand_bassin_aerial_development,406,203.000,BUS_L03,1,1
grand_bassin_aerial_development,406,203.000,BUS_R01,1,1
grand_bassin_aerial_development,406,203.000,BUS_R02,1,1
grand_bassin_aerial_development,406,203.000,BUS_R03,1,1
grand_bassin_aerial_development,406,203.000,BUS_R04,1,1
grand_bassin_aerial_development,407,203.500,BUS_L01,1,1
grand_bassin_aerial_development,407,203.500,BUS_L02,1,1
grand_bassin_aerial_development,407,203.500,BUS_L03,1,1
grand_bassin_aerial_development,407,203.500,BUS_R01,1,1
grand_bassin_aerial_development,407,203.500,BUS_R02,1,1
grand_bassin_aerial_development,407,203.500,BUS_R03,1,1
grand_bassin_aerial_development,407,203.500,BUS_R04,1,1
grand_bassin_aerial_development,408,204.000,BUS_L01,1,1
grand_bassin_aerial_development,408,204.000,BUS_L02,1,1
grand_bassin_aerial_development,408,204.000,BUS_L03,1,1
grand_bassin_aerial_development,408,204.000,BUS_R01,1,1
grand_bassin_aerial_development,408,204.000,BUS_R02,1,1
grand_bassin_aerial_development,408,204.000,BUS_R03,1,1
grand_bassin_aerial_development,408,204.000,BUS_R04,1,1
grand_bassin_aerial_development,409,204.500,BUS_L01,1,1
grand_bassin_aerial_development,409,204.500,BUS_L02,1,1
grand_bassin_aerial_development,409,204.500,BUS_L03,1,1
grand_bassin_aerial_development,409,204.500,BUS_R01,1,1
grand_bassin_aerial_development,409,204.500,BUS_R02,1,1
grand_bassin_aerial_development,409,204.500,BUS_R03,1,1
grand_bassin_aerial_development,409,204.500,BUS_R04,1,1
grand_bassin_aerial_development,410,205.000,BUS_L01,1,1
grand_bassin_aerial_development,410,205.000,BUS_L02,1,1
grand_bassin_aerial_development,410,205.000,BUS_L03,1,1
grand_bassin_aerial_development,410,205.000,BUS_R01,1,1
grand_bassin_aerial_development,410,205.000,BUS_R02,1,1
grand_bassin_aerial_development,410,205.000,BUS_R03,1,1
grand_bassin_aerial_development,410,205.000,BUS_R04,1,1
grand_bassin_aerial_development,411,205.500,BUS_L01,1,1
grand_bassin_aerial_development,411,205.500,BUS_L02,1,1
grand_bassin_aerial_development,411,205.500,BUS_L03,1,1
grand_bassin_aerial_development,411,205.500,BUS_R01,1,1
grand_bassin_aerial_development,411,205.500,BUS_R02,1,1
grand_bassin_aerial_development,411,205.500,BUS_R03,1,1
grand_bassin_aerial_development,411,205.500,BUS_R04,1,1
grand_bassin_aerial_development,412,206.000,BUS_L01,1,1
grand_bassin_aerial_development,412,206.000,BUS_L02,1,1
grand_bassin_aerial_development,412,206.000,BUS_L03,1,1
grand_bassin_aerial_development,412,206.000,BUS_R01,1,1
grand_bassin_aerial_development,412,206.000,BUS_R02,1,1
grand_bassin_aerial_development,412,206.000,BUS_R03,1,1
grand_bassin_aerial_development,412,206.000,BUS_R04,1,1
grand_bassin_aerial_development,413,206.500,BUS_L01,1,1
grand_bassin_aerial_development,413,206.500,BUS_L02,1,1
grand_bassin_aerial_development,413,206.500,BUS_L03,1,1
grand_bassin_aerial_development,413,206.500,BUS_R01,1,1
grand_bassin_aerial_development,413,206.500,BUS_R02,1,1
grand_bassin_aerial_development,413,206.500,BUS_R03,1,1
grand_bassin_aerial_development,413,206.500,BUS_R04,1,1
grand_bassin_aerial_development,414,207.000,BUS_L01,1,1
grand_bassin_aerial_development,414,207.000,BUS_L02,1,1
grand_bassin_aerial_development,414,207.000,BUS_L03,1,1
grand_bassin_aerial_development,414,207.000,BUS_R01,1,1
grand_bassin_aerial_development,414,207.000,BUS_R02,1,1
grand_bassin_aerial_development,414,207.000,BUS_R03,1,1
grand_bassin_aerial_development,414,207.000,BUS_R04,1,1
grand_bassin_aerial_development,415,207.500,BUS_L01,1,1
grand_bassin_aerial_development,415,207.500,BUS_L02,1,1
grand_bassin_aerial_development,415,207.500,BUS_L03,1,1
grand_bassin_aerial_development,415,207.500,BUS_R01,1,1
grand_bassin_aerial_development,415,207.500,BUS_R02,1,1
grand_bassin_aerial_development,415,207.500,BUS_R03,1,1
grand_bassin_aerial_development,415,207.500,BUS_R04,1,1
grand_bassin_aerial_development,416,208.000,BUS_L01,1,1
grand_bassin_aerial_development,416,208.000,BUS_L02,1,1
grand_bassin_aerial_development,416,208.000,BUS_L03,1,1
grand_bassin_aerial_development,416,208.000,BUS_R01,1,1
grand_bassin_aerial_development,416,208.000,BUS_R02,1,1
grand_bassin_aerial_development,416,208.000,BUS_R03,1,1
grand_bassin_aerial_development,416,208.000,BUS_R04,1,1
grand_bassin_aerial_development,417,208.500,BUS_L01,1,1
grand_bassin_aerial_development,417,208.500,BUS_L02,1,1
grand_bassin_aerial_development,417,208.500,BUS_L03,1,1
grand_bassin_aerial_development,417,208.500,BUS_R01,1,1
grand_bassin_aerial_development,417,208.500,BUS_R02,1,1
grand_bassin_aerial_development,417,208.500,BUS_R03,1,1
grand_bassin_aerial_development,417,208.500,BUS_R04,1,1
grand_bassin_aerial_development,418,209.000,BUS_L01,1,1
grand_bassin_aerial_development,418,209.000,BUS_L02,1,1
grand_bassin_aerial_development,418,209.000,BUS_L03,1,1
grand_bassin_aerial_development,418,209.000,BUS_R01,1,1
grand_bassin_aerial_development,418,209.000,BUS_R02,1,1
grand_bassin_aerial_development,418,209.000,BUS_R03,1,1
grand_bassin_aerial_development,418,209.000,BUS_R04,1,1
grand_bassin_aerial_development,419,209.500,BUS_L01,1,1
grand_bassin_aerial_development,419,209.500,BUS_L02,1,1
grand_bassin_aerial_development,419,209.500,BUS_L03,1,1
grand_bassin_aerial_development,419,209.500,BUS_R01,1,1
grand_bassin_aerial_development,419,209.500,BUS_R02,1,1
grand_bassin_aerial_development,419,209.500,BUS_R03,1,1
grand_bassin_aerial_development,419,209.500,BUS_R04,1,1
grand_bassin_aerial_development,420,210.000,BUS_L01,1,1
grand_bassin_aerial_development,420,210.000,BUS_L02,1,1
grand_bassin_aerial_development,420,210.000,BUS_L03,1,1
grand_bassin_aerial_development,420,210.000,BUS_R01,1,1
grand_bassin_aerial_development,420,210.000,BUS_R02,1,1
grand_bassin_aerial_development,420,210.000,BUS_R03,1,1
grand_bassin_aerial_development,420,210.000,BUS_R04,1,1
grand_bassin_aerial_development,421,210.500,BUS_L01,1,1
grand_bassin_aerial_development,421,210.500,BUS_L02,1,1
grand_bassin_aerial_development,421,210.500,BUS_L03,1,1
grand_bassin_aerial_development,421,210.500,BUS_R01,1,1
grand_bassin_aerial_development,421,210.500,BUS_R02,1,1
grand_bassin_aerial_development,421,210.500,BUS_R03,1,1
grand_bassin_aerial_development,421,210.500,BUS_R04,1,1
grand_bassin_aerial_development,422,211.000,BUS_L01,1,1
grand_bassin_aerial_development,422,211.000,BUS_L02,1,1
grand_bassin_aerial_development,422,211.000,BUS_L03,1,1
grand_bassin_aerial_development,422,211.000,BUS_R01,1,1
grand_bassin_aerial_development,422,211.000,BUS_R02,1,1
grand_bassin_aerial_development,422,211.000,BUS_R03,1,1
grand_bassin_aerial_development,422,211.000,BUS_R04,1,1
grand_bassin_aerial_development,423,211.500,BUS_L01,1,1
grand_bassin_aerial_development,423,211.500,BUS_L02,1,1
grand_bassin_aerial_development,423,211.500,BUS_L03,1,1
grand_bassin_aerial_development,423,211.500,BUS_R01,1,1
grand_bassin_aerial_development,423,211.500,BUS_R02,1,1
grand_bassin_aerial_development,423,211.500,BUS_R03,1,1
grand_bassin_aerial_development,423,211.500,BUS_R04,1,1
grand_bassin_aerial_development,424,212.000,BUS_L01,1,1
grand_bassin_aerial_development,424,212.000,BUS_L02,1,1
grand_bassin_aerial_development,424,212.000,BUS_L03,1,1
grand_bassin_aerial_development,424,212.000,BUS_R01,1,1
grand_bassin_aerial_development,424,212.000,BUS_R02,1,1
grand_bassin_aerial_development,424,212.000,BUS_R03,1,1
grand_bassin_aerial_development,424,212.000,BUS_R04,1,1
grand_bassin_aerial_development,425,212.500,BUS_L01,1,1
grand_bassin_aerial_development,425,212.500,BUS_L02,1,1
grand_bassin_aerial_development,425,212.500,BUS_L03,1,1
grand_bassin_aerial_development,425,212.500,BUS_R01,1,1
grand_bassin_aerial_development,425,212.500,BUS_R02,1,1
grand_bassin_aerial_development,425,212.500,BUS_R03,1,1
grand_bassin_aerial_development,425,212.500,BUS_R04,1,1
grand_bassin_aerial_development,426,213.000,BUS_L01,1,1
grand_bassin_aerial_development,426,213.000,BUS_L02,1,1
grand_bassin_aerial_development,426,213.000,BUS_L03,1,1
grand_bassin_aerial_development,426,213.000,BUS_R01,1,1
grand_bassin_aerial_development,426,213.000,BUS_R02,1,1
grand_bassin_aerial_development,426,213.000,BUS_R03,1,1
grand_bassin_aerial_development,426,213.000,BUS_R04,1,1
grand_bassin_aerial_development,427,213.500,BUS_L01,1,1
grand_bassin_aerial_development,427,213.500,BUS_L02,1,1
grand_bassin_aerial_development,427,213.500,BUS_L03,1,1
grand_bassin_aerial_development,427,213.500,BUS_R01,1,1
grand_bassin_aerial_development,427,213.500,BUS_R02,1,1
grand_bassin_aerial_development,427,213.500,BUS_R03,1,1
grand_bassin_aerial_development,427,213.500,BUS_R04,1,1
grand_bassin_aerial_development,428,214.000,BUS_L01,1,1
grand_bassin_aerial_development,428,214.000,BUS_L02,1,1
grand_bassin_aerial_development,428,214.000,BUS_L03,1,1
grand_bassin_aerial_development,428,214.000,BUS_R01,1,1
grand_bassin_aerial_development,428,214.000,BUS_R02,1,1
grand_bassin_aerial_development,428,214.000,BUS_R03,1,1
grand_bassin_aerial_development,428,214.000,BUS_R04,1,1
grand_bassin_aerial_development,429,214.500,BUS_L01,1,1
grand_bassin_aerial_development,429,214.500,BUS_L02,1,1
grand_bassin_aerial_development,429,214.500,BUS_L03,1,1
grand_bassin_aerial_development,429,214.500,BUS_R01,1,1
grand_bassin_aerial_development,429,214.500,BUS_R02,1,1
grand_bassin_aerial_development,429,214.500,BUS_R03,1,1
grand_bassin_aerial_development,429,214.500,BUS_R04,1,1
grand_bassin_aerial_development,430,215.000,BUS_L01,1,1
grand_bassin_aerial_development,430,215.000,BUS_L02,1,1
grand_bassin_aerial_development,430,215.000,BUS_L03,1,1
grand_bassin_aerial_development,430,215.000,BUS_R01,1,1
grand_bassin_aerial_development,430,215.000,BUS_R02,1,1
grand_bassin_aerial_development,430,215.000,BUS_R03,1,1
grand_bassin_aerial_development,430,215.000,BUS_R04,1,1
grand_bassin_aerial_development,431,215.500,BUS_L01,1,1
grand_bassin_aerial_development,431,215.500,BUS_L02,1,1
grand_bassin_aerial_development,431,215.500,BUS_L03,1,1
grand_bassin_aerial_development,431,215.500,BUS_R01,1,1
grand_bassin_aerial_development,431,215.500,BUS_R02,1,1
grand_bassin_aerial_development,431,215.500,BUS_R03,1,1
grand_bassin_aerial_development,431,215.500,BUS_R04,1,1
grand_bassin_aerial_development,432,216.000,BUS_L01,1,1
grand_bassin_aerial_development,432,216.000,BUS_L02,1,1
grand_bassin_aerial_development,432,216.000,BUS_L03,1,1
grand_bassin_aerial_development,432,216.000,BUS_R01,1,1
grand_bassin_aerial_development,432,216.000,BUS_R02,1,1
grand_bassin_aerial_development,432,216.000,BUS_R03,1,1
grand_bassin_aerial_development,432,216.000,BUS_R04,1,1
grand_bassin_aerial_development,433,216.500,BUS_L01,1,1
grand_bassin_aerial_development,433,216.500,BUS_L02,1,1
grand_bassin_aerial_development,433,216.500,BUS_L03,1,1
grand_bassin_aerial_development,433,216.500,BUS_R01,1,1
grand_bassin_aerial_development,433,216.500,BUS_R02,1,1
grand_bassin_aerial_development,433,216.500,BUS_R03,1,1
grand_bassin_aerial_development,433,216.500,BUS_R04,1,1
grand_bassin_aerial_development,434,217.000,BUS_L01,1,1
grand_bassin_aerial_development,434,217.000,BUS_L02,1,1
grand_bassin_aerial_development,434,217.000,BUS_L03,1,1
grand_bassin_aerial_development,434,217.000,BUS_R01,1,1
grand_bassin_aerial_development,434,217.000,BUS_R02,1,1
grand_bassin_aerial_development,434,217.000,BUS_R03,1,1
grand_bassin_aerial_development,434,217.000,BUS_R04,1,1
grand_bassin_aerial_development,435,217.500,BUS_L01,1,1
grand_bassin_aerial_development,435,217.500,BUS_L02,1,1
grand_bassin_aerial_development,435,217.500,BUS_L03,1,1
grand_bassin_aerial_development,435,217.500,BUS_R01,1,1
grand_bassin_aerial_development,435,217.500,BUS_R02,1,1
grand_bassin_aerial_development,435,217.500,BUS_R03,1,1
grand_bassin_aerial_development,435,217.500,BUS_R04,1,1
grand_bassin_aerial_development,436,218.000,BUS_L01,1,1
grand_bassin_aerial_development,436,218.000,BUS_L02,1,1
grand_bassin_aerial_development,436,218.000,BUS_L03,1,1
grand_bassin_aerial_development,436,218.000,BUS_R01,1,1
grand_bassin_aerial_development,436,218.000,BUS_R02,1,1
grand_bassin_aerial_development,436,218.000,BUS_R03,1,1
grand_bassin_aerial_development,436,218.000,BUS_R04,1,1
grand_bassin_aerial_development,437,218.500,BUS_L01,1,1
grand_bassin_aerial_development,437,218.500,BUS_L02,1,1
grand_bassin_aerial_development,437,218.500,BUS_L03,1,1
grand_bassin_aerial_development,437,218.500,BUS_R01,1,1
grand_bassin_aerial_development,437,218.500,BUS_R02,1,1
grand_bassin_aerial_development,437,218.500,BUS_R03,1,1
grand_bassin_aerial_development,437,218.500,BUS_R04,1,1
grand_bassin_aerial_development,438,219.000,BUS_L01,1,1
grand_bassin_aerial_development,438,219.000,BUS_L02,1,1
grand_bassin_aerial_development,438,219.000,BUS_L03,1,1
grand_bassin_aerial_development,438,219.000,BUS_R01,1,1
grand_bassin_aerial_development,438,219.000,BUS_R02,1,1
grand_bassin_aerial_development,438,219.000,BUS_R03,1,1
grand_bassin_aerial_development,438,219.000,BUS_R04,1,1
grand_bassin_aerial_development,439,219.500,BUS_L01,1,1
grand_bassin_aerial_development,439,219.500,BUS_L02,1,1
grand_bassin_aerial_development,439,219.500,BUS_L03,1,1
grand_bassin_aerial_development,439,219.500,BUS_R01,1,1
grand_bassin_aerial_development,439,219.500,BUS_R02,1,1
grand_bassin_aerial_development,439,219.500,BUS_R03,1,1
grand_bassin_aerial_development,439,219.500,BUS_R04,1,1
grand_bassin_aerial_development,440,220.000,BUS_L01,1,1
grand_bassin_aerial_development,440,220.000,BUS_L02,1,1
grand_bassin_aerial_development,440,220.000,BUS_L03,1,1
grand_bassin_aerial_development,440,220.000,BUS_R01,1,1
grand_bassin_aerial_development,440,220.000,BUS_R02,1,1
grand_bassin_aerial_development,440,220.000,BUS_R03,1,1
grand_bassin_aerial_development,440,220.000,BUS_R04,1,1
grand_bassin_aerial_development,441,220.500,BUS_L01,1,1
grand_bassin_aerial_development,441,220.500,BUS_L02,1,1
grand_bassin_aerial_development,441,220.500,BUS_L03,1,1
grand_bassin_aerial_development,441,220.500,BUS_R01,1,1
grand_bassin_aerial_development,441,220.500,BUS_R02,1,1
grand_bassin_aerial_development,441,220.500,BUS_R03,1,1
grand_bassin_aerial_development,441,220.500,BUS_R04,1,1
grand_bassin_aerial_development,442,221.000,BUS_L01,1,1
grand_bassin_aerial_development,442,221.000,BUS_L02,1,1
grand_bassin_aerial_development,442,221.000,BUS_L03,1,1
grand_bassin_aerial_development,442,221.000,BUS_R01,1,1
grand_bassin_aerial_development,442,221.000,BUS_R02,1,1
grand_bassin_aerial_development,442,221.000,BUS_R03,1,1
grand_bassin_aerial_development,442,221.000,BUS_R04,1,1
grand_bassin_aerial_development,443,221.500,BUS_L01,1,1
grand_bassin_aerial_development,443,221.500,BUS_L02,1,1
grand_bassin_aerial_development,443,221.500,BUS_L03,1,1
grand_bassin_aerial_development,443,221.500,BUS_R01,1,1
grand_bassin_aerial_development,443,221.500,BUS_R02,1,1
grand_bassin_aerial_development,443,221.500,BUS_R03,1,1
grand_bassin_aerial_development,443,221.500,BUS_R04,1,1
grand_bassin_aerial_development,444,222.000,BUS_L01,1,1
grand_bassin_aerial_development,444,222.000,BUS_L02,1,1
grand_bassin_aerial_development,444,222.000,BUS_L03,1,1
grand_bassin_aerial_development,444,222.000,BUS_R01,1,1
grand_bassin_aerial_development,444,222.000,BUS_R02,1,1
grand_bassin_aerial_development,444,222.000,BUS_R03,1,1
grand_bassin_aerial_development,444,222.000,BUS_R04,1,1
grand_bassin_aerial_development,445,222.500,BUS_L01,1,1
grand_bassin_aerial_development,445,222.500,BUS_L02,1,1
grand_bassin_aerial_development,445,222.500,BUS_L03,1,1
grand_bassin_aerial_development,445,222.500,BUS_R01,1,1
grand_bassin_aerial_development,445,222.500,BUS_R02,1,1
grand_bassin_aerial_development,445,222.500,BUS_R03,1,1
grand_bassin_aerial_development,445,222.500,BUS_R04,1,1
grand_bassin_aerial_development,446,223.000,BUS_L01,1,1
grand_bassin_aerial_development,446,223.000,BUS_L02,1,1
grand_bassin_aerial_development,446,223.000,BUS_L03,1,1
grand_bassin_aerial_development,446,223.000,BUS_R01,1,1
grand_bassin_aerial_development,446,223.000,BUS_R02,1,1
grand_bassin_aerial_development,446,223.000,BUS_R03,1,1
grand_bassin_aerial_development,446,223.000,BUS_R04,1,1
grand_bassin_aerial_development,447,223.500,BUS_L01,1,1
grand_bassin_aerial_development,447,223.500,BUS_L02,1,1
grand_bassin_aerial_development,447,223.500,BUS_L03,1,1
grand_bassin_aerial_development,447,223.500,BUS_R01,1,1
grand_bassin_aerial_development,447,223.500,BUS_R02,1,1
grand_bassin_aerial_development,447,223.500,BUS_R03,1,1
grand_bassin_aerial_development,447,223.500,BUS_R04,1,1
grand_bassin_aerial_development,448,224.000,BUS_L01,1,1
grand_bassin_aerial_development,448,224.000,BUS_L02,1,1
grand_bassin_aerial_development,448,224.000,BUS_L03,1,1
grand_bassin_aerial_development,448,224.000,BUS_R01,1,1
grand_bassin_aerial_development,448,224.000,BUS_R02,1,1
grand_bassin_aerial_development,448,224.000,BUS_R03,1,1
grand_bassin_aerial_development,448,224.000,BUS_R04,1,1
grand_bassin_aerial_development,449,224.500,BUS_L01,1,1
grand_bassin_aerial_development,449,224.500,BUS_L02,1,1
grand_bassin_aerial_development,449,224.500,BUS_L03,1,1
grand_bassin_aerial_development,449,224.500,BUS_R01,1,1
grand_bassin_aerial_development,449,224.500,BUS_R02,1,1
grand_bassin_aerial_development,449,224.500,BUS_R03,1,1
grand_bassin_aerial_development,449,224.500,BUS_R04,1,1
grand_bassin_aerial_development,450,225.000,BUS_L01,1,1
grand_bassin_aerial_development,450,225.000,BUS_L02,1,1
grand_bassin_aerial_development,450,225.000,BUS_L03,1,1
grand_bassin_aerial_development,450,225.000,BUS_R01,1,1
grand_bassin_aerial_development,450,225.000,BUS_R02,1,1
grand_bassin_aerial_development,450,225.000,BUS_R03,1,1
grand_bassin_aerial_development,450,225.000,BUS_R04,1,1
grand_bassin_aerial_development,451,225.500,BUS_L01,1,1
grand_bassin_aerial_development,451,225.500,BUS_L02,1,1
grand_bassin_aerial_development,451,225.500,BUS_L03,1,1
grand_bassin_aerial_development,451,225.500,BUS_R01,1,1
grand_bassin_aerial_development,451,225.500,BUS_R02,1,1
grand_bassin_aerial_development,451,225.500,BUS_R03,1,1
grand_bassin_aerial_development,451,225.500,BUS_R04,1,1
grand_bassin_aerial_development,452,226.000,BUS_L01,1,1
grand_bassin_aerial_development,452,226.000,BUS_L02,1,1
grand_bassin_aerial_development,452,226.000,BUS_L03,1,1
grand_bassin_aerial_development,452,226.000,BUS_R01,1,1
grand_bassin_aerial_development,452,226.000,BUS_R02,1,1
grand_bassin_aerial_development,452,226.000,BUS_R03,1,1
grand_bassin_aerial_development,452,226.000,BUS_R04,1,1
grand_bassin_aerial_development,453,226.500,BUS_L01,1,1
grand_bassin_aerial_development,453,226.500,BUS_L02,1,1
grand_bassin_aerial_development,453,226.500,BUS_L03,1,1
grand_bassin_aerial_development,453,226.500,BUS_R01,1,1
grand_bassin_aerial_development,453,226.500,BUS_R02,1,1
grand_bassin_aerial_development,453,226.500,BUS_R03,1,1
grand_bassin_aerial_development,453,226.500,BUS_R04,1,1
grand_bassin_aerial_development,454,227.000,BUS_L01,1,1
grand_bassin_aerial_development,454,227.000,BUS_L02,1,1
grand_bassin_aerial_development,454,227.000,BUS_L03,1,1
grand_bassin_aerial_development,454,227.000,BUS_R01,1,1
grand_bassin_aerial_development,454,227.000,BUS_R02,1,1
grand_bassin_aerial_development,454,227.000,BUS_R03,1,1
grand_bassin_aerial_development,454,227.000,BUS_R04,1,1
grand_bassin_aerial_development,455,227.500,BUS_L01,1,1
grand_bassin_aerial_development,455,227.500,BUS_L02,1,1
grand_bassin_aerial_development,455,227.500,BUS_L03,1,1
grand_bassin_aerial_development,455,227.500,BUS_R01,1,1
grand_bassin_aerial_development,455,227.500,BUS_R02,1,1
grand_bassin_aerial_development,455,227.500,BUS_R03,1,1
grand_bassin_aerial_development,455,227.500,BUS_R04,1,1
grand_bassin_aerial_development,456,228.000,BUS_L01,1,1
grand_bassin_aerial_development,456,228.000,BUS_L02,1,1
grand_bassin_aerial_development,456,228.000,BUS_L03,1,1
grand_bassin_aerial_development,456,228.000,BUS_R01,1,1
grand_bassin_aerial_development,456,228.000,BUS_R02,1,1
grand_bassin_aerial_development,456,228.000,BUS_R03,1,1
grand_bassin_aerial_development,456,228.000,BUS_R04,1,1
grand_bassin_aerial_development,457,228.500,BUS_L01,1,1
grand_bassin_aerial_development,457,228.500,BUS_L02,1,1
grand_bassin_aerial_development,457,228.500,BUS_L03,1,1
grand_bassin_aerial_development,457,228.500,BUS_R01,1,1
grand_bassin_aerial_development,457,228.500,BUS_R02,1,1
grand_bassin_aerial_development,457,228.500,BUS_R03,1,1
grand_bassin_aerial_development,457,228.500,BUS_R04,1,1
grand_bassin_aerial_development,458,229.000,BUS_L01,1,1
grand_bassin_aerial_development,458,229.000,BUS_L02,1,1
grand_bassin_aerial_development,458,229.000,BUS_L03,1,1
grand_bassin_aerial_development,458,229.000,BUS_R01,1,1
grand_bassin_aerial_development,458,229.000,BUS_R02,1,1
grand_bassin_aerial_development,458,229.000,BUS_R03,1,1
grand_bassin_aerial_development,458,229.000,BUS_R04,1,1
grand_bassin_aerial_development,459,229.500,BUS_L01,1,1
grand_bassin_aerial_development,459,229.500,BUS_L02,1,1
grand_bassin_aerial_development,459,229.500,BUS_L03,1,1
grand_bassin_aerial_development,459,229.500,BUS_R01,1,1
grand_bassin_aerial_development,459,229.500,BUS_R02,1,1
grand_bassin_aerial_development,459,229.500,BUS_R03,1,1
grand_bassin_aerial_development,459,229.500,BUS_R04,1,1
grand_bassin_aerial_development,460,230.000,BUS_L01,1,1
grand_bassin_aerial_development,460,230.000,BUS_L02,1,1
grand_bassin_aerial_development,460,230.000,BUS_L03,1,1
grand_bassin_aerial_development,460,230.000,BUS_R01,1,1
grand_bassin_aerial_development,460,230.000,BUS_R02,1,1
grand_bassin_aerial_development,460,230.000,BUS_R03,1,1
grand_bassin_aerial_development,460,230.000,BUS_R04,1,1
grand_bassin_aerial_development,461,230.500,BUS_L01,1,1
grand_bassin_aerial_development,461,230.500,BUS_L02,1,1
grand_bassin_aerial_development,461,230.500,BUS_L03,1,1
grand_bassin_aerial_development,461,230.500,BUS_R01,1,1
grand_bassin_aerial_development,461,230.500,BUS_R02,1,1
grand_bassin_aerial_development,461,230.500,BUS_R03,1,1
grand_bassin_aerial_development,461,230.500,BUS_R04,1,1
grand_bassin_aerial_development,462,231.000,BUS_L01,1,1
grand_bassin_aerial_development,462,231.000,BUS_L02,1,1
grand_bassin_aerial_development,462,231.000,BUS_L03,1,1
grand_bassin_aerial_development,462,231.000,BUS_R01,1,1
grand_bassin_aerial_development,462,231.000,BUS_R02,1,1
grand_bassin_aerial_development,462,231.000,BUS_R03,1,1
grand_bassin_aerial_development,462,231.000,BUS_R04,1,1
grand_bassin_aerial_development,463,231.500,BUS_L01,1,1
grand_bassin_aerial_development,463,231.500,BUS_L02,1,1
grand_bassin_aerial_development,463,231.500,BUS_L03,1,1
grand_bassin_aerial_development,463,231.500,BUS_R01,1,1
grand_bassin_aerial_development,463,231.500,BUS_R02,1,1
grand_bassin_aerial_development,463,231.500,BUS_R03,1,1
grand_bassin_aerial_development,463,231.500,BUS_R04,1,1
grand_bassin_aerial_development,464,232.000,BUS_L01,1,1
grand_bassin_aerial_development,464,232.000,BUS_L02,1,1
grand_bassin_aerial_development,464,232.000,BUS_L03,1,1
grand_bassin_aerial_development,464,232.000,BUS_R01,1,1
grand_bassin_aerial_development,464,232.000,BUS_R02,1,1
grand_bassin_aerial_development,464,232.000,BUS_R03,1,1
grand_bassin_aerial_development,464,232.000,BUS_R04,1,1
grand_bassin_aerial_development,465,232.500,BUS_L01,1,1
grand_bassin_aerial_development,465,232.500,BUS_L02,1,1
grand_bassin_aerial_development,465,232.500,BUS_L03,1,1
grand_bassin_aerial_development,465,232.500,BUS_R01,1,1
grand_bassin_aerial_development,465,232.500,BUS_R02,1,1
grand_bassin_aerial_development,465,232.500,BUS_R03,1,1
grand_bassin_aerial_development,465,232.500,BUS_R04,1,1
grand_bassin_aerial_development,466,233.000,BUS_L01,1,1
grand_bassin_aerial_development,466,233.000,BUS_L02,1,1
grand_bassin_aerial_development,466,233.000,BUS_L03,1,1
grand_bassin_aerial_development,466,233.000,BUS_R01,1,1
grand_bassin_aerial_development,466,233.000,BUS_R02,1,1
grand_bassin_aerial_development,466,233.000,BUS_R03,1,1
grand_bassin_aerial_development,466,233.000,BUS_R04,1,1
grand_bassin_aerial_development,467,233.500,BUS_L01,1,1
grand_bassin_aerial_development,467,233.500,BUS_L02,1,1
grand_bassin_aerial_development,467,233.500,BUS_L03,1,1
grand_bassin_aerial_development,467,233.500,BUS_R01,1,1
grand_bassin_aerial_development,467,233.500,BUS_R02,1,1
grand_bassin_aerial_development,467,233.500,BUS_R03,1,1
grand_bassin_aerial_development,467,233.500,BUS_R04,1,1
grand_bassin_aerial_development,468,234.000,BUS_L01,1,1
grand_bassin_aerial_development,468,234.000,BUS_L02,1,1
grand_bassin_aerial_development,468,234.000,BUS_L03,1,1
grand_bassin_aerial_development,468,234.000,BUS_R01,1,1
grand_bassin_aerial_development,468,234.000,BUS_R02,1,1
grand_bassin_aerial_development,468,234.000,BUS_R03,1,1
grand_bassin_aerial_development,468,234.000,BUS_R04,1,1
grand_bassin_aerial_development,469,234.500,BUS_L01,1,1
grand_bassin_aerial_development,469,234.500,BUS_L02,1,1
grand_bassin_aerial_development,469,234.500,BUS_L03,1,1
grand_bassin_aerial_development,469,234.500,BUS_R01,1,1
grand_bassin_aerial_development,469,234.500,BUS_R02,1,1
grand_bassin_aerial_development,469,234.500,BUS_R03,1,1
grand_bassin_aerial_development,469,234.500,BUS_R04,1,1
grand_bassin_aerial_development,470,235.000,BUS_L01,1,1
grand_bassin_aerial_development,470,235.000,BUS_L02,1,1
grand_bassin_aerial_development,470,235.000,BUS_L03,1,1
grand_bassin_aerial_development,470,235.000,BUS_R01,1,1
grand_bassin_aerial_development,470,235.000,BUS_R02,1,1
grand_bassin_aerial_development,470,235.000,BUS_R03,1,1
grand_bassin_aerial_development,470,235.000,BUS_R04,1,1
grand_bassin_aerial_development,471,235.500,BUS_L01,1,1
grand_bassin_aerial_development,471,235.500,BUS_L02,1,1
grand_bassin_aerial_development,471,235.500,BUS_L03,1,1
grand_bassin_aerial_development,471,235.500,BUS_R01,1,1
grand_bassin_aerial_development,471,235.500,BUS_R02,1,1
grand_bassin_aerial_development,471,235.500,BUS_R03,1,1
grand_bassin_aerial_development,471,235.500,BUS_R04,1,1
grand_bassin_aerial_development,472,236.000,BUS_L01,1,1
grand_bassin_aerial_development,472,236.000,BUS_L02,1,1
grand_bassin_aerial_development,472,236.000,BUS_L03,1,1
grand_bassin_aerial_development,472,236.000,BUS_R01,1,1
grand_bassin_aerial_development,472,236.000,BUS_R02,1,1
grand_bassin_aerial_development,472,236.000,BUS_R03,1,1
grand_bassin_aerial_development,472,236.000,BUS_R04,1,1
grand_bassin_aerial_development,473,236.500,BUS_L01,1,1
grand_bassin_aerial_development,473,236.500,BUS_L02,1,1
grand_bassin_aerial_development,473,236.500,BUS_L03,1,1
grand_bassin_aerial_development,473,236.500,BUS_R01,1,1
grand_bassin_aerial_development,473,236.500,BUS_R02,1,1
grand_bassin_aerial_development,473,236.500,BUS_R03,1,1
grand_bassin_aerial_development,473,236.500,BUS_R04,1,1
grand_bassin_aerial_development,474,237.000,BUS_L01,1,1
grand_bassin_aerial_development,474,237.000,BUS_L02,1,1
grand_bassin_aerial_development,474,237.000,BUS_L03,1,1
grand_bassin_aerial_development,474,237.000,BUS_R01,1,1
grand_bassin_aerial_development,474,237.000,BUS_R02,1,1
grand_bassin_aerial_development,474,237.000,BUS_R03,1,1
grand_bassin_aerial_development,474,237.000,BUS_R04,1,1
grand_bassin_aerial_development,475,237.500,BUS_L01,1,1
grand_bassin_aerial_development,475,237.500,BUS_L02,1,1
grand_bassin_aerial_development,475,237.500,BUS_L03,1,1
grand_bassin_aerial_development,475,237.500,BUS_R01,1,1
grand_bassin_aerial_development,475,237.500,BUS_R02,1,1
grand_bassin_aerial_development,475,237.500,BUS_R03,1,1
grand_bassin_aerial_development,475,237.500,BUS_R04,1,1
grand_bassin_aerial_development,476,238.000,BUS_L01,1,1
grand_bassin_aerial_development,476,238.000,BUS_L02,1,1
grand_bassin_aerial_development,476,238.000,BUS_L03,1,1
grand_bassin_aerial_development,476,238.000,BUS_R01,1,1
grand_bassin_aerial_development,476,238.000,BUS_R02,1,1
grand_bassin_aerial_development,476,238.000,BUS_R03,1,1
grand_bassin_aerial_development,476,238.000,BUS_R04,1,1
grand_bassin_aerial_development,477,238.500,BUS_L01,1,1
grand_bassin_aerial_development,477,238.500,BUS_L02,1,1
grand_bassin_aerial_development,477,238.500,BUS_L03,1,1
grand_bassin_aerial_development,477,238.500,BUS_R01,1,1
grand_bassin_aerial_development,477,238.500,BUS_R02,1,1
grand_bassin_aerial_development,477,238.500,BUS_R03,1,1
grand_bassin_aerial_development,477,238.500,BUS_R04,1,1
grand_bassin_aerial_development,478,239.000,BUS_L01,1,1
grand_bassin_aerial_development,478,239.000,BUS_L02,1,1
grand_bassin_aerial_development,478,239.000,BUS_L03,1,1
grand_bassin_aerial_development,478,239.000,BUS_R01,1,1
grand_bassin_aerial_development,478,239.000,BUS_R02,1,1
grand_bassin_aerial_development,478,239.000,BUS_R03,1,1
grand_bassin_aerial_development,478,239.000,BUS_R04,1,1
grand_bassin_aerial_development,479,239.500,BUS_L01,1,1
grand_bassin_aerial_development,479,239.500,BUS_L02,1,1
grand_bassin_aerial_development,479,239.500,BUS_L03,1,1
grand_bassin_aerial_development,479,239.500,BUS_R01,1,1
grand_bassin_aerial_development,479,239.500,BUS_R02,1,1
grand_bassin_aerial_development,479,239.500,BUS_R03,1,1
grand_bassin_aerial_development,479,239.500,BUS_R04,1,1
grand_bassin_aerial_development,480,240.000,BUS_L01,1,1
grand_bassin_aerial_development,480,240.000,BUS_L02,1,1
grand_bassin_aerial_development,480,240.000,BUS_L03,1,1
grand_bassin_aerial_development,480,240.000,BUS_R01,1,1
grand_bassin_aerial_development,480,240.000,BUS_R02,1,1
grand_bassin_aerial_development,480,240.000,BUS_R03,1,1
grand_bassin_aerial_development,480,240.000,BUS_R04,1,1
grand_bassin_aerial_development,481,240.500,BUS_L01,1,1
grand_bassin_aerial_development,481,240.500,BUS_L02,1,1
grand_bassin_aerial_development,481,240.500,BUS_L03,1,1
grand_bassin_aerial_development,481,240.500,BUS_R01,1,1
grand_bassin_aerial_development,481,240.500,BUS_R02,1,1
grand_bassin_aerial_development,481,240.500,BUS_R03,1,1
grand_bassin_aerial_development,481,240.500,BUS_R04,1,1
grand_bassin_aerial_development,482,241.000,BUS_L01,1,1
grand_bassin_aerial_development,482,241.000,BUS_L02,1,1
grand_bassin_aerial_development,482,241.000,BUS_L03,1,1
grand_bassin_aerial_development,482,241.000,BUS_R01,1,1
grand_bassin_aerial_development,482,241.000,BUS_R02,1,1
grand_bassin_aerial_development,482,241.000,BUS_R03,1,1
grand_bassin_aerial_development,482,241.000,BUS_R04,1,1
grand_bassin_aerial_development,483,241.500,BUS_L01,1,1
grand_bassin_aerial_development,483,241.500,BUS_L02,1,1
grand_bassin_aerial_development,483,241.500,BUS_L03,1,1
grand_bassin_aerial_development,483,241.500,BUS_R01,1,1
grand_bassin_aerial_development,483,241.500,BUS_R02,1,1
grand_bassin_aerial_development,483,241.500,BUS_R03,1,1
grand_bassin_aerial_development,483,241.500,BUS_R04,1,1
grand_bassin_aerial_development,484,242.000,BUS_L01,1,1
grand_bassin_aerial_development,484,242.000,BUS_L02,1,1
grand_bassin_aerial_development,484,242.000,BUS_L03,1,1
grand_bassin_aerial_development,484,242.000,BUS_R01,1,1
grand_bassin_aerial_development,484,242.000,BUS_R02,1,1
grand_bassin_aerial_development,484,242.000,BUS_R03,1,1
grand_bassin_aerial_development,484,242.000,BUS_R04,1,1
grand_bassin_aerial_development,485,242.500,BUS_L01,1,1
grand_bassin_aerial_development,485,242.500,BUS_L02,1,1
grand_bassin_aerial_development,485,242.500,BUS_L03,1,1
grand_bassin_aerial_development,485,242.500,BUS_R01,1,1
grand_bassin_aerial_development,485,242.500,BUS_R02,1,1
grand_bassin_aerial_development,485,242.500,BUS_R03,1,1
grand_bassin_aerial_development,485,242.500,BUS_R04,1,1
grand_bassin_aerial_development,486,243.000,BUS_L01,1,1
grand_bassin_aerial_development,486,243.000,BUS_L02,1,1
grand_bassin_aerial_development,486,243.000,BUS_L03,1,1
grand_bassin_aerial_development,486,243.000,BUS_R01,1,1
grand_bassin_aerial_development,486,243.000,BUS_R02,1,1
grand_bassin_aerial_development,486,243.000,BUS_R03,1,1
grand_bassin_aerial_development,486,243.000,BUS_R04,1,1
grand_bassin_aerial_development,487,243.500,BUS_L01,1,1
grand_bassin_aerial_development,487,243.500,BUS_L02,1,1
grand_bassin_aerial_development,487,243.500,BUS_L03,1,1
grand_bassin_aerial_development,487,243.500,BUS_R01,1,1
grand_bassin_aerial_development,487,243.500,BUS_R02,1,1
grand_bassin_aerial_development,487,243.500,BUS_R03,1,1
grand_bassin_aerial_development,487,243.500,BUS_R04,1,1
grand_bassin_aerial_development,488,244.000,BUS_L01,1,1
grand_bassin_aerial_development,488,244.000,BUS_L02,1,1
grand_bassin_aerial_development,488,244.000,BUS_L03,1,1
grand_bassin_aerial_development,488,244.000,BUS_R01,1,1
grand_bassin_aerial_development,488,244.000,BUS_R02,1,1
grand_bassin_aerial_development,488,244.000,BUS_R03,1,1
grand_bassin_aerial_development,488,244.000,BUS_R04,1,1
grand_bassin_aerial_development,489,244.500,BUS_L01,1,1
grand_bassin_aerial_development,489,244.500,BUS_L02,1,1
grand_bassin_aerial_development,489,244.500,BUS_L03,1,1
grand_bassin_aerial_development,489,244.500,BUS_R01,1,1
grand_bassin_aerial_development,489,244.500,BUS_R02,1,1
grand_bassin_aerial_development,489,244.500,BUS_R03,1,1
grand_bassin_aerial_development,489,244.500,BUS_R04,1,1
grand_bassin_aerial_development,490,245.000,BUS_L01,1,1
grand_bassin_aerial_development,490,245.000,BUS_L02,1,1
grand_bassin_aerial_development,490,245.000,BUS_L03,1,1
grand_bassin_aerial_development,490,245.000,BUS_R01,1,1
grand_bassin_aerial_development,490,245.000,BUS_R02,1,1
grand_bassin_aerial_development,490,245.000,BUS_R03,1,1
grand_bassin_aerial_development,490,245.000,BUS_R04,1,1
grand_bassin_aerial_development,491,245.500,BUS_L01,1,1
grand_bassin_aerial_development,491,245.500,BUS_L02,1,1
grand_bassin_aerial_development,491,245.500,BUS_L03,1,1
grand_bassin_aerial_development,491,245.500,BUS_R01,1,1
grand_bassin_aerial_development,491,245.500,BUS_R02,1,1
grand_bassin_aerial_development,491,245.500,BUS_R03,1,1
grand_bassin_aerial_development,491,245.500,BUS_R04,1,1
grand_bassin_aerial_development,492,246.000,BUS_L01,1,1
grand_bassin_aerial_development,492,246.000,BUS_L02,1,1
grand_bassin_aerial_development,492,246.000,BUS_L03,1,1
grand_bassin_aerial_development,492,246.000,BUS_R01,1,1
grand_bassin_aerial_development,492,246.000,BUS_R02,1,1
grand_bassin_aerial_development,492,246.000,BUS_R03,1,1
grand_bassin_aerial_development,492,246.000,BUS_R04,1,1
grand_bassin_aerial_development,493,246.500,BUS_L01,1,1
grand_bassin_aerial_development,493,246.500,BUS_L02,1,1
grand_bassin_aerial_development,493,246.500,BUS_L03,1,1
grand_bassin_aerial_development,493,246.500,BUS_R01,1,1
grand_bassin_aerial_development,493,246.500,BUS_R02,1,1
grand_bassin_aerial_development,493,246.500,BUS_R03,1,1
grand_bassin_aerial_development,493,246.500,BUS_R04,1,1
grand_bassin_aerial_development,494,247.000,BUS_L01,1,1
grand_bassin_aerial_development,494,247.000,BUS_L02,1,1
grand_bassin_aerial_development,494,247.000,BUS_L03,1,1
grand_bassin_aerial_development,494,247.000,BUS_R01,1,1
grand_bassin_aerial_development,494,247.000,BUS_R02,1,1
grand_bassin_aerial_development,494,247.000,BUS_R03,1,1
grand_bassin_aerial_development,494,247.000,BUS_R04,1,1
grand_bassin_aerial_development,495,247.500,BUS_L01,1,1
grand_bassin_aerial_development,495,247.500,BUS_L02,1,1
grand_bassin_aerial_development,495,247.500,BUS_L03,1,1
grand_bassin_aerial_development,495,247.500,BUS_R01,1,1
grand_bassin_aerial_development,495,247.500,BUS_R02,1,1
grand_bassin_aerial_development,495,247.500,BUS_R03,1,1
grand_bassin_aerial_development,495,247.500,BUS_R04,1,1
grand_bassin_aerial_development,496,248.000,BUS_L01,1,1
grand_bassin_aerial_development,496,248.000,BUS_L02,1,1
grand_bassin_aerial_development,496,248.000,BUS_L03,1,1
grand_bassin_aerial_development,496,248.000,BUS_R01,1,1
grand_bassin_aerial_development,496,248.000,BUS_R02,1,1
grand_bassin_aerial_development,496,248.000,BUS_R03,1,1
grand_bassin_aerial_development,496,248.000,BUS_R04,1,1
grand_bassin_aerial_development,497,248.500,BUS_L01,1,1
grand_bassin_aerial_development,497,248.500,BUS_L02,1,1
grand_bassin_aerial_development,497,248.500,BUS_L03,1,1
grand_bassin_aerial_development,497,248.500,BUS_R01,1,1
grand_bassin_aerial_development,497,248.500,BUS_R02,1,1
grand_bassin_aerial_development,497,248.500,BUS_R03,1,1
grand_bassin_aerial_development,497,248.500,BUS_R04,1,1
grand_bassin_aerial_development,498,249.000,BUS_L01,1,1
grand_bassin_aerial_development,498,249.000,BUS_L02,1,1
grand_bassin_aerial_development,498,249.000,BUS_L03,1,1
grand_bassin_aerial_development,498,249.000,BUS_R01,1,1
grand_bassin_aerial_development,498,249.000,BUS_R02,1,1
grand_bassin_aerial_development,498,249.000,BUS_R03,1,1
grand_bassin_aerial_development,498,249.000,BUS_R04,1,1
grand_bassin_aerial_development,499,249.500,BUS_L01,1,1
grand_bassin_aerial_development,499,249.500,BUS_L02,1,1
grand_bassin_aerial_development,499,249.500,BUS_L03,1,1
grand_bassin_aerial_development,499,249.500,BUS_R01,1,1
grand_bassin_aerial_development,499,249.500,BUS_R02,1,1
grand_bassin_aerial_development,499,249.500,BUS_R03,1,1
grand_bassin_aerial_development,499,249.500,BUS_R04,1,1
grand_bassin_aerial_development,500,250.000,BUS_L01,1,1
grand_bassin_aerial_development,500,250.000,BUS_L02,1,1
grand_bassin_aerial_development,500,250.000,BUS_L03,1,1
grand_bassin_aerial_development,500,250.000,BUS_R01,1,1
grand_bassin_aerial_development,500,250.000,BUS_R02,1,1
grand_bassin_aerial_development,500,250.000,BUS_R03,1,1
grand_bassin_aerial_development,500,250.000,BUS_R04,1,1
grand_bassin_aerial_development,501,250.500,BUS_L01,1,1
grand_bassin_aerial_development,501,250.500,BUS_L02,1,1
grand_bassin_aerial_development,501,250.500,BUS_L03,1,1
grand_bassin_aerial_development,501,250.500,BUS_R01,1,1
grand_bassin_aerial_development,501,250.500,BUS_R02,1,1
grand_bassin_aerial_development,501,250.500,BUS_R03,1,1
grand_bassin_aerial_development,501,250.500,BUS_R04,1,1
grand_bassin_aerial_development,502,251.000,BUS_L01,1,1
grand_bassin_aerial_development,502,251.000,BUS_L02,1,1
grand_bassin_aerial_development,502,251.000,BUS_L03,1,1
grand_bassin_aerial_development,502,251.000,BUS_R01,1,1
grand_bassin_aerial_development,502,251.000,BUS_R02,1,1
grand_bassin_aerial_development,502,251.000,BUS_R03,1,1
grand_bassin_aerial_development,502,251.000,BUS_R04,1,1
grand_bassin_aerial_development,503,251.500,BUS_L01,1,1
grand_bassin_aerial_development,503,251.500,BUS_L02,1,1
grand_bassin_aerial_development,503,251.500,BUS_L03,1,1
grand_bassin_aerial_development,503,251.500,BUS_R01,1,1
grand_bassin_aerial_development,503,251.500,BUS_R02,1,1
grand_bassin_aerial_development,503,251.500,BUS_R03,1,1
grand_bassin_aerial_development,503,251.500,BUS_R04,1,1
grand_bassin_aerial_development,504,252.000,BUS_L01,1,1
grand_bassin_aerial_development,504,252.000,BUS_L02,1,1
grand_bassin_aerial_development,504,252.000,BUS_L03,1,1
grand_bassin_aerial_development,504,252.000,BUS_R01,1,1
grand_bassin_aerial_development,504,252.000,BUS_R02,1,1
grand_bassin_aerial_development,504,252.000,BUS_R03,1,1
grand_bassin_aerial_development,504,252.000,BUS_R04,1,1
grand_bassin_aerial_development,505,252.500,BUS_L01,1,1
grand_bassin_aerial_development,505,252.500,BUS_L02,1,1
grand_bassin_aerial_development,505,252.500,BUS_L03,1,1
grand_bassin_aerial_development,505,252.500,BUS_R01,1,1
grand_bassin_aerial_development,505,252.500,BUS_R02,1,1
grand_bassin_aerial_development,505,252.500,BUS_R03,1,1
grand_bassin_aerial_development,505,252.500,BUS_R04,1,1
grand_bassin_aerial_development,506,253.000,BUS_L01,1,1
grand_bassin_aerial_development,506,253.000,BUS_L02,1,1
grand_bassin_aerial_development,506,253.000,BUS_L03,1,1
grand_bassin_aerial_development,506,253.000,BUS_R01,1,1
grand_bassin_aerial_development,506,253.000,BUS_R02,1,1
grand_bassin_aerial_development,506,253.000,BUS_R03,1,1
grand_bassin_aerial_development,506,253.000,BUS_R04,1,1
grand_bassin_aerial_development,507,253.500,BUS_L01,1,1
grand_bassin_aerial_development,507,253.500,BUS_L02,1,1
grand_bassin_aerial_development,507,253.500,BUS_L03,1,1
grand_bassin_aerial_development,507,253.500,BUS_R01,1,1
grand_bassin_aerial_development,507,253.500,BUS_R02,1,1
grand_bassin_aerial_development,507,253.500,BUS_R03,1,1
grand_bassin_aerial_development,507,253.500,BUS_R04,1,1
grand_bassin_aerial_development,508,254.000,BUS_L01,1,1
grand_bassin_aerial_development,508,254.000,BUS_L02,1,1
grand_bassin_aerial_development,508,254.000,BUS_L03,1,1
grand_bassin_aerial_development,508,254.000,BUS_R01,1,1
grand_bassin_aerial_development,508,254.000,BUS_R02,1,1
grand_bassin_aerial_development,508,254.000,BUS_R03,1,1
grand_bassin_aerial_development,508,254.000,BUS_R04,1,1
grand_bassin_aerial_development,509,254.500,BUS_L01,1,1
grand_bassin_aerial_development,509,254.500,BUS_L02,1,1
grand_bassin_aerial_development,509,254.500,BUS_L03,1,1
grand_bassin_aerial_development,509,254.500,BUS_R01,1,1
grand_bassin_aerial_development,509,254.500,BUS_R02,1,1
grand_bassin_aerial_development,509,254.500,BUS_R03,1,1
grand_bassin_aerial_development,509,254.500,BUS_R04,1,1
grand_bassin_aerial_development,510,255.000,BUS_L01,1,1
grand_bassin_aerial_development,510,255.000,BUS_L02,1,1
grand_bassin_aerial_development,510,255.000,BUS_L03,1,1
grand_bassin_aerial_development,510,255.000,BUS_R01,1,1
grand_bassin_aerial_development,510,255.000,BUS_R02,1,1
grand_bassin_aerial_development,510,255.000,BUS_R03,1,1
grand_bassin_aerial_development,510,255.000,BUS_R04,1,1
grand_bassin_aerial_development,511,255.500,BUS_L01,1,1
grand_bassin_aerial_development,511,255.500,BUS_L02,1,1
grand_bassin_aerial_development,511,255.500,BUS_L03,1,1
grand_bassin_aerial_development,511,255.500,BUS_R01,1,1
grand_bassin_aerial_development,511,255.500,BUS_R02,1,1
grand_bassin_aerial_development,511,255.500,BUS_R03,1,1
grand_bassin_aerial_development,511,255.500,BUS_R04,1,1
grand_bassin_aerial_development,512,256.000,BUS_L01,1,1
grand_bassin_aerial_development,512,256.000,BUS_L02,1,1
grand_bassin_aerial_development,512,256.000,BUS_L03,1,1
grand_bassin_aerial_development,512,256.000,BUS_R01,1,1
grand_bassin_aerial_development,512,256.000,BUS_R02,1,1
grand_bassin_aerial_development,512,256.000,BUS_R03,1,1
grand_bassin_aerial_development,512,256.000,BUS_R04,1,1
grand_bassin_aerial_development,513,256.500,BUS_L01,1,1
grand_bassin_aerial_development,513,256.500,BUS_L02,1,1
grand_bassin_aerial_development,513,256.500,BUS_L03,1,1
grand_bassin_aerial_development,513,256.500,BUS_R01,1,1
grand_bassin_aerial_development,513,256.500,BUS_R02,1,1
grand_bassin_aerial_development,513,256.500,BUS_R03,1,1
grand_bassin_aerial_development,513,256.500,BUS_R04,1,1
grand_bassin_aerial_development,514,257.000,BUS_L01,1,1
grand_bassin_aerial_development,514,257.000,BUS_L02,1,1
grand_bassin_aerial_development,514,257.000,BUS_L03,1,1
grand_bassin_aerial_development,514,257.000,BUS_R01,1,1
grand_bassin_aerial_development,514,257.000,BUS_R02,1,1
grand_bassin_aerial_development,514,257.000,BUS_R03,1,1
grand_bassin_aerial_development,514,257.000,BUS_R04,1,1
grand_bassin_aerial_development,515,257.500,BUS_L01,1,1
grand_bassin_aerial_development,515,257.500,BUS_L02,1,1
grand_bassin_aerial_development,515,257.500,BUS_L03,1,1
grand_bassin_aerial_development,515,257.500,BUS_R01,1,1
grand_bassin_aerial_development,515,257.500,BUS_R02,1,1
grand_bassin_aerial_development,515,257.500,BUS_R03,1,1
grand_bassin_aerial_development,515,257.500,BUS_R04,1,1
grand_bassin_aerial_development,516,258.000,BUS_L01,1,1
grand_bassin_aerial_development,516,258.000,BUS_L02,1,1
grand_bassin_aerial_development,516,258.000,BUS_L03,1,1
grand_bassin_aerial_development,516,258.000,BUS_R01,1,1
grand_bassin_aerial_development,516,258.000,BUS_R02,1,1
grand_bassin_aerial_development,516,258.000,BUS_R03,1,1
grand_bassin_aerial_development,516,258.000,BUS_R04,1,1
grand_bassin_aerial_development,517,258.500,BUS_L01,1,1
grand_bassin_aerial_development,517,258.500,BUS_L02,1,1
grand_bassin_aerial_development,517,258.500,BUS_L03,1,1
grand_bassin_aerial_development,517,258.500,BUS_R01,1,1
grand_bassin_aerial_development,517,258.500,BUS_R02,1,1
grand_bassin_aerial_development,517,258.500,BUS_R03,1,1
grand_bassin_aerial_development,517,258.500,BUS_R04,1,1
grand_bassin_aerial_development,518,259.000,BUS_L01,1,1
grand_bassin_aerial_development,518,259.000,BUS_L02,1,1
grand_bassin_aerial_development,518,259.000,BUS_L03,1,1
grand_bassin_aerial_development,518,259.000,BUS_R01,1,1
grand_bassin_aerial_development,518,259.000,BUS_R02,1,1
grand_bassin_aerial_development,518,259.000,BUS_R03,1,1
grand_bassin_aerial_development,518,259.000,BUS_R04,1,1
grand_bassin_aerial_development,519,259.500,BUS_L01,1,1
grand_bassin_aerial_development,519,259.500,BUS_L02,1,1
grand_bassin_aerial_development,519,259.500,BUS_L03,1,1
grand_bassin_aerial_development,519,259.500,BUS_R01,1,1
grand_bassin_aerial_development,519,259.500,BUS_R02,1,1
grand_bassin_aerial_development,519,259.500,BUS_R03,1,1
grand_bassin_aerial_development,519,259.500,BUS_R04,1,1
grand_bassin_aerial_development,520,260.000,BUS_L01,1,1
grand_bassin_aerial_development,520,260.000,BUS_L02,1,1
grand_bassin_aerial_development,520,260.000,BUS_L03,1,1
grand_bassin_aerial_development,520,260.000,BUS_R01,1,1
grand_bassin_aerial_development,520,260.000,BUS_R02,1,1
grand_bassin_aerial_development,520,260.000,BUS_R03,1,1
grand_bassin_aerial_development,520,260.000,BUS_R04,1,1
grand_bassin_aerial_development,521,260.500,BUS_L01,1,1
grand_bassin_aerial_development,521,260.500,BUS_L02,1,1
grand_bassin_aerial_development,521,260.500,BUS_L03,1,1
grand_bassin_aerial_development,521,260.500,BUS_R01,1,1
grand_bassin_aerial_development,521,260.500,BUS_R02,1,1
grand_bassin_aerial_development,521,260.500,BUS_R03,1,1
grand_bassin_aerial_development,521,260.500,BUS_R04,1,1
grand_bassin_aerial_development,522,261.000,BUS_L01,1,1
grand_bassin_aerial_development,522,261.000,BUS_L02,1,1
grand_bassin_aerial_development,522,261.000,BUS_L03,1,1
grand_bassin_aerial_development,522,261.000,BUS_R01,1,1
grand_bassin_aerial_development,522,261.000,BUS_R02,1,1
grand_bassin_aerial_development,522,261.000,BUS_R03,1,1
grand_bassin_aerial_development,522,261.000,BUS_R04,1,1
grand_bassin_aerial_development,523,261.500,BUS_L01,1,1
grand_bassin_aerial_development,523,261.500,BUS_L02,1,1
grand_bassin_aerial_development,523,261.500,BUS_L03,1,1
grand_bassin_aerial_development,523,261.500,BUS_R01,1,1
grand_bassin_aerial_development,523,261.500,BUS_R02,1,1
grand_bassin_aerial_development,523,261.500,BUS_R03,1,1
grand_bassin_aerial_development,523,261.500,BUS_R04,1,1
grand_bassin_aerial_development,524,262.000,BUS_L01,1,1
grand_bassin_aerial_development,524,262.000,BUS_L02,1,1
grand_bassin_aerial_development,524,262.000,BUS_L03,1,1
grand_bassin_aerial_development,524,262.000,BUS_R01,1,1
grand_bassin_aerial_development,524,262.000,BUS_R02,1,1
grand_bassin_aerial_development,524,262.000,BUS_R03,1,1
grand_bassin_aerial_development,524,262.000,BUS_R04,1,1
grand_bassin_aerial_development,525,262.500,BUS_L01,1,1
grand_bassin_aerial_development,525,262.500,BUS_L02,1,1
grand_bassin_aerial_development,525,262.500,BUS_L03,1,1
grand_bassin_aerial_development,525,262.500,BUS_R01,1,1
grand_bassin_aerial_development,525,262.500,BUS_R02,1,1
grand_bassin_aerial_development,525,262.500,BUS_R03,1,1
grand_bassin_aerial_development,525,262.500,BUS_R04,1,1
grand_bassin_aerial_development,526,263.000,BUS_L01,1,1
grand_bassin_aerial_development,526,263.000,BUS_L02,1,1
grand_bassin_aerial_development,526,263.000,BUS_L03,1,1
grand_bassin_aerial_development,526,263.000,BUS_R01,1,1
grand_bassin_aerial_development,526,263.000,BUS_R02,1,1
grand_bassin_aerial_development,526,263.000,BUS_R03,1,1
grand_bassin_aerial_development,526,263.000,BUS_R04,1,1
grand_bassin_aerial_development,527,263.500,BUS_L01,1,1
grand_bassin_aerial_development,527,263.500,BUS_L02,1,1
grand_bassin_aerial_development,527,263.500,BUS_L03,1,1
grand_bassin_aerial_development,527,263.500,BUS_R01,1,1
grand_bassin_aerial_development,527,263.500,BUS_R02,1,1
grand_bassin_aerial_development,527,263.500,BUS_R03,1,1
grand_bassin_aerial_development,527,263.500,BUS_R04,1,1
grand_bassin_aerial_development,528,264.000,BUS_L01,1,1
grand_bassin_aerial_development,528,264.000,BUS_L02,1,1
grand_bassin_aerial_development,528,264.000,BUS_L03,1,1
grand_bassin_aerial_development,528,264.000,BUS_R01,1,1
grand_bassin_aerial_development,528,264.000,BUS_R02,1,1
grand_bassin_aerial_development,528,264.000,BUS_R03,1,1
grand_bassin_aerial_development,528,264.000,BUS_R04,1,1
grand_bassin_aerial_development,529,264.500,BUS_L01,1,1
grand_bassin_aerial_development,529,264.500,BUS_L02,1,1
grand_bassin_aerial_development,529,264.500,BUS_L03,1,1
grand_bassin_aerial_development,529,264.500,BUS_R01,1,1
grand_bassin_aerial_development,529,264.500,BUS_R02,1,1
grand_bassin_aerial_development,529,264.500,BUS_R03,1,1
grand_bassin_aerial_development,529,264.500,BUS_R04,1,1
grand_bassin_aerial_development,530,265.000,BUS_L01,1,1
grand_bassin_aerial_development,530,265.000,BUS_L02,1,1
grand_bassin_aerial_development,530,265.000,BUS_L03,1,1
grand_bassin_aerial_development,530,265.000,BUS_R01,1,1
grand_bassin_aerial_development,530,265.000,BUS_R02,1,1
grand_bassin_aerial_development,530,265.000,BUS_R03,1,1
grand_bassin_aerial_development,530,265.000,BUS_R04,1,1
grand_bassin_aerial_development,531,265.500,BUS_L01,1,1
grand_bassin_aerial_development,531,265.500,BUS_L02,1,1
grand_bassin_aerial_development,531,265.500,BUS_L03,1,1
grand_bassin_aerial_development,531,265.500,BUS_R01,1,1
grand_bassin_aerial_development,531,265.500,BUS_R02,1,1
grand_bassin_aerial_development,531,265.500,BUS_R03,1,1
grand_bassin_aerial_development,531,265.500,BUS_R04,1,1
grand_bassin_aerial_development,532,266.000,BUS_L01,1,1
grand_bassin_aerial_development,532,266.000,BUS_L02,1,1
grand_bassin_aerial_development,532,266.000,BUS_L03,1,1
grand_bassin_aerial_development,532,266.000,BUS_R01,1,1
grand_bassin_aerial_development,532,266.000,BUS_R02,1,1
grand_bassin_aerial_development,532,266.000,BUS_R03,1,1
grand_bassin_aerial_development,532,266.000,BUS_R04,1,1
grand_bassin_aerial_development,533,266.500,BUS_L01,1,1
grand_bassin_aerial_development,533,266.500,BUS_L02,1,1
grand_bassin_aerial_development,533,266.500,BUS_L03,1,1
grand_bassin_aerial_development,533,266.500,BUS_R01,1,1
grand_bassin_aerial_development,533,266.500,BUS_R02,1,1
grand_bassin_aerial_development,533,266.500,BUS_R03,1,1
grand_bassin_aerial_development,533,266.500,BUS_R04,1,1
grand_bassin_aerial_development,534,267.000,BUS_L01,1,1
grand_bassin_aerial_development,534,267.000,BUS_L02,1,1
grand_bassin_aerial_development,534,267.000,BUS_L03,1,1
grand_bassin_aerial_development,534,267.000,BUS_R01,1,1
grand_bassin_aerial_development,534,267.000,BUS_R02,1,1
grand_bassin_aerial_development,534,267.000,BUS_R03,1,1
grand_bassin_aerial_development,534,267.000,BUS_R04,1,1
grand_bassin_aerial_development,535,267.500,BUS_L01,1,1
grand_bassin_aerial_development,535,267.500,BUS_L02,1,1
grand_bassin_aerial_development,535,267.500,BUS_L03,1,1
grand_bassin_aerial_development,535,267.500,BUS_R01,1,1
grand_bassin_aerial_development,535,267.500,BUS_R02,1,1
grand_bassin_aerial_development,535,267.500,BUS_R03,1,1
grand_bassin_aerial_development,535,267.500,BUS_R04,1,1
grand_bassin_aerial_development,536,268.000,BUS_L01,1,1
grand_bassin_aerial_development,536,268.000,BUS_L02,1,1
grand_bassin_aerial_development,536,268.000,BUS_L03,1,1
grand_bassin_aerial_development,536,268.000,BUS_R01,1,1
grand_bassin_aerial_development,536,268.000,BUS_R02,1,1
grand_bassin_aerial_development,536,268.000,BUS_R03,1,1
grand_bassin_aerial_development,536,268.000,BUS_R04,1,1
grand_bassin_aerial_development,537,268.500,BUS_L01,1,1
grand_bassin_aerial_development,537,268.500,BUS_L02,1,1
grand_bassin_aerial_development,537,268.500,BUS_L03,1,1
grand_bassin_aerial_development,537,268.500,BUS_R01,1,1
grand_bassin_aerial_development,537,268.500,BUS_R02,1,1
grand_bassin_aerial_development,537,268.500,BUS_R03,1,1
grand_bassin_aerial_development,537,268.500,BUS_R04,1,1
grand_bassin_aerial_development,538,269.000,BUS_L01,1,1
grand_bassin_aerial_development,538,269.000,BUS_L02,1,1
grand_bassin_aerial_development,538,269.000,BUS_L03,1,1
grand_bassin_aerial_development,538,269.000,BUS_R01,1,1
grand_bassin_aerial_development,538,269.000,BUS_R02,1,1
grand_bassin_aerial_development,538,269.000,BUS_R03,1,1
grand_bassin_aerial_development,538,269.000,BUS_R04,1,1
grand_bassin_aerial_development,539,269.500,BUS_L01,1,1
grand_bassin_aerial_development,539,269.500,BUS_L02,1,1
grand_bassin_aerial_development,539,269.500,BUS_L03,1,1
grand_bassin_aerial_development,539,269.500,BUS_R01,1,1
grand_bassin_aerial_development,539,269.500,BUS_R02,1,1
grand_bassin_aerial_development,539,269.500,BUS_R03,1,1
grand_bassin_aerial_development,539,269.500,BUS_R04,1,1
grand_bassin_aerial_development,540,270.000,BUS_L01,1,1
grand_bassin_aerial_development,540,270.000,BUS_L02,1,1
grand_bassin_aerial_development,540,270.000,BUS_L03,1,1
grand_bassin_aerial_development,540,270.000,BUS_R01,1,1
grand_bassin_aerial_development,540,270.000,BUS_R02,1,1
grand_bassin_aerial_development,540,270.000,BUS_R03,1,1
grand_bassin_aerial_development,540,270.000,BUS_R04,1,1
grand_bassin_aerial_development,541,270.500,BUS_L01,1,1
grand_bassin_aerial_development,541,270.500,BUS_L02,1,1
grand_bassin_aerial_development,541,270.500,BUS_L03,1,1
grand_bassin_aerial_development,541,270.500,BUS_R01,1,1
grand_bassin_aerial_development,541,270.500,BUS_R02,1,1
grand_bassin_aerial_development,541,270.500,BUS_R03,1,1
grand_bassin_aerial_development,541,270.500,BUS_R04,1,1
grand_bassin_aerial_development,542,271.000,BUS_L01,1,1
grand_bassin_aerial_development,542,271.000,BUS_L02,1,1
grand_bassin_aerial_development,542,271.000,BUS_L03,1,1
grand_bassin_aerial_development,542,271.000,BUS_R01,1,1
grand_bassin_aerial_development,542,271.000,BUS_R02,1,1
grand_bassin_aerial_development,542,271.000,BUS_R03,1,1
grand_bassin_aerial_development,542,271.000,BUS_R04,1,1
grand_bassin_aerial_development,543,271.500,BUS_L01,1,1
grand_bassin_aerial_development,543,271.500,BUS_L02,1,1
grand_bassin_aerial_development,543,271.500,BUS_L03,1,1
grand_bassin_aerial_development,543,271.500,BUS_R01,1,1
grand_bassin_aerial_development,543,271.500,BUS_R02,1,1
grand_bassin_aerial_development,543,271.500,BUS_R03,1,1
grand_bassin_aerial_development,543,271.500,BUS_R04,1,1
grand_bassin_aerial_development,544,272.000,BUS_L01,1,1
grand_bassin_aerial_development,544,272.000,BUS_L02,1,1
grand_bassin_aerial_development,544,272.000,BUS_L03,1,1
grand_bassin_aerial_development,544,272.000,BUS_R01,1,1
grand_bassin_aerial_development,544,272.000,BUS_R02,1,1
grand_bassin_aerial_development,544,272.000,BUS_R03,1,1
grand_bassin_aerial_development,544,272.000,BUS_R04,1,1
grand_bassin_aerial_development,545,272.500,BUS_L01,1,1
grand_bassin_aerial_development,545,272.500,BUS_L02,1,1
grand_bassin_aerial_development,545,272.500,BUS_L03,1,1
grand_bassin_aerial_development,545,272.500,BUS_R01,1,1
grand_bassin_aerial_development,545,272.500,BUS_R02,1,1
grand_bassin_aerial_development,545,272.500,BUS_R03,1,1
grand_bassin_aerial_development,545,272.500,BUS_R04,1,1
grand_bassin_aerial_development,546,273.000,BUS_L01,1,1
grand_bassin_aerial_development,546,273.000,BUS_L02,1,1
grand_bassin_aerial_development,546,273.000,BUS_L03,1,1
grand_bassin_aerial_development,546,273.000,BUS_R01,1,1
grand_bassin_aerial_development,546,273.000,BUS_R02,1,1
grand_bassin_aerial_development,546,273.000,BUS_R03,1,1
grand_bassin_aerial_development,546,273.000,BUS_R04,1,1
grand_bassin_aerial_development,547,273.500,BUS_L01,1,1
grand_bassin_aerial_development,547,273.500,BUS_L02,1,1
grand_bassin_aerial_development,547,273.500,BUS_L03,1,1
grand_bassin_aerial_development,547,273.500,BUS_R01,1,1
grand_bassin_aerial_development,547,273.500,BUS_R02,1,1
grand_bassin_aerial_development,547,273.500,BUS_R03,1,1
grand_bassin_aerial_development,547,273.500,BUS_R04,1,1
grand_bassin_aerial_development,548,274.000,BUS_L01,1,1
grand_bassin_aerial_development,548,274.000,BUS_L02,1,1
grand_bassin_aerial_development,548,274.000,BUS_L03,1,1
grand_bassin_aerial_development,548,274.000,BUS_R01,1,1
grand_bassin_aerial_development,548,274.000,BUS_R02,1,1
grand_bassin_aerial_development,548,274.000,BUS_R03,1,1
grand_bassin_aerial_development,548,274.000,BUS_R04,1,1
grand_bassin_aerial_development,549,274.500,BUS_L01,1,1
grand_bassin_aerial_development,549,274.500,BUS_L02,1,1
grand_bassin_aerial_development,549,274.500,BUS_L03,1,1
grand_bassin_aerial_development,549,274.500,BUS_R01,1,1
grand_bassin_aerial_development,549,274.500,BUS_R02,1,1
grand_bassin_aerial_development,549,274.500,BUS_R03,1,1
grand_bassin_aerial_development,549,274.500,BUS_R04,1,1
grand_bassin_aerial_development,550,275.000,BUS_L01,1,1
grand_bassin_aerial_development,550,275.000,BUS_L02,1,1
grand_bassin_aerial_development,550,275.000,BUS_L03,1,1
grand_bassin_aerial_development,550,275.000,BUS_R01,1,1
grand_bassin_aerial_development,550,275.000,BUS_R02,1,1
grand_bassin_aerial_development,550,275.000,BUS_R03,1,1
grand_bassin_aerial_development,550,275.000,BUS_R04,1,1
grand_bassin_aerial_development,551,275.500,BUS_L01,1,1
grand_bassin_aerial_development,551,275.500,BUS_L02,1,1
grand_bassin_aerial_development,551,275.500,BUS_L03,1,1
grand_bassin_aerial_development,551,275.500,BUS_R01,1,1
grand_bassin_aerial_development,551,275.500,BUS_R02,1,1
grand_bassin_aerial_development,551,275.500,BUS_R03,1,1
grand_bassin_aerial_development,551,275.500,BUS_R04,1,1
grand_bassin_aerial_development,552,276.000,BUS_L01,1,1
grand_bassin_aerial_development,552,276.000,BUS_L02,1,1
grand_bassin_aerial_development,552,276.000,BUS_L03,1,1
grand_bassin_aerial_development,552,276.000,BUS_R01,1,1
grand_bassin_aerial_development,552,276.000,BUS_R02,1,1
grand_bassin_aerial_development,552,276.000,BUS_R03,1,1
grand_bassin_aerial_development,552,276.000,BUS_R04,1,1
grand_bassin_aerial_development,553,276.500,BUS_L01,1,1
grand_bassin_aerial_development,553,276.500,BUS_L02,1,1
grand_bassin_aerial_development,553,276.500,BUS_L03,1,1
grand_bassin_aerial_development,553,276.500,BUS_R01,1,1
grand_bassin_aerial_development,553,276.500,BUS_R02,1,1
grand_bassin_aerial_development,553,276.500,BUS_R03,1,1
grand_bassin_aerial_development,553,276.500,BUS_R04,1,1
grand_bassin_aerial_development,554,277.000,BUS_L01,1,1
grand_bassin_aerial_development,554,277.000,BUS_L02,1,1
grand_bassin_aerial_development,554,277.000,BUS_L03,1,1
grand_bassin_aerial_development,554,277.000,BUS_R01,1,1
grand_bassin_aerial_development,554,277.000,BUS_R02,1,1
grand_bassin_aerial_development,554,277.000,BUS_R03,1,1
grand_bassin_aerial_development,554,277.000,BUS_R04,1,1
grand_bassin_aerial_development,555,277.500,BUS_L01,1,1
grand_bassin_aerial_development,555,277.500,BUS_L02,1,1
grand_bassin_aerial_development,555,277.500,BUS_L03,1,1
grand_bassin_aerial_development,555,277.500,BUS_R01,1,1
grand_bassin_aerial_development,555,277.500,BUS_R02,1,1
grand_bassin_aerial_development,555,277.500,BUS_R03,1,1
grand_bassin_aerial_development,555,277.500,BUS_R04,1,1
grand_bassin_aerial_development,556,278.000,BUS_L01,1,1
grand_bassin_aerial_development,556,278.000,BUS_L02,1,1
grand_bassin_aerial_development,556,278.000,BUS_L03,1,1
grand_bassin_aerial_development,556,278.000,BUS_R01,1,1
grand_bassin_aerial_development,556,278.000,BUS_R02,1,1
grand_bassin_aerial_development,556,278.000,BUS_R03,1,1
grand_bassin_aerial_development,556,278.000,BUS_R04,1,1
grand_bassin_aerial_development,557,278.500,BUS_L01,1,1
grand_bassin_aerial_development,557,278.500,BUS_L02,1,1
grand_bassin_aerial_development,557,278.500,BUS_L03,1,1
grand_bassin_aerial_development,557,278.500,BUS_R01,1,1
grand_bassin_aerial_development,557,278.500,BUS_R02,1,1
grand_bassin_aerial_development,557,278.500,BUS_R03,1,1
grand_bassin_aerial_development,557,278.500,BUS_R04,1,1
grand_bassin_aerial_development,558,279.000,BUS_L01,1,1
grand_bassin_aerial_development,558,279.000,BUS_L02,1,1
grand_bassin_aerial_development,558,279.000,BUS_L03,1,1
grand_bassin_aerial_development,558,279.000,BUS_R01,1,1
grand_bassin_aerial_development,558,279.000,BUS_R02,1,1
grand_bassin_aerial_development,558,279.000,BUS_R03,1,1
grand_bassin_aerial_development,558,279.000,BUS_R04,1,1
grand_bassin_aerial_development,559,279.500,BUS_L01,1,1
grand_bassin_aerial_development,559,279.500,BUS_L02,1,1
grand_bassin_aerial_development,559,279.500,BUS_L03,1,1
grand_bassin_aerial_development,559,279.500,BUS_R01,1,1
grand_bassin_aerial_development,559,279.500,BUS_R02,1,1
grand_bassin_aerial_development,559,279.500,BUS_R03,1,1
grand_bassin_aerial_development,559,279.500,BUS_R04,1,1
grand_bassin_aerial_development,560,280.000,BUS_L01,1,1
grand_bassin_aerial_development,560,280.000,BUS_L02,1,1
grand_bassin_aerial_development,560,280.000,BUS_L03,1,1
grand_bassin_aerial_development,560,280.000,BUS_R01,1,1
grand_bassin_aerial_development,560,280.000,BUS_R02,1,1
grand_bassin_aerial_development,560,280.000,BUS_R03,1,1
grand_bassin_aerial_development,560,280.000,BUS_R04,1,1
grand_bassin_aerial_development,561,280.500,BUS_L01,1,1
grand_bassin_aerial_development,561,280.500,BUS_L02,1,1
grand_bassin_aerial_development,561,280.500,BUS_L03,1,1
grand_bassin_aerial_development,561,280.500,BUS_R01,1,1
grand_bassin_aerial_development,561,280.500,BUS_R02,1,1
grand_bassin_aerial_development,561,280.500,BUS_R03,1,1
grand_bassin_aerial_development,561,280.500,BUS_R04,1,1
grand_bassin_aerial_development,562,281.000,BUS_L01,1,1
grand_bassin_aerial_development,562,281.000,BUS_L02,1,1
grand_bassin_aerial_development,562,281.000,BUS_L03,1,1
grand_bassin_aerial_development,562,281.000,BUS_R01,1,1
grand_bassin_aerial_development,562,281.000,BUS_R02,1,1
grand_bassin_aerial_development,562,281.000,BUS_R03,1,1
grand_bassin_aerial_development,562,281.000,BUS_R04,1,1
grand_bassin_aerial_development,563,281.500,BUS_L01,1,1
grand_bassin_aerial_development,563,281.500,BUS_L02,1,1
grand_bassin_aerial_development,563,281.500,BUS_L03,1,1
grand_bassin_aerial_development,563,281.500,BUS_R01,1,1
grand_bassin_aerial_development,563,281.500,BUS_R02,1,1
grand_bassin_aerial_development,563,281.500,BUS_R03,1,1
grand_bassin_aerial_development,563,281.500,BUS_R04,1,1
grand_bassin_aerial_development,564,282.000,BUS_L01,1,1
grand_bassin_aerial_development,564,282.000,BUS_L02,1,1
grand_bassin_aerial_development,564,282.000,BUS_L03,1,1
grand_bassin_aerial_development,564,282.000,BUS_R01,1,1
grand_bassin_aerial_development,564,282.000,BUS_R02,1,1
grand_bassin_aerial_development,564,282.000,BUS_R03,1,1
grand_bassin_aerial_development,564,282.000,BUS_R04,1,1
grand_bassin_aerial_development,565,282.500,BUS_L01,1,1
grand_bassin_aerial_development,565,282.500,BUS_L02,1,1
grand_bassin_aerial_development,565,282.500,BUS_L03,1,1
grand_bassin_aerial_development,565,282.500,BUS_R01,1,1
grand_bassin_aerial_development,565,282.500,BUS_R02,1,1
grand_bassin_aerial_development,565,282.500,BUS_R03,1,1
grand_bassin_aerial_development,565,282.500,BUS_R04,1,1
grand_bassin_aerial_development,566,283.000,BUS_L01,1,1
grand_bassin_aerial_development,566,283.000,BUS_L02,1,1
grand_bassin_aerial_development,566,283.000,BUS_L03,1,1
grand_bassin_aerial_development,566,283.000,BUS_R01,1,1
grand_bassin_aerial_development,566,283.000,BUS_R02,1,1
grand_bassin_aerial_development,566,283.000,BUS_R03,1,1
grand_bassin_aerial_development,566,283.000,BUS_R04,1,1
grand_bassin_aerial_development,567,283.500,BUS_L01,1,1
grand_bassin_aerial_development,567,283.500,BUS_L02,1,1
grand_bassin_aerial_development,567,283.500,BUS_L03,1,1
grand_bassin_aerial_development,567,283.500,BUS_R01,1,1
grand_bassin_aerial_development,567,283.500,BUS_R02,1,1
grand_bassin_aerial_development,567,283.500,BUS_R03,1,1
grand_bassin_aerial_development,567,283.500,BUS_R04,1,1
grand_bassin_aerial_development,568,284.000,BUS_L01,1,1
grand_bassin_aerial_development,568,284.000,BUS_L02,1,1
grand_bassin_aerial_development,568,284.000,BUS_L03,1,1
grand_bassin_aerial_development,568,284.000,BUS_R01,1,1
grand_bassin_aerial_development,568,284.000,BUS_R02,1,1
grand_bassin_aerial_development,568,284.000,BUS_R03,1,1
grand_bassin_aerial_development,568,284.000,BUS_R04,1,1
grand_bassin_aerial_development,569,284.500,BUS_L01,1,1
grand_bassin_aerial_development,569,284.500,BUS_L02,1,1
grand_bassin_aerial_development,569,284.500,BUS_L03,1,1
grand_bassin_aerial_development,569,284.500,BUS_R01,1,1
grand_bassin_aerial_development,569,284.500,BUS_R02,1,1
grand_bassin_aerial_development,569,284.500,BUS_R03,1,1
grand_bassin_aerial_development,569,284.500,BUS_R04,1,1
grand_bassin_aerial_development,570,285.000,BUS_L01,1,1
grand_bassin_aerial_development,570,285.000,BUS_L02,1,1
grand_bassin_aerial_development,570,285.000,BUS_L03,1,1
grand_bassin_aerial_development,570,285.000,BUS_R01,1,1
grand_bassin_aerial_development,570,285.000,BUS_R02,1,1
grand_bassin_aerial_development,570,285.000,BUS_R03,1,1
grand_bassin_aerial_development,570,285.000,BUS_R04,1,1
grand_bassin_aerial_development,571,285.500,BUS_L01,1,1
grand_bassin_aerial_development,571,285.500,BUS_L02,1,1
grand_bassin_aerial_development,571,285.500,BUS_L03,1,1
grand_bassin_aerial_development,571,285.500,BUS_R01,1,1
grand_bassin_aerial_development,571,285.500,BUS_R02,1,1
grand_bassin_aerial_development,571,285.500,BUS_R03,1,1
grand_bassin_aerial_development,571,285.500,BUS_R04,1,1
grand_bassin_aerial_development,572,286.000,BUS_L01,1,1
grand_bassin_aerial_development,572,286.000,BUS_L02,1,1
grand_bassin_aerial_development,572,286.000,BUS_L03,1,1
grand_bassin_aerial_development,572,286.000,BUS_R01,1,1
grand_bassin_aerial_development,572,286.000,BUS_R02,1,1
grand_bassin_aerial_development,572,286.000,BUS_R03,1,1
grand_bassin_aerial_development,572,286.000,BUS_R04,1,1
grand_bassin_aerial_development,573,286.500,BUS_L01,1,1
grand_bassin_aerial_development,573,286.500,BUS_L02,1,1
grand_bassin_aerial_development,573,286.500,BUS_L03,1,1
grand_bassin_aerial_development,573,286.500,BUS_R01,1,1
grand_bassin_aerial_development,573,286.500,BUS_R02,1,1
grand_bassin_aerial_development,573,286.500,BUS_R03,1,1
grand_bassin_aerial_development,573,286.500,BUS_R04,1,1
grand_bassin_aerial_development,574,287.000,BUS_L01,1,1
grand_bassin_aerial_development,574,287.000,BUS_L02,1,1
grand_bassin_aerial_development,574,287.000,BUS_L03,1,1
grand_bassin_aerial_development,574,287.000,BUS_R01,1,1
grand_bassin_aerial_development,574,287.000,BUS_R02,1,1
grand_bassin_aerial_development,574,287.000,BUS_R03,1,1
grand_bassin_aerial_development,574,287.000,BUS_R04,1,1
grand_bassin_aerial_development,575,287.500,BUS_L01,1,1
grand_bassin_aerial_development,575,287.500,BUS_L02,1,1
grand_bassin_aerial_development,575,287.500,BUS_L03,1,1
grand_bassin_aerial_development,575,287.500,BUS_R01,1,1
grand_bassin_aerial_development,575,287.500,BUS_R02,1,1
grand_bassin_aerial_development,575,287.500,BUS_R03,1,1
grand_bassin_aerial_development,575,287.500,BUS_R04,1,1
grand_bassin_aerial_development,576,288.000,BUS_L01,1,1
grand_bassin_aerial_development,576,288.000,BUS_L02,1,1
grand_bassin_aerial_development,576,288.000,BUS_L03,1,1
grand_bassin_aerial_development,576,288.000,BUS_R01,1,1
grand_bassin_aerial_development,576,288.000,BUS_R02,1,1
grand_bassin_aerial_development,576,288.000,BUS_R03,1,1
grand_bassin_aerial_development,576,288.000,BUS_R04,1,1
grand_bassin_aerial_development,577,288.500,BUS_L01,1,1
grand_bassin_aerial_development,577,288.500,BUS_L02,1,1
grand_bassin_aerial_development,577,288.500,BUS_L03,1,1
grand_bassin_aerial_development,577,288.500,BUS_R01,1,1
grand_bassin_aerial_development,577,288.500,BUS_R02,1,1
grand_bassin_aerial_development,577,288.500,BUS_R03,1,1
grand_bassin_aerial_development,577,288.500,BUS_R04,1,1
grand_bassin_aerial_development,578,289.000,BUS_L01,1,1
grand_bassin_aerial_development,578,289.000,BUS_L02,1,1
grand_bassin_aerial_development,578,289.000,BUS_L03,1,1
grand_bassin_aerial_development,578,289.000,BUS_R01,1,1
grand_bassin_aerial_development,578,289.000,BUS_R02,1,1
grand_bassin_aerial_development,578,289.000,BUS_R03,1,1
grand_bassin_aerial_development,578,289.000,BUS_R04,1,1
grand_bassin_aerial_development,579,289.500,BUS_L01,1,1
grand_bassin_aerial_development,579,289.500,BUS_L02,1,1
grand_bassin_aerial_development,579,289.500,BUS_L03,1,1
grand_bassin_aerial_development,579,289.500,BUS_R01,1,1
grand_bassin_aerial_development,579,289.500,BUS_R02,1,1
grand_bassin_aerial_development,579,289.500,BUS_R03,1,1
grand_bassin_aerial_development,579,289.500,BUS_R04,1,1
grand_bassin_aerial_development,580,290.000,BUS_L01,1,1
grand_bassin_aerial_development,580,290.000,BUS_L02,1,1
grand_bassin_aerial_development,580,290.000,BUS_L03,1,1
grand_bassin_aerial_development,580,290.000,BUS_R01,1,1
grand_bassin_aerial_development,580,290.000,BUS_R02,1,1
grand_bassin_aerial_development,580,290.000,BUS_R03,1,1
grand_bassin_aerial_development,580,290.000,BUS_R04,1,1
grand_bassin_aerial_development,581,290.500,BUS_L01,1,1
grand_bassin_aerial_development,581,290.500,BUS_L02,1,1
grand_bassin_aerial_development,581,290.500,BUS_L03,1,1
grand_bassin_aerial_development,581,290.500,BUS_R01,1,1
grand_bassin_aerial_development,581,290.500,BUS_R02,1,1
grand_bassin_aerial_development,581,290.500,BUS_R03,1,1
grand_bassin_aerial_development,581,290.500,BUS_R04,1,1
grand_bassin_aerial_development,582,291.000,BUS_L01,1,1
grand_bassin_aerial_development,582,291.000,BUS_L02,1,1
grand_bassin_aerial_development,582,291.000,BUS_L03,1,1
grand_bassin_aerial_development,582,291.000,BUS_R01,1,1
grand_bassin_aerial_development,582,291.000,BUS_R02,1,1
grand_bassin_aerial_development,582,291.000,BUS_R03,1,1
grand_bassin_aerial_development,582,291.000,BUS_R04,1,1
grand_bassin_aerial_development,583,291.500,BUS_L01,1,1
grand_bassin_aerial_development,583,291.500,BUS_L02,1,1
grand_bassin_aerial_development,583,291.500,BUS_L03,1,1
grand_bassin_aerial_development,583,291.500,BUS_R01,1,1
grand_bassin_aerial_development,583,291.500,BUS_R02,1,1
grand_bassin_aerial_development,583,291.500,BUS_R03,1,1
grand_bassin_aerial_development,583,291.500,BUS_R04,1,1
grand_bassin_aerial_development,584,292.000,BUS_L01,1,1
grand_bassin_aerial_development,584,292.000,BUS_L02,1,1
grand_bassin_aerial_development,584,292.000,BUS_L03,1,1
grand_bassin_aerial_development,584,292.000,BUS_R01,1,1
grand_bassin_aerial_development,584,292.000,BUS_R02,1,1
grand_bassin_aerial_development,584,292.000,BUS_R03,1,1
grand_bassin_aerial_development,584,292.000,BUS_R04,1,1
grand_bassin_aerial_development,585,292.500,BUS_L01,1,1
grand_bassin_aerial_development,585,292.500,BUS_L02,1,1
grand_bassin_aerial_development,585,292.500,BUS_L03,1,1
grand_bassin_aerial_development,585,292.500,BUS_R01,1,1
grand_bassin_aerial_development,585,292.500,BUS_R02,1,1
grand_bassin_aerial_development,585,292.500,BUS_R03,1,1
grand_bassin_aerial_development,585,292.500,BUS_R04,1,1
grand_bassin_aerial_development,586,293.000,BUS_L01,1,1
grand_bassin_aerial_development,586,293.000,BUS_L02,1,1
grand_bassin_aerial_development,586,293.000,BUS_L03,1,1
grand_bassin_aerial_development,586,293.000,BUS_R01,1,1
grand_bassin_aerial_development,586,293.000,BUS_R02,1,1
grand_bassin_aerial_development,586,293.000,BUS_R03,1,1
grand_bassin_aerial_development,586,293.000,BUS_R04,1,1
grand_bassin_aerial_development,587,293.500,BUS_L01,1,1
grand_bassin_aerial_development,587,293.500,BUS_L02,1,1
grand_bassin_aerial_development,587,293.500,BUS_L03,1,1
grand_bassin_aerial_development,587,293.500,BUS_R01,1,1
grand_bassin_aerial_development,587,293.500,BUS_R02,1,1
grand_bassin_aerial_development,587,293.500,BUS_R03,1,1
grand_bassin_aerial_development,587,293.500,BUS_R04,1,1
grand_bassin_aerial_development,588,294.000,BUS_L01,1,1
grand_bassin_aerial_development,588,294.000,BUS_L02,1,1
grand_bassin_aerial_development,588,294.000,BUS_L03,1,1
grand_bassin_aerial_development,588,294.000,BUS_R01,1,1
grand_bassin_aerial_development,588,294.000,BUS_R02,1,1
grand_bassin_aerial_development,588,294.000,BUS_R03,1,1
grand_bassin_aerial_development,588,294.000,BUS_R04,1,1
grand_bassin_aerial_development,589,294.500,BUS_L01,1,1
grand_bassin_aerial_development,589,294.500,BUS_L02,1,1
grand_bassin_aerial_development,589,294.500,BUS_L03,1,1
grand_bassin_aerial_development,589,294.500,BUS_R01,1,1
grand_bassin_aerial_development,589,294.500,BUS_R02,1,1
grand_bassin_aerial_development,589,294.500,BUS_R03,1,1
grand_bassin_aerial_development,589,294.500,BUS_R04,1,1
grand_bassin_aerial_development,590,295.000,BUS_L01,1,1
grand_bassin_aerial_development,590,295.000,BUS_L02,1,1
grand_bassin_aerial_development,590,295.000,BUS_L03,1,1
grand_bassin_aerial_development,590,295.000,BUS_R01,1,1
grand_bassin_aerial_development,590,295.000,BUS_R02,1,1
grand_bassin_aerial_development,590,295.000,BUS_R03,1,1
grand_bassin_aerial_development,590,295.000,BUS_R04,1,1
grand_bassin_aerial_development,591,295.500,BUS_L01,1,1
grand_bassin_aerial_development,591,295.500,BUS_L02,1,1
grand_bassin_aerial_development,591,295.500,BUS_L03,1,1
grand_bassin_aerial_development,591,295.500,BUS_R01,1,1
grand_bassin_aerial_development,591,295.500,BUS_R02,1,1
grand_bassin_aerial_development,591,295.500,BUS_R03,1,1
grand_bassin_aerial_development,591,295.500,BUS_R04,1,1
grand_bassin_aerial_development,592,296.000,BUS_L01,1,1
grand_bassin_aerial_development,592,296.000,BUS_L02,1,1
grand_bassin_aerial_development,592,296.000,BUS_L03,1,1
grand_bassin_aerial_development,592,296.000,BUS_R01,1,1
grand_bassin_aerial_development,592,296.000,BUS_R02,1,1
grand_bassin_aerial_development,592,296.000,BUS_R03,1,1
grand_bassin_aerial_development,592,296.000,BUS_R04,1,1
grand_bassin_aerial_development,593,296.500,BUS_L01,1,1
grand_bassin_aerial_development,593,296.500,BUS_L02,1,1
grand_bassin_aerial_development,593,296.500,BUS_L03,1,1
grand_bassin_aerial_development,593,296.500,BUS_R01,1,1
grand_bassin_aerial_development,593,296.500,BUS_R02,1,1
grand_bassin_aerial_development,593,296.500,BUS_R03,1,1
grand_bassin_aerial_development,593,296.500,BUS_R04,1,1
grand_bassin_aerial_development,594,297.000,BUS_L01,1,1
grand_bassin_aerial_development,594,297.000,BUS_L02,1,1
grand_bassin_aerial_development,594,297.000,BUS_L03,1,1
grand_bassin_aerial_development,594,297.000,BUS_R01,1,1
grand_bassin_aerial_development,594,297.000,BUS_R02,1,1
grand_bassin_aerial_development,594,297.000,BUS_R03,1,1
grand_bassin_aerial_development,594,297.000,BUS_R04,1,1
grand_bassin_aerial_development,595,297.500,BUS_L01,1,1
grand_bassin_aerial_development,595,297.500,BUS_L02,1,1
grand_bassin_aerial_development,595,297.500,BUS_L03,1,1
grand_bassin_aerial_development,595,297.500,BUS_R01,1,1
grand_bassin_aerial_development,595,297.500,BUS_R02,1,1
grand_bassin_aerial_development,595,297.500,BUS_R03,1,1
grand_bassin_aerial_development,595,297.500,BUS_R04,1,1
grand_bassin_aerial_development,596,298.000,BUS_L01,1,1
grand_bassin_aerial_development,596,298.000,BUS_L02,1,1
grand_bassin_aerial_development,596,298.000,BUS_L03,1,1
grand_bassin_aerial_development,596,298.000,BUS_R01,1,1
grand_bassin_aerial_development,596,298.000,BUS_R02,1,1
grand_bassin_aerial_development,596,298.000,BUS_R03,1,1
grand_bassin_aerial_development,596,298.000,BUS_R04,1,1
grand_bassin_aerial_development,597,298.500,BUS_L01,1,1
grand_bassin_aerial_development,597,298.500,BUS_L02,1,1
grand_bassin_aerial_development,597,298.500,BUS_L03,1,1
grand_bassin_aerial_development,597,298.500,BUS_R01,1,1
grand_bassin_aerial_development,597,298.500,BUS_R02,1,1
grand_bassin_aerial_development,597,298.500,BUS_R03,1,1
grand_bassin_aerial_development,597,298.500,BUS_R04,1,1
grand_bassin_aerial_development,598,299.000,BUS_L01,1,1
grand_bassin_aerial_development,598,299.000,BUS_L02,1,1
grand_bassin_aerial_development,598,299.000,BUS_L03,1,1
grand_bassin_aerial_development,598,299.000,BUS_R01,1,1
grand_bassin_aerial_development,598,299.000,BUS_R02,1,1
grand_bassin_aerial_development,598,299.000,BUS_R03,1,1
grand_bassin_aerial_development,598,299.000,BUS_R04,1,1
grand_bassin_aerial_development,599,299.500,BUS_L01,1,1
grand_bassin_aerial_development,599,299.500,BUS_L02,1,1
grand_bassin_aerial_development,599,299.500,BUS_L03,1,1
grand_bassin_aerial_development,599,299.500,BUS_R01,1,1
grand_bassin_aerial_development,599,299.500,BUS_R02,1,1
grand_bassin_aerial_development,599,299.500,BUS_R03,1,1
grand_bassin_aerial_development,599,299.500,BUS_R04,1,1
grand_bassin_aerial_development,600,300.000,BUS_L01,1,1
grand_bassin_aerial_development,600,300.000,BUS_L02,1,1
grand_bassin_aerial_development,600,300.000,BUS_L03,1,1
grand_bassin_aerial_development,600,300.000,BUS_R01,1,1
grand_bassin_aerial_development,600,300.000,BUS_R02,1,1
grand_bassin_aerial_development,600,300.000,BUS_R03,1,1
grand_bassin_aerial_development,600,300.000,BUS_R04,1,1
grand_bassin_aerial_development,601,300.500,BUS_L01,1,1
grand_bassin_aerial_development,601,300.500,BUS_L02,1,1
grand_bassin_aerial_development,601,300.500,BUS_L03,1,1
grand_bassin_aerial_development,601,300.500,BUS_R01,1,1
grand_bassin_aerial_development,601,300.500,BUS_R02,1,1
grand_bassin_aerial_development,601,300.500,BUS_R03,1,1
grand_bassin_aerial_development,601,300.500,BUS_R04,1,1
grand_bassin_aerial_development,602,301.000,BUS_L01,1,1
grand_bassin_aerial_development,602,301.000,BUS_L02,1,1
grand_bassin_aerial_development,602,301.000,BUS_L03,1,1
grand_bassin_aerial_development,602,301.000,BUS_R01,1,1
grand_bassin_aerial_development,602,301.000,BUS_R02,1,1
grand_bassin_aerial_development,602,301.000,BUS_R03,1,1
grand_bassin_aerial_development,602,301.000,BUS_R04,1,1
grand_bassin_aerial_development,603,301.500,BUS_L01,1,1
grand_bassin_aerial_development,603,301.500,BUS_L02,1,1
grand_bassin_aerial_development,603,301.500,BUS_L03,1,1
grand_bassin_aerial_development,603,301.500,BUS_R01,1,1
grand_bassin_aerial_development,603,301.500,BUS_R02,1,1
grand_bassin_aerial_development,603,301.500,BUS_R03,1,1
grand_bassin_aerial_development,603,301.500,BUS_R04,1,1
grand_bassin_aerial_development,604,302.000,BUS_L01,1,1
grand_bassin_aerial_development,604,302.000,BUS_L02,1,1
grand_bassin_aerial_development,604,302.000,BUS_L03,1,1
grand_bassin_aerial_development,604,302.000,BUS_R01,1,1
grand_bassin_aerial_development,604,302.000,BUS_R02,1,1
grand_bassin_aerial_development,604,302.000,BUS_R03,1,1
grand_bassin_aerial_development,604,302.000,BUS_R04,1,1
grand_bassin_aerial_development,605,302.500,BUS_L01,1,1
grand_bassin_aerial_development,605,302.500,BUS_L02,1,1
grand_bassin_aerial_development,605,302.500,BUS_L03,1,1
grand_bassin_aerial_development,605,302.500,BUS_R01,1,1
grand_bassin_aerial_development,605,302.500,BUS_R02,1,1
grand_bassin_aerial_development,605,302.500,BUS_R03,1,1
grand_bassin_aerial_development,605,302.500,BUS_R04,1,1
grand_bassin_aerial_development,606,303.000,BUS_L01,1,1
grand_bassin_aerial_development,606,303.000,BUS_L02,1,1
grand_bassin_aerial_development,606,303.000,BUS_L03,1,1
grand_bassin_aerial_development,606,303.000,BUS_R01,1,1
grand_bassin_aerial_development,606,303.000,BUS_R02,1,1
grand_bassin_aerial_development,606,303.000,BUS_R03,1,1
grand_bassin_aerial_development,606,303.000,BUS_R04,1,1
grand_bassin_aerial_development,607,303.500,BUS_L01,1,1
grand_bassin_aerial_development,607,303.500,BUS_L02,1,1
grand_bassin_aerial_development,607,303.500,BUS_L03,1,1
grand_bassin_aerial_development,607,303.500,BUS_R01,1,1
grand_bassin_aerial_development,607,303.500,BUS_R02,1,1
grand_bassin_aerial_development,607,303.500,BUS_R03,1,1
grand_bassin_aerial_development,607,303.500,BUS_R04,1,1
grand_bassin_aerial_development,608,304.000,BUS_L01,1,1
grand_bassin_aerial_development,608,304.000,BUS_L02,1,1
grand_bassin_aerial_development,608,304.000,BUS_L03,1,1
grand_bassin_aerial_development,608,304.000,BUS_R01,1,1
grand_bassin_aerial_development,608,304.000,BUS_R02,1,1
grand_bassin_aerial_development,608,304.000,BUS_R03,1,1
grand_bassin_aerial_development,608,304.000,BUS_R04,1,1
grand_bassin_aerial_development,609,304.500,BUS_L01,1,1
grand_bassin_aerial_development,609,304.500,BUS_L02,1,1
grand_bassin_aerial_development,609,304.500,BUS_L03,1,1
grand_bassin_aerial_development,609,304.500,BUS_R01,1,1
grand_bassin_aerial_development,609,304.500,BUS_R02,1,1
grand_bassin_aerial_development,609,304.500,BUS_R03,1,1
grand_bassin_aerial_development,609,304.500,BUS_R04,1,1
grand_bassin_aerial_development,610,305.000,BUS_L01,1,1
grand_bassin_aerial_development,610,305.000,BUS_L02,1,1
grand_bassin_aerial_development,610,305.000,BUS_L03,1,1
grand_bassin_aerial_development,610,305.000,BUS_R01,1,1
grand_bassin_aerial_development,610,305.000,BUS_R02,1,1
grand_bassin_aerial_development,610,305.000,BUS_R03,1,1
grand_bassin_aerial_development,610,305.000,BUS_R04,1,1
grand_bassin_aerial_development,611,305.500,BUS_L01,1,1
grand_bassin_aerial_development,611,305.500,BUS_L02,1,1
grand_bassin_aerial_development,611,305.500,BUS_L03,1,1
grand_bassin_aerial_development,611,305.500,BUS_R01,1,1
grand_bassin_aerial_development,611,305.500,BUS_R02,1,1
grand_bassin_aerial_development,611,305.500,BUS_R03,1,1
grand_bassin_aerial_development,611,305.500,BUS_R04,1,1
grand_bassin_aerial_development,612,306.000,BUS_L01,1,1
grand_bassin_aerial_development,612,306.000,BUS_L02,1,1
grand_bassin_aerial_development,612,306.000,BUS_L03,1,1
grand_bassin_aerial_development,612,306.000,BUS_R01,1,1
grand_bassin_aerial_development,612,306.000,BUS_R02,1,1
grand_bassin_aerial_development,612,306.000,BUS_R03,1,1
grand_bassin_aerial_development,612,306.000,BUS_R04,1,1
grand_bassin_aerial_development,613,306.500,BUS_L01,1,1
grand_bassin_aerial_development,613,306.500,BUS_L02,1,1
grand_bassin_aerial_development,613,306.500,BUS_L03,1,1
grand_bassin_aerial_development,613,306.500,BUS_R01,1,1
grand_bassin_aerial_development,613,306.500,BUS_R02,1,1
grand_bassin_aerial_development,613,306.500,BUS_R03,1,1
grand_bassin_aerial_development,613,306.500,BUS_R04,1,1
grand_bassin_aerial_development,614,307.000,BUS_L01,1,1
grand_bassin_aerial_development,614,307.000,BUS_L02,1,1
grand_bassin_aerial_development,614,307.000,BUS_L03,1,1
grand_bassin_aerial_development,614,307.000,BUS_R01,1,1
grand_bassin_aerial_development,614,307.000,BUS_R02,1,1
grand_bassin_aerial_development,614,307.000,BUS_R03,1,1
grand_bassin_aerial_development,614,307.000,BUS_R04,1,1
grand_bassin_aerial_development,615,307.500,BUS_L01,1,1
grand_bassin_aerial_development,615,307.500,BUS_L02,1,1
grand_bassin_aerial_development,615,307.500,BUS_L03,1,1
grand_bassin_aerial_development,615,307.500,BUS_R01,1,1
grand_bassin_aerial_development,615,307.500,BUS_R02,1,1
grand_bassin_aerial_development,615,307.500,BUS_R03,1,1
grand_bassin_aerial_development,615,307.500,BUS_R04,1,1
grand_bassin_aerial_development,616,308.000,BUS_L01,1,1
grand_bassin_aerial_development,616,308.000,BUS_L02,1,1
grand_bassin_aerial_development,616,308.000,BUS_L03,1,1
grand_bassin_aerial_development,616,308.000,BUS_R01,1,1
grand_bassin_aerial_development,616,308.000,BUS_R02,1,1
grand_bassin_aerial_development,616,308.000,BUS_R03,1,1
grand_bassin_aerial_development,616,308.000,BUS_R04,1,1
grand_bassin_aerial_development,617,308.500,BUS_L01,1,1
grand_bassin_aerial_development,617,308.500,BUS_L02,1,1
grand_bassin_aerial_development,617,308.500,BUS_L03,1,1
grand_bassin_aerial_development,617,308.500,BUS_R01,1,1
grand_bassin_aerial_development,617,308.500,BUS_R02,1,1
grand_bassin_aerial_development,617,308.500,BUS_R03,1,1
grand_bassin_aerial_development,617,308.500,BUS_R04,1,1
grand_bassin_aerial_development,618,309.000,BUS_L01,1,1
grand_bassin_aerial_development,618,309.000,BUS_L02,1,1
grand_bassin_aerial_development,618,309.000,BUS_L03,1,1
grand_bassin_aerial_development,618,309.000,BUS_R01,1,1
grand_bassin_aerial_development,618,309.000,BUS_R02,1,1
grand_bassin_aerial_development,618,309.000,BUS_R03,1,1
grand_bassin_aerial_development,618,309.000,BUS_R04,1,1
grand_bassin_aerial_development,619,309.500,BUS_L01,1,1
grand_bassin_aerial_development,619,309.500,BUS_L02,1,1
grand_bassin_aerial_development,619,309.500,BUS_L03,1,1
grand_bassin_aerial_development,619,309.500,BUS_R01,1,1
grand_bassin_aerial_development,619,309.500,BUS_R02,1,1
grand_bassin_aerial_development,619,309.500,BUS_R03,1,1
grand_bassin_aerial_development,619,309.500,BUS_R04,1,1
grand_bassin_aerial_development,620,310.000,BUS_L01,1,1
grand_bassin_aerial_development,620,310.000,BUS_L02,1,1
grand_bassin_aerial_development,620,310.000,BUS_L03,1,1
grand_bassin_aerial_development,620,310.000,BUS_R01,1,1
grand_bassin_aerial_development,620,310.000,BUS_R02,1,1
grand_bassin_aerial_development,620,310.000,BUS_R03,1,1
grand_bassin_aerial_development,620,310.000,BUS_R04,1,1
grand_bassin_aerial_development,621,310.500,BUS_L01,1,1
grand_bassin_aerial_development,621,310.500,BUS_L02,1,1
grand_bassin_aerial_development,621,310.500,BUS_L03,1,1
grand_bassin_aerial_development,621,310.500,BUS_R01,1,1
grand_bassin_aerial_development,621,310.500,BUS_R02,1,1
grand_bassin_aerial_development,621,310.500,BUS_R03,1,1
grand_bassin_aerial_development,621,310.500,BUS_R04,1,1
grand_bassin_aerial_development,622,311.000,BUS_L01,1,1
grand_bassin_aerial_development,622,311.000,BUS_L02,1,1
grand_bassin_aerial_development,622,311.000,BUS_L03,1,1
grand_bassin_aerial_development,622,311.000,BUS_R01,1,1
grand_bassin_aerial_development,622,311.000,BUS_R02,1,1
grand_bassin_aerial_development,622,311.000,BUS_R03,1,1
grand_bassin_aerial_development,622,311.000,BUS_R04,1,1
grand_bassin_aerial_development,623,311.500,BUS_L01,1,1
grand_bassin_aerial_development,623,311.500,BUS_L02,1,1
grand_bassin_aerial_development,623,311.500,BUS_L03,1,1
grand_bassin_aerial_development,623,311.500,BUS_R01,1,1
grand_bassin_aerial_development,623,311.500,BUS_R02,1,1
grand_bassin_aerial_development,623,311.500,BUS_R03,1,1
grand_bassin_aerial_development,623,311.500,BUS_R04,1,1
grand_bassin_aerial_development,624,312.000,BUS_L01,1,1
grand_bassin_aerial_development,624,312.000,BUS_L02,1,1
grand_bassin_aerial_development,624,312.000,BUS_L03,1,1
grand_bassin_aerial_development,624,312.000,BUS_R01,1,1
grand_bassin_aerial_development,624,312.000,BUS_R02,1,1
grand_bassin_aerial_development,624,312.000,BUS_R03,1,1
grand_bassin_aerial_development,624,312.000,BUS_R04,1,1
grand_bassin_aerial_development,625,312.500,BUS_L01,1,1
grand_bassin_aerial_development,625,312.500,BUS_L02,1,1
grand_bassin_aerial_development,625,312.500,BUS_L03,1,1
grand_bassin_aerial_development,625,312.500,BUS_R01,1,1
grand_bassin_aerial_development,625,312.500,BUS_R02,1,1
grand_bassin_aerial_development,625,312.500,BUS_R03,1,1
grand_bassin_aerial_development,625,312.500,BUS_R04,1,1
grand_bassin_aerial_development,626,313.000,BUS_L01,1,1
grand_bassin_aerial_development,626,313.000,BUS_L02,1,1
grand_bassin_aerial_development,626,313.000,BUS_L03,1,1
grand_bassin_aerial_development,626,313.000,BUS_R01,1,1
grand_bassin_aerial_development,626,313.000,BUS_R02,1,1
grand_bassin_aerial_development,626,313.000,BUS_R03,1,1
grand_bassin_aerial_development,626,313.000,BUS_R04,1,1
grand_bassin_aerial_development,627,313.500,BUS_L01,1,1
grand_bassin_aerial_development,627,313.500,BUS_L02,1,1
grand_bassin_aerial_development,627,313.500,BUS_L03,1,1
grand_bassin_aerial_development,627,313.500,BUS_R01,1,1
grand_bassin_aerial_development,627,313.500,BUS_R02,1,1
grand_bassin_aerial_development,627,313.500,BUS_R03,1,1
grand_bassin_aerial_development,627,313.500,BUS_R04,1,1
grand_bassin_aerial_development,628,314.000,BUS_L01,1,1
grand_bassin_aerial_development,628,314.000,BUS_L02,1,1
grand_bassin_aerial_development,628,314.000,BUS_L03,1,1
grand_bassin_aerial_development,628,314.000,BUS_R01,1,1
grand_bassin_aerial_development,628,314.000,BUS_R02,1,1
grand_bassin_aerial_development,628,314.000,BUS_R03,1,1
grand_bassin_aerial_development,628,314.000,BUS_R04,1,1
grand_bassin_aerial_development,629,314.500,BUS_L01,1,1
grand_bassin_aerial_development,629,314.500,BUS_L02,1,1
grand_bassin_aerial_development,629,314.500,BUS_L03,1,1
grand_bassin_aerial_development,629,314.500,BUS_R01,1,1
grand_bassin_aerial_development,629,314.500,BUS_R02,1,1
grand_bassin_aerial_development,629,314.500,BUS_R03,1,1
grand_bassin_aerial_development,629,314.500,BUS_R04,1,1
grand_bassin_aerial_development,630,315.000,BUS_L01,1,1
grand_bassin_aerial_development,630,315.000,BUS_L02,1,1
grand_bassin_aerial_development,630,315.000,BUS_L03,1,1
grand_bassin_aerial_development,630,315.000,BUS_R01,1,1
grand_bassin_aerial_development,630,315.000,BUS_R02,1,1
grand_bassin_aerial_development,630,315.000,BUS_R03,1,1
grand_bassin_aerial_development,630,315.000,BUS_R04,1,1
grand_bassin_aerial_development,631,315.500,BUS_L01,1,1
grand_bassin_aerial_development,631,315.500,BUS_L02,1,1
grand_bassin_aerial_development,631,315.500,BUS_L03,1,1
grand_bassin_aerial_development,631,315.500,BUS_R01,1,1
grand_bassin_aerial_development,631,315.500,BUS_R02,1,1
grand_bassin_aerial_development,631,315.500,BUS_R03,1,1
grand_bassin_aerial_development,631,315.500,BUS_R04,1,1
grand_bassin_aerial_development,632,316.000,BUS_L01,1,1
grand_bassin_aerial_development,632,316.000,BUS_L02,1,1
grand_bassin_aerial_development,632,316.000,BUS_L03,1,1
grand_bassin_aerial_development,632,316.000,BUS_R01,1,1
grand_bassin_aerial_development,632,316.000,BUS_R02,1,1
grand_bassin_aerial_development,632,316.000,BUS_R03,1,1
grand_bassin_aerial_development,632,316.000,BUS_R04,1,1
grand_bassin_aerial_development,633,316.500,BUS_L01,1,1
grand_bassin_aerial_development,633,316.500,BUS_L02,1,1
grand_bassin_aerial_development,633,316.500,BUS_L03,1,1
grand_bassin_aerial_development,633,316.500,BUS_R01,1,1
grand_bassin_aerial_development,633,316.500,BUS_R02,1,1
grand_bassin_aerial_development,633,316.500,BUS_R03,1,1
grand_bassin_aerial_development,633,316.500,BUS_R04,1,1
grand_bassin_aerial_development,634,317.000,BUS_L01,1,1
grand_bassin_aerial_development,634,317.000,BUS_L02,1,1
grand_bassin_aerial_development,634,317.000,BUS_L03,1,1
grand_bassin_aerial_development,634,317.000,BUS_R01,1,1
grand_bassin_aerial_development,634,317.000,BUS_R02,1,1
grand_bassin_aerial_development,634,317.000,BUS_R03,1,1
grand_bassin_aerial_development,634,317.000,BUS_R04,1,1
grand_bassin_aerial_development,635,317.500,BUS_L01,1,1
grand_bassin_aerial_development,635,317.500,BUS_L02,1,1
grand_bassin_aerial_development,635,317.500,BUS_L03,1,1
grand_bassin_aerial_development,635,317.500,BUS_R01,1,1
grand_bassin_aerial_development,635,317.500,BUS_R02,1,1
grand_bassin_aerial_development,635,317.500,BUS_R03,1,1
grand_bassin_aerial_development,635,317.500,BUS_R04,1,1
grand_bassin_aerial_development,636,318.000,BUS_L01,1,1
grand_bassin_aerial_development,636,318.000,BUS_L02,1,1
grand_bassin_aerial_development,636,318.000,BUS_L03,1,1
grand_bassin_aerial_development,636,318.000,BUS_R01,1,1
grand_bassin_aerial_development,636,318.000,BUS_R02,1,1
grand_bassin_aerial_development,636,318.000,BUS_R03,1,1
grand_bassin_aerial_development,636,318.000,BUS_R04,1,1
grand_bassin_aerial_development,637,318.500,BUS_L01,1,1
grand_bassin_aerial_development,637,318.500,BUS_L02,1,1
grand_bassin_aerial_development,637,318.500,BUS_L03,1,1
grand_bassin_aerial_development,637,318.500,BUS_R01,1,1
grand_bassin_aerial_development,637,318.500,BUS_R02,1,1
grand_bassin_aerial_development,637,318.500,BUS_R03,1,1
grand_bassin_aerial_development,637,318.500,BUS_R04,1,1
grand_bassin_aerial_development,638,319.000,BUS_L01,1,1
grand_bassin_aerial_development,638,319.000,BUS_L02,1,1
grand_bassin_aerial_development,638,319.000,BUS_L03,1,1
grand_bassin_aerial_development,638,319.000,BUS_R01,1,1
grand_bassin_aerial_development,638,319.000,BUS_R02,1,1
grand_bassin_aerial_development,638,319.000,BUS_R03,1,1
grand_bassin_aerial_development,638,319.000,BUS_R04,1,1
grand_bassin_aerial_development,639,319.500,BUS_L01,1,1
grand_bassin_aerial_development,639,319.500,BUS_L02,1,1
grand_bassin_aerial_development,639,319.500,BUS_L03,1,1
grand_bassin_aerial_development,639,319.500,BUS_R01,1,1
grand_bassin_aerial_development,639,319.500,BUS_R02,1,1
grand_bassin_aerial_development,639,319.500,BUS_R03,1,1
grand_bassin_aerial_development,639,319.500,BUS_R04,1,1
grand_bassin_aerial_development,640,320.000,BUS_L01,1,1
grand_bassin_aerial_development,640,320.000,BUS_L02,1,1
grand_bassin_aerial_development,640,320.000,BUS_L03,1,1
grand_bassin_aerial_development,640,320.000,BUS_R01,1,1
grand_bassin_aerial_development,640,320.000,BUS_R02,1,1
grand_bassin_aerial_development,640,320.000,BUS_R03,1,1
grand_bassin_aerial_development,640,320.000,BUS_R04,1,1
grand_bassin_aerial_development,641,320.500,BUS_L01,1,1
grand_bassin_aerial_development,641,320.500,BUS_L02,1,1
grand_bassin_aerial_development,641,320.500,BUS_L03,1,1
grand_bassin_aerial_development,641,320.500,BUS_R01,1,1
grand_bassin_aerial_development,641,320.500,BUS_R02,1,1
grand_bassin_aerial_development,641,320.500,BUS_R03,1,1
grand_bassin_aerial_development,641,320.500,BUS_R04,1,1
grand_bassin_aerial_development,642,321.000,BUS_L01,1,1
grand_bassin_aerial_development,642,321.000,BUS_L02,1,1
grand_bassin_aerial_development,642,321.000,BUS_L03,1,1
grand_bassin_aerial_development,642,321.000,BUS_R01,1,1
grand_bassin_aerial_development,642,321.000,BUS_R02,1,1
grand_bassin_aerial_development,642,321.000,BUS_R03,1,1
grand_bassin_aerial_development,642,321.000,BUS_R04,1,1
grand_bassin_aerial_development,643,321.500,BUS_L01,1,1
grand_bassin_aerial_development,643,321.500,BUS_L02,1,1
grand_bassin_aerial_development,643,321.500,BUS_L03,1,1
grand_bassin_aerial_development,643,321.500,BUS_R01,1,1
grand_bassin_aerial_development,643,321.500,BUS_R02,1,1
grand_bassin_aerial_development,643,321.500,BUS_R03,1,1
grand_bassin_aerial_development,643,321.500,BUS_R04,1,1
grand_bassin_aerial_development,644,322.000,BUS_L01,1,1
grand_bassin_aerial_development,644,322.000,BUS_L02,1,1
grand_bassin_aerial_development,644,322.000,BUS_L03,1,1
grand_bassin_aerial_development,644,322.000,BUS_R01,1,1
grand_bassin_aerial_development,644,322.000,BUS_R02,1,1
grand_bassin_aerial_development,644,322.000,BUS_R03,1,1
grand_bassin_aerial_development,644,322.000,BUS_R04,1,1
grand_bassin_aerial_development,645,322.500,BUS_L01,1,1
grand_bassin_aerial_development,645,322.500,BUS_L02,1,1
grand_bassin_aerial_development,645,322.500,BUS_L03,1,1
grand_bassin_aerial_development,645,322.500,BUS_R01,1,1
grand_bassin_aerial_development,645,322.500,BUS_R02,1,1
grand_bassin_aerial_development,645,322.500,BUS_R03,1,1
grand_bassin_aerial_development,645,322.500,BUS_R04,1,1
grand_bassin_aerial_development,646,323.000,BUS_L01,1,1
grand_bassin_aerial_development,646,323.000,BUS_L02,1,1
grand_bassin_aerial_development,646,323.000,BUS_L03,1,1
grand_bassin_aerial_development,646,323.000,BUS_R01,1,1
grand_bassin_aerial_development,646,323.000,BUS_R02,1,1
grand_bassin_aerial_development,646,323.000,BUS_R03,1,1
grand_bassin_aerial_development,646,323.000,BUS_R04,1,1
grand_bassin_aerial_development,647,323.500,BUS_L01,1,1
grand_bassin_aerial_development,647,323.500,BUS_L02,1,1
grand_bassin_aerial_development,647,323.500,BUS_L03,1,1
grand_bassin_aerial_development,647,323.500,BUS_R01,1,1
grand_bassin_aerial_development,647,323.500,BUS_R02,1,1
grand_bassin_aerial_development,647,323.500,BUS_R03,1,1
grand_bassin_aerial_development,647,323.500,BUS_R04,1,1
grand_bassin_aerial_development,648,324.000,BUS_L01,1,1
grand_bassin_aerial_development,648,324.000,BUS_L02,1,1
grand_bassin_aerial_development,648,324.000,BUS_L03,1,1
grand_bassin_aerial_development,648,324.000,BUS_R01,1,1
grand_bassin_aerial_development,648,324.000,BUS_R02,1,1
grand_bassin_aerial_development,648,324.000,BUS_R03,1,1
grand_bassin_aerial_development,648,324.000,BUS_R04,1,1
grand_bassin_aerial_development,649,324.500,BUS_L01,1,1
grand_bassin_aerial_development,649,324.500,BUS_L02,1,1
grand_bassin_aerial_development,649,324.500,BUS_L03,1,1
grand_bassin_aerial_development,649,324.500,BUS_R01,1,1
grand_bassin_aerial_development,649,324.500,BUS_R02,1,1
grand_bassin_aerial_development,649,324.500,BUS_R03,1,1
grand_bassin_aerial_development,649,324.500,BUS_R04,1,1
grand_bassin_aerial_development,650,325.000,BUS_L01,1,1
grand_bassin_aerial_development,650,325.000,BUS_L02,1,1
grand_bassin_aerial_development,650,325.000,BUS_L03,1,1
grand_bassin_aerial_development,650,325.000,BUS_R01,1,1
grand_bassin_aerial_development,650,325.000,BUS_R02,1,1
grand_bassin_aerial_development,650,325.000,BUS_R03,1,1
grand_bassin_aerial_development,650,325.000,BUS_R04,1,1
grand_bassin_aerial_development,651,325.500,BUS_L01,1,1
grand_bassin_aerial_development,651,325.500,BUS_L02,1,1
grand_bassin_aerial_development,651,325.500,BUS_L03,1,1
grand_bassin_aerial_development,651,325.500,BUS_R01,1,1
grand_bassin_aerial_development,651,325.500,BUS_R02,1,1
grand_bassin_aerial_development,651,325.500,BUS_R03,1,1
grand_bassin_aerial_development,651,325.500,BUS_R04,1,1
grand_bassin_aerial_development,652,326.000,BUS_L01,1,1
grand_bassin_aerial_development,652,326.000,BUS_L02,1,1
grand_bassin_aerial_development,652,326.000,BUS_L03,1,1
grand_bassin_aerial_development,652,326.000,BUS_R01,1,1
grand_bassin_aerial_development,652,326.000,BUS_R02,1,1
grand_bassin_aerial_development,652,326.000,BUS_R03,1,1
grand_bassin_aerial_development,652,326.000,BUS_R04,1,1
grand_bassin_aerial_development,653,326.500,BUS_L01,1,1
grand_bassin_aerial_development,653,326.500,BUS_L02,1,1
grand_bassin_aerial_development,653,326.500,BUS_L03,1,1
grand_bassin_aerial_development,653,326.500,BUS_R01,1,1
grand_bassin_aerial_development,653,326.500,BUS_R02,1,1
grand_bassin_aerial_development,653,326.500,BUS_R03,1,1
grand_bassin_aerial_development,653,326.500,BUS_R04,1,1
grand_bassin_aerial_development,654,327.000,BUS_L01,1,1
grand_bassin_aerial_development,654,327.000,BUS_L02,1,1
grand_bassin_aerial_development,654,327.000,BUS_L03,1,1
grand_bassin_aerial_development,654,327.000,BUS_R01,1,1
grand_bassin_aerial_development,654,327.000,BUS_R02,1,1
grand_bassin_aerial_development,654,327.000,BUS_R03,1,1
grand_bassin_aerial_development,654,327.000,BUS_R04,1,1
grand_bassin_aerial_development,655,327.500,BUS_L01,1,1
grand_bassin_aerial_development,655,327.500,BUS_L02,1,1
grand_bassin_aerial_development,655,327.500,BUS_L03,1,1
grand_bassin_aerial_development,655,327.500,BUS_R01,1,1
grand_bassin_aerial_development,655,327.500,BUS_R02,1,1
grand_bassin_aerial_development,655,327.500,BUS_R03,1,1
grand_bassin_aerial_development,655,327.500,BUS_R04,1,1
grand_bassin_aerial_development,656,328.000,BUS_L01,1,1
grand_bassin_aerial_development,656,328.000,BUS_L02,1,1
grand_bassin_aerial_development,656,328.000,BUS_L03,1,1
grand_bassin_aerial_development,656,328.000,BUS_R01,1,1
grand_bassin_aerial_development,656,328.000,BUS_R02,1,1
grand_bassin_aerial_development,656,328.000,BUS_R03,1,1
grand_bassin_aerial_development,656,328.000,BUS_R04,1,1
grand_bassin_aerial_development,657,328.500,BUS_L01,1,1
grand_bassin_aerial_development,657,328.500,BUS_L02,1,1
grand_bassin_aerial_development,657,328.500,BUS_L03,1,1
grand_bassin_aerial_development,657,328.500,BUS_R01,1,1
grand_bassin_aerial_development,657,328.500,BUS_R02,1,1
grand_bassin_aerial_development,657,328.500,BUS_R03,1,1
grand_bassin_aerial_development,657,328.500,BUS_R04,1,1
grand_bassin_aerial_development,658,329.000,BUS_L01,1,1
grand_bassin_aerial_development,658,329.000,BUS_L02,1,1
grand_bassin_aerial_development,658,329.000,BUS_L03,1,1
grand_bassin_aerial_development,658,329.000,BUS_R01,1,1
grand_bassin_aerial_development,658,329.000,BUS_R02,1,1
grand_bassin_aerial_development,658,329.000,BUS_R03,1,1
grand_bassin_aerial_development,658,329.000,BUS_R04,1,1
grand_bassin_aerial_development,659,329.500,BUS_L01,1,1
grand_bassin_aerial_development,659,329.500,BUS_L02,1,1
grand_bassin_aerial_development,659,329.500,BUS_L03,1,1
grand_bassin_aerial_development,659,329.500,BUS_R01,1,1
grand_bassin_aerial_development,659,329.500,BUS_R02,1,1
grand_bassin_aerial_development,659,329.500,BUS_R03,1,1
grand_bassin_aerial_development,659,329.500,BUS_R04,1,1
grand_bassin_aerial_development,660,330.000,BUS_L01,1,1
grand_bassin_aerial_development,660,330.000,BUS_L02,1,1
grand_bassin_aerial_development,660,330.000,BUS_L03,1,1
grand_bassin_aerial_development,660,330.000,BUS_R01,1,1
grand_bassin_aerial_development,660,330.000,BUS_R02,1,1
grand_bassin_aerial_development,660,330.000,BUS_R03,1,1
grand_bassin_aerial_development,660,330.000,BUS_R04,1,1
grand_bassin_aerial_development,661,330.500,BUS_L01,1,1
grand_bassin_aerial_development,661,330.500,BUS_L02,1,1
grand_bassin_aerial_development,661,330.500,BUS_L03,1,1
grand_bassin_aerial_development,661,330.500,BUS_R01,1,1
grand_bassin_aerial_development,661,330.500,BUS_R02,1,1
grand_bassin_aerial_development,661,330.500,BUS_R03,1,1
grand_bassin_aerial_development,661,330.500,BUS_R04,1,1
grand_bassin_aerial_development,662,331.000,BUS_L01,1,1
grand_bassin_aerial_development,662,331.000,BUS_L02,1,1
grand_bassin_aerial_development,662,331.000,BUS_L03,1,1
grand_bassin_aerial_development,662,331.000,BUS_R01,1,1
grand_bassin_aerial_development,662,331.000,BUS_R02,1,1
grand_bassin_aerial_development,662,331.000,BUS_R03,1,1
grand_bassin_aerial_development,662,331.000,BUS_R04,1,1
grand_bassin_aerial_development,663,331.500,BUS_L01,1,1
grand_bassin_aerial_development,663,331.500,BUS_L02,1,1
grand_bassin_aerial_development,663,331.500,BUS_L03,1,1
grand_bassin_aerial_development,663,331.500,BUS_R01,1,1
grand_bassin_aerial_development,663,331.500,BUS_R02,1,1
grand_bassin_aerial_development,663,331.500,BUS_R03,1,1
grand_bassin_aerial_development,663,331.500,BUS_R04,1,1
grand_bassin_aerial_development,664,332.000,BUS_L01,1,1
grand_bassin_aerial_development,664,332.000,BUS_L02,1,1
grand_bassin_aerial_development,664,332.000,BUS_L03,1,1
grand_bassin_aerial_development,664,332.000,BUS_R01,1,1
grand_bassin_aerial_development,664,332.000,BUS_R02,1,1
grand_bassin_aerial_development,664,332.000,BUS_R03,1,1
grand_bassin_aerial_development,664,332.000,BUS_R04,1,1
grand_bassin_aerial_development,665,332.500,BUS_L01,1,1
grand_bassin_aerial_development,665,332.500,BUS_L02,1,1
grand_bassin_aerial_development,665,332.500,BUS_L03,1,1
grand_bassin_aerial_development,665,332.500,BUS_R01,1,1
grand_bassin_aerial_development,665,332.500,BUS_R02,1,1
grand_bassin_aerial_development,665,332.500,BUS_R03,1,1
grand_bassin_aerial_development,665,332.500,BUS_R04,1,1
grand_bassin_aerial_development,666,333.000,BUS_L01,1,1
grand_bassin_aerial_development,666,333.000,BUS_L02,1,1
grand_bassin_aerial_development,666,333.000,BUS_L03,1,1
grand_bassin_aerial_development,666,333.000,BUS_R01,1,1
grand_bassin_aerial_development,666,333.000,BUS_R02,1,1
grand_bassin_aerial_development,666,333.000,BUS_R03,1,1
grand_bassin_aerial_development,666,333.000,BUS_R04,1,1
grand_bassin_aerial_development,667,333.500,BUS_L01,1,1
grand_bassin_aerial_development,667,333.500,BUS_L02,1,1
grand_bassin_aerial_development,667,333.500,BUS_L03,1,1
grand_bassin_aerial_development,667,333.500,BUS_R01,1,1
grand_bassin_aerial_development,667,333.500,BUS_R02,1,1
grand_bassin_aerial_development,667,333.500,BUS_R03,1,1
grand_bassin_aerial_development,667,333.500,BUS_R04,1,1
grand_bassin_aerial_development,668,334.000,BUS_L01,1,1
grand_bassin_aerial_development,668,334.000,BUS_L02,1,1
grand_bassin_aerial_development,668,334.000,BUS_L03,1,1
grand_bassin_aerial_development,668,334.000,BUS_R01,1,1
grand_bassin_aerial_development,668,334.000,BUS_R02,1,1
grand_bassin_aerial_development,668,334.000,BUS_R03,1,1
grand_bassin_aerial_development,668,334.000,BUS_R04,1,1
grand_bassin_aerial_development,669,334.500,BUS_L01,1,1
grand_bassin_aerial_development,669,334.500,BUS_L02,1,1
grand_bassin_aerial_development,669,334.500,BUS_L03,1,1
grand_bassin_aerial_development,669,334.500,BUS_R01,1,1
grand_bassin_aerial_development,669,334.500,BUS_R02,1,1
grand_bassin_aerial_development,669,334.500,BUS_R03,1,1
grand_bassin_aerial_development,669,334.500,BUS_R04,1,1
grand_bassin_aerial_development,670,335.000,BUS_L01,1,1
grand_bassin_aerial_development,670,335.000,BUS_L02,1,1
grand_bassin_aerial_development,670,335.000,BUS_L03,1,1
grand_bassin_aerial_development,670,335.000,BUS_R01,1,1
grand_bassin_aerial_development,670,335.000,BUS_R02,1,1
grand_bassin_aerial_development,670,335.000,BUS_R03,1,1
grand_bassin_aerial_development,670,335.000,BUS_R04,1,1
grand_bassin_aerial_development,671,335.500,BUS_L01,1,1
grand_bassin_aerial_development,671,335.500,BUS_L02,1,1
grand_bassin_aerial_development,671,335.500,BUS_L03,1,1
grand_bassin_aerial_development,671,335.500,BUS_R01,1,1
grand_bassin_aerial_development,671,335.500,BUS_R02,1,1
grand_bassin_aerial_development,671,335.500,BUS_R03,1,1
grand_bassin_aerial_development,671,335.500,BUS_R04,1,1
grand_bassin_aerial_development,672,336.000,BUS_L01,1,1
grand_bassin_aerial_development,672,336.000,BUS_L02,1,1
grand_bassin_aerial_development,672,336.000,BUS_L03,1,1
grand_bassin_aerial_development,672,336.000,BUS_R01,1,1
grand_bassin_aerial_development,672,336.000,BUS_R02,1,1
grand_bassin_aerial_development,672,336.000,BUS_R03,1,1
grand_bassin_aerial_development,672,336.000,BUS_R04,1,1
grand_bassin_aerial_development,673,336.500,BUS_L01,1,1
grand_bassin_aerial_development,673,336.500,BUS_L02,1,1
grand_bassin_aerial_development,673,336.500,BUS_L03,1,1
grand_bassin_aerial_development,673,336.500,BUS_R01,1,1
grand_bassin_aerial_development,673,336.500,BUS_R02,1,1
grand_bassin_aerial_development,673,336.500,BUS_R03,1,1
grand_bassin_aerial_development,673,336.500,BUS_R04,1,1
grand_bassin_aerial_development,674,337.000,BUS_L01,1,1
grand_bassin_aerial_development,674,337.000,BUS_L02,1,1
grand_bassin_aerial_development,674,337.000,BUS_L03,1,1
grand_bassin_aerial_development,674,337.000,BUS_R01,1,1
grand_bassin_aerial_development,674,337.000,BUS_R02,1,1
grand_bassin_aerial_development,674,337.000,BUS_R03,1,1
grand_bassin_aerial_development,674,337.000,BUS_R04,1,1
grand_bassin_aerial_development,675,337.500,BUS_L01,1,1
grand_bassin_aerial_development,675,337.500,BUS_L02,1,1
grand_bassin_aerial_development,675,337.500,BUS_L03,1,1
grand_bassin_aerial_development,675,337.500,BUS_R01,1,1
grand_bassin_aerial_development,675,337.500,BUS_R02,1,1
grand_bassin_aerial_development,675,337.500,BUS_R03,1,1
grand_bassin_aerial_development,675,337.500,BUS_R04,1,1
grand_bassin_aerial_development,676,338.000,BUS_L01,1,1
grand_bassin_aerial_development,676,338.000,BUS_L02,1,1
grand_bassin_aerial_development,676,338.000,BUS_L03,1,1
grand_bassin_aerial_development,676,338.000,BUS_R01,1,1
grand_bassin_aerial_development,676,338.000,BUS_R02,1,1
grand_bassin_aerial_development,676,338.000,BUS_R03,1,1
grand_bassin_aerial_development,676,338.000,BUS_R04,1,1
grand_bassin_aerial_development,677,338.500,BUS_L01,1,1
grand_bassin_aerial_development,677,338.500,BUS_L02,1,1
grand_bassin_aerial_development,677,338.500,BUS_L03,1,1
grand_bassin_aerial_development,677,338.500,BUS_R01,1,1
grand_bassin_aerial_development,677,338.500,BUS_R02,1,1
grand_bassin_aerial_development,677,338.500,BUS_R03,1,1
grand_bassin_aerial_development,677,338.500,BUS_R04,1,1
grand_bassin_aerial_development,678,339.000,BUS_L01,1,1
grand_bassin_aerial_development,678,339.000,BUS_L02,1,1
grand_bassin_aerial_development,678,339.000,BUS_L03,1,1
grand_bassin_aerial_development,678,339.000,BUS_R01,1,1
grand_bassin_aerial_development,678,339.000,BUS_R02,1,1
grand_bassin_aerial_development,678,339.000,BUS_R03,1,1
grand_bassin_aerial_development,678,339.000,BUS_R04,1,1
grand_bassin_aerial_development,679,339.500,BUS_L01,1,1
grand_bassin_aerial_development,679,339.500,BUS_L02,1,1
grand_bassin_aerial_development,679,339.500,BUS_L03,1,1
grand_bassin_aerial_development,679,339.500,BUS_R01,1,1
grand_bassin_aerial_development,679,339.500,BUS_R02,1,1
grand_bassin_aerial_development,679,339.500,BUS_R03,1,1
grand_bassin_aerial_development,679,339.500,BUS_R04,1,1
grand_bassin_aerial_development,680,340.000,BUS_L01,1,1
grand_bassin_aerial_development,680,340.000,BUS_L02,1,1
grand_bassin_aerial_development,680,340.000,BUS_L03,1,1
grand_bassin_aerial_development,680,340.000,BUS_R01,1,1
grand_bassin_aerial_development,680,340.000,BUS_R02,1,1
grand_bassin_aerial_development,680,340.000,BUS_R03,1,1
grand_bassin_aerial_development,680,340.000,BUS_R04,1,1
grand_bassin_aerial_development,681,340.500,BUS_L01,1,1
grand_bassin_aerial_development,681,340.500,BUS_L02,1,1
grand_bassin_aerial_development,681,340.500,BUS_L03,1,1
grand_bassin_aerial_development,681,340.500,BUS_R01,1,1
grand_bassin_aerial_development,681,340.500,BUS_R02,1,1
grand_bassin_aerial_development,681,340.500,BUS_R03,1,1
grand_bassin_aerial_development,681,340.500,BUS_R04,1,1
grand_bassin_aerial_development,682,341.000,BUS_L01,1,1
grand_bassin_aerial_development,682,341.000,BUS_L02,1,1
grand_bassin_aerial_development,682,341.000,BUS_L03,1,1
grand_bassin_aerial_development,682,341.000,BUS_R01,1,1
grand_bassin_aerial_development,682,341.000,BUS_R02,1,1
grand_bassin_aerial_development,682,341.000,BUS_R03,1,1
grand_bassin_aerial_development,682,341.000,BUS_R04,1,1
grand_bassin_aerial_development,683,341.500,BUS_L01,1,1
grand_bassin_aerial_development,683,341.500,BUS_L02,1,1
grand_bassin_aerial_development,683,341.500,BUS_L03,1,1
grand_bassin_aerial_development,683,341.500,BUS_R01,1,1
grand_bassin_aerial_development,683,341.500,BUS_R02,1,1
grand_bassin_aerial_development,683,341.500,BUS_R03,1,1
grand_bassin_aerial_development,683,341.500,BUS_R04,1,1
grand_bassin_aerial_development,684,342.000,BUS_L01,1,1
grand_bassin_aerial_development,684,342.000,BUS_L02,1,1
grand_bassin_aerial_development,684,342.000,BUS_L03,1,1
grand_bassin_aerial_development,684,342.000,BUS_R01,1,1
grand_bassin_aerial_development,684,342.000,BUS_R02,1,1
grand_bassin_aerial_development,684,342.000,BUS_R03,1,1
grand_bassin_aerial_development,684,342.000,BUS_R04,1,1
grand_bassin_aerial_development,685,342.500,BUS_L01,1,1
grand_bassin_aerial_development,685,342.500,BUS_L02,1,1
grand_bassin_aerial_development,685,342.500,BUS_L03,1,1
grand_bassin_aerial_development,685,342.500,BUS_R01,1,1
grand_bassin_aerial_development,685,342.500,BUS_R02,1,1
grand_bassin_aerial_development,685,342.500,BUS_R03,1,1
grand_bassin_aerial_development,685,342.500,BUS_R04,1,1
grand_bassin_aerial_development,686,343.000,BUS_L01,1,1
grand_bassin_aerial_development,686,343.000,BUS_L02,1,1
grand_bassin_aerial_development,686,343.000,BUS_L03,1,1
grand_bassin_aerial_development,686,343.000,BUS_R01,1,1
grand_bassin_aerial_development,686,343.000,BUS_R02,1,1
grand_bassin_aerial_development,686,343.000,BUS_R03,1,1
grand_bassin_aerial_development,686,343.000,BUS_R04,1,1
grand_bassin_aerial_development,687,343.500,BUS_L01,1,1
grand_bassin_aerial_development,687,343.500,BUS_L02,1,1
grand_bassin_aerial_development,687,343.500,BUS_L03,1,1
grand_bassin_aerial_development,687,343.500,BUS_R01,1,1
grand_bassin_aerial_development,687,343.500,BUS_R02,1,1
grand_bassin_aerial_development,687,343.500,BUS_R03,1,1
grand_bassin_aerial_development,687,343.500,BUS_R04,1,1
grand_bassin_aerial_development,688,344.000,BUS_L01,1,1
grand_bassin_aerial_development,688,344.000,BUS_L02,1,1
grand_bassin_aerial_development,688,344.000,BUS_L03,1,1
grand_bassin_aerial_development,688,344.000,BUS_R01,1,1
grand_bassin_aerial_development,688,344.000,BUS_R02,1,1
grand_bassin_aerial_development,688,344.000,BUS_R03,1,1
grand_bassin_aerial_development,688,344.000,BUS_R04,1,1
grand_bassin_aerial_development,689,344.500,BUS_L01,1,1
grand_bassin_aerial_development,689,344.500,BUS_L02,1,1
grand_bassin_aerial_development,689,344.500,BUS_L03,1,1
grand_bassin_aerial_development,689,344.500,BUS_R01,1,1
grand_bassin_aerial_development,689,344.500,BUS_R02,1,1
grand_bassin_aerial_development,689,344.500,BUS_R03,1,1
grand_bassin_aerial_development,689,344.500,BUS_R04,1,1
grand_bassin_aerial_development,690,345.000,BUS_L01,1,1
grand_bassin_aerial_development,690,345.000,BUS_L02,1,1
grand_bassin_aerial_development,690,345.000,BUS_L03,1,1
grand_bassin_aerial_development,690,345.000,BUS_R01,1,1
grand_bassin_aerial_development,690,345.000,BUS_R02,1,1
grand_bassin_aerial_development,690,345.000,BUS_R03,1,1
grand_bassin_aerial_development,690,345.000,BUS_R04,1,1
grand_bassin_aerial_development,691,345.500,BUS_L01,1,1
grand_bassin_aerial_development,691,345.500,BUS_L02,1,1
grand_bassin_aerial_development,691,345.500,BUS_L03,1,1
grand_bassin_aerial_development,691,345.500,BUS_R01,1,1
grand_bassin_aerial_development,691,345.500,BUS_R02,1,1
grand_bassin_aerial_development,691,345.500,BUS_R03,1,1
grand_bassin_aerial_development,691,345.500,BUS_R04,1,1
grand_bassin_aerial_development,692,346.000,BUS_L01,1,1
grand_bassin_aerial_development,692,346.000,BUS_L02,1,1
grand_bassin_aerial_development,692,346.000,BUS_L03,1,1
grand_bassin_aerial_development,692,346.000,BUS_R01,1,1
grand_bassin_aerial_development,692,346.000,BUS_R02,1,1
grand_bassin_aerial_development,692,346.000,BUS_R03,1,1
grand_bassin_aerial_development,692,346.000,BUS_R04,1,1
grand_bassin_aerial_development,693,346.500,BUS_L01,1,1
grand_bassin_aerial_development,693,346.500,BUS_L02,1,1
grand_bassin_aerial_development,693,346.500,BUS_L03,1,1
grand_bassin_aerial_development,693,346.500,BUS_R01,1,1
grand_bassin_aerial_development,693,346.500,BUS_R02,1,1
grand_bassin_aerial_development,693,346.500,BUS_R03,1,1
grand_bassin_aerial_development,693,346.500,BUS_R04,1,1
grand_bassin_aerial_development,694,347.000,BUS_L01,1,1
grand_bassin_aerial_development,694,347.000,BUS_L02,1,1
grand_bassin_aerial_development,694,347.000,BUS_L03,1,1
grand_bassin_aerial_development,694,347.000,BUS_R01,1,1
grand_bassin_aerial_development,694,347.000,BUS_R02,1,1
grand_bassin_aerial_development,694,347.000,BUS_R03,1,1
grand_bassin_aerial_development,694,347.000,BUS_R04,1,1
grand_bassin_aerial_development,695,347.500,BUS_L01,1,1
grand_bassin_aerial_development,695,347.500,BUS_L02,1,1
grand_bassin_aerial_development,695,347.500,BUS_L03,1,1
grand_bassin_aerial_development,695,347.500,BUS_R01,1,1
grand_bassin_aerial_development,695,347.500,BUS_R02,1,1
grand_bassin_aerial_development,695,347.500,BUS_R03,1,1
grand_bassin_aerial_development,695,347.500,BUS_R04,1,1
grand_bassin_aerial_development,696,348.000,BUS_L01,1,1
grand_bassin_aerial_development,696,348.000,BUS_L02,1,1
grand_bassin_aerial_development,696,348.000,BUS_L03,1,1
grand_bassin_aerial_development,696,348.000,BUS_R01,1,1
grand_bassin_aerial_development,696,348.000,BUS_R02,1,1
grand_bassin_aerial_development,696,348.000,BUS_R03,1,1
grand_bassin_aerial_development,696,348.000,BUS_R04,1,1
grand_bassin_aerial_development,697,348.500,BUS_L01,1,1
grand_bassin_aerial_development,697,348.500,BUS_L02,1,1
grand_bassin_aerial_development,697,348.500,BUS_L03,1,1
grand_bassin_aerial_development,697,348.500,BUS_R01,1,1
grand_bassin_aerial_development,697,348.500,BUS_R02,1,1
grand_bassin_aerial_development,697,348.500,BUS_R03,1,1
grand_bassin_aerial_development,697,348.500,BUS_R04,1,1
grand_bassin_aerial_development,698,349.000,BUS_L01,1,1
grand_bassin_aerial_development,698,349.000,BUS_L02,1,1
grand_bassin_aerial_development,698,349.000,BUS_L03,1,1
grand_bassin_aerial_development,698,349.000,BUS_R01,1,1
grand_bassin_aerial_development,698,349.000,BUS_R02,1,1
grand_bassin_aerial_development,698,349.000,BUS_R03,1,1
grand_bassin_aerial_development,698,349.000,BUS_R04,1,1
grand_bassin_aerial_development,699,349.500,BUS_L01,1,1
grand_bassin_aerial_development,699,349.500,BUS_L02,1,1
grand_bassin_aerial_development,699,349.500,BUS_L03,1,1
grand_bassin_aerial_development,699,349.500,BUS_R01,1,1
grand_bassin_aerial_development,699,349.500,BUS_R02,1,1
grand_bassin_aerial_development,699,349.500,BUS_R03,1,1
grand_bassin_aerial_development,699,349.500,BUS_R04,1,1
grand_bassin_aerial_development,700,350.000,BUS_L01,1,1
grand_bassin_aerial_development,700,350.000,BUS_L02,1,1
grand_bassin_aerial_development,700,350.000,BUS_L03,1,1
grand_bassin_aerial_development,700,350.000,BUS_R01,1,1
grand_bassin_aerial_development,700,350.000,BUS_R02,1,1
grand_bassin_aerial_development,700,350.000,BUS_R03,1,1
grand_bassin_aerial_development,700,350.000,BUS_R04,1,1
grand_bassin_aerial_development,701,350.500,BUS_L01,1,1
grand_bassin_aerial_development,701,350.500,BUS_L02,1,1
grand_bassin_aerial_development,701,350.500,BUS_L03,1,1
grand_bassin_aerial_development,701,350.500,BUS_R01,1,1
grand_bassin_aerial_development,701,350.500,BUS_R02,1,1
grand_bassin_aerial_development,701,350.500,BUS_R03,1,1
grand_bassin_aerial_development,701,350.500,BUS_R04,1,1
grand_bassin_aerial_development,702,351.000,BUS_L01,1,1
grand_bassin_aerial_development,702,351.000,BUS_L02,1,1
grand_bassin_aerial_development,702,351.000,BUS_L03,1,1
grand_bassin_aerial_development,702,351.000,BUS_R01,1,1
grand_bassin_aerial_development,702,351.000,BUS_R02,1,1
grand_bassin_aerial_development,702,351.000,BUS_R03,1,1
grand_bassin_aerial_development,702,351.000,BUS_R04,1,1
grand_bassin_aerial_development,703,351.500,BUS_L01,1,1
grand_bassin_aerial_development,703,351.500,BUS_L02,1,1
grand_bassin_aerial_development,703,351.500,BUS_L03,1,1
grand_bassin_aerial_development,703,351.500,BUS_R01,1,1
grand_bassin_aerial_development,703,351.500,BUS_R02,1,1
grand_bassin_aerial_development,703,351.500,BUS_R03,1,1
grand_bassin_aerial_development,703,351.500,BUS_R04,1,1
grand_bassin_aerial_development,704,352.000,BUS_L01,1,1
grand_bassin_aerial_development,704,352.000,BUS_L02,1,1
grand_bassin_aerial_development,704,352.000,BUS_L03,1,1
grand_bassin_aerial_development,704,352.000,BUS_R01,1,1
grand_bassin_aerial_development,704,352.000,BUS_R02,1,1
grand_bassin_aerial_development,704,352.000,BUS_R03,1,1
grand_bassin_aerial_development,704,352.000,BUS_R04,1,1
grand_bassin_aerial_development,705,352.500,BUS_L01,1,1
grand_bassin_aerial_development,705,352.500,BUS_L02,1,1
grand_bassin_aerial_development,705,352.500,BUS_L03,1,1
grand_bassin_aerial_development,705,352.500,BUS_R01,1,1
grand_bassin_aerial_development,705,352.500,BUS_R02,1,1
grand_bassin_aerial_development,705,352.500,BUS_R03,1,1
grand_bassin_aerial_development,705,352.500,BUS_R04,1,1
grand_bassin_aerial_development,706,353.000,BUS_L01,1,1
grand_bassin_aerial_development,706,353.000,BUS_L02,1,1
grand_bassin_aerial_development,706,353.000,BUS_L03,1,1
grand_bassin_aerial_development,706,353.000,BUS_R01,1,1
grand_bassin_aerial_development,706,353.000,BUS_R02,1,1
grand_bassin_aerial_development,706,353.000,BUS_R03,1,1
grand_bassin_aerial_development,706,353.000,BUS_R04,1,1
grand_bassin_aerial_development,707,353.500,BUS_L01,1,1
grand_bassin_aerial_development,707,353.500,BUS_L02,1,1
grand_bassin_aerial_development,707,353.500,BUS_L03,1,1
grand_bassin_aerial_development,707,353.500,BUS_R01,1,1
grand_bassin_aerial_development,707,353.500,BUS_R02,1,1
grand_bassin_aerial_development,707,353.500,BUS_R03,1,1
grand_bassin_aerial_development,707,353.500,BUS_R04,1,1
grand_bassin_aerial_development,708,354.000,BUS_L01,1,1
grand_bassin_aerial_development,708,354.000,BUS_L02,1,1
grand_bassin_aerial_development,708,354.000,BUS_L03,1,1
grand_bassin_aerial_development,708,354.000,BUS_R01,1,1
grand_bassin_aerial_development,708,354.000,BUS_R02,1,1
grand_bassin_aerial_development,708,354.000,BUS_R03,1,1
grand_bassin_aerial_development,708,354.000,BUS_R04,1,1
grand_bassin_aerial_development,709,354.500,BUS_L01,1,1
grand_bassin_aerial_development,709,354.500,BUS_L02,1,1
grand_bassin_aerial_development,709,354.500,BUS_L03,1,1
grand_bassin_aerial_development,709,354.500,BUS_R01,1,1
grand_bassin_aerial_development,709,354.500,BUS_R02,1,1
grand_bassin_aerial_development,709,354.500,BUS_R03,1,1
grand_bassin_aerial_development,709,354.500,BUS_R04,1,1
grand_bassin_aerial_development,710,355.000,BUS_L01,1,1
grand_bassin_aerial_development,710,355.000,BUS_L02,1,1
grand_bassin_aerial_development,710,355.000,BUS_L03,1,1
grand_bassin_aerial_development,710,355.000,BUS_R01,1,1
grand_bassin_aerial_development,710,355.000,BUS_R02,1,1
grand_bassin_aerial_development,710,355.000,BUS_R03,1,1
grand_bassin_aerial_development,710,355.000,BUS_R04,1,1
grand_bassin_aerial_development,711,355.500,BUS_L01,1,1
grand_bassin_aerial_development,711,355.500,BUS_L02,1,1
grand_bassin_aerial_development,711,355.500,BUS_L03,1,1
grand_bassin_aerial_development,711,355.500,BUS_R01,1,1
grand_bassin_aerial_development,711,355.500,BUS_R02,1,1
grand_bassin_aerial_development,711,355.500,BUS_R03,1,1
grand_bassin_aerial_development,711,355.500,BUS_R04,1,1
grand_bassin_aerial_development,712,356.000,BUS_L01,1,1
grand_bassin_aerial_development,712,356.000,BUS_L02,1,1
grand_bassin_aerial_development,712,356.000,BUS_L03,1,1
grand_bassin_aerial_development,712,356.000,BUS_R01,1,1
grand_bassin_aerial_development,712,356.000,BUS_R02,1,1
grand_bassin_aerial_development,712,356.000,BUS_R03,1,1
grand_bassin_aerial_development,712,356.000,BUS_R04,1,1
grand_bassin_aerial_development,713,356.500,BUS_L01,1,1
grand_bassin_aerial_development,713,356.500,BUS_L02,1,1
grand_bassin_aerial_development,713,356.500,BUS_L03,1,1
grand_bassin_aerial_development,713,356.500,BUS_R01,1,1
grand_bassin_aerial_development,713,356.500,BUS_R02,1,1
grand_bassin_aerial_development,713,356.500,BUS_R03,1,1
grand_bassin_aerial_development,713,356.500,BUS_R04,1,1
grand_bassin_aerial_development,714,357.000,BUS_L01,1,1
grand_bassin_aerial_development,714,357.000,BUS_L02,1,1
grand_bassin_aerial_development,714,357.000,BUS_L03,1,1
grand_bassin_aerial_development,714,357.000,BUS_R01,1,1
grand_bassin_aerial_development,714,357.000,BUS_R02,1,1
grand_bassin_aerial_development,714,357.000,BUS_R03,1,1
grand_bassin_aerial_development,714,357.000,BUS_R04,1,1
grand_bassin_aerial_development,715,357.500,BUS_L01,1,1
grand_bassin_aerial_development,715,357.500,BUS_L02,1,1
grand_bassin_aerial_development,715,357.500,BUS_L03,1,1
grand_bassin_aerial_development,715,357.500,BUS_R01,1,1
grand_bassin_aerial_development,715,357.500,BUS_R02,1,1
grand_bassin_aerial_development,715,357.500,BUS_R03,1,1
grand_bassin_aerial_development,715,357.500,BUS_R04,1,1
grand_bassin_aerial_development,716,358.000,BUS_L01,1,1
grand_bassin_aerial_development,716,358.000,BUS_L02,1,1
grand_bassin_aerial_development,716,358.000,BUS_L03,1,1
grand_bassin_aerial_development,716,358.000,BUS_R01,1,1
grand_bassin_aerial_development,716,358.000,BUS_R02,1,1
grand_bassin_aerial_development,716,358.000,BUS_R03,1,1
grand_bassin_aerial_development,716,358.000,BUS_R04,1,1
grand_bassin_aerial_development,717,358.500,BUS_L01,1,1
grand_bassin_aerial_development,717,358.500,BUS_L02,1,1
grand_bassin_aerial_development,717,358.500,BUS_L03,1,1
grand_bassin_aerial_development,717,358.500,BUS_R01,1,1
grand_bassin_aerial_development,717,358.500,BUS_R02,1,1
grand_bassin_aerial_development,717,358.500,BUS_R03,1,1
grand_bassin_aerial_development,717,358.500,BUS_R04,1,1
grand_bassin_aerial_development,718,359.000,BUS_L01,1,1
grand_bassin_aerial_development,718,359.000,BUS_L02,1,1
grand_bassin_aerial_development,718,359.000,BUS_L03,1,1
grand_bassin_aerial_development,718,359.000,BUS_R01,1,1
grand_bassin_aerial_development,718,359.000,BUS_R02,1,1
grand_bassin_aerial_development,718,359.000,BUS_R03,1,1
grand_bassin_aerial_development,718,359.000,BUS_R04,1,1
grand_bassin_aerial_development,719,359.500,BUS_L01,1,1
grand_bassin_aerial_development,719,359.500,BUS_L02,1,1
grand_bassin_aerial_development,719,359.500,BUS_L03,1,1
grand_bassin_aerial_development,719,359.500,BUS_R01,1,1
grand_bassin_aerial_development,719,359.500,BUS_R02,1,1
grand_bassin_aerial_development,719,359.500,BUS_R03,1,1
grand_bassin_aerial_development,719,359.500,BUS_R04,1,1
grand_bassin_aerial_development,720,360.000,BUS_L01,1,1
grand_bassin_aerial_development,720,360.000,BUS_L02,1,1
grand_bassin_aerial_development,720,360.000,BUS_L03,1,1
grand_bassin_aerial_development,720,360.000,BUS_R01,1,1
grand_bassin_aerial_development,720,360.000,BUS_R02,1,1
grand_bassin_aerial_development,720,360.000,BUS_R03,1,1
grand_bassin_aerial_development,720,360.000,BUS_R04,1,1
grand_bassin_aerial_development,721,360.500,BUS_L01,1,1
grand_bassin_aerial_development,721,360.500,BUS_L02,1,1
grand_bassin_aerial_development,721,360.500,BUS_L03,1,1
grand_bassin_aerial_development,721,360.500,BUS_R01,1,1
grand_bassin_aerial_development,721,360.500,BUS_R02,1,1
grand_bassin_aerial_development,721,360.500,BUS_R03,1,1
grand_bassin_aerial_development,721,360.500,BUS_R04,1,1
grand_bassin_aerial_development,722,361.000,BUS_L01,1,1
grand_bassin_aerial_development,722,361.000,BUS_L02,1,1
grand_bassin_aerial_development,722,361.000,BUS_L03,1,1
grand_bassin_aerial_development,722,361.000,BUS_R01,1,1
grand_bassin_aerial_development,722,361.000,BUS_R02,1,1
grand_bassin_aerial_development,722,361.000,BUS_R03,1,1
grand_bassin_aerial_development,722,361.000,BUS_R04,1,1
grand_bassin_aerial_development,723,361.500,BUS_L01,1,1
grand_bassin_aerial_development,723,361.500,BUS_L02,1,1
grand_bassin_aerial_development,723,361.500,BUS_L03,1,1
grand_bassin_aerial_development,723,361.500,BUS_R01,1,1
grand_bassin_aerial_development,723,361.500,BUS_R02,1,1
grand_bassin_aerial_development,723,361.500,BUS_R03,1,1
grand_bassin_aerial_development,723,361.500,BUS_R04,1,1
grand_bassin_aerial_development,724,362.000,BUS_L01,1,1
grand_bassin_aerial_development,724,362.000,BUS_L02,1,1
grand_bassin_aerial_development,724,362.000,BUS_L03,1,1
grand_bassin_aerial_development,724,362.000,BUS_R01,1,1
grand_bassin_aerial_development,724,362.000,BUS_R02,1,1
grand_bassin_aerial_development,724,362.000,BUS_R03,1,1
grand_bassin_aerial_development,724,362.000,BUS_R04,1,1
grand_bassin_aerial_development,725,362.500,BUS_L01,1,1
grand_bassin_aerial_development,725,362.500,BUS_L02,1,1
grand_bassin_aerial_development,725,362.500,BUS_L03,1,1
grand_bassin_aerial_development,725,362.500,BUS_R01,1,1
grand_bassin_aerial_development,725,362.500,BUS_R02,1,1
grand_bassin_aerial_development,725,362.500,BUS_R03,1,1
grand_bassin_aerial_development,725,362.500,BUS_R04,1,1
grand_bassin_aerial_development,726,363.000,BUS_L01,1,1
grand_bassin_aerial_development,726,363.000,BUS_L02,1,1
grand_bassin_aerial_development,726,363.000,BUS_L03,1,1
grand_bassin_aerial_development,726,363.000,BUS_R01,1,1
grand_bassin_aerial_development,726,363.000,BUS_R02,1,1
grand_bassin_aerial_development,726,363.000,BUS_R03,1,1
grand_bassin_aerial_development,726,363.000,BUS_R04,1,1
grand_bassin_aerial_development,727,363.500,BUS_L01,1,1
grand_bassin_aerial_development,727,363.500,BUS_L02,1,1
grand_bassin_aerial_development,727,363.500,BUS_L03,1,1
grand_bassin_aerial_development,727,363.500,BUS_R01,1,1
grand_bassin_aerial_development,727,363.500,BUS_R02,1,1
grand_bassin_aerial_development,727,363.500,BUS_R03,1,1
grand_bassin_aerial_development,727,363.500,BUS_R04,1,1
grand_bassin_aerial_development,728,364.000,BUS_L01,1,1
grand_bassin_aerial_development,728,364.000,BUS_L02,1,1
grand_bassin_aerial_development,728,364.000,BUS_L03,1,1
grand_bassin_aerial_development,728,364.000,BUS_R01,1,1
grand_bassin_aerial_development,728,364.000,BUS_R02,1,1
grand_bassin_aerial_development,728,364.000,BUS_R03,1,1
grand_bassin_aerial_development,728,364.000,BUS_R04,1,1
grand_bassin_aerial_development,729,364.500,BUS_L01,1,1
grand_bassin_aerial_development,729,364.500,BUS_L02,1,1
grand_bassin_aerial_development,729,364.500,BUS_L03,1,1
grand_bassin_aerial_development,729,364.500,BUS_R01,1,1
grand_bassin_aerial_development,729,364.500,BUS_R02,1,1
grand_bassin_aerial_development,729,364.500,BUS_R03,1,1
grand_bassin_aerial_development,729,364.500,BUS_R04,1,1
grand_bassin_aerial_development,730,365.000,BUS_L01,1,1
grand_bassin_aerial_development,730,365.000,BUS_L02,1,1
grand_bassin_aerial_development,730,365.000,BUS_L03,1,1
grand_bassin_aerial_development,730,365.000,BUS_R01,1,1
grand_bassin_aerial_development,730,365.000,BUS_R02,1,1
grand_bassin_aerial_development,730,365.000,BUS_R03,1,1
grand_bassin_aerial_development,730,365.000,BUS_R04,1,1
grand_bassin_aerial_development,731,365.500,BUS_L01,1,1
grand_bassin_aerial_development,731,365.500,BUS_L02,1,1
grand_bassin_aerial_development,731,365.500,BUS_L03,1,1
grand_bassin_aerial_development,731,365.500,BUS_R01,1,1
grand_bassin_aerial_development,731,365.500,BUS_R02,1,1
grand_bassin_aerial_development,731,365.500,BUS_R03,1,1
grand_bassin_aerial_development,731,365.500,BUS_R04,1,1
grand_bassin_aerial_development,732,366.000,BUS_L01,1,1
grand_bassin_aerial_development,732,366.000,BUS_L02,1,1
grand_bassin_aerial_development,732,366.000,BUS_L03,1,1
grand_bassin_aerial_development,732,366.000,BUS_R01,1,1
grand_bassin_aerial_development,732,366.000,BUS_R02,1,1
grand_bassin_aerial_development,732,366.000,BUS_R03,1,1
grand_bassin_aerial_development,732,366.000,BUS_R04,1,1
grand_bassin_aerial_development,733,366.500,BUS_L01,1,1
grand_bassin_aerial_development,733,366.500,BUS_L02,1,1
grand_bassin_aerial_development,733,366.500,BUS_L03,1,1
grand_bassin_aerial_development,733,366.500,BUS_R01,1,1
grand_bassin_aerial_development,733,366.500,BUS_R02,1,1
grand_bassin_aerial_development,733,366.500,BUS_R03,1,1
grand_bassin_aerial_development,733,366.500,BUS_R04,1,1
grand_bassin_aerial_development,734,367.000,BUS_L01,1,1
grand_bassin_aerial_development,734,367.000,BUS_L02,1,1
grand_bassin_aerial_development,734,367.000,BUS_L03,1,1
grand_bassin_aerial_development,734,367.000,BUS_R01,1,1
grand_bassin_aerial_development,734,367.000,BUS_R02,1,1
grand_bassin_aerial_development,734,367.000,BUS_R03,1,1
grand_bassin_aerial_development,734,367.000,BUS_R04,1,1
grand_bassin_aerial_development,735,367.500,BUS_L01,1,1
grand_bassin_aerial_development,735,367.500,BUS_L02,1,1
grand_bassin_aerial_development,735,367.500,BUS_L03,1,1
grand_bassin_aerial_development,735,367.500,BUS_R01,1,1
grand_bassin_aerial_development,735,367.500,BUS_R02,1,1
grand_bassin_aerial_development,735,367.500,BUS_R03,1,1
grand_bassin_aerial_development,735,367.500,BUS_R04,1,1
grand_bassin_aerial_development,736,368.000,BUS_L01,1,1
grand_bassin_aerial_development,736,368.000,BUS_L02,1,1
grand_bassin_aerial_development,736,368.000,BUS_L03,1,1
grand_bassin_aerial_development,736,368.000,BUS_R01,1,1
grand_bassin_aerial_development,736,368.000,BUS_R02,1,1
grand_bassin_aerial_development,736,368.000,BUS_R03,1,1
grand_bassin_aerial_development,736,368.000,BUS_R04,1,1
grand_bassin_aerial_development,737,368.500,BUS_L01,1,1
grand_bassin_aerial_development,737,368.500,BUS_L02,1,1
grand_bassin_aerial_development,737,368.500,BUS_L03,1,1
grand_bassin_aerial_development,737,368.500,BUS_R01,1,1
grand_bassin_aerial_development,737,368.500,BUS_R02,1,1
grand_bassin_aerial_development,737,368.500,BUS_R03,1,1
grand_bassin_aerial_development,737,368.500,BUS_R04,1,1
grand_bassin_aerial_development,738,369.000,BUS_L01,1,1
grand_bassin_aerial_development,738,369.000,BUS_L02,1,1
grand_bassin_aerial_development,738,369.000,BUS_L03,1,1
grand_bassin_aerial_development,738,369.000,BUS_R01,1,1
grand_bassin_aerial_development,738,369.000,BUS_R02,1,1
grand_bassin_aerial_development,738,369.000,BUS_R03,1,1
grand_bassin_aerial_development,738,369.000,BUS_R04,1,1
grand_bassin_aerial_development,739,369.500,BUS_L01,1,1
grand_bassin_aerial_development,739,369.500,BUS_L02,1,1
grand_bassin_aerial_development,739,369.500,BUS_L03,1,1
grand_bassin_aerial_development,739,369.500,BUS_R01,1,1
grand_bassin_aerial_development,739,369.500,BUS_R02,1,1
grand_bassin_aerial_development,739,369.500,BUS_R03,1,1
grand_bassin_aerial_development,739,369.500,BUS_R04,1,1
grand_bassin_aerial_development,740,370.000,BUS_L01,1,1
grand_bassin_aerial_development,740,370.000,BUS_L02,1,1
grand_bassin_aerial_development,740,370.000,BUS_L03,1,1
grand_bassin_aerial_development,740,370.000,BUS_R01,1,1
grand_bassin_aerial_development,740,370.000,BUS_R02,1,1
grand_bassin_aerial_development,740,370.000,BUS_R03,1,1
grand_bassin_aerial_development,740,370.000,BUS_R04,1,1
grand_bassin_aerial_development,741,370.500,BUS_L01,1,1
grand_bassin_aerial_development,741,370.500,BUS_L02,1,1
grand_bassin_aerial_development,741,370.500,BUS_L03,1,1
grand_bassin_aerial_development,741,370.500,BUS_R01,1,1
grand_bassin_aerial_development,741,370.500,BUS_R02,1,1
grand_bassin_aerial_development,741,370.500,BUS_R03,1,1
grand_bassin_aerial_development,741,370.500,BUS_R04,1,1
grand_bassin_aerial_development,742,371.000,BUS_L01,1,1
grand_bassin_aerial_development,742,371.000,BUS_L02,1,1
grand_bassin_aerial_development,742,371.000,BUS_L03,1,1
grand_bassin_aerial_development,742,371.000,BUS_R01,1,1
grand_bassin_aerial_development,742,371.000,BUS_R02,1,1
grand_bassin_aerial_development,742,371.000,BUS_R03,1,1
grand_bassin_aerial_development,742,371.000,BUS_R04,1,1
grand_bassin_aerial_development,743,371.500,BUS_L01,1,1
grand_bassin_aerial_development,743,371.500,BUS_L02,1,1
grand_bassin_aerial_development,743,371.500,BUS_L03,1,1
grand_bassin_aerial_development,743,371.500,BUS_R01,1,1
grand_bassin_aerial_development,743,371.500,BUS_R02,1,1
grand_bassin_aerial_development,743,371.500,BUS_R03,1,1
grand_bassin_aerial_development,743,371.500,BUS_R04,1,1
grand_bassin_aerial_development,744,372.000,BUS_L01,1,1
grand_bassin_aerial_development,744,372.000,BUS_L02,1,1
grand_bassin_aerial_development,744,372.000,BUS_L03,1,1
grand_bassin_aerial_development,744,372.000,BUS_R01,1,1
grand_bassin_aerial_development,744,372.000,BUS_R02,1,1
grand_bassin_aerial_development,744,372.000,BUS_R03,1,1
grand_bassin_aerial_development,744,372.000,BUS_R04,1,1
grand_bassin_aerial_development,745,372.500,BUS_L01,1,1
grand_bassin_aerial_development,745,372.500,BUS_L02,1,1
grand_bassin_aerial_development,745,372.500,BUS_L03,1,1
grand_bassin_aerial_development,745,372.500,BUS_R01,1,1
grand_bassin_aerial_development,745,372.500,BUS_R02,1,1
grand_bassin_aerial_development,745,372.500,BUS_R03,1,1
grand_bassin_aerial_development,745,372.500,BUS_R04,1,1
grand_bassin_aerial_development,746,373.000,BUS_L01,1,1
grand_bassin_aerial_development,746,373.000,BUS_L02,1,1
grand_bassin_aerial_development,746,373.000,BUS_L03,1,1
grand_bassin_aerial_development,746,373.000,BUS_R01,1,1
grand_bassin_aerial_development,746,373.000,BUS_R02,1,1
grand_bassin_aerial_development,746,373.000,BUS_R03,1,1
grand_bassin_aerial_development,746,373.000,BUS_R04,1,1
grand_bassin_aerial_development,747,373.500,BUS_L01,1,1
grand_bassin_aerial_development,747,373.500,BUS_L02,1,1
grand_bassin_aerial_development,747,373.500,BUS_L03,1,1
grand_bassin_aerial_development,747,373.500,BUS_R01,1,1
grand_bassin_aerial_development,747,373.500,BUS_R02,1,1
grand_bassin_aerial_development,747,373.500,BUS_R03,1,1
grand_bassin_aerial_development,747,373.500,BUS_R04,1,1
grand_bassin_aerial_development,748,374.000,BUS_L01,1,1
grand_bassin_aerial_development,748,374.000,BUS_L02,1,1
grand_bassin_aerial_development,748,374.000,BUS_L03,1,1
grand_bassin_aerial_development,748,374.000,BUS_R01,1,1
grand_bassin_aerial_development,748,374.000,BUS_R02,1,1
grand_bassin_aerial_development,748,374.000,BUS_R03,1,1
grand_bassin_aerial_development,748,374.000,BUS_R04,1,1
grand_bassin_aerial_development,749,374.500,BUS_L01,1,1
grand_bassin_aerial_development,749,374.500,BUS_L02,1,1
grand_bassin_aerial_development,749,374.500,BUS_L03,1,1
grand_bassin_aerial_development,749,374.500,BUS_R01,1,1
grand_bassin_aerial_development,749,374.500,BUS_R02,1,1
grand_bassin_aerial_development,749,374.500,BUS_R03,1,1
grand_bassin_aerial_development,749,374.500,BUS_R04,1,1
grand_bassin_aerial_development,750,375.000,BUS_L01,1,1
grand_bassin_aerial_development,750,375.000,BUS_L02,1,1
grand_bassin_aerial_development,750,375.000,BUS_L03,1,1
grand_bassin_aerial_development,750,375.000,BUS_R01,1,1
grand_bassin_aerial_development,750,375.000,BUS_R02,1,1
grand_bassin_aerial_development,750,375.000,BUS_R03,1,1
grand_bassin_aerial_development,750,375.000,BUS_R04,1,1
grand_bassin_aerial_development,751,375.500,BUS_L01,1,1
grand_bassin_aerial_development,751,375.500,BUS_L02,1,1
grand_bassin_aerial_development,751,375.500,BUS_L03,1,1
grand_bassin_aerial_development,751,375.500,BUS_R01,1,1
grand_bassin_aerial_development,751,375.500,BUS_R02,1,1
grand_bassin_aerial_development,751,375.500,BUS_R03,1,1
grand_bassin_aerial_development,751,375.500,BUS_R04,1,1
grand_bassin_aerial_development,752,376.000,BUS_L01,1,1
grand_bassin_aerial_development,752,376.000,BUS_L02,1,1
grand_bassin_aerial_development,752,376.000,BUS_L03,1,1
grand_bassin_aerial_development,752,376.000,BUS_R01,1,1
grand_bassin_aerial_development,752,376.000,BUS_R02,1,1
grand_bassin_aerial_development,752,376.000,BUS_R03,1,1
grand_bassin_aerial_development,752,376.000,BUS_R04,1,1
grand_bassin_aerial_development,753,376.500,BUS_L01,1,1
grand_bassin_aerial_development,753,376.500,BUS_L02,1,1
grand_bassin_aerial_development,753,376.500,BUS_L03,1,1
grand_bassin_aerial_development,753,376.500,BUS_R01,1,1
grand_bassin_aerial_development,753,376.500,BUS_R02,1,1
grand_bassin_aerial_development,753,376.500,BUS_R03,1,1
grand_bassin_aerial_development,753,376.500,BUS_R04,1,1
grand_bassin_aerial_development,754,377.000,BUS_L01,1,1
grand_bassin_aerial_development,754,377.000,BUS_L02,1,1
grand_bassin_aerial_development,754,377.000,BUS_L03,1,1
grand_bassin_aerial_development,754,377.000,BUS_R01,1,1
grand_bassin_aerial_development,754,377.000,BUS_R02,1,1
grand_bassin_aerial_development,754,377.000,BUS_R03,1,1
grand_bassin_aerial_development,754,377.000,BUS_R04,1,1
grand_bassin_aerial_development,755,377.500,BUS_L01,1,1
grand_bassin_aerial_development,755,377.500,BUS_L02,1,1
grand_bassin_aerial_development,755,377.500,BUS_L03,1,1
grand_bassin_aerial_development,755,377.500,BUS_R01,1,1
grand_bassin_aerial_development,755,377.500,BUS_R02,1,1
grand_bassin_aerial_development,755,377.500,BUS_R03,1,1
grand_bassin_aerial_development,755,377.500,BUS_R04,1,1
grand_bassin_aerial_development,756,378.000,BUS_L01,1,1
grand_bassin_aerial_development,756,378.000,BUS_L02,1,1
grand_bassin_aerial_development,756,378.000,BUS_L03,1,1
grand_bassin_aerial_development,756,378.000,BUS_R01,1,1
grand_bassin_aerial_development,756,378.000,BUS_R02,1,1
grand_bassin_aerial_development,756,378.000,BUS_R03,1,1
grand_bassin_aerial_development,756,378.000,BUS_R04,1,1
grand_bassin_aerial_development,757,378.500,BUS_L01,1,1
grand_bassin_aerial_development,757,378.500,BUS_L02,1,1
grand_bassin_aerial_development,757,378.500,BUS_L03,1,1
grand_bassin_aerial_development,757,378.500,BUS_R01,1,1
grand_bassin_aerial_development,757,378.500,BUS_R02,1,1
grand_bassin_aerial_development,757,378.500,BUS_R03,1,1
grand_bassin_aerial_development,757,378.500,BUS_R04,1,1
grand_bassin_aerial_development,758,379.000,BUS_L01,1,1
grand_bassin_aerial_development,758,379.000,BUS_L02,1,1
grand_bassin_aerial_development,758,379.000,BUS_L03,1,1
grand_bassin_aerial_development,758,379.000,BUS_R01,1,1
grand_bassin_aerial_development,758,379.000,BUS_R02,1,1
grand_bassin_aerial_development,758,379.000,BUS_R03,1,1
grand_bassin_aerial_development,758,379.000,BUS_R04,1,1
grand_bassin_aerial_development,759,379.500,BUS_L01,1,1
grand_bassin_aerial_development,759,379.500,BUS_L02,1,1
grand_bassin_aerial_development,759,379.500,BUS_L03,1,1
grand_bassin_aerial_development,759,379.500,BUS_R01,1,1
grand_bassin_aerial_development,759,379.500,BUS_R02,1,1
grand_bassin_aerial_development,759,379.500,BUS_R03,1,1
grand_bassin_aerial_development,759,379.500,BUS_R04,1,1
grand_bassin_aerial_development,760,380.000,BUS_L01,1,1
grand_bassin_aerial_development,760,380.000,BUS_L02,1,1
grand_bassin_aerial_development,760,380.000,BUS_L03,1,1
grand_bassin_aerial_development,760,380.000,BUS_R01,1,1
grand_bassin_aerial_development,760,380.000,BUS_R02,1,1
grand_bassin_aerial_development,760,380.000,BUS_R03,1,1
grand_bassin_aerial_development,760,380.000,BUS_R04,1,1
grand_bassin_aerial_development,761,380.500,BUS_L01,1,1
grand_bassin_aerial_development,761,380.500,BUS_L02,1,1
grand_bassin_aerial_development,761,380.500,BUS_L03,1,1
grand_bassin_aerial_development,761,380.500,BUS_R01,1,1
grand_bassin_aerial_development,761,380.500,BUS_R02,1,1
grand_bassin_aerial_development,761,380.500,BUS_R03,1,1
grand_bassin_aerial_development,761,380.500,BUS_R04,1,1
grand_bassin_aerial_development,762,381.000,BUS_L01,1,1
grand_bassin_aerial_development,762,381.000,BUS_L02,1,1
grand_bassin_aerial_development,762,381.000,BUS_L03,1,1
grand_bassin_aerial_development,762,381.000,BUS_R01,1,1
grand_bassin_aerial_development,762,381.000,BUS_R02,1,1
grand_bassin_aerial_development,762,381.000,BUS_R03,1,1
grand_bassin_aerial_development,762,381.000,BUS_R04,1,1
grand_bassin_aerial_development,763,381.500,BUS_L01,1,1
grand_bassin_aerial_development,763,381.500,BUS_L02,1,1
grand_bassin_aerial_development,763,381.500,BUS_L03,1,1
grand_bassin_aerial_development,763,381.500,BUS_R01,1,1
grand_bassin_aerial_development,763,381.500,BUS_R02,1,1
grand_bassin_aerial_development,763,381.500,BUS_R03,1,1
grand_bassin_aerial_development,763,381.500,BUS_R04,1,1
grand_bassin_aerial_development,764,382.000,BUS_L01,1,1
grand_bassin_aerial_development,764,382.000,BUS_L02,1,1
grand_bassin_aerial_development,764,382.000,BUS_L03,1,1
grand_bassin_aerial_development,764,382.000,BUS_R01,1,1
grand_bassin_aerial_development,764,382.000,BUS_R02,1,1
grand_bassin_aerial_development,764,382.000,BUS_R03,1,1
grand_bassin_aerial_development,764,382.000,BUS_R04,1,1
grand_bassin_aerial_development,765,382.500,BUS_L01,1,1
grand_bassin_aerial_development,765,382.500,BUS_L02,1,1
grand_bassin_aerial_development,765,382.500,BUS_L03,1,1
grand_bassin_aerial_development,765,382.500,BUS_R01,1,1
grand_bassin_aerial_development,765,382.500,BUS_R02,1,1
grand_bassin_aerial_development,765,382.500,BUS_R03,1,1
grand_bassin_aerial_development,765,382.500,BUS_R04,1,1
grand_bassin_aerial_development,766,383.000,BUS_L01,1,1
grand_bassin_aerial_development,766,383.000,BUS_L02,1,1
grand_bassin_aerial_development,766,383.000,BUS_L03,1,1
grand_bassin_aerial_development,766,383.000,BUS_R01,1,1
grand_bassin_aerial_development,766,383.000,BUS_R02,1,1
grand_bassin_aerial_development,766,383.000,BUS_R03,1,1
grand_bassin_aerial_development,766,383.000,BUS_R04,1,1
grand_bassin_aerial_development,767,383.500,BUS_L01,1,1
grand_bassin_aerial_development,767,383.500,BUS_L02,1,1
grand_bassin_aerial_development,767,383.500,BUS_L03,1,1
grand_bassin_aerial_development,767,383.500,BUS_R01,1,1
grand_bassin_aerial_development,767,383.500,BUS_R02,1,1
grand_bassin_aerial_development,767,383.500,BUS_R03,1,1
grand_bassin_aerial_development,767,383.500,BUS_R04,1,1
grand_bassin_aerial_development,768,384.000,BUS_L01,1,1
grand_bassin_aerial_development,768,384.000,BUS_L02,1,1
grand_bassin_aerial_development,768,384.000,BUS_L03,1,1
grand_bassin_aerial_development,768,384.000,BUS_R01,1,1
grand_bassin_aerial_development,768,384.000,BUS_R02,1,1
grand_bassin_aerial_development,768,384.000,BUS_R03,1,1
grand_bassin_aerial_development,768,384.000,BUS_R04,1,1
grand_bassin_aerial_development,769,384.500,BUS_L01,1,1
grand_bassin_aerial_development,769,384.500,BUS_L02,1,1
grand_bassin_aerial_development,769,384.500,BUS_L03,1,1
grand_bassin_aerial_development,769,384.500,BUS_R01,1,1
grand_bassin_aerial_development,769,384.500,BUS_R02,1,1
grand_bassin_aerial_development,769,384.500,BUS_R03,1,1
grand_bassin_aerial_development,769,384.500,BUS_R04,1,1
grand_bassin_aerial_development,770,385.000,BUS_L01,1,1
grand_bassin_aerial_development,770,385.000,BUS_L02,1,1
grand_bassin_aerial_development,770,385.000,BUS_L03,1,1
grand_bassin_aerial_development,770,385.000,BUS_R01,1,1
grand_bassin_aerial_development,770,385.000,BUS_R02,1,1
grand_bassin_aerial_development,770,385.000,BUS_R03,1,1
grand_bassin_aerial_development,770,385.000,BUS_R04,1,1
grand_bassin_aerial_development,771,385.500,BUS_L01,1,1
grand_bassin_aerial_development,771,385.500,BUS_L02,1,1
grand_bassin_aerial_development,771,385.500,BUS_L03,1,1
grand_bassin_aerial_development,771,385.500,BUS_R01,1,1
grand_bassin_aerial_development,771,385.500,BUS_R02,1,1
grand_bassin_aerial_development,771,385.500,BUS_R03,1,1
grand_bassin_aerial_development,771,385.500,BUS_R04,1,1
grand_bassin_aerial_development,772,386.000,BUS_L01,1,1
grand_bassin_aerial_development,772,386.000,BUS_L02,1,1
grand_bassin_aerial_development,772,386.000,BUS_L03,1,1
grand_bassin_aerial_development,772,386.000,BUS_R01,1,1
grand_bassin_aerial_development,772,386.000,BUS_R02,1,1
grand_bassin_aerial_development,772,386.000,BUS_R03,1,1
grand_bassin_aerial_development,772,386.000,BUS_R04,1,1
grand_bassin_aerial_development,773,386.500,BUS_L01,1,1
grand_bassin_aerial_development,773,386.500,BUS_L02,1,1
grand_bassin_aerial_development,773,386.500,BUS_L03,1,1
grand_bassin_aerial_development,773,386.500,BUS_R01,1,1
grand_bassin_aerial_development,773,386.500,BUS_R02,1,1
grand_bassin_aerial_development,773,386.500,BUS_R03,1,1
grand_bassin_aerial_development,773,386.500,BUS_R04,1,1
grand_bassin_aerial_development,774,387.000,BUS_L01,1,1
grand_bassin_aerial_development,774,387.000,BUS_L02,1,1
grand_bassin_aerial_development,774,387.000,BUS_L03,1,1
grand_bassin_aerial_development,774,387.000,BUS_R01,1,1
grand_bassin_aerial_development,774,387.000,BUS_R02,1,1
grand_bassin_aerial_development,774,387.000,BUS_R03,1,1
grand_bassin_aerial_development,774,387.000,BUS_R04,1,1
grand_bassin_aerial_development,775,387.500,BUS_L01,1,1
grand_bassin_aerial_development,775,387.500,BUS_L02,1,1
grand_bassin_aerial_development,775,387.500,BUS_L03,1,1
grand_bassin_aerial_development,775,387.500,BUS_R01,1,1
grand_bassin_aerial_development,775,387.500,BUS_R02,1,1
grand_bassin_aerial_development,775,387.500,BUS_R03,1,1
grand_bassin_aerial_development,775,387.500,BUS_R04,1,1
grand_bassin_aerial_development,776,388.000,BUS_L01,1,1
grand_bassin_aerial_development,776,388.000,BUS_L02,1,1
grand_bassin_aerial_development,776,388.000,BUS_L03,1,1
grand_bassin_aerial_development,776,388.000,BUS_R01,1,1
grand_bassin_aerial_development,776,388.000,BUS_R02,1,1
grand_bassin_aerial_development,776,388.000,BUS_R03,1,1
grand_bassin_aerial_development,776,388.000,BUS_R04,1,1
grand_bassin_aerial_development,777,388.500,BUS_L01,1,1
grand_bassin_aerial_development,777,388.500,BUS_L02,1,1
grand_bassin_aerial_development,777,388.500,BUS_L03,1,1
grand_bassin_aerial_development,777,388.500,BUS_R01,1,1
grand_bassin_aerial_development,777,388.500,BUS_R02,1,1
grand_bassin_aerial_development,777,388.500,BUS_R03,1,1
grand_bassin_aerial_development,777,388.500,BUS_R04,1,1
grand_bassin_aerial_development,778,389.000,BUS_L01,1,1
grand_bassin_aerial_development,778,389.000,BUS_L02,1,1
grand_bassin_aerial_development,778,389.000,BUS_L03,1,1
grand_bassin_aerial_development,778,389.000,BUS_R01,1,1
grand_bassin_aerial_development,778,389.000,BUS_R02,1,1
grand_bassin_aerial_development,778,389.000,BUS_R03,1,1
grand_bassin_aerial_development,778,389.000,BUS_R04,1,1
grand_bassin_aerial_development,779,389.500,BUS_L01,1,1
grand_bassin_aerial_development,779,389.500,BUS_L02,1,1
grand_bassin_aerial_development,779,389.500,BUS_L03,1,1
grand_bassin_aerial_development,779,389.500,BUS_R01,1,1
grand_bassin_aerial_development,779,389.500,BUS_R02,1,1
grand_bassin_aerial_development,779,389.500,BUS_R03,1,1
grand_bassin_aerial_development,779,389.500,BUS_R04,1,1
grand_bassin_aerial_development,780,390.000,BUS_L01,1,1
grand_bassin_aerial_development,780,390.000,BUS_L02,1,1
grand_bassin_aerial_development,780,390.000,BUS_L03,1,1
grand_bassin_aerial_development,780,390.000,BUS_R01,1,1
grand_bassin_aerial_development,780,390.000,BUS_R02,1,1
grand_bassin_aerial_development,780,390.000,BUS_R03,1,1
grand_bassin_aerial_development,780,390.000,BUS_R04,1,1
grand_bassin_aerial_development,781,390.500,BUS_L01,1,1
grand_bassin_aerial_development,781,390.500,BUS_L02,1,1
grand_bassin_aerial_development,781,390.500,BUS_L03,1,1
grand_bassin_aerial_development,781,390.500,BUS_R01,1,1
grand_bassin_aerial_development,781,390.500,BUS_R02,1,1
grand_bassin_aerial_development,781,390.500,BUS_R03,1,1
grand_bassin_aerial_development,781,390.500,BUS_R04,1,1
grand_bassin_aerial_development,782,391.000,BUS_L01,1,1
grand_bassin_aerial_development,782,391.000,BUS_L02,1,1
grand_bassin_aerial_development,782,391.000,BUS_L03,1,1
grand_bassin_aerial_development,782,391.000,BUS_R01,1,1
grand_bassin_aerial_development,782,391.000,BUS_R02,1,1
grand_bassin_aerial_development,782,391.000,BUS_R03,1,1
grand_bassin_aerial_development,782,391.000,BUS_R04,1,1
grand_bassin_aerial_development,783,391.500,BUS_L01,1,1
grand_bassin_aerial_development,783,391.500,BUS_L02,1,1
grand_bassin_aerial_development,783,391.500,BUS_L03,1,1
grand_bassin_aerial_development,783,391.500,BUS_R01,1,1
grand_bassin_aerial_development,783,391.500,BUS_R02,1,1
grand_bassin_aerial_development,783,391.500,BUS_R03,1,1
grand_bassin_aerial_development,783,391.500,BUS_R04,1,1
grand_bassin_aerial_development,784,392.000,BUS_L01,1,1
grand_bassin_aerial_development,784,392.000,BUS_L02,1,1
grand_bassin_aerial_development,784,392.000,BUS_L03,1,1
grand_bassin_aerial_development,784,392.000,BUS_R01,1,1
grand_bassin_aerial_development,784,392.000,BUS_R02,1,1
grand_bassin_aerial_development,784,392.000,BUS_R03,1,1
grand_bassin_aerial_development,784,392.000,BUS_R04,1,1
grand_bassin_aerial_development,785,392.500,BUS_L01,1,1
grand_bassin_aerial_development,785,392.500,BUS_L02,1,1
grand_bassin_aerial_development,785,392.500,BUS_L03,1,1
grand_bassin_aerial_development,785,392.500,BUS_R01,1,1
grand_bassin_aerial_development,785,392.500,BUS_R02,1,1
grand_bassin_aerial_development,785,392.500,BUS_R03,1,1
grand_bassin_aerial_development,785,392.500,BUS_R04,1,1
grand_bassin_aerial_development,786,393.000,BUS_L01,1,1
grand_bassin_aerial_development,786,393.000,BUS_L02,1,1
grand_bassin_aerial_development,786,393.000,BUS_L03,1,1
grand_bassin_aerial_development,786,393.000,BUS_R01,1,1
grand_bassin_aerial_development,786,393.000,BUS_R02,1,1
grand_bassin_aerial_development,786,393.000,BUS_R03,1,1
grand_bassin_aerial_development,786,393.000,BUS_R04,1,1
grand_bassin_aerial_development,787,393.500,BUS_L01,1,1
grand_bassin_aerial_development,787,393.500,BUS_L02,1,1
grand_bassin_aerial_development,787,393.500,BUS_L03,1,1
grand_bassin_aerial_development,787,393.500,BUS_R01,1,1
grand_bassin_aerial_development,787,393.500,BUS_R02,1,1
grand_bassin_aerial_development,787,393.500,BUS_R03,1,1
grand_bassin_aerial_development,787,393.500,BUS_R04,1,1
grand_bassin_aerial_development,788,394.000,BUS_L01,1,1
grand_bassin_aerial_development,788,394.000,BUS_L02,1,1
grand_bassin_aerial_development,788,394.000,BUS_L03,1,1
grand_bassin_aerial_development,788,394.000,BUS_R01,1,1
grand_bassin_aerial_development,788,394.000,BUS_R02,1,1
grand_bassin_aerial_development,788,394.000,BUS_R03,1,1
grand_bassin_aerial_development,788,394.000,BUS_R04,1,1
grand_bassin_aerial_development,789,394.500,BUS_L01,1,1
grand_bassin_aerial_development,789,394.500,BUS_L02,1,1
grand_bassin_aerial_development,789,394.500,BUS_L03,1,1
grand_bassin_aerial_development,789,394.500,BUS_R01,1,1
grand_bassin_aerial_development,789,394.500,BUS_R02,1,1
grand_bassin_aerial_development,789,394.500,BUS_R03,1,1
grand_bassin_aerial_development,789,394.500,BUS_R04,1,1
grand_bassin_aerial_development,790,395.000,BUS_L01,1,1
grand_bassin_aerial_development,790,395.000,BUS_L02,1,1
grand_bassin_aerial_development,790,395.000,BUS_L03,1,1
grand_bassin_aerial_development,790,395.000,BUS_R01,1,1
grand_bassin_aerial_development,790,395.000,BUS_R02,1,1
grand_bassin_aerial_development,790,395.000,BUS_R03,1,1
grand_bassin_aerial_development,790,395.000,BUS_R04,1,1
grand_bassin_aerial_development,791,395.500,BUS_L01,1,1
grand_bassin_aerial_development,791,395.500,BUS_L02,1,1
grand_bassin_aerial_development,791,395.500,BUS_L03,1,1
grand_bassin_aerial_development,791,395.500,BUS_R01,1,1
grand_bassin_aerial_development,791,395.500,BUS_R02,1,1
grand_bassin_aerial_development,791,395.500,BUS_R03,1,1
grand_bassin_aerial_development,791,395.500,BUS_R04,1,1
grand_bassin_aerial_development,792,396.000,BUS_L01,1,1
grand_bassin_aerial_development,792,396.000,BUS_L02,1,1
grand_bassin_aerial_development,792,396.000,BUS_L03,1,1
grand_bassin_aerial_development,792,396.000,BUS_R01,1,1
grand_bassin_aerial_development,792,396.000,BUS_R02,1,1
grand_bassin_aerial_development,792,396.000,BUS_R03,1,1
grand_bassin_aerial_development,792,396.000,BUS_R04,1,1
